UID-1,UID-2,Shadow Prediction,Shadow Label
5853069-1,5853069-2,0.93095446,1.0
3607989-1,3607989-2,0.26116663,1.0
7867306-1,7867306-5,0.36573777,1.0
4314994-1,5623277-1,0.27677938,0.0
8464303-1,8464303-3,0.82523596,1.0
7152536-1,8254151-1,0.4014491,0.0
2585083-1,8588691-2,0.314106,0.0
5436421-1,7385463-1,0.35961905,0.0
6624786-1,6624786-3,0.6406476,1.0
4454733-1,7443681-1,0.45382625,0.0
8154820-1,8325963-1,0.21808428,0.0
4777981-2,4777981-9,0.2879257,1.0
4567244-1,7818764-1,0.0780827,0.0
7366428-5,7366428-8,0.92713857,1.0
6862365-3,6862365-5,0.8262219,1.0
3276904-1,3752620-1,0.4407519,0.0
3927825-3,3927825-5,0.85264724,1.0
6446032-1,6446032-2,0.9144372,1.0
6304711-1,6304711-6,0.8393931,1.0
2790127-1,7896596-1,0.22177853,0.0
5756273-1,8269973-1,0.41541022,0.0
3861378-1,4224248-1,0.07616056,0.0
4575440-1,4731256-1,0.563859,0.0
4544560-2,4745617-1,0.9106812,0.0
3364664-1,6273428-1,0.048760515,0.0
3692154-1,4020496-2,0.36894023,0.0
3870644-1,6393136-1,0.37854388,0.0
2529260-1,4601425-1,0.28438398,0.0
6314796-1,6314796-2,0.27956474,1.0
7199476-1,7654201-1,0.16981295,0.0
3712245-1,3712245-2,0.5968077,1.0
3787645-1,7865033-1,0.055671863,0.0
4495801-1,4615979-2,0.24807791,0.0
6908544-1,6908544-3,0.792834,1.0
6710881-1,7961707-2,0.5027636,1.0
7947317-4,7947317-5,0.9544013,1.0
4675650-1,4675650-2,0.49400175,1.0
5352878-1,5352878-3,0.781657,1.0
3959087-1,5627835-1,0.24266514,0.0
7546245-1,7546245-2,0.8395184,1.0
7464283-1,7464283-2,0.34497407,1.0
7252802-1,7252802-2,0.7732911,1.0
5783215-1,5783215-2,0.6679137,1.0
5965133-2,8170622-1,0.34151337,0.0
6885689-1,6885689-2,0.8616674,1.0
4123564-1,5139857-1,0.4470132,0.0
4346931-1,4346931-2,0.6980581,1.0
6683889-3,6683889-7,0.47560006,1.0
4304124-2,8441517-1,0.31948325,0.0
4427221-1,7548966-1,0.11047151,0.0
5008561-1,6194714-1,0.7296853,0.0
7183776-1,8462473-1,0.1480666,0.0
3276790-1,3354865-1,0.17090337,0.0
5452558-1,5830851-1,0.10862421,0.0
6956559-2,6956559-3,0.51659054,1.0
4804400-2,4804400-3,0.7488891,1.0
3843917-1,8550050-4,0.12680876,0.0
8191643-1,8191643-3,0.52648926,1.0
8684541-2,8684541-3,0.60279757,1.0
2387154-1,2804001-1,0.7925227,0.0
8707017-1,8707017-4,0.55761796,1.0
5686962-1,5686962-4,0.45093074,1.0
4891610-1,7947173-3,0.15776093,0.0
4556711-2,4556711-4,0.9024147,1.0
8025327-1,8025327-4,0.47443056,1.0
3853903-1,3853903-3,0.30711448,1.0
6935495-1,6935495-3,0.75158954,1.0
4437613-2,4697079-3,0.4982017,0.0
6376547-1,6376547-2,0.48408064,1.0
2822157-2,7418552-1,0.7237964,0.0
3186895-1,8070069-1,0.3411439,0.0
3491339-3,3491339-4,0.8818854,1.0
3712820-1,6238377-1,0.57077324,0.0
4721169-1,6311759-1,0.60766584,0.0
4010068-1,4146130-1,0.28791285,0.0
2854355-1,8702016-1,0.34559017,0.0
5606941-2,5606941-3,0.64547604,1.0
3051894-1,6713256-1,0.63322306,0.0
2500042-1,3509928-1,0.4239958,0.0
6598598-4,6598598-6,0.79169196,1.0
3423063-1,4020897-1,0.30292603,0.0
8517308-2,8517308-3,0.54588765,1.0
7367386-10,7367386-7,0.8549649,1.0
7683200-2,7683200-3,0.88427794,1.0
6476008-4,6476008-5,0.6159534,1.0
2387154-1,2804001-1,0.7925227,0.0
6473094-1,6473094-3,0.59594125,1.0
3697985-4,3697985-6,0.69173765,1.0
7729179-3,7729179-4,0.46863484,1.0
6426764-5,6426764-6,0.9552516,1.0
3868701-1,8191651-1,0.18505059,0.0
6724307-1,7330014-1,0.09470885,0.0
7322413-1,8186193-1,0.16902134,0.0
4198563-1,4198563-5,0.7328051,1.0
5988756-10,5988756-2,0.49666196,1.0
6939971-1,8364296-2,0.092450075,0.0
3504291-1,5485284-1,0.41543767,0.0
5390126-1,5390126-3,0.9318035,1.0
2553079-1,7656040-1,0.32940415,0.0
6159118-1,7006440-5,0.9071792,0.0
2749185-1,2749185-2,0.7395929,1.0
6669302-1,8557675-1,0.5511929,0.0
3704706-1,4710887-2,0.666581,0.0
4937097-1,5907893-2,0.5082952,0.0
5112881-1,5112881-2,0.45986333,1.0
4678475-6,4678475-8,0.6729821,1.0
6668050-1,8319961-1,0.03427632,0.0
4752811-1,7085831-1,0.26071766,0.0
8069347-2,8069347-3,0.21142672,1.0
5048704-2,5048704-4,0.91856587,1.0
5585840-1,7821746-1,0.18053643,0.0
3311031-1,8238109-2,0.7164189,0.0
5055933-3,5380242-1,0.8091569,0.0
2769312-1,7236174-1,0.19016744,0.0
3635220-1,7297480-1,0.6470214,0.0
7996811-5,7996811-6,0.9537537,1.0
3551720-1,6257471-1,0.3278512,0.0
3467885-1,6342138-1,0.09483178,0.0
3728039-1,7793034-1,0.43149036,0.0
1192795-1,7268049-1,0.3247801,0.0
5646301-1,5646301-2,0.47309372,1.0
8627137-1,8627137-2,0.3285613,1.0
6529843-1,7507594-6,0.8109047,0.0
8623195-1,8623195-4,0.3459283,1.0
4296409-3,4296409-6,0.92060286,1.0
6421557-1,6421557-2,0.48070347,1.0
7440256-1,7440256-2,0.63209325,1.0
4616293-1,6641798-1,0.7553893,0.0
7278537-2,7278537-4,0.5879693,1.0
5850760-1,5850760-3,0.62551093,1.0
4523650-1,7837857-1,0.6844855,0.0
7011274-1,7011274-2,0.451939,1.0
5065677-2,5065677-3,0.7648468,1.0
5642131-10,5642131-4,0.7515986,1.0
4257951-2,4257951-5,0.70688486,1.0
2716679-2,7948315-1,0.32307222,0.0
5715600-1,7327387-1,0.61764115,0.0
2610659-1,2610659-4,0.91657805,1.0
2740326-1,4841560-1,0.3534273,0.0
3081355-1,5379787-2,0.19576609,0.0
4323608-1,4834819-1,0.36998856,0.0
6374538-1,7747391-1,0.13751084,0.0
4518428-2,8244092-1,0.5994935,0.0
3263702-1,3263702-3,0.6223815,1.0
8709556-1,8709556-2,0.8487868,1.0
8123389-1,8123389-4,0.8086153,1.0
7150566-1,7150566-2,0.7221045,1.0
5488070-1,8255753-1,0.2546562,0.0
6662413-1,7699495-1,0.39385214,0.0
6417333-2,6417333-4,0.87738883,1.0
6106902-1,8563620-11,0.6493003,0.0
3486995-1,6743166-1,0.7700321,0.0
3038876-1,3038876-2,0.6755938,1.0
7703463-1,7904499-1,0.33288163,0.0
4107645-1,4107645-4,0.7191721,1.0
6344923-1,6350341-1,0.48560515,0.0
7559181-2,7559181-3,0.59122854,1.0
3400881-1,6018445-1,0.10759062,0.0
5893346-2,5893346-7,0.47197938,1.0
4822278-1,4822278-2,0.70243436,1.0
6050776-1,6050776-2,0.5664856,1.0
8432228-1,8432228-3,0.6618088,1.0
7523853-1,7523853-2,0.17389725,1.0
7171607-2,7171607-3,0.7759186,1.0
3081355-1,5379787-2,0.19576609,0.0
7856932-2,7856932-3,0.48595232,1.0
2776156-1,7476698-1,0.417626,0.0
4182018-1,5215196-2,0.6220229,0.0
7499335-1,8350335-2,0.07773827,0.0
3304208-4,3304208-5,0.7438668,1.0
4239373-1,5950186-1,0.41857064,0.0
5228659-2,5228659-3,0.53894264,1.0
4630934-1,7935095-1,0.44463363,0.0
4662040-1,4662040-2,0.29347128,1.0
8526613-1,8526613-2,0.56666094,1.0
8365843-1,8365843-3,0.65044504,1.0
4797441-1,8450193-1,0.25760323,0.0
2713839-1,7765866-1,0.36992988,0.0
3017876-2,3017876-4,0.30791065,1.0
5580965-1,7910263-1,0.31969467,0.0
8432228-1,8432228-3,0.6618088,1.0
7308791-1,7308791-3,0.33638877,1.0
6452484-1,6593925-1,0.351922,0.0
4897129-2,4897129-3,0.19576356,1.0
6799647-1,6799647-2,0.41364908,1.0
3756167-1,8493291-1,0.6833399,0.0
5253479-1,7744216-2,0.18766028,0.0
7476797-3,7476797-5,0.6545717,1.0
5307848-2,5499781-1,0.6018818,0.0
3276803-2,3276803-3,0.79229224,1.0
4010737-3,6592203-1,0.6939118,0.0
5806580-2,5806580-3,0.72526556,1.0
3500982-1,4208581-1,0.17977723,0.0
1687152-1,8015043-1,0.15861249,0.0
8699499-2,8699499-3,0.8902621,1.0
6009024-1,6322182-1,0.93709964,1.0
3158120-1,8383700-1,0.44523364,0.0
1702536-1,1702536-3,0.53303003,1.0
3304190-1,7562863-1,0.28119424,0.0
2803854-1,4799239-1,0.12779053,0.0
7829606-3,7829606-4,0.43659514,1.0
3121001-1,7771393-1,0.38364673,0.0
2769360-1,3655290-1,0.46975815,0.0
1903360-1,3223957-2,0.44795358,0.0
3214048-2,4006608-1,0.18520655,0.0
7199841-1,7199841-4,0.79338336,1.0
4614647-1,7647747-2,0.4991969,0.0
3049979-1,6984774-1,0.4775312,0.0
4930592-1,8325998-1,0.48561913,0.0
4115070-1,7333338-6,0.07718477,0.0
5728775-1,8697958-1,0.56281626,0.0
7763961-3,7763961-5,0.82959515,1.0
5588617-3,8081009-1,0.7178764,0.0
6882583-1,6882583-2,0.34041116,1.0
4986358-1,7923730-1,0.04744949,0.0
6585518-1,7789270-1,0.61178416,0.0
7434289-1,8098805-1,0.2066933,0.0
6344064-1,6368206-1,0.6042854,0.0
4976411-1,4976411-2,0.8156975,1.0
2740025-1,2740025-2,0.88968974,1.0
7538799-1,8362537-1,0.39746007,0.0
4427155-1,4427155-4,0.6211398,1.0
8626173-1,8626173-3,0.7269178,1.0
8279693-1,8279693-2,0.25001362,1.0
7239988-6,7316439-1,0.7539081,0.0
5590420-1,5590420-2,0.6912444,1.0
6749096-1,8547566-1,0.49128854,0.0
3968895-7,7824660-1,0.72386885,0.0
3881385-2,4845449-1,0.60802394,0.0
4776589-1,4776589-3,0.8453725,1.0
7819202-3,7875034-1,0.903735,1.0
4353272-5,4353272-7,0.9596667,1.0
4316981-1,6031951-1,0.25194734,0.0
3209597-1,4247509-1,0.47299573,0.0
8140542-2,8140542-4,0.35823298,1.0
8406563-2,8406563-3,0.43418908,1.0
6864998-1,8016748-1,0.44933724,0.0
6178332-2,6178332-5,0.66501826,1.0
5248450-1,5984270-1,0.53125215,0.0
4561739-1,4946399-1,0.40601763,0.0
5668506-1,6531118-1,0.14720145,0.0
6023324-4,6023324-5,0.486691,1.0
3249300-1,4216673-1,0.07494924,0.0
8440084-1,8440084-4,0.7544748,1.0
7335480-4,7335480-5,0.87806195,1.0
7220005-3,7220005-7,0.5824536,1.0
3407646-1,7567306-1,0.5498589,0.0
2840741-1,7515789-1,0.47341698,0.0
7220740-3,7220740-5,0.31065825,1.0
3644296-1,3644296-3,0.6363057,1.0
3830296-1,4392555-1,0.25043258,0.0
7916987-1,7916987-3,0.36556217,1.0
4750307-3,4750307-7,0.7192027,1.0
4282173-2,4282173-3,0.8410839,1.0
5809810-3,8638056-1,0.15588382,0.0
5234559-1,6881936-1,0.43219167,0.0
6031991-2,6326137-1,0.12076794,0.0
8371642-1,8371642-2,0.8899111,1.0
6896594-1,6896594-4,0.5221301,1.0
4216664-2,6547321-1,0.688308,1.0
3555570-5,3555570-7,0.95756793,1.0
3424906-1,8211758-1,0.704933,0.0
2934591-1,8565003-1,0.7196645,0.0
8571359-3,8571359-4,0.8671414,1.0
3957503-1,3957503-2,0.69810116,1.0
7584818-1,8694161-1,0.37377113,0.0
4900302-1,6058556-1,0.4505238,0.0
5490117-1,5946589-1,0.28943,0.0
3125662-1,4022759-1,0.6366452,0.0
5507783-3,5507783-4,0.91320086,1.0
6395427-10,6395427-3,0.6594373,1.0
6238297-2,6238297-3,0.6046469,1.0
7829606-3,7829606-4,0.43659514,1.0
7102870-1,8672589-1,0.3237437,0.0
4616569-2,4616569-5,0.29880282,1.0
5685865-1,5685865-2,0.7768275,1.0
2790127-1,7896596-1,0.22177853,0.0
4339194-1,4339194-2,0.58991635,1.0
3318093-1,5649238-1,0.26147312,0.0
2879730-2,2879730-4,0.7312124,1.0
3385500-1,3385500-2,0.78364277,1.0
5137971-2,5137971-9,0.7734713,1.0
7871073-1,8267720-1,0.4980461,0.0
6323412-1,7285250-1,0.5358565,0.0
7773689-1,7773689-3,0.88874435,1.0
4458292-1,6069027-3,0.3926079,0.0
7793325-3,7793325-4,0.5207968,1.0
5611870-1,8383637-2,0.1378849,0.0
3726924-1,3726924-2,0.7648821,1.0
6336613-2,6336613-3,0.85411996,1.0
4852783-2,4852783-5,0.4751038,1.0
3861378-1,4224248-1,0.07616056,0.0
4302118-3,7780065-3,0.26715314,0.0
4538962-1,7213949-1,0.37190935,0.0
6200068-1,6200068-2,0.9168582,1.0
6949508-1,6949508-2,0.15652016,1.0
6329018-1,6329018-2,0.37335366,1.0
4582463-1,4582463-7,0.8760804,1.0
5692993-1,6459065-1,0.40545613,0.0
6716331-2,6716331-4,0.6069065,1.0
6951159-1,8094050-2,0.21545155,0.0
4209027-1,4209027-3,0.19109829,1.0
2889853-1,4421636-1,0.7354395,0.0
2988051-1,7591986-1,0.6145061,0.0
5798152-3,5798152-5,0.68592423,1.0
4475532-1,6159116-3,0.18962397,0.0
6919950-1,6919950-3,0.669438,1.0
3467775-2,3467775-3,0.8805931,1.0
3465337-1,4691603-1,0.26391232,0.0
8407943-1,8407943-2,0.6622633,1.0
3163399-1,4391425-1,0.60532594,0.0
6130330-1,7276394-1,0.48212084,0.0
4089230-1,5114198-2,0.8013112,0.0
3594901-1,7513476-4,0.33613554,0.0
6360730-4,6507382-1,0.5891177,0.0
5222630-1,6957031-1,0.36478075,0.0
8190523-1,8422025-4,0.45295966,0.0
4429945-1,4429945-2,0.7811044,1.0
8531158-5,8531158-7,0.77291626,1.0
5791188-1,5791188-2,0.75709057,1.0
3896650-1,4085913-1,0.1932844,0.0
7489718-1,8490061-1,0.43179917,0.0
7154265-1,7154265-3,0.452725,1.0
6119787-1,7098333-1,0.23885219,0.0
6129370-2,6129370-3,0.7738258,1.0
3119975-2,3119975-4,0.6601636,1.0
3467925-2,7946834-1,0.5561838,0.0
8700032-2,8700032-5,0.9593615,1.0
7934535-2,7934535-3,0.8271963,1.0
3373979-1,7519275-1,0.2749024,0.0
8386154-1,8386154-11,0.92705613,1.0
8083869-3,8083869-5,0.85463095,1.0
7032884-1,7032884-2,0.85375047,1.0
3132318-1,6406201-1,0.5284298,0.0
8460922-3,8460922-4,0.4057736,1.0
8044528-1,8044528-3,0.50716263,1.0
4439748-1,7213836-1,0.2341493,0.0
7168954-1,7168954-3,0.6982077,1.0
4706881-1,4706881-2,0.33711222,1.0
6482199-1,8043810-1,0.42936125,0.0
3198616-5,3198616-6,0.69514954,1.0
3491235-1,8653733-1,0.04063513,0.0
6664587-1,7303870-2,0.7894401,0.0
7847589-3,7847589-4,0.41661954,1.0
7292165-1,7305571-1,0.122268364,0.0
3900268-1,4127224-1,0.10160912,0.0
5126035-3,5126035-9,0.88852805,1.0
7220005-2,7220005-5,0.918366,1.0
2698142-2,5243888-1,0.5720121,0.0
6329029-2,6329029-3,0.3757706,1.0
6332814-2,6332814-5,0.73157185,1.0
5998279-1,8016381-1,0.36196008,0.0
4086582-3,4086582-4,0.2050769,1.0
5394855-1,5394855-3,0.43298098,1.0
4722931-1,6410385-1,0.3844238,0.0
2610650-1,2940861-1,0.11843281,0.0
4777948-1,4777948-4,0.59055454,1.0
2769360-1,3655290-1,0.46975815,0.0
3746149-1,6693792-1,0.14373103,0.0
5392035-2,5392035-6,0.866508,1.0
2631494-1,3999606-2,0.24143672,0.0
3249280-1,6476008-1,0.25601545,0.0
2740021-1,3573578-3,0.5894221,0.0
3077507-1,6515748-1,0.49993214,0.0
7243093-1,8122563-1,0.6930403,0.0
4847499-4,7231770-2,0.7882396,0.0
8276898-1,8276898-3,0.40197092,1.0
3574999-3,3574999-4,0.8644469,1.0
3275504-1,3502413-2,0.24802735,0.0
3737622-4,3737622-5,0.8588249,1.0
1079877-1,1079877-2,0.5104303,1.0
8611551-2,8611551-4,0.70188177,1.0
7584818-1,8694161-1,0.37377113,0.0
7834562-1,7839265-1,0.19377162,0.0
5532902-1,7803163-1,0.45922402,0.0
6712628-1,6735318-1,0.47953162,0.0
4257951-1,8310905-1,0.732999,0.0
4025152-1,7989123-1,0.68784314,0.0
7789137-1,7789137-5,0.8046628,1.0
3741975-1,3741975-3,0.2973245,1.0
7598844-1,7598844-3,0.8942901,1.0
2825189-1,4214506-1,0.3147453,0.0
2862032-1,4374287-1,0.3752369,0.0
6636700-1,7218456-1,0.31880784,0.0
3751049-1,4425244-5,0.4759639,0.0
2749194-1,2749194-3,0.92391455,1.0
5187474-2,5187474-3,0.52601516,1.0
6667806-2,8696182-2,0.7998702,0.0
2803806-1,3212924-1,0.076270975,0.0
6826298-1,6826298-2,0.8793062,1.0
2697057-1,5583973-1,0.8785572,0.0
4616569-1,4616569-6,0.839475,1.0
4185321-1,7163344-1,0.31825158,0.0
5088267-1,5088267-3,0.8635163,1.0
7584818-1,8694161-1,0.37377113,0.0
5909360-2,5909360-4,0.7777365,1.0
1764004-1,4123267-1,0.46257365,0.0
6159235-1,8114011-1,0.31816003,0.0
8496678-2,8496678-3,0.58731633,1.0
8272497-2,8272497-3,0.8803543,1.0
7433066-1,7510479-1,0.76211107,1.0
6567768-1,8136328-1,0.30240756,0.0
6609309-1,6837833-2,0.069466226,0.0
4630066-1,4630066-4,0.58815473,1.0
7734470-1,7734470-2,0.847961,1.0
4699197-1,4699197-3,0.5700644,1.0
4310487-3,8396422-1,0.34378326,0.0
6232788-1,6232788-2,0.2444864,1.0
6277870-2,6277870-6,0.83221424,1.0
2999723-1,5224743-1,0.648377,0.0
3754402-1,3754402-3,0.61743253,1.0
6822881-2,6822881-3,0.33883348,1.0
4461724-1,4461724-3,0.5556157,1.0
6311045-2,6311045-6,0.86394566,1.0
6257534-3,6257534-4,0.85962135,1.0
8207254-1,8207254-3,0.9096533,1.0
4445055-1,6919948-1,0.24478917,0.0
3341749-2,5411553-2,0.28604037,0.0
6882583-1,6882583-2,0.34041116,1.0
6244106-2,6244106-3,0.2990566,1.0
6816128-1,6816128-2,0.47061002,1.0
3686605-1,3686605-5,0.71341276,1.0
4502249-1,4667239-1,0.60541075,0.0
3897098-3,3897098-4,0.87928456,1.0
4738710-1,6786697-1,0.59383386,0.0
4553182-1,6220407-1,0.17459339,0.0
2993985-1,5733975-3,0.14824364,0.0
7604707-2,8567533-1,0.34375864,0.0
5051138-3,5051138-4,0.87142557,1.0
7649103-1,7649103-9,0.91976357,1.0
4500843-1,8005229-1,0.5876742,0.0
7773689-1,7773689-3,0.88874435,1.0
3932584-3,3932584-4,0.8500516,1.0
6429643-1,7150691-1,0.6098358,0.0
3945949-1,6344145-3,0.30777103,0.0
8641026-1,8641026-4,0.6265829,1.0
2965708-1,4750265-1,0.049951814,0.0
7535553-2,7535553-3,0.8445755,1.0
3789090-1,6177085-1,0.34201494,0.0
8495066-3,8495066-4,0.6514066,1.0
5842736-1,5842736-2,0.79677325,1.0
5118859-1,5464515-9,0.33230716,0.0
4704474-3,4704474-5,0.88508767,1.0
4557152-1,4557152-5,0.26612896,1.0
8211030-1,8211030-3,0.7647393,1.0
3111110-1,8015810-1,0.38419756,0.0
4789584-2,4789584-3,0.38738322,1.0
7519989-1,8148337-1,0.40292186,0.0
3687867-2,7596435-1,0.69385046,0.0
7199827-1,7682061-1,0.75194615,0.0
7092682-2,7092682-3,0.89034605,1.0
4611948-1,5565389-1,0.16298556,0.0
2092435-1,8138395-2,0.35804665,0.0
5667698-1,6819644-1,0.18296963,0.0
7962158-1,7962158-4,0.517246,1.0
7683642-1,8152933-1,0.605865,0.0
3078257-1,5540523-1,0.28706443,0.0
3570192-1,3570192-4,0.82534075,1.0
3335575-1,5619703-1,0.22677869,0.0
3055833-1,7417184-1,0.28748775,0.0
4582463-1,4582463-7,0.8760804,1.0
4937529-1,7562842-1,0.47318384,0.0
7335056-1,7335056-2,0.42827007,1.0
3341186-1,4280760-1,0.5378001,0.0
2816349-1,4409093-1,0.49506414,0.0
3401740-1,8683674-1,0.38313067,0.0
5048704-1,5048704-8,0.8090035,1.0
6802603-1,6802603-3,0.5306072,1.0
2769360-1,3655290-1,0.46975815,0.0
4158768-1,6626432-1,0.41350952,0.0
3934696-1,7220345-1,0.6328831,0.0
7583703-3,7583703-5,0.65889543,1.0
6694504-1,6826275-1,0.07346971,0.0
8563620-13,8563620-7,0.7597508,1.0
4518390-1,6956975-2,0.69512135,0.0
5712115-2,5712115-6,0.9437038,1.0
7819403-2,7819403-3,0.31205556,1.0
3978052-1,3978052-2,0.78583026,1.0
2749194-1,2749194-3,0.92391455,1.0
4845288-1,7674874-1,0.25066406,0.0
8075677-1,8425027-1,0.038759887,0.0
4153192-2,4153192-7,0.6368582,1.0
7308791-3,7308791-5,0.9509326,1.0
8168317-1,8168317-2,0.44203526,1.0
6705447-1,6705447-2,0.82357824,1.0
3469807-1,3740672-1,0.5918829,0.0
7670364-5,7670364-6,0.4651714,1.0
4037410-1,7852333-1,0.6971397,0.0
4228210-1,4352490-1,0.78799677,0.0
4579175-1,4579175-3,0.9481791,1.0
4374093-1,6786383-1,0.29462856,0.0
2965708-1,4750265-1,0.049951814,0.0
4720199-2,4720199-5,0.38245004,1.0
5984346-1,6351429-1,0.4155678,0.0
3780548-1,4327960-1,0.34196386,0.0
3500982-1,4208581-1,0.17977723,0.0
2938567-1,7249778-1,0.6328271,0.0
2559826-2,4929368-1,0.2503776,0.0
5463772-1,8365855-1,0.42593837,0.0
4636727-1,6324896-1,0.5999254,0.0
6862365-1,6862365-2,0.75280255,1.0
7850410-1,7850410-2,0.40000734,1.0
3909042-1,3909042-2,0.20400824,1.0
6919950-1,6919950-3,0.669438,1.0
3418041-1,7000441-3,0.45412195,0.0
7366761-2,7366761-4,0.8746437,1.0
4481760-1,8628234-1,0.54504895,0.0
6051123-1,6875172-1,0.3377623,0.0
4955467-3,4955467-4,0.6291295,1.0
3896650-1,4085913-1,0.1932844,0.0
2925357-1,6849017-1,0.49323085,0.0
7587992-5,7587992-8,0.9341652,1.0
6916609-1,6916609-2,0.72896653,1.0
4386778-1,7387005-1,0.8571744,0.0
3313757-1,4857866-1,0.26065096,0.0
6341853-1,7784403-1,0.05196397,0.0
2557018-1,4421125-4,0.3660035,0.0
3757259-1,5674737-1,0.7533993,0.0
6713097-2,6713097-6,0.9579105,1.0
6494213-1,8015447-1,0.34285447,0.0
7252802-1,7252802-2,0.7732911,1.0
2821765-1,7337592-1,0.35731,0.0
5649805-8,5649805-9,0.8909846,1.0
3085625-1,6420325-1,0.4494288,0.0
5139888-2,7866723-1,0.6594041,0.0
8569136-5,8569136-6,0.5458947,1.0
7826043-1,7826043-3,0.751234,1.0
3491237-1,8437203-1,0.3222908,0.0
2989003-1,2989003-2,0.7744877,1.0
3597928-1,5359445-3,0.5090075,0.0
4181086-1,4781921-2,0.6155997,0.0
5571603-1,5571603-2,0.50150776,1.0
3086330-1,4087858-1,0.29017505,0.0
4875696-2,4875696-3,0.55234385,1.0
3804807-1,4123284-1,0.7553347,0.0
4182008-2,4182008-4,0.5915284,1.0
4021662-1,6328742-1,0.2831117,0.0
4100275-1,4100275-3,0.7277178,1.0
8419807-1,8419807-2,0.7097073,1.0
8225171-1,8225171-5,0.53044164,1.0
5367597-1,5367597-2,0.2648519,1.0
4853494-1,4853494-2,0.6242981,1.0
2890620-1,3130473-1,0.29670137,0.0
4504631-2,4504631-3,0.63633543,1.0
7749935-3,7749935-8,0.72804767,1.0
4027691-1,4782655-1,0.27565366,0.0
5572848-1,6898921-1,0.7916125,0.0
2629953-1,2629953-2,0.50004554,1.0
3343401-1,6432979-1,0.4853504,0.0
4702300-1,4702300-5,0.8850376,1.0
5216582-2,5216582-4,0.6359553,1.0
8281154-7,8281154-8,0.61454827,1.0
8543281-3,8543281-4,0.38900888,1.0
6561526-1,8054923-1,0.8313504,0.0
2020471-1,7047887-2,0.36718026,0.0
8383533-4,8383533-5,0.7321223,1.0
5486553-6,5486553-7,0.7991492,1.0
6456360-1,8057912-1,0.3140603,0.0
5745971-2,6637352-1,0.27495775,0.0
5487311-2,5487311-3,0.89819324,1.0
6820329-1,6940042-1,0.38636035,0.0
8553533-1,8553533-2,0.7023669,1.0
4127703-1,4127703-2,0.65152824,1.0
4274489-1,6786171-5,0.31878495,0.0
7316559-1,7316559-3,0.6642754,1.0
8391342-27,8391342-29,0.7653152,1.0
4364005-2,7344136-1,0.29548287,0.0
5809810-3,8638056-1,0.15588382,0.0
2749194-3,2749194-4,0.83047485,1.0
6968900-2,6968900-3,0.68147415,1.0
2827085-4,4662030-1,0.19963153,0.0
4325967-1,6760352-1,0.28190956,0.0
2631492-1,6766475-1,0.21618216,0.0
5041413-1,5041413-2,0.83806634,1.0
8077172-19,8077172-7,0.87011325,1.0
8259403-1,8259403-4,0.593565,1.0
4550991-1,8167627-1,0.097077236,0.0
5512414-1,5832401-1,0.55666953,0.0
5324177-1,5324177-2,0.81414616,1.0
8391342-30,8391342-31,0.47890624,0.0
5005694-1,5045696-1,0.45128897,0.0
6590731-1,7036693-1,0.4430857,0.0
7527125-1,8403006-1,0.67192715,0.0
2823151-2,2823151-3,0.8031806,1.0
2823151-2,2823151-3,0.8031806,1.0
3271498-1,4311362-3,0.09689787,0.0
6106975-1,6676831-1,0.4720101,0.0
7495746-1,8009769-1,0.5475941,0.0
6637358-4,6637358-6,0.81443965,1.0
5482953-1,7239576-1,0.16821525,0.0
4123564-1,5139857-1,0.4470132,0.0
4665860-1,4665860-3,0.7822234,1.0
8242306-4,8242306-5,0.7013953,1.0
5367760-1,5468554-1,0.56457335,0.0
6010942-1,7299656-1,0.5473414,0.0
6744737-1,6744737-2,0.93116045,1.0
7511846-4,7511846-5,0.23260884,1.0
7168954-1,7168954-3,0.6982077,1.0
3423035-1,5113927-6,0.5555096,0.0
7910093-3,7910093-8,0.4305485,1.0
4239760-1,7723702-1,0.17099999,0.0
6504755-1,6661518-1,0.05477952,0.0
8129005-2,8129005-4,0.3414808,1.0
4269538-1,7666621-1,0.7317913,0.0
5611712-1,5611712-4,0.91177434,1.0
4266256-1,5997473-1,0.50372905,0.0
3267073-1,7872594-1,0.39500138,0.0
7450561-2,7450561-3,0.49767032,1.0
3410294-2,7235428-5,0.57892996,0.0
3996150-1,3996150-2,0.49928746,1.0
3819729-1,8046551-1,0.24890706,0.0
8186093-1,8186093-7,0.8393432,1.0
5813443-1,5813443-2,0.5654116,1.0
8155578-4,8155578-5,0.536746,1.0
5815717-1,5815717-3,0.16485694,1.0
5426022-1,7193206-1,0.056230135,0.0
3404939-2,4018701-2,0.6647247,0.0
7327572-1,8399293-2,0.32351586,0.0
8669740-2,8669740-3,0.8675274,1.0
2931455-1,7472409-1,0.2272814,0.0
3449433-1,5405650-1,0.22130425,0.0
6791275-1,6791275-2,0.6791705,1.0
5745971-2,6637352-1,0.27495775,0.0
3121716-1,7862149-1,0.5751819,0.0
4395949-1,5134173-1,0.55002964,0.0
6615017-1,6615017-2,0.2938948,1.0
8003879-8,8379666-1,0.708719,0.0
2636107-1,6057286-1,0.17043859,0.0
3482756-1,4735251-1,0.24745178,0.0
4523650-1,7837857-1,0.6844855,0.0
3335562-1,5618968-1,0.33043993,0.0
5031828-1,8316786-1,0.13156371,0.0
4259002-1,4259002-3,0.87184554,1.0
6937861-1,6937861-4,0.90723896,1.0
5898130-1,5898130-3,0.6064659,1.0
4164326-1,5644696-1,0.045622524,0.0
7502318-1,7502318-2,0.6290686,1.0
3804818-1,5295525-1,0.29101786,0.0
7366428-5,7366428-7,0.9480381,1.0
2997285-1,3880727-1,0.21919054,0.0
3183319-1,5806580-6,0.4263279,0.0
3227314-1,7279692-1,0.38918835,0.0
4010737-2,4010737-3,0.844942,1.0
2771801-1,5002063-1,0.23718712,0.0
2930304-1,7283930-1,0.7893525,0.0
3119975-2,3119975-4,0.6601636,1.0
6900411-1,6900411-3,0.63062316,1.0
3927300-1,3927300-2,0.5119203,1.0
7691594-1,7691594-3,0.6284131,0.0
8077172-11,8077172-4,0.7311627,1.0
2590610-1,5526306-2,0.06711018,0.0
4246994-1,6054368-1,0.48618004,0.0
7952588-2,7952588-3,0.6126063,1.0
6916609-1,6916609-2,0.72896653,1.0
2726533-2,2726533-4,0.8337337,1.0
6446032-1,6446032-2,0.9144372,1.0
5084613-1,5084613-5,0.89339894,1.0
6080731-1,7166291-1,0.79262805,1.0
2993985-1,5733975-3,0.14824364,0.0
2687639-4,3420572-1,0.20399506,0.0
4465165-1,4465165-8,0.45543134,1.0
4253700-1,4778215-1,0.76476645,1.0
6057417-1,6402744-1,0.22258219,0.0
2174500-2,6188732-1,0.2967642,0.0
6591562-1,7529129-1,0.6050546,0.0
2989757-1,2989757-2,0.46514714,1.0
3858807-2,8383648-1,0.380225,0.0
7993970-1,7993970-2,0.733195,1.0
6520783-2,7424162-1,0.83283377,0.0
6344064-1,6368206-1,0.6042854,0.0
7581128-3,7886462-1,0.107812,0.0
6847994-2,6847994-5,0.9410568,1.0
8432228-1,8432228-3,0.6618088,1.0
3544066-1,6702279-1,0.09052443,0.0
4845488-1,8102130-1,0.35654232,0.0
6199932-1,6199932-4,0.8426488,1.0
3502796-1,3502796-2,0.78904843,1.0
3712245-1,3712245-2,0.5968077,1.0
8526613-2,8526613-3,0.76532555,1.0
5360033-1,5360033-4,0.6831414,1.0
7314844-4,7314844-6,0.906031,1.0
7353707-2,7353707-4,0.83637255,1.0
8189301-1,8477820-1,0.30799946,0.0
4136959-7,4943302-1,0.6238578,0.0
3652118-3,8038893-1,0.21353069,0.0
6213664-3,6213664-5,0.93120825,1.0
7011274-1,7011274-2,0.451939,1.0
3168384-1,6965199-1,0.029765382,0.0
2529260-1,4601425-1,0.28438398,0.0
6788313-3,6788313-4,0.8343575,1.0
5642131-1,5642131-11,0.6927541,1.0
3326852-1,6389484-1,0.09834433,0.0
6311045-3,6311045-5,0.7774202,1.0
2775699-1,5702700-1,0.531243,0.0
3008697-3,7337020-1,0.8791328,0.0
6211912-1,6211912-2,0.5537332,1.0
8563620-10,8563620-12,0.7780051,1.0
6299528-4,6299528-5,0.4003035,1.0
3878479-1,3878479-3,0.5766843,1.0
7839804-1,7839804-2,0.79048026,1.0
6040287-2,6040287-4,0.6207519,1.0
7669359-1,7669359-3,0.5083068,1.0
2740169-1,7933640-1,0.5813077,0.0
5587134-1,5587134-5,0.81256306,1.0
3177918-4,3177918-5,0.7288188,1.0
3677003-1,3915162-2,0.8512682,0.0
5939009-1,7154239-1,0.30904588,0.0
7463145-4,7463145-5,0.6169428,1.0
3420725-1,7947878-1,0.7983112,0.0
3275535-2,3275535-3,0.79288363,1.0
7485476-2,7485476-5,0.6671373,1.0
4676377-1,6738241-1,0.51439667,0.0
8311836-1,8311836-2,0.7339577,1.0
3737622-4,3737622-5,0.8588249,1.0
3544061-1,5797261-1,0.10222193,0.0
7440222-1,7440222-3,0.88449496,1.0
5556841-1,7758586-1,0.64063305,0.0
8147708-1,8572339-1,0.53687733,0.0
3168024-1,3168024-2,0.7618027,1.0
4966356-1,4966356-2,0.33940667,1.0
7990443-1,7990443-5,0.88389456,1.0
2564909-1,7853432-1,0.11716077,0.0
7171650-2,7171650-4,0.4386587,1.0
5483506-1,7660029-1,0.56463647,0.0
1906806-10,1906806-2,0.9349306,1.0
3204549-1,6953700-1,0.19199789,0.0
5506090-1,5506090-3,0.7773001,1.0
8028151-3,8028151-6,0.59505016,1.0
4457970-3,4457970-5,0.8877015,1.0
7721074-5,7721074-6,0.54710895,1.0
3923556-2,3923556-4,0.83088195,1.0
2533001-1,4877980-1,0.07202805,0.0
4722559-1,8560458-1,0.31900927,0.0
8384448-2,8384448-3,0.4259159,1.0
4094958-6,4094958-8,0.065939896,1.0
8666976-3,8666976-5,0.47428378,1.0
8126942-1,8126942-2,0.22176053,1.0
8474637-3,8474637-4,0.78536576,1.0
3343415-1,6158927-3,0.12862495,0.0
5319094-1,6219321-1,0.5177062,0.0
7455599-1,7598250-1,0.08418695,0.0
1906806-2,1906806-8,0.8520633,1.0
7879180-1,7879180-3,0.4003582,1.0
6754891-1,7541998-1,0.5278862,0.0
4897129-2,4897129-3,0.19576356,1.0
4290765-1,8299386-1,0.13202232,0.0
5406614-1,7430657-1,0.40773958,0.0
7007484-2,7007484-3,0.84883994,1.0
4578058-2,8572329-2,0.18489881,0.0
6099048-1,8230154-1,0.08457451,0.0
6288509-1,6341272-1,0.5354639,0.0
7431202-1,7431202-3,0.65949935,1.0
5022516-1,5022516-4,0.7352769,1.0
3956996-1,6301901-1,0.08961702,0.0
3072501-1,6626640-1,0.22983564,0.0
4845288-1,7674874-1,0.25066406,0.0
4458295-1,6182476-1,0.4780572,0.0
4054067-1,4054067-3,0.9459324,1.0
8077172-5,8077172-6,0.9150143,1.0
4173453-1,8373187-4,0.56497246,0.0
3959087-1,5627835-1,0.24266514,0.0
7738107-1,7738107-2,0.60811144,1.0
6755299-1,8663740-1,0.4561031,0.0
3350195-1,5736504-1,0.42908412,0.0
3404939-2,4018701-2,0.6647247,0.0
7236383-1,7236383-4,0.62445885,1.0
1950515-1,3913426-1,0.5691274,0.0
5804661-1,5804661-2,0.21859713,1.0
4250924-1,4899633-1,0.37857735,0.0
6095973-1,6095973-2,0.30282465,1.0
3900268-1,4127224-1,0.10160912,0.0
6024327-3,6024327-5,0.95132893,1.0
2771959-1,3687154-1,0.31243306,0.0
6896887-1,6896887-4,0.80671847,1.0
5788510-1,6504752-1,0.524411,0.0
7451169-6,7552537-1,0.93235713,0.0
7749935-2,7749935-8,0.7913946,1.0
6951159-1,8094050-2,0.21545155,0.0
4040646-1,8107657-1,0.41934156,0.0
6371611-1,6995493-1,0.7009994,0.0
5981586-1,6618195-1,0.08599302,0.0
5339933-1,6357285-1,0.8845933,0.0
5486553-4,5486553-5,0.95635957,1.0
5880257-1,5880257-5,0.6935479,1.0
5506462-4,8035737-3,0.32215628,0.0
3777329-1,3777329-2,0.29407352,1.0
4082929-1,5618723-1,0.7432362,0.0
8611606-3,8611606-9,0.6295419,1.0
2783050-1,7901405-1,0.44512093,0.0
2933532-3,2933532-4,0.81892437,1.0
2749194-3,2749194-4,0.83047485,1.0
5031279-1,7720747-1,0.2529189,0.0
3853897-1,5966374-1,0.32314134,0.0
5107858-1,5107858-2,0.9152325,1.0
6776213-2,6967357-1,0.059203386,0.0
4843571-1,7581127-1,0.3496165,0.0
3876770-1,3876770-2,0.72643244,1.0
7485476-1,7485476-8,0.78440934,1.0
4123504-3,4123504-6,0.8937924,1.0
5556877-2,5556877-3,0.50891817,1.0
7872057-3,7872057-6,0.4321192,1.0
3764887-1,6119284-1,0.43112072,0.0
7649103-1,7649103-9,0.91976357,1.0
8276610-1,8276610-7,0.89304423,1.0
7941918-2,7941918-4,0.94612885,1.0
3785901-1,3785901-2,0.6986006,1.0
5009579-1,5295573-1,0.46316168,0.0
7440236-1,7440236-2,0.8926224,1.0
2998665-1,6394271-1,0.09840258,0.0
3909847-1,8162139-1,0.23649634,0.0
5437993-1,5437993-2,0.8298902,1.0
5980456-3,5980456-4,0.5547592,1.0
7393473-1,7393473-2,0.5217877,1.0
3737622-4,3737622-5,0.8588249,1.0
2740309-1,5670264-1,0.3192908,0.0
5685865-1,5685865-2,0.7768275,1.0
8388796-2,8388796-5,0.782179,1.0
5126597-1,5324366-1,0.22798428,0.0
4736659-1,6047565-1,0.3339581,0.0
4263490-1,7680184-1,0.6138115,0.0
5540467-1,7305484-3,0.37607017,0.0
5507564-1,7952297-2,0.34314072,0.0
7367386-10,7367386-7,0.8549649,1.0
6366126-1,6366126-2,0.68160343,1.0
8044528-1,8044528-3,0.50716263,1.0
6600893-1,7815080-1,0.20637298,0.0
4976414-1,6610913-1,0.6544642,0.0
2823760-4,2823760-7,0.7827846,1.0
6506424-2,8215346-1,0.5108525,0.0
3586467-1,3586467-2,0.68654746,1.0
7303768-1,8713581-1,0.48451492,0.0
7204337-1,7509544-1,0.65768826,0.0
4722521-1,7682940-1,0.47029367,0.0
4807174-1,4807174-2,0.80400527,1.0
3070676-1,7186106-1,0.3333012,0.0
3806681-1,3806681-2,0.5785052,1.0
5732422-1,6882598-1,0.19130915,0.0
7465747-3,7465747-6,0.6384971,1.0
3271470-1,7249642-1,0.69512695,0.0
5139749-1,5139749-2,0.7304615,1.0
5433337-1,8536809-1,0.58744437,0.0
3350036-1,7535559-1,0.062276326,0.0
5417292-1,5417292-2,0.87472904,1.0
6645598-3,6645598-7,0.37954277,1.0
6238377-1,8264441-1,0.29538348,0.0
3220107-1,8052025-1,0.17993519,0.0
4820630-1,4820630-2,0.73483044,1.0
6392553-1,6677044-1,0.2698486,0.0
2749185-1,2749185-2,0.7395929,1.0
5603086-1,5603086-2,0.8118625,1.0
4377250-1,6591178-1,0.7046231,0.0
2806401-1,7784763-1,0.36493996,0.0
4056719-1,6521681-1,0.4972447,0.0
6176975-1,7520241-1,0.26343453,0.0
7669394-2,7669394-3,0.79220873,1.0
6366126-1,6366126-2,0.68160343,1.0
7506085-1,7506085-2,0.5303305,1.0
8038897-1,8427021-1,0.02331451,0.0
4721167-1,4747941-1,0.76795006,0.0
6159843-3,6159843-4,0.30165628,1.0
8244683-1,8244683-2,0.67270887,1.0
6037803-1,6037803-4,0.64974225,1.0
2772281-2,5588404-1,0.5115098,0.0
7941918-2,7941918-5,0.94468665,1.0
3162267-2,3162267-3,0.57616746,1.0
7373970-2,7373970-5,0.8138708,1.0
6683567-1,6683567-2,0.6197789,1.0
3391814-1,3391814-2,0.87299764,1.0
6020502-1,8543741-1,0.2884487,0.0
3601282-1,3665239-1,0.4009974,0.0
7306366-2,7306366-3,0.455761,1.0
4107223-2,4107223-3,0.5713362,1.0
8513946-3,8513946-4,0.7192817,0.0
3881407-1,8599122-1,0.48524907,0.0
4145512-1,4145512-2,0.6278712,1.0
7676819-1,7944653-3,0.20162445,0.0
4296463-1,7026719-1,0.16470852,0.0
7763961-3,7763961-5,0.82959515,1.0
5055928-1,5619092-1,0.24621405,0.0
3409950-1,3878525-1,0.19469965,0.0
8276610-1,8276610-7,0.89304423,1.0
5245938-1,5245938-3,0.7078655,1.0
5336392-1,6751912-2,0.33248103,0.0
2958503-1,3624739-1,0.52650887,0.0
7695266-4,7695266-5,0.8873142,1.0
6816128-1,7262705-1,0.1930199,0.0
8364764-4,8364764-8,0.7914652,1.0
6038475-1,6038475-5,0.7729711,1.0
3901594-2,3901594-3,0.8820379,1.0
8017932-12,8017932-4,0.64125156,1.0
5422738-1,8665562-1,0.27288574,0.0
5055948-1,5055948-3,0.82531554,1.0
7993048-1,7993048-6,0.6534862,1.0
7063221-1,7063221-7,0.94115335,1.0
5451758-1,7431938-1,0.14742744,0.0
4010068-1,4146130-1,0.28791285,0.0
8276965-1,8276965-2,0.34197226,1.0
4153278-1,4153278-6,0.85892344,1.0
3786971-1,8565143-1,0.3444937,0.0
4245924-1,4245924-7,0.7607086,1.0
8641026-1,8641026-4,0.6265829,1.0
4279969-1,4279969-4,0.68924016,1.0
8386154-1,8386154-7,0.38310137,1.0
6541118-1,6746911-1,0.4770605,0.0
4173249-1,8117474-1,0.42043114,0.0
6246865-1,6246865-3,0.19346626,1.0
8217650-3,8217650-4,0.54050326,1.0
3148996-1,7021241-1,0.28415865,0.0
5346454-7,5346454-8,0.93523955,1.0
7367413-1,7367413-2,0.86080706,1.0
6728788-1,6728788-3,0.7988672,1.0
4290039-1,8465737-1,0.8667112,0.0
6080441-1,8403500-1,0.105150044,0.0
6456360-1,8057912-1,0.3140603,0.0
2749185-2,7006051-1,0.7733198,0.0
7314844-1,7314844-7,0.6576508,1.0
4510828-1,8007117-1,0.36185136,0.0
6744799-1,7417317-1,0.525001,0.0
4649734-2,4649734-3,0.8318207,1.0
3893468-1,6006638-3,0.56714016,0.0
7847589-3,7847589-4,0.41661954,1.0
4559789-1,5368924-4,0.5421357,0.0
8438098-1,8438098-3,0.6784543,0.0
7391106-1,8283217-1,0.39808813,0.0
4454732-1,8106184-1,0.45975807,0.0
3555570-5,3555570-7,0.95756793,1.0
5225700-1,5976994-1,0.44602254,0.0
4645357-1,7568100-1,0.44819635,0.0
3631789-1,7187865-1,0.34198982,0.0
6023325-1,6023325-2,0.63195866,1.0
6526982-8,6526982-9,0.6400551,1.0
8391342-18,8391342-31,0.72714967,1.0
4822278-5,5322519-1,0.17409968,0.0
7519586-1,8076735-1,0.7367449,1.0
8028151-3,8028151-6,0.59505016,1.0
6282116-1,6282116-3,0.82833076,1.0
3238371-1,3238371-2,0.9197724,1.0
4800374-1,6738230-1,0.50660545,0.0
6374324-1,6374324-2,0.5380534,1.0
6791093-2,6791093-3,0.42846313,1.0
8646190-6,8646190-9,0.6647002,1.0
3772751-1,7515150-1,0.38511243,0.0
4722559-1,8560458-1,0.31900927,0.0
2636107-1,6057286-1,0.17043859,0.0
4322315-1,6726419-2,0.30032027,0.0
5769203-4,7141734-1,0.3940634,0.0
3957970-1,7526470-1,0.39807215,0.0
5613318-1,7923699-3,0.43760523,0.0
2831607-1,3747430-1,0.42700118,0.0
5228659-2,5228659-3,0.53894264,1.0
7011514-1,8440069-1,0.19086426,0.0
6379532-1,7044468-1,0.1158891,0.0
6996166-2,6996166-3,0.52046007,1.0
5875408-1,6659587-2,0.33607978,0.0
3591061-1,3591061-2,0.80283433,1.0
3957970-1,7526470-1,0.39807215,0.0
2821765-1,7337592-1,0.35731,0.0
6503405-2,6503405-4,0.9000331,1.0
4427374-1,8256150-2,0.483576,0.0
7052464-3,7052464-6,0.88543785,1.0
1087841-4,7672393-1,0.5171895,0.0
2614979-1,4689988-1,0.5568686,0.0
6744773-3,8326605-1,0.44493335,0.0
7538799-1,8362537-1,0.39746007,0.0
2628000-1,4182779-1,0.54087996,0.0
6691767-1,6691767-4,0.229811,1.0
5039991-1,7746127-1,0.05476905,0.0
6482601-2,7827464-1,0.4731461,0.0
8386154-1,8386154-11,0.92705613,1.0
7839804-1,7839804-2,0.79048026,1.0
5681756-1,5681756-3,0.6537533,1.0
2648950-1,2648950-2,0.5774524,1.0
4357407-1,6395427-8,0.17338866,0.0
2631534-1,2631534-3,0.82459533,1.0
6282074-1,6282074-2,0.804793,1.0
8399375-1,8399375-4,0.7018838,1.0
3800618-1,3800618-2,0.3622538,1.0
4676493-2,4676493-3,0.36143297,1.0
3655875-3,8180334-1,0.7332566,0.0
8216690-1,8216690-2,0.9405447,1.0
3168384-1,6965199-1,0.029765382,0.0
4704474-4,4704474-5,0.7432077,1.0
7040398-1,8525259-1,0.09234929,0.0
5019922-1,5838883-1,0.13693853,0.0
6816128-1,6816128-2,0.47061002,1.0
5804639-1,7780312-1,0.14233185,0.0
5449370-1,8610467-1,0.32466784,0.0
6103365-1,6103365-5,0.2818936,1.0
2815756-2,2815756-5,0.62488234,1.0
8077172-5,8231184-1,0.84431744,0.0
7534175-3,7970074-1,0.7868825,0.0
4931830-1,4931830-5,0.85396755,1.0
2636015-1,2636015-3,0.92208004,1.0
5494519-1,5494519-3,0.47977933,1.0
6132972-3,6132972-4,0.2279633,1.0
8096340-1,8096340-3,0.9208447,1.0
6829919-1,8612008-1,0.57249856,0.0
4578058-2,8572329-2,0.18489881,0.0
3717022-1,7944653-2,0.23012827,0.0
4501144-1,6639585-1,0.3192144,0.0
6010942-1,7299656-1,0.5473414,0.0
3119975-2,3119975-3,0.37329245,1.0
4943824-2,4943824-3,0.4264723,1.0
2631530-1,5818763-1,0.4489697,0.0
4484343-2,4484343-4,0.50916255,1.0
6282074-1,6282074-2,0.804793,1.0
5745586-2,5745586-3,0.4431448,1.0
6880481-1,8420832-1,0.31368092,0.0
8025810-1,8025810-3,0.56939834,1.0
6956586-3,6956586-4,0.42394134,1.0
4795432-1,7524601-1,0.2634322,0.0
7197830-1,7197830-3,0.5881224,1.0
4138489-2,4138489-4,0.8721801,1.0
8291460-1,8606058-1,0.21448916,0.0
5479100-1,5479100-2,0.267555,1.0
6120175-1,8507946-1,0.55461985,1.0
5624659-2,5624659-3,0.9214469,1.0
8123257-6,8123257-7,0.60894465,1.0
4000642-2,4000642-3,0.9283557,1.0
5806410-1,5806410-2,0.6066525,1.0
3336230-1,7006328-1,0.22635596,0.0
8242306-4,8242306-5,0.7013953,1.0
3730032-1,6964363-1,0.08381533,0.0
5512938-4,8046436-1,0.1647021,0.0
8476614-2,8476614-3,0.71535796,1.0
4241042-1,6146672-1,0.08924592,0.0
3817136-3,3817136-4,0.94115436,1.0
5670264-1,7394192-1,0.5980682,0.0
3214515-1,6695534-1,0.4002127,0.0
7421811-2,7421811-3,0.5475642,1.0
5308138-1,5308138-4,0.40594906,1.0
7882755-3,7882755-5,0.2532355,1.0
3446124-3,3446124-4,0.9244971,1.0
3671523-3,3835996-1,0.45171386,0.0
6211912-1,6211912-2,0.5537332,1.0
3775671-6,3775671-7,0.91591626,1.0
3817060-1,3817060-2,0.7531023,1.0
4086582-3,4086582-4,0.2050769,1.0
3354792-2,3354792-4,0.94048214,1.0
7263007-1,7430073-1,0.0861929,0.0
6892140-1,7826043-7,0.156616,0.0
3119975-2,3119975-3,0.37329245,1.0
4138489-2,4138489-4,0.8721801,1.0
7568822-3,7568822-4,0.9348085,1.0
7322111-1,7322111-2,0.74754006,1.0
2815756-5,2815756-6,0.8648169,1.0
6611857-10,6611857-2,0.91344076,1.0
6311300-1,7800327-1,0.7418509,1.0
5939009-1,7154239-1,0.30904588,0.0
4960399-1,4960399-3,0.91600823,1.0
7646794-1,7646794-2,0.767023,1.0
7568409-1,8035037-1,0.15251343,0.0
5361427-1,5361427-2,0.8376817,1.0
3339730-3,3339730-4,0.9369531,1.0
7711629-6,7711629-9,0.40106553,1.0
3730158-1,6443108-1,0.0694333,0.0
2862032-1,4374287-1,0.3752369,0.0
8044872-1,8044872-4,0.89308476,1.0
8105452-1,8105452-2,0.59623075,1.0
5344045-2,8176117-2,0.35054752,0.0
3125662-1,4022759-1,0.6366452,0.0
7867306-2,7867306-3,0.9393135,1.0
4251530-1,5819629-1,0.8152966,0.0
3644771-1,3644771-3,0.94547623,1.0
5960851-1,6849054-1,0.15255001,0.0
4675927-1,4752811-1,0.26139954,0.0
6023324-2,6023324-4,0.7033163,1.0
4071151-2,4071151-3,0.87692857,1.0
7220005-3,7220005-5,0.43679294,1.0
5031279-1,7720747-1,0.2529189,0.0
8104983-1,8104983-2,0.8038912,1.0
7452247-1,7452247-2,0.33252347,1.0
2970937-1,7981753-1,0.21359695,0.0
2614950-1,6615206-1,0.3132033,0.0
8038423-1,8405177-1,0.14693876,0.0
3778808-1,5846346-1,0.5623982,0.0
6397944-1,7244962-1,0.5551338,0.0
2526448-1,3812853-1,0.34753212,0.0
7171607-2,7171607-5,0.43213266,1.0
7353792-1,7353792-2,0.2617912,1.0
7004772-1,7004772-2,0.6520164,1.0
6085930-1,6085930-2,0.563707,1.0
3667321-1,3667321-2,0.71515304,1.0
2854355-1,8702016-1,0.34559017,0.0
8237419-2,8237419-5,0.8909587,1.0
4194376-1,7402798-1,0.254533,0.0
5264488-1,5264488-2,0.3944326,1.0
8161816-2,8161816-3,0.7615887,1.0
8559640-5,8559640-6,0.9290259,1.0
4300035-1,4506145-1,0.6578747,0.0
6825492-1,7033924-1,0.18574229,0.0
4531193-1,7292088-1,0.80607,0.0
7839804-1,7839804-2,0.79048026,1.0
7008279-1,7008279-3,0.33172926,1.0
3033840-1,7599049-1,0.3732755,0.0
7802837-3,7802837-4,0.5636944,1.0
3669470-1,4244719-1,0.3522194,1.0
8391342-20,8391342-21,0.9505313,1.0
5642424-1,6720358-1,0.5763507,0.0
4965601-1,6555322-1,0.7237168,0.0
6643316-1,6643316-3,0.59773034,1.0
3293005-1,8080871-1,0.5309225,0.0
8391342-23,8391342-30,0.6396524,1.0
4036833-3,7711629-9,0.40857944,0.0
4377782-1,8018181-1,0.12661162,0.0
5971512-2,5971512-3,0.91238934,1.0
4056719-1,6521681-1,0.4972447,0.0
6590731-1,7036693-1,0.4430857,0.0
4005095-1,4005095-2,0.5537565,1.0
7008770-1,7008770-2,0.76189107,1.0
4459098-1,4459098-2,0.68727,1.0
4182008-2,4182008-4,0.5915284,1.0
6919399-1,6919399-2,0.74488074,1.0
6323496-1,6323496-3,0.5239633,1.0
6683889-4,6683889-6,0.74556684,1.0
7373970-2,7373970-5,0.8138708,1.0
7992709-1,8323617-1,0.5557647,0.0
6526982-3,6526982-9,0.9098681,1.0
5030424-3,5030424-5,0.9249669,1.0
3654305-2,3654305-4,0.73331976,1.0
4602880-1,6098899-1,0.254693,0.0
3968654-1,5053268-1,0.43582088,0.0
3055833-1,7417184-1,0.28748775,0.0
2988810-1,2988810-7,0.60511965,1.0
7813008-1,8216313-1,0.69853145,0.0
8565626-1,8679042-1,0.12328497,0.0
4955437-1,5465723-1,0.4483566,0.0
6018315-1,6704680-3,0.33431834,0.0
2833305-1,3295727-1,0.24605083,0.0
8705528-12,8705528-14,0.8459828,1.0
3195389-1,4887828-1,0.1652655,0.0
4310487-3,8396422-1,0.34378326,0.0
3894443-2,4832896-1,0.21836165,0.0
3772257-1,4641957-1,0.3096678,0.0
7299656-4,7299656-6,0.90763754,1.0
5223753-1,6716683-1,0.5294125,0.0
3500990-1,3500990-2,0.8304415,1.0
4811070-1,8258851-1,0.34467435,0.0
3249871-1,6144180-1,0.24437638,0.0
4522430-1,7524967-1,0.31976467,0.0
5635179-1,7489675-1,0.5507942,0.0
6537047-1,6537047-5,0.5296985,1.0
4960399-1,4960399-3,0.91600823,1.0
7584818-1,8694161-1,0.37377113,0.0
2740295-2,5052910-1,0.79977894,0.0
1501118-1,5137971-4,0.72454476,0.0
5343144-1,7033701-2,0.39233318,0.0
3212971-1,3517946-1,0.49011928,0.0
5804661-1,5804661-2,0.21859713,1.0
8159316-1,8159316-2,0.72506684,1.0
4590181-1,6047557-1,0.63024133,0.0
4355643-1,4635580-1,0.15654005,1.0
2904264-1,7294531-1,0.64210874,0.0
3291707-1,8188865-1,0.27187136,0.0
7502301-2,7502301-3,0.59924406,1.0
7575294-2,7575294-4,0.45368844,1.0
8056374-1,8056374-2,0.7615883,1.0
4772557-1,4772557-4,0.6622544,1.0
5842739-1,6314087-1,0.3476552,0.0
3803119-1,3803119-3,0.82723993,1.0
6099048-1,8230154-1,0.08457451,0.0
6299528-4,6299528-5,0.4003035,1.0
3467773-1,4308088-5,0.54501414,0.0
4145547-2,8442218-1,0.49364787,0.0
6717609-1,6821047-1,0.38664374,0.0
4000642-2,4000642-3,0.9283557,1.0
8709964-1,8709964-3,0.8787503,1.0
4056719-1,6521681-1,0.4972447,0.0
5742471-1,5742471-3,0.8462609,1.0
5124455-1,5124455-3,0.7080244,1.0
5582424-1,5582424-3,0.75138545,1.0
6723649-1,7132961-1,0.32886565,0.0
8522886-1,8522886-2,0.67796004,1.0
3756242-1,5902283-1,0.7637785,0.0
7464283-1,7464283-2,0.34497407,1.0
6124168-2,6124168-6,0.50401026,1.0
3696247-1,8322605-1,0.48656633,0.0
5698201-1,5698201-2,0.8149439,1.0
4400552-1,8641989-1,0.67796767,0.0
5394407-1,6935339-1,0.5917813,0.0
3830332-1,3830332-4,0.48430747,1.0
4522430-1,7524967-1,0.31976467,0.0
7325412-1,8557646-1,0.29999512,0.0
7203783-2,7857668-1,0.20551719,0.0
5139751-1,8471443-1,0.20265654,0.0
3180835-1,3180835-2,0.63436365,1.0
5991270-1,5991270-4,0.6520517,1.0
2845357-1,2845357-3,0.45620623,1.0
5619454-1,8674200-1,0.4877564,0.0
7867306-2,7867306-4,0.6658393,1.0
5101515-1,7274261-2,0.8052909,0.0
3481430-1,4854028-1,0.21149284,0.0
5634570-1,7524921-1,0.25956318,0.0
4947757-3,4947757-4,0.7965105,1.0
5791447-1,6768263-1,0.8317747,0.0
4117857-1,5917864-3,0.24752872,0.0
4219022-1,5678216-2,0.065490656,0.0
4454733-1,7443681-1,0.45382625,0.0
5407778-3,5407778-5,0.75437766,1.0
4759308-1,6417322-1,0.10718063,0.0
5367777-1,5367777-4,0.30614644,1.0
7799191-4,7799191-5,0.25675166,1.0
4302118-2,4302118-7,0.8149421,1.0
8436623-3,8436623-4,0.8650105,1.0
5042891-1,7315059-1,0.8154348,0.0
7163344-1,8063807-1,0.18472977,0.0
4307725-1,4307725-2,0.87025183,1.0
8569136-1,8569136-4,0.75150543,1.0
3522339-5,3522339-8,0.857794,1.0
3818699-1,3818699-3,0.87021744,1.0
5477138-1,7045952-1,0.49249744,0.0
4836125-1,7766229-2,0.28059912,0.0
3730074-1,3730074-2,0.69781184,1.0
5759073-6,5759073-7,0.9343616,1.0
3920611-1,3920611-4,0.62505907,1.0
5998940-1,8464357-1,0.6092002,0.0
8474090-1,8474090-2,0.7045925,1.0
7545039-1,7545039-3,0.8754297,1.0
5061096-3,5063890-1,0.2610744,0.0
3200029-1,4400501-1,0.13215154,0.0
5980456-2,7533098-1,0.20691569,0.0
5266844-1,5266844-2,0.7232759,1.0
3220111-1,7053655-7,0.6053292,0.0
5109769-1,5109769-2,0.49395177,1.0
4820191-2,7898480-1,0.2592037,0.0
7416177-2,7416177-5,0.6974762,1.0
8464303-2,8464303-3,0.796508,0.0
8248312-1,8248312-2,0.88004595,1.0
3956953-1,7188382-1,0.42535684,0.0
6796684-1,6796684-4,0.5438591,1.0
7373528-1,7437631-2,0.40499014,0.0
6302191-2,8422423-1,0.5024185,0.0
7292423-1,7292423-3,0.71027696,1.0
7000928-1,7000928-2,0.8983479,1.0
7145377-1,8362581-2,0.26500943,0.0
3821431-1,5769940-1,0.4058526,0.0
3284021-1,5943108-2,0.34832406,0.0
7105784-1,7105784-5,0.4183206,1.0
5749100-5,7026588-1,0.2546564,0.0
3665217-1,4939210-1,0.23511818,0.0
5367597-1,5367597-2,0.2648519,1.0
7915259-10,7915259-8,0.82282245,1.0
4947710-3,5624249-1,0.28019616,0.0
3897766-1,3897766-2,0.82495975,1.0
5496301-2,7154251-1,0.7033542,0.0
8211030-3,8211030-5,0.79659915,1.0
4442263-3,5706404-1,0.31142786,0.0
3292829-1,6408117-1,0.23930624,0.0
4338636-1,8343010-2,0.4663573,0.0
7253536-1,7253536-2,0.56706446,1.0
4464593-1,6825499-1,0.7398088,0.0
7053655-1,7053655-7,0.70312744,1.0
8710561-3,8710561-7,0.49178872,1.0
4145512-1,4145512-2,0.6278712,1.0
7327572-1,8399293-2,0.32351586,0.0
6230342-1,8365009-1,0.09022441,0.0
5767008-2,5767008-3,0.91089433,1.0
3785901-1,3785901-2,0.6986006,1.0
4644830-1,6749758-1,0.45106736,0.0
3955786-1,6652011-1,0.75914794,0.0
5050589-1,7213825-1,0.13476524,0.0
5769203-3,5769203-5,0.32721025,0.0
3927091-1,4268615-1,0.5301179,0.0
3683433-1,5763052-1,0.69028777,0.0
4779351-1,7220631-1,0.34185588,0.0
4028562-1,4028562-2,0.21037683,1.0
5398111-1,7265705-1,0.8827856,0.0
3990828-2,3990828-3,0.6007753,1.0
3958573-1,4014828-1,0.38756016,0.0
6526982-8,6526982-9,0.6400551,1.0
6126305-4,6126305-5,0.71500444,1.0
2788137-1,3462718-1,0.54309845,0.0
4773548-1,4773548-2,0.86200786,1.0
6524313-2,6712912-1,0.54014534,0.0
6085930-1,6085930-2,0.563707,1.0
6454844-1,6944864-1,0.37134755,0.0
3002415-2,3002415-3,0.52045953,0.0
3438306-1,3657432-1,0.47095886,0.0
3335606-1,5582424-1,0.24050592,0.0
3304208-1,3304208-3,0.8138481,1.0
8391342-1,8391342-2,0.85486263,1.0
6142793-1,6142793-3,0.8130708,1.0
6933982-1,6933982-2,0.4726688,1.0
7584942-1,7584942-2,0.21082053,1.0
2174438-1,2816289-1,0.49775156,0.0
3265436-1,8143657-1,0.6974541,0.0
5355461-1,5355461-2,0.7135241,1.0
4109169-1,8225958-1,0.26937625,0.0
3481879-1,6120402-1,0.6928508,0.0
5228664-1,5228664-3,0.3975315,1.0
3891978-1,7465744-1,0.5018744,0.0
4081296-2,8694163-1,0.6172462,0.0
5829864-1,5829864-2,0.530902,1.0
6350920-1,6350920-2,0.5087944,1.0
3556846-2,3556846-4,0.8730954,1.0
8109047-2,8109047-3,0.9471111,1.0
7695266-10,7695266-6,0.70102364,1.0
3514151-1,3514151-4,0.5761667,1.0
6421557-2,7918232-1,0.6471827,0.0
4130002-1,4130002-3,0.9001695,1.0
6042488-6,6042488-8,0.8192279,1.0
3800334-1,4142935-1,0.16443388,0.0
3633293-1,3633293-3,0.7684593,1.0
4915886-1,6491668-1,0.4436578,0.0
6669189-1,8482093-1,0.68159825,0.0
8583680-1,8583680-2,0.56104594,1.0
5865279-11,5865279-2,0.5455932,1.0
4301542-1,6528137-1,0.18650001,0.0
5591132-2,5591132-3,0.72920334,1.0
7869353-1,7869353-2,0.9307939,1.0
4937697-1,7870231-1,0.1738399,0.0
4374200-1,6434759-1,0.22486477,0.0
3025363-1,3896874-1,0.09959007,0.0
3238371-1,3238371-2,0.9197724,1.0
5394855-1,5394855-3,0.43298098,1.0
3956996-1,6301901-1,0.08961702,0.0
4182018-1,7591671-1,0.08320495,0.0
8081124-1,8531511-3,0.12433255,0.0
8159316-1,8159316-2,0.72506684,1.0
2822336-1,7991776-1,0.39563957,0.0
8093052-1,8093052-2,0.5252718,1.0
4720275-1,4720275-2,0.9461405,1.0
4302550-3,4735504-1,0.73187643,0.0
4797442-1,6038655-1,0.7236899,0.0
5587134-1,5587134-5,0.81256306,1.0
6157329-1,6157329-3,0.17901833,1.0
5960851-1,6849054-1,0.15255001,0.0
3343425-1,3343425-2,0.92442495,1.0
4657314-1,6350128-1,0.067726664,0.0
3668205-2,6087580-1,0.43760502,0.0
4421974-10,4421974-6,0.80974776,1.0
8611478-2,8611478-3,0.90229565,1.0
5423709-1,5423709-2,0.32098916,1.0
7004772-1,7004772-2,0.6520164,1.0
3459508-2,3459508-3,0.54688174,1.0
5629837-1,5629837-3,0.20292538,0.0
8056374-2,8056374-6,0.6364491,1.0
4166646-1,4166646-2,0.8319708,1.0
3113994-2,8629690-1,0.54412156,0.0
2938508-1,3475881-1,0.661481,0.0
5946352-1,8707017-2,0.9535692,0.0
5783215-1,5783215-2,0.6679137,1.0
4301882-1,4301882-2,0.7042238,1.0
4283752-1,4761595-1,0.38237035,0.0
8391342-25,8391342-27,0.9425735,1.0
3745102-1,3786388-1,0.52561873,0.0
7152536-1,8254151-1,0.4014491,0.0
7199841-1,7199841-4,0.79338336,1.0
4417519-1,5368924-3,0.1110944,0.0
5124455-1,5124455-3,0.7080244,1.0
7154276-2,7183833-1,0.87645024,0.0
5222632-2,5525505-1,0.21144849,0.0
7366428-5,7366428-8,0.92713857,1.0
3600271-1,5848667-1,0.342791,0.0
3008697-3,7337020-1,0.8791328,0.0
4177065-2,6159116-1,0.43040976,0.0
6830498-3,6830498-4,0.92727953,1.0
4373052-1,8381448-1,0.14299893,0.0
6369346-6,6369346-8,0.78868055,1.0
3364685-1,6156069-1,0.786203,0.0
4040073-1,5628183-1,0.87317145,1.0
7586420-2,7586420-3,0.8523684,1.0
2278152-1,8141366-1,0.55679846,0.0
7729179-3,7729179-7,0.5176414,1.0
3114581-1,3114581-5,0.61417556,1.0
4168046-1,8410548-1,0.22176185,0.0
6683889-4,6683889-6,0.74556684,1.0
8225171-1,8225171-5,0.53044164,1.0
7050957-1,7050957-2,0.45270777,1.0
8155605-1,8155605-2,0.7295665,1.0
3913137-3,3913137-6,0.90307605,1.0
6824397-4,6824397-6,0.74902433,1.0
8408424-1,8408424-2,0.73040754,1.0
5930829-1,5930829-2,0.91955703,1.0
6925373-3,8254450-5,0.63356084,0.0
5962620-4,5962620-6,0.55598104,1.0
3981230-1,8567520-1,0.1469056,0.0
3195172-2,6976720-1,0.898346,0.0
5437390-1,5909095-1,0.23302005,0.0
2615291-2,2615291-3,0.94464844,1.0
5894289-1,7415109-1,0.19707265,0.0
3295846-1,4546785-2,0.13822868,0.0
8159316-1,8159316-2,0.72506684,1.0
3180835-1,3180835-2,0.63436365,1.0
2584076-1,5304557-1,0.14997615,0.0
5066581-1,6206910-3,0.14190277,0.0
7686844-1,7686844-2,0.34904054,1.0
3876018-1,4228573-1,0.49410546,0.0
8017932-12,8017932-9,0.9042407,1.0
4345240-4,4345240-5,0.8197785,1.0
6503405-1,6503405-3,0.4167044,1.0
7167419-1,8395433-1,0.37816003,0.0
6347353-2,6347353-3,0.3518714,0.0
4320515-1,4573614-1,0.23098975,0.0
3808070-1,7481995-1,0.5290562,0.0
7253536-1,7253536-2,0.56706446,1.0
7006440-8,7006440-9,0.7437606,1.0
2684421-2,2684421-3,0.92055416,1.0
3522328-2,3522328-4,0.78689075,1.0
eir personal data.\nConclusion: Appearances are often deceptive” is a popular proverb that emphasises the importance of analysing things thoroughly before arriving at a conclusion. Silent calculus presenting at the tip of glans is an extremely rare entity. High index of suspicion is hence required to rule out this uncommon presentation.\nBackground: Transfusion of blood and blood products which is considered as lifesaving modality, to evaluate the trends over the years Jan 2015- July 2019.\nMethods: Blood units collected from all eligible blood donors who donated Whole Blood were subjected to mandatory screening by ELISA for antibodies to HCV. Data was retrieved from Jan 2015- July 2019 and total number of donors who were reactive for anti-HCV was noted. Descriptive statistics was used to estimate prevalence.\nResults: Out of 54991 blood donor samples screened,0.6731635,1.0
3955786-1,6652011-1,0.75914794,0.0
4973717-1,8281434-1,0.18140705,0.0
7464283-1,7464283-2,0.34497407,1.0
6332555-4,6332555-6,0.88429976,1.0
3530248-1,5733119-2,0.38340923,0.0
1851966-1,8489599-1,0.5981235,0.0
4695652-1,7034751-1,0.21363418,0.0
2633341-1,7768392-4,0.14645891,0.0
4442002-1,5761908-1,0.18244879,0.0
2572046-1,2856403-1,0.75445455,0.0
6304711-1,6304711-6,0.8393931,1.0
6069825-2,6069825-3,0.4485609,1.0
3549382-1,3756160-1,0.17856154,0.0
6592467-1,8304196-1,0.54409915,0.0
4086582-1,4086582-2,0.7547451,1.0
5667717-1,7273386-1,0.39020875,0.0
3073952-1,5649997-2,0.57754445,0.0
6601173-2,6601173-4,0.74157876,1.0
3645620-4,3645620-6,0.9077943,1.0
4991182-1,7229360-1,0.3551005,0.0
4086582-1,4086582-2,0.7547451,1.0
5768949-1,6556741-1,0.26125273,0.0
2628085-1,2628085-7,0.8441877,1.0
6734019-1,6734019-2,0.32049003,1.0
7941918-2,7941918-5,0.94468665,1.0
3580347-1,3580347-5,0.88050544,1.0
3871035-2,3871035-3,0.69593155,1.0
7789137-1,7789137-5,0.8046628,1.0
6130330-1,7276394-1,0.48212084,0.0
5447531-2,5447531-3,0.64716744,1.0
3380110-1,4100235-1,0.7158665,1.0
8422455-2,8422455-3,0.9234545,1.0
4442263-3,5706404-1,0.31142786,0.0
4337180-2,6320563-1,0.10641236,0.0
5237193-3,5237193-4,0.8842373,1.0
4617071-2,8236776-1,0.9244906,1.0
4427155-1,4427155-5,0.45981443,0.0
8035701-1,8643209-1,0.26023754,0.0
7799191-2,7799191-6,0.6274165,1.0
8504303-1,8504303-4,0.82686234,1.0
4395949-1,5134173-1,0.55002964,0.0
4273476-1,4273476-3,0.43459675,1.0
7444990-2,8167281-1,0.12037935,0.0
4567365-1,4996839-1,0.5721955,0.0
6020502-1,8543741-1,0.2884487,0.0
3742152-3,3742152-5,0.87159884,1.0
7315091-2,8613452-1,0.24715693,0.0
5857324-2,5857324-3,0.8962417,1.0
4230669-1,7205378-1,0.79402816,0.0
3304601-3,5488574-1,0.42998686,0.0
7263007-1,7430073-1,0.0861929,0.0
4055542-6,4055542-7,0.7280662,1.0
3343397-2,7395399-1,0.6537469,0.0
3267069-1,7779183-2,0.1940456,0.0
7936921-1,8051572-1,0.7536741,0.0
2833305-1,3295727-1,0.24605083,0.0
2859338-1,3768297-1,0.16672039,0.0
4361956-1,7840235-1,0.3583479,0.0
3173709-1,8377531-1,0.24501066,0.0
7646794-1,7646794-2,0.767023,1.0
4816024-1,7370676-1,0.28628063,0.0
8258108-3,8258108-5,0.84847873,1.0
6007433-1,6788312-1,0.30226254,0.0
7079483-1,7733434-1,0.11544477,0.0
4278010-1,4278010-3,0.76979315,1.0
4100840-1,4100840-4,0.5696887,1.0
3830914-1,8378593-1,0.12855376,0.0
3678544-2,3678544-3,0.40047914,1.0
6292103-1,6854071-1,0.4092639,0.0
4749774-1,4749774-2,0.5203593,1.0
3447677-2,6507376-1,0.33149096,0.0
3391635-1,4536835-2,0.4321302,0.0
2769476-1,5242085-1,0.445549,0.0
6401550-1,7162573-1,0.46471623,0.0
7035086-1,7745862-1,0.38545904,0.0
6472080-1,7098364-1,0.2153381,0.0
3161678-1,4971302-1,0.26893115,0.0
6122623-1,6122623-2,0.5881817,1.0
4568311-1,4568311-2,0.38090006,1.0
3518178-1,7437810-1,0.6290664,0.0
7269882-1,7269882-2,0.3244067,1.0
6392553-1,6677044-1,0.2698486,0.0
8622899-1,8622899-5,0.8939949,1.0
5228664-1,5228664-3,0.3975315,1.0
8133044-10,8133044-16,0.8189847,1.0
2803806-1,3212924-1,0.076270975,0.0
4818801-1,6754877-1,0.6977342,0.0
4020557-1,4456757-1,0.6419487,1.0
5482953-1,7239576-1,0.16821525,0.0
3038601-2,3038601-3,0.50403184,1.0
8669740-3,8669740-4,0.55021983,1.0
7039690-1,8663827-1,0.38373384,0.0
6643316-1,6643316-8,0.86927086,1.0
4845624-1,4845624-2,0.7550591,1.0
3447677-2,6507376-1,0.33149096,0.0
5417264-2,5429124-1,0.18625332,1.0
6505230-1,8710844-2,0.14701557,0.0
7306525-1,7341436-1,0.18094116,0.0
5463103-1,7670377-1,0.13573955,0.0
3659888-1,3659888-2,0.78427845,1.0
7463145-2,7463145-3,0.3750763,0.0
5015253-3,5015253-6,0.81411463,1.0
5898130-2,7326743-1,0.7296069,0.0
4389099-1,7292116-1,0.5804867,0.0
5394408-2,5394408-3,0.4804171,1.0
3339080-1,3339080-2,0.94859934,1.0
5051311-1,5051311-2,0.539195,1.0
6069825-2,6069825-3,0.4485609,1.0
3928844-1,4065667-2,0.12558757,0.0
3599937-1,7337270-1,0.1077699,0.0
3114581-1,3114581-3,0.24891558,1.0
4881626-4,4881626-7,0.7228809,1.0
6023324-3,6023324-8,0.9377196,1.0
8130067-1,8130067-2,0.8366638,1.0
5337234-4,5337234-9,0.89590627,1.0
3121064-1,5991225-1,0.27072826,0.0
5783215-1,5783215-2,0.6679137,1.0
2587464-1,4359866-2,0.5642358,0.0
3448229-1,3448229-2,0.8725916,1.0
6129370-2,6129370-3,0.7738258,1.0
4800921-1,6109194-2,0.17205226,0.0
7073490-3,7073490-4,0.7934943,1.0
4362838-1,4362838-2,0.16930406,1.0
8385252-2,8385252-4,0.21039121,1.0
6436364-3,6436364-6,0.5518834,1.0
5830324-1,7394077-2,0.31592098,0.0
7529128-1,8346268-1,0.69806963,0.0
4639957-3,6520477-1,0.38683763,0.0
5396409-1,8586889-1,0.43009517,1.0
6744799-1,7417317-1,0.525001,0.0
3724598-1,5463000-1,0.39378417,0.0
3302995-1,3302995-3,0.3397933,1.0
2577938-2,2577938-5,0.93299294,1.0
6572922-1,7488111-1,0.6753002,0.0
6214173-3,6214173-4,0.8191039,1.0
4851822-1,7887195-4,0.10027624,0.0
5406614-1,7430657-1,0.40773958,0.0
3263472-2,3263472-3,0.8896689,1.0
7306670-1,7306670-3,0.7182757,1.0
6681254-2,6681254-5,0.40633947,1.0
6892140-1,7826043-7,0.156616,0.0
7077940-1,7360258-1,0.26202545,0.0
3514931-1,7796383-1,0.0795031,0.0
2931397-1,6881874-1,0.50493056,0.0
3788297-1,8318616-1,0.082628645,0.0
5893346-3,5893346-6,0.605552,1.0
5848591-2,5848591-4,0.8872975,1.0
7475778-1,8326098-2,0.24089095,0.0
8705528-1,8705528-12,0.7936318,1.0
8476614-2,8476614-3,0.71535796,1.0
5947929-1,8667288-1,0.3057711,0.0
2740046-1,3959345-1,0.3417741,0.0
7171659-1,8641367-1,0.20918511,0.0
7276580-2,7276580-3,0.9243686,1.0
3970037-1,5102616-1,0.08288173,0.0
7519586-1,8076735-1,0.7367449,1.0
2854726-2,2854726-5,0.67299986,1.0
5245930-1,7044108-1,0.11429108,0.0
3343401-1,6432979-1,0.4853504,0.0
3873319-1,3873319-4,0.55693203,1.0
3745875-2,8413923-1,0.2796393,0.0
3459794-1,5244042-1,0.6741555,0.0
5729414-1,7727031-1,0.16577579,0.0
7102870-1,8672589-1,0.3237437,0.0
5654074-3,5654074-4,0.5063875,1.0
4691481-1,8247681-1,0.15928173,0.0
5299177-1,5666216-1,0.27223495,0.0
2769293-1,6174309-1,0.24059047,0.0
3125662-1,4022759-1,0.6366452,0.0
3065627-1,5671648-1,0.54564637,0.0
6048239-1,6226587-1,0.3461485,0.0
4138773-1,6884880-2,0.7380846,0.0
8439402-1,8439402-2,0.6540231,1.0
4603113-5,4603113-7,0.61287767,1.0
4279969-1,4279969-2,0.46070853,1.0
3843917-1,8550050-4,0.12680876,0.0
7176025-2,7778374-1,0.5425038,0.0
3999727-1,5682295-1,0.09945847,0.0
7150425-1,7899279-1,0.5587056,0.0
2678709-1,7499288-1,0.21571796,0.0
2916111-1,5074815-2,0.51417536,0.0
6896379-2,6896379-3,0.62580055,1.0
8408424-1,8408424-2,0.73040754,1.0
3646164-1,7072995-1,0.15979771,0.0
7322487-2,7322487-3,0.8794316,1.0
8203287-1,8381434-1,0.38865188,0.0
6820894-1,6820894-2,0.31320462,1.0
5732422-1,6882598-1,0.19130915,0.0
8140542-2,8140542-4,0.35823298,1.0
7567324-1,7567324-2,0.50557566,1.0
7423211-2,7423211-3,0.5707712,1.0
5806580-2,5806580-6,0.638984,1.0
3555391-1,7688041-1,0.13921706,0.0
4314994-1,5623277-1,0.27677938,0.0
4995784-1,8519668-1,0.3707413,0.0
4452865-1,4452865-2,0.7101795,1.0
3671523-1,3671523-2,0.76103115,1.0
8500051-1,8500051-2,0.5561434,1.0
8578920-1,8578920-4,0.74244684,1.0
3380669-1,3380669-5,0.56917095,1.0
3523596-1,6157096-1,0.58426267,0.0
3670626-1,8253320-1,0.47634336,0.0
8391342-21,8391342-24,0.68024975,1.0
7180205-1,7180205-6,0.3465022,1.0
5828922-1,8036065-1,0.6854702,0.0
6319694-1,8621310-1,0.2794114,0.0
7367386-10,7367386-7,0.8549649,1.0
5962620-1,7234965-1,0.6338918,0.0
6900411-1,6900411-3,0.63062316,1.0
6687795-1,6943296-1,0.4731935,0.0
6667806-2,8696182-2,0.7998702,0.0
7867306-2,7867306-3,0.9393135,1.0
4442002-1,5761908-1,0.18244879,0.0
6862365-1,6862365-5,0.90551007,1.0
4052498-2,4052498-5,0.7624088,1.0
3139289-1,5013220-1,0.3392934,0.0
7160714-1,7160714-2,0.3423833,1.0
2640403-3,5253495-1,0.636097,0.0
6619461-1,8275449-1,0.27779642,0.0
3129090-1,6032763-1,0.3205365,0.0
5356989-1,5356989-2,0.62485385,1.0
3785901-1,3785901-2,0.6986006,1.0
3214515-1,6695534-1,0.4002127,0.0
8077172-12,8077172-2,0.6428968,1.0
3987999-3,3987999-4,0.80653983,1.0
3293005-1,8080871-1,0.5309225,0.0
2900107-1,4326210-1,0.49038443,0.0
4294462-1,7984890-1,0.24810125,0.0
4641175-1,7386129-1,0.50857955,0.0
8211030-1,8211030-5,0.406416,1.0
4660714-1,7251899-1,0.5600025,0.0
6852754-2,6852754-4,0.68944097,1.0
4194376-1,7402798-1,0.254533,0.0
3733041-5,3733041-6,0.9408999,1.0
1192795-1,7268049-1,0.3247801,0.0
6643316-1,6643316-8,0.86927086,1.0
6028159-1,8422015-1,0.08393646,0.0
8045623-1,8045623-3,0.935659,1.0
8383533-4,8383533-5,0.7321223,1.0
8296937-1,8296937-3,0.7559986,1.0
4575440-1,4731256-1,0.563859,0.0
2817495-2,2817495-3,0.81953114,1.0
5846181-4,5846181-5,0.9069085,1.0
3614304-1,6158700-1,0.29670525,0.0
6704680-4,6946535-1,0.553526,0.0
4673761-2,4673761-3,0.8567126,1.0
8399375-1,8399375-4,0.7018838,1.0
8482707-1,8482707-3,0.64352006,1.0
6011134-1,6887609-1,0.2318932,0.0
7163239-1,7163239-2,0.84215885,1.0
6046101-1,6046101-3,0.69634664,1.0
3785594-4,7869745-1,0.30843714,0.0
8407943-1,8407943-2,0.6622633,1.0
4421974-3,4421974-8,0.7324941,1.0
3077507-1,6515748-1,0.49993214,0.0
3335606-1,5582424-1,0.24050592,0.0
4129602-1,4129602-4,0.5680307,1.0
6875521-1,8419424-1,0.38228324,0.0
4010024-1,8357521-1,0.23563589,0.0
6791275-1,6791275-2,0.6791705,1.0
6835147-3,8223983-1,0.3891904,0.0
8563620-1,8563620-4,0.3314747,1.0
6683883-2,6683883-3,0.872183,1.0
8326455-3,8326455-5,0.31414184,1.0
8710844-3,8710844-4,0.7069742,1.0
4357166-1,5602615-1,0.84396017,0.0
4688324-1,4688324-3,0.49691492,1.0
7826663-2,8011180-1,0.24085645,0.0
5854745-5,5854745-6,0.5851244,1.0
6197948-1,7535011-1,0.2877568,0.0
8637043-1,8637043-3,0.90469563,1.0
4053105-2,4053105-3,0.92028856,1.0
3280044-1,3280044-3,0.900617,1.0
2584076-1,5304557-1,0.14997615,0.0
5589583-1,6479779-2,0.613663,0.0
3072501-1,6626640-1,0.22983564,0.0
2817864-1,2817864-2,0.4128274,1.0
5828261-1,7918015-1,0.14894018,0.0
2931408-1,3708819-3,0.50094074,0.0
6887611-1,7430863-1,0.5509655,0.0
4716737-1,4716737-2,0.82550055,1.0
3808072-1,7437123-5,0.27544805,0.0
3221906-1,6426556-1,0.07382127,0.0
4109169-1,8225958-1,0.26937625,0.0
2988810-1,2988810-7,0.60511965,1.0
7392355-1,7392355-2,0.65414375,1.0
3361822-1,5682697-1,0.068025,0.0
5748310-1,7372947-2,0.5135117,0.0
3922398-1,6100339-1,0.55635047,0.0
3738031-1,4365146-1,0.22138704,0.0
3914224-1,3914224-2,0.668098,1.0
6662413-1,7699495-1,0.39385214,0.0
4676848-1,5043257-1,0.4423877,0.0
5610665-1,8628230-1,0.6383426,0.0
8393241-1,8393241-9,0.7137916,1.0
7652198-1,7652198-3,0.58271384,1.0
3690703-1,4107623-1,0.22177398,0.0
4362994-1,4676217-1,0.22768144,0.0
8372087-1,8572351-1,0.46234167,0.0
4738659-1,4738659-3,0.7218118,1.0
4064285-1,8627705-1,0.6980443,0.0
3284021-1,5943108-2,0.34832406,0.0
4538962-1,7213949-1,0.37190935,0.0
5122605-2,8147490-1,0.09865512,0.0
3777329-1,8492135-1,0.31254616,0.0
3724598-1,5463000-1,0.39378417,0.0
6955064-1,7480892-1,0.7728311,0.0
6159113-1,6159113-2,0.3241403,1.0
5055928-1,5619092-1,0.24621405,0.0
4830034-2,4830034-3,0.74036723,1.0
8188933-1,8188933-2,0.8543344,1.0
4387824-1,8273158-1,0.40408745,0.0
2500042-1,3509928-1,0.4239958,0.0
8140372-1,8140372-2,0.6574128,1.0
3748431-1,3748431-2,0.90795684,1.0
1702536-4,1702536-5,0.51978636,1.0
2648950-1,2648950-2,0.5774524,1.0
3748431-1,3748431-2,0.90795684,1.0
5446369-10,5446369-6,0.65339315,1.0
3952613-1,7590457-1,0.44605348,0.0
3751626-1,4242491-1,0.48494148,0.0
4322315-1,6726419-2,0.30032027,0.0
2876705-3,5330075-1,0.67310625,0.0
4494526-1,7192250-2,0.3643777,0.0
6955030-1,6955030-2,0.95413375,1.0
3267069-1,7779183-2,0.1940456,0.0
8688789-1,8688789-2,0.46209425,1.0
3479818-1,8046441-1,0.13258147,0.0
4991184-1,6370920-1,0.47192806,0.0
4054067-2,4054067-3,0.46311855,1.0
2963759-2,6037806-1,0.8209376,0.0
6847994-3,6847994-5,0.67842686,1.0
3943150-1,5669530-1,0.1278243,0.0
4100840-3,4898337-1,0.03835453,0.0
3535727-2,7822438-1,0.49780297,0.0
3302999-1,3981269-1,0.2871171,0.0
2577938-2,2577938-5,0.93299294,1.0
8144799-1,8189805-1,0.5016977,0.0
8428280-7,8428280-9,0.8134938,1.0
4346121-6,4346121-7,0.74580604,1.0
6798500-1,8690437-2,0.43973428,0.0
5624261-1,7925058-1,0.0823959,0.0
7427829-1,7837828-1,0.09493207,0.0
4772557-4,7443985-1,0.7311281,0.0
4765299-1,4765299-5,0.19959417,1.0
8140372-1,8140372-2,0.6574128,1.0
8399375-1,8399375-4,0.7018838,1.0
5353908-1,8178127-1,0.042831168,0.0
6713097-4,6713097-7,0.56230384,1.0
4404004-1,5464515-1,0.44755778,0.0
5865279-5,5865279-7,0.6055599,1.0
5423709-1,5423709-2,0.32098916,1.0
7481472-3,7481472-4,0.8872792,1.0
8393737-1,8393737-2,0.8864329,1.0
5325025-1,6698274-1,0.83911866,0.0
4822278-1,4822278-2,0.70243436,1.0
3044576-1,5965108-1,0.4847411,0.0
4955475-2,4955475-4,0.41322568,1.0
8038423-1,8405177-1,0.14693876,0.0
6713097-3,6713097-6,0.90299267,1.0
2080628-1,4288837-1,0.070123084,0.0
4239373-1,5950186-1,0.41857064,0.0
5100168-2,5100168-3,0.6243471,1.0
4866384-1,5857345-1,0.4023436,0.0
5084613-1,5084613-5,0.89339894,1.0
6198447-2,6198447-3,0.30276513,1.0
2630301-1,3467138-1,0.85489887,0.0
6172893-1,6172893-2,0.6077496,1.0
6284393-3,6813699-4,0.6466746,0.0
4830712-1,4830712-5,0.8381999,1.0
4015153-1,8046456-1,0.5640462,0.0
5011511-1,5011511-2,0.6513283,1.0
7000928-2,7000928-5,0.70532686,1.0
5516313-3,7105072-3,0.5592021,0.0
6075497-1,6503405-4,0.6232797,0.0
6317215-1,6317215-3,0.7728705,1.0
7485476-1,7485476-8,0.78440934,1.0
2827085-4,4662030-1,0.19963153,0.0
7677352-1,7677352-3,0.23199402,1.0
7273174-1,7273174-9,0.66985583,1.0
7794165-1,7794165-5,0.9264646,1.0
3464797-1,3731973-1,0.6118879,0.0
3883333-1,4432418-1,0.6930531,0.0
4607013-1,6018257-2,0.5327587,0.0
5768949-1,6556741-1,0.26125273,0.0
7534152-1,7534152-2,0.7902128,1.0
2984327-1,7863688-1,0.83938915,0.0
7685667-1,7685667-3,0.86126095,1.0
2590610-1,5526306-2,0.06711018,0.0
3952286-1,7892279-1,0.48170146,0.0
6163764-1,6163764-5,0.8280679,1.0
3724794-1,3724794-3,0.84632546,1.0
6366126-1,6366126-2,0.68160343,1.0
5588294-1,8172003-1,0.21319646,0.0
5829091-1,8699863-1,0.5483617,0.0
7585363-1,7585363-2,0.37236267,1.0
5977743-1,7477961-5,0.08654338,0.0
4614647-1,7647747-2,0.4991969,0.0
3350251-1,3350251-2,0.56952125,1.0
1208925-1,4763460-1,0.3062036,0.0
4137548-1,8601397-1,0.09691072,0.0
2872603-1,4377368-1,0.2252484,0.0
3467885-1,6342138-1,0.09483178,0.0
4325394-1,6197536-1,0.38059413,0.0
4013344-1,4013344-2,0.6055643,1.0
6101603-1,6101603-4,0.6808416,1.0
4621684-1,5324989-1,0.56717074,0.0
4527411-1,4527411-2,0.6294488,1.0
3146916-1,3857984-1,0.3074044,0.0
3157088-1,4832809-1,0.71365994,0.0
7988206-11,7988206-8,0.8543765,1.0
6847994-2,6847994-5,0.9410568,1.0
4773548-1,4773548-2,0.86200786,1.0
4971313-1,8493990-2,0.28080016,0.0
5818906-2,5818906-3,0.8045677,1.0
7204337-1,7509544-1,0.65768826,0.0
8578920-1,8578920-3,0.5489744,1.0
5004557-1,7118981-1,0.68372726,0.0
7774141-1,7774141-2,0.42295367,1.0
4302357-1,5558370-1,0.19718191,0.0
8395467-4,8395467-5,0.76619905,1.0
5481954-1,7924160-3,0.40835813,0.0
7302719-2,7302719-4,0.3901479,1.0
5418027-1,5418027-4,0.86932844,1.0
4608621-1,8565123-2,0.26653045,0.0
7278537-2,7278537-4,0.5879693,1.0
6135158-1,7568610-1,0.19277777,0.0
4357407-1,6395427-8,0.17338866,0.0
8084795-1,8084795-2,0.37849256,1.0
7409414-3,7409414-4,0.58730924,1.0
7171659-1,8641367-1,0.20918511,0.0
3394863-1,3394863-3,0.7036214,1.0
8432228-1,8432228-3,0.6618088,1.0
7543135-2,7738631-1,0.08279372,0.0
3118378-1,6541452-1,0.46226782,0.0
5537315-3,5846939-1,0.5636159,0.0
4154885-1,4154885-2,0.9112216,1.0
4627117-1,4627117-3,0.8518147,1.0
3986653-2,3986653-3,0.30639845,1.0
4616573-1,7506085-3,0.15234524,0.0
7981640-2,7981640-3,0.44968012,1.0
3905827-2,6383853-1,0.16127723,0.0
5112358-2,5112358-3,0.2548324,1.0
7700296-3,7700296-6,0.7666432,1.0
5556788-1,5556788-3,0.73191756,1.0
3847260-1,4468626-1,0.2763538,0.0
7554384-2,7554384-6,0.9123332,1.0
5893202-1,6375024-2,0.6209965,0.0
4794841-2,5745210-1,0.4143203,0.0
2957226-1,8203365-1,0.3073619,0.0
6113842-1,6113842-2,0.5147641,1.0
8646190-6,8646190-9,0.6647002,1.0
5745971-2,6637352-1,0.27495775,0.0
3981990-1,6350430-1,0.07685831,0.0
2841382-1,7649897-1,0.33142292,0.0
3744717-1,3744717-2,0.6424912,1.0
3288501-1,4154885-2,0.2476596,0.0
6332555-4,6332555-6,0.88429976,1.0
8435653-1,8435653-2,0.92975324,1.0
5118859-1,5464515-9,0.33230716,0.0
3219887-2,7417128-1,0.45461068,0.0
4153192-1,4153192-9,0.88292897,1.0
4779351-1,7220631-1,0.34185588,0.0
3038601-2,3038601-3,0.50403184,1.0
3590935-1,6901366-1,0.29180038,0.0
4835516-2,7386093-1,0.52569103,0.0
5603086-1,5603086-2,0.8118625,1.0
5515190-1,5515190-2,0.43320286,1.0
4408654-1,6186876-1,0.27101377,0.0
4209706-1,4209706-2,0.48804605,1.0
5649433-1,5649433-2,0.49713364,1.0
6537047-1,6537047-5,0.5296985,1.0
2562358-2,2562358-4,0.90611684,1.0
3788297-1,8318616-1,0.082628645,0.0
7469690-1,7963417-6,0.5743834,0.0
3350187-1,7683931-1,0.6121288,0.0
3680894-1,3680894-2,0.6608149,1.0
3667321-1,3667321-2,0.71515304,1.0
7532851-2,7654398-2,0.63995284,0.0
3511956-1,5914224-1,0.3347993,0.0
4270008-3,6820463-1,0.75358814,0.0
5885241-1,7647743-1,0.35955858,0.0
3372806-1,8016592-1,0.20744175,0.0
4299287-1,4439860-1,0.10843326,0.0
4676493-2,4676493-3,0.36143297,1.0
8056374-1,8056374-2,0.7615883,1.0
5649805-2,5649805-8,0.7189663,1.0
4550594-1,7137220-3,0.21971463,0.0
5818906-2,5818906-3,0.8045677,1.0
2276236-1,3296432-2,0.30410135,0.0
8682950-1,8682950-3,0.85682416,1.0
8190523-1,8422025-4,0.45295966,0.0
7171607-1,7171607-4,0.805767,1.0
7711629-6,7711629-9,0.40106553,1.0
4075213-3,4075213-5,0.9549645,1.0
4633544-1,8559640-2,0.73545426,0.0
5912077-1,5949551-3,0.30272004,0.0
4857311-1,6821909-2,0.3407682,0.0
3673351-1,3673351-2,0.62768483,1.0
6755299-1,8663740-1,0.4561031,0.0
3764887-1,6119284-1,0.43112072,0.0
5649805-2,5649805-7,0.44969591,1.0
5187474-2,5187474-3,0.52601516,1.0
8483877-1,8483877-2,0.7493298,1.0
2100043-1,6601221-1,0.47683182,0.0
7396112-1,7396112-3,0.5605781,1.0
4556711-2,4556711-4,0.9024147,1.0
2821651-2,2821651-3,0.7356044,1.0
5624659-2,5624659-3,0.9214469,1.0
7241664-1,7506380-1,0.44822922,0.0
4377485-3,7825471-1,0.37445462,0.0
7362891-2,7362891-3,0.891072,1.0
5334173-1,8606326-1,0.3738993,0.0
7599017-1,8166387-1,0.29711127,0.0
6424550-1,7501890-1,0.24330387,0.0
3952392-1,7451310-1,0.36468723,0.0
7868213-1,7868213-2,0.3610905,1.0
6190410-2,6190410-5,0.9198971,1.0
3594901-1,7513476-4,0.33613554,0.0
7772024-1,7772024-2,0.57053065,1.0
6366126-1,6366126-2,0.68160343,1.0
8497133-1,8497133-2,0.42790884,1.0
4540525-1,7790320-1,0.32737076,0.0
3389654-2,3389654-3,0.79951966,1.0
5040565-1,7361504-1,0.09723211,0.0
3970037-1,5102616-1,0.08288173,0.0
3555570-3,3555570-6,0.18877825,0.0
3914332-1,5216217-1,0.61941,0.0
3625758-1,3625758-2,0.88251704,1.0
5588374-1,6453844-1,0.04370483,0.0
7034667-1,8322726-1,0.119727045,0.0
7737526-1,7913009-1,0.14368145,0.0
8499496-1,8499496-3,0.6812933,1.0
4464593-1,6825499-1,0.7398088,0.0
5343645-2,5362702-1,0.7068953,0.0
6369346-5,6369346-7,0.8993199,1.0
5372808-1,7283930-1,0.3696011,0.0
7465739-1,7465739-3,0.3274316,1.0
8588720-1,8588720-4,0.94290936,1.0
4181086-1,4781921-2,0.6155997,0.0
3304171-2,3304171-5,0.69762206,1.0
3655875-3,8180334-1,0.7332566,0.0
7061516-1,7061516-2,0.5913709,1.0
3524032-1,8131148-1,0.6291453,1.0
8549330-1,8549330-2,0.6021479,1.0
2694645-1,3665140-1,0.43553466,0.0
4255922-1,8294413-3,0.31776154,0.0
2783050-1,7901405-1,0.44512093,0.0
6156974-1,6599311-1,0.10803939,0.0
5025950-1,5415487-1,0.28780848,0.0
4259002-1,4259002-3,0.87184554,1.0
6405358-3,6405358-5,0.8048437,1.0
5325020-1,8196388-1,0.41661337,0.0
5340929-1,7535637-1,0.6524635,0.0
5905315-1,5905315-2,0.8162763,1.0
7314844-1,7314844-7,0.6576508,1.0
7490089-1,7813008-1,0.6054537,0.0
3475916-1,7805523-1,0.45438865,0.0
7463145-2,7463145-4,0.41410437,1.0
7883475-1,8226947-4,0.06148551,0.0
6728788-1,6728788-3,0.7988672,1.0
4173238-2,4173238-3,0.6771095,1.0
6125274-1,7399725-1,0.15422773,0.0
5746637-1,5746637-2,0.4463987,1.0
3339080-1,3339080-2,0.94859934,1.0
2936317-2,2936317-3,0.94219023,1.0
4208499-2,4208499-3,0.29124436,1.0
6791275-1,6791275-2,0.6791705,1.0
4722931-1,6410385-1,0.3844238,0.0
6481116-1,6864317-1,0.24138616,0.0
5161513-1,5161513-3,0.33838645,1.0
4437287-1,6681500-1,0.18132298,0.0
6636700-1,7218456-1,0.31880784,0.0
3116130-3,4463226-1,0.39767677,0.0
8140026-2,8383649-2,0.6550285,0.0
4299287-1,4439860-1,0.10843326,0.0
4653751-2,4653751-3,0.40202746,1.0
3668205-2,6087580-1,0.43760502,0.0
7171607-2,7171607-4,0.66725427,1.0
8565626-1,8679042-1,0.12328497,0.0
4554025-1,7003725-1,0.40132585,0.0
8067258-1,8067258-4,0.8359625,1.0
4295338-1,8650131-1,0.16503492,0.0
4937529-3,7168968-1,0.56945086,0.0
6679892-1,8173629-1,0.37832096,0.0
8522886-1,8522886-2,0.67796004,1.0
7119093-1,7249895-1,0.24879251,0.0
5304564-1,7874336-1,0.16993731,0.0
6615256-2,6615256-4,0.8554049,1.0
7444143-2,7444143-3,0.29402354,1.0
8225171-1,8225171-5,0.53044164,1.0
3444054-1,6313962-1,0.23600236,0.0
7145377-1,8362581-2,0.26500943,0.0
7454634-4,7454634-5,0.80411553,1.0
2684435-3,7798182-1,0.7379887,0.0
4275753-1,8350112-1,0.44502482,0.0
3079085-1,3173924-4,0.118858755,0.0
5996656-1,7053684-1,0.20581718,0.0
7869650-1,8289685-1,0.38150588,0.0
3352641-1,6259523-1,0.11718596,0.0
4204775-1,5965110-1,0.5747404,0.0
4567365-1,4996839-1,0.5721955,0.0
4504631-2,4504631-3,0.63633543,1.0
4295338-1,8650131-1,0.16503492,0.0
7149416-3,7149416-4,0.6149159,1.0
8422025-4,8422025-5,0.8271414,1.0
5588617-3,8081009-1,0.7178764,0.0
6962411-1,6962411-3,0.7660412,1.0
3777315-1,4301543-1,0.78020334,0.0
8489597-2,8530793-3,0.866452,0.0
7934535-1,8570892-1,0.68117106,0.0
4497500-1,5470231-1,0.4792436,0.0
8448394-1,8448394-4,0.87361175,1.0
4278010-1,4278010-3,0.76979315,1.0
3685644-1,8155807-1,0.09803078,0.0
5099962-1,5099962-2,0.5106215,1.0
4765255-4,4765255-5,0.2902028,1.0
4082929-1,5618723-1,0.7432362,0.0
2740084-1,5462668-1,0.43730524,0.0
2769293-1,6174309-1,0.24059047,0.0
4294462-1,7984890-1,0.24810125,0.0
4820630-1,4820630-2,0.73483044,1.0
6814334-1,6822667-1,0.8673304,0.0
5933858-5,5933858-9,0.6935807,1.0
4827179-1,4944366-5,0.172698,0.0
2636015-1,2636015-3,0.92208004,1.0
7306670-1,7306670-3,0.7182757,1.0
7944014-1,7944014-2,0.45985422,1.0
4045234-1,7710430-1,0.4615288,0.0
8565626-1,8679042-1,0.12328497,0.0
7716585-3,7716585-4,0.74128234,1.0
4261525-1,5412141-1,0.11288525,0.0
4777981-2,4777981-9,0.2879257,1.0
8279281-1,8372668-1,0.3629461,0.0
5882333-1,8360458-1,0.4068685,0.0
3827159-2,3827159-5,0.897212,1.0
6683883-2,6683883-3,0.872183,1.0
5597918-1,6600092-1,0.47641867,0.0
6701085-1,6701085-3,0.28022557,1.0
3670521-3,3670521-4,0.30446544,1.0
7513650-1,7649945-1,0.43552935,0.0
7314844-1,7314844-7,0.6576508,1.0
8474637-3,8474637-4,0.78536576,1.0
3785597-2,3785597-3,0.871683,1.0
4013344-2,4013344-3,0.5478667,1.0
3394863-2,3394863-3,0.48073265,1.0
4745143-1,4745143-3,0.49816692,1.0
5905315-1,5905315-2,0.8162763,1.0
5512938-4,8046436-1,0.1647021,0.0
3145886-1,5598866-1,0.10003036,0.0
3905562-1,5998278-1,0.4146388,0.0
7187478-1,7417122-1,0.20130658,0.0
5980441-2,5980441-3,0.7521546,0.0
4754271-2,4754271-3,0.24013548,1.0
4137638-1,7684991-1,0.4057518,0.0
4522451-2,6245774-1,0.55082184,0.0
5398372-1,5398372-2,0.38938728,1.0
8583680-1,8583680-2,0.56104594,1.0
3075397-1,3075397-2,0.5685076,1.0
7014659-2,7014659-3,0.7774937,1.0
3364685-1,6156069-1,0.786203,0.0
4367114-1,4850250-1,0.36531395,0.0
5947929-1,8667288-1,0.3057711,0.0
6604203-1,7684991-1,0.62010217,0.0
4967634-1,5651601-1,0.3897081,0.0
7486574-2,7486574-4,0.7715468,1.0
2980919-1,4427993-1,0.2209504,0.0
3631795-1,4377806-1,0.6046385,0.0
7305575-1,8232500-3,0.39230785,0.0
8391342-20,8391342-21,0.9505313,1.0
5642131-14,5642131-9,0.91251767,1.0
5449307-3,8662187-3,0.48780984,0.0
8142767-1,8142767-2,0.8065777,1.0
6298014-1,6598598-8,0.4089704,0.0
5656962-2,7552379-1,0.21101005,0.0
5669530-1,8044563-1,0.7684316,0.0
3639158-15,3639158-16,0.9308749,1.0
7069276-1,7074426-5,0.2866805,0.0
2564909-1,7853432-1,0.11716077,0.0
1804271-1,3980093-1,0.73108417,0.0
4949203-1,6647250-1,0.42817968,0.0
7004755-1,7004755-3,0.6476933,1.0
4789418-1,7549575-1,0.3620222,0.0
7308791-2,7308791-3,0.8594656,1.0
3634723-1,7930656-1,0.28003013,0.0
5364769-1,5364769-2,0.7974778,1.0
7758736-4,7758736-6,0.7962921,1.0
3983534-1,5040588-1,0.252644,0.0
4318868-1,5051311-2,0.38580763,0.0
4969854-1,8400463-1,0.3871405,0.0
2823151-1,8448394-3,0.7510389,0.0
6458957-1,8507415-1,0.87163186,0.0
3640228-1,3640228-2,0.49680147,1.0
7711629-4,7711629-9,0.49408197,1.0
7322415-1,7322415-3,0.7913308,1.0
8123257-2,8123257-8,0.78411865,1.0
6968900-3,6968900-4,0.5617397,1.0
1192795-1,7268049-1,0.3247801,0.0
5947929-1,8667288-1,0.3057711,0.0
2843128-1,2843128-2,0.65469354,1.0
6160050-1,6160050-2,0.31503847,1.0
2246138-1,5799975-1,0.36629024,0.0
8464303-1,8464303-3,0.82523596,1.0
6004815-2,6004815-6,0.69379115,1.0
7712585-2,7712585-4,0.7703899,1.0
6429545-1,8024449-1,0.049916785,0.0
8569136-12,8569136-9,0.8562689,1.0
6465686-1,6465686-3,0.46982583,1.0
2880280-1,6306582-1,0.6259026,0.0
3205368-2,6970377-2,0.5908085,0.0
4145512-1,4145512-2,0.6278712,1.0
6743382-2,6743382-3,0.6359493,1.0
5139751-1,8471443-1,0.20265654,0.0
1906806-3,1906806-6,0.5821877,1.0
5952278-1,5952278-3,0.8214964,1.0
6221626-1,6221626-3,0.6003255,1.0
8353083-4,8353083-5,0.87645525,1.0
8346514-2,8346514-3,0.49664837,1.0
2249601-1,5791344-1,0.25159112,0.0
6743382-2,6743382-3,0.6359493,1.0
7529487-1,7529487-3,0.77119184,1.0
4441244-2,4441244-3,0.88951474,1.0
8061403-3,8061403-6,0.92789614,1.0
4880720-1,5976963-1,0.1945897,0.0
3601281-1,3601281-2,0.84996676,1.0
5367224-1,5485266-1,0.35129586,0.0
8504030-1,8504030-7,0.28602663,1.0
4540530-1,8044442-1,0.3591251,0.0
4737748-1,5789617-3,0.48216102,0.0
3116130-3,4463226-1,0.39767677,0.0
3852596-1,4217767-1,0.26385882,0.0
6042488-2,6042488-3,0.48353645,1.0
3870644-1,6393136-1,0.37854388,0.0
4637965-1,4818585-1,0.3021353,0.0
3975885-1,4544811-4,0.112721324,0.0
8391342-27,8391342-4,0.8860646,1.0
5075602-1,5075602-2,0.560501,1.0
4174714-1,4849313-1,0.13531116,0.0
3712245-1,3712245-2,0.5968077,1.0
4369997-1,8638045-1,0.51955605,0.0
5051310-1,5051310-2,0.9675105,1.0
8238287-1,8480130-2,0.7427971,0.0
2827140-3,2827140-4,0.45080325,1.0
4719265-1,6323364-1,0.5046111,0.0
7763523-1,7763523-2,0.8034229,1.0
5857324-2,5857324-3,0.8962417,1.0
5755626-1,8485528-1,0.47099042,0.0
5757412-1,8240573-1,0.43647626,0.0
4590181-1,8362572-1,0.24636088,0.0
4375774-1,4845413-2,0.635888,0.0
3983534-1,5040588-1,0.252644,0.0
4037680-1,6682232-1,0.26500484,0.0
7526997-1,7526997-2,0.85118973,1.0
2020471-1,7047887-2,0.36718026,0.0
3974743-1,3974743-2,0.6754411,1.0
8173232-2,8173232-3,0.82432735,1.0
7306525-1,7341436-1,0.18094116,0.0
6567695-1,7931113-2,0.4846864,0.0
5698201-1,5698201-2,0.8149439,1.0
4432260-1,4524392-1,0.69243944,0.0
4924409-1,4924409-2,0.75268525,1.0
1791015-1,5931247-1,0.30616212,0.0
2518134-3,2518134-5,0.827485,1.0
5629837-1,5629837-3,0.20292538,0.0
4544474-1,4544474-2,0.6329165,1.0
8391342-18,8391342-7,0.90967566,1.0
4654907-1,7319805-1,0.59281874,0.0
3607989-1,3607989-2,0.26116663,1.0
4302550-3,4735504-1,0.73187643,0.0
4353272-6,4353272-7,0.94097024,1.0
5494519-1,5494519-3,0.47977933,1.0
6563758-1,7305573-1,0.8526366,0.0
7031900-1,7337468-1,0.24172992,0.0
7479646-1,7676797-1,0.24285723,0.0
3772751-1,7515150-1,0.38511243,0.0
8482707-1,8482707-3,0.64352006,1.0
3402577-1,3402577-2,0.7857837,1.0
7567324-2,7567324-3,0.6113941,1.0
3481430-1,4854028-1,0.21149284,0.0
3412243-1,7053655-5,0.554859,0.0
4070080-1,7925216-1,0.08955855,0.0
5142319-1,8460218-1,0.4915974,0.0
4247869-4,4247869-6,0.77494866,1.0
4813076-2,4813076-3,0.5809949,1.0
5798152-3,5798152-5,0.68592423,1.0
4770648-2,7784812-1,0.32752982,0.0
7773299-2,7773299-3,0.7563188,1.0
6676810-2,6676810-3,0.9007508,1.0
7243444-1,7243444-2,0.19233468,1.0
3198616-2,3198616-6,0.38442338,1.0
4195344-1,6052603-2,0.6285038,0.0
7568139-1,7568139-2,0.4184943,1.0
3523457-1,6232788-1,0.20786992,0.0
7711629-6,7711629-9,0.40106553,1.0
4124098-1,8573890-1,0.12783954,0.0
3083330-6,3083330-7,0.7709843,1.0
3446909-2,3446909-5,0.5888327,1.0
4545786-1,7642573-1,0.38518435,0.0
6311773-2,6311773-7,0.18135487,1.0
2080628-1,7781776-1,0.22490911,0.0
3630059-2,3630059-3,0.5220444,1.0
8211030-1,8211030-3,0.7647393,1.0
7609214-1,7609214-5,0.66089404,1.0
7978395-1,8137005-2,0.37729684,0.0
2816349-1,4409093-1,0.49506414,0.0
2577938-2,2577938-5,0.93299294,1.0
4461742-1,6625230-2,0.7277255,0.0
3021899-1,8422947-1,0.55851984,0.0
6066675-1,6066675-2,0.25032762,1.0
8569136-8,8569136-9,0.6065398,1.0
6238377-1,8264441-1,0.29538348,0.0
1794493-2,1794493-5,0.56342244,1.0
5422734-1,7117615-1,0.737486,0.0
3263702-3,3263702-4,0.8773205,1.0
6180387-2,6180387-4,0.7849917,1.0
4838988-1,4958707-2,0.23739274,0.0
4806760-1,4806760-2,0.64816165,1.0
4299425-1,4299425-2,0.6155526,1.0
4880720-1,5976963-1,0.1945897,0.0
8042811-3,8042811-4,0.4066526,1.0
8124580-3,8124580-7,0.704476,1.0
5043195-3,8435640-2,0.43245065,0.0
8124580-3,8124580-7,0.704476,1.0
4214439-1,7220022-1,0.1693691,0.0
5838830-1,7746912-1,0.8397723,0.0
4357406-1,5642814-1,0.20434992,0.0
6425374-1,7380812-1,0.17271198,0.0
3920611-1,3920611-5,0.8203262,1.0
6251240-1,7193879-1,0.4936249,0.0
2008203-1,7302682-1,0.77253944,0.0
3887163-1,7595504-1,0.1667002,0.0
8213934-2,8213934-3,0.8979399,1.0
3675438-2,3675438-5,0.8897045,1.0
3638522-1,6868727-1,0.712233,0.0
6556287-1,8702120-1,0.5275627,0.0
4273528-2,8218350-2,0.6281271,0.0
3800381-6,3800381-7,0.1150397,0.0
3407696-2,3730474-1,0.8032241,0.0
3881385-2,4845449-1,0.60802394,0.0
3341749-2,5411553-2,0.28604037,0.0
3750320-1,5493460-1,0.290376,0.0
7295558-1,7295558-2,0.8146145,1.0
3005218-1,8645491-1,0.20292142,0.0
3692154-1,4020496-2,0.36894023,0.0
5048704-1,5048704-8,0.8090035,1.0
2740199-1,7549995-1,0.12281011,0.0
6955030-1,6955030-2,0.95413375,1.0
4812219-2,7327389-1,0.42493564,0.0
4576891-1,4576891-2,0.88672924,1.0
2709968-1,6775712-1,0.09086321,0.0
4386778-1,7387005-1,0.8571744,0.0
2872666-3,4592716-1,0.3848356,0.0
6248870-1,6248870-4,0.94043505,1.0
7867306-2,7867306-3,0.9393135,1.0
8388796-7,8388796-9,0.15071179,1.0
7861059-2,7861059-3,0.477561,1.0
6997318-1,6997318-2,0.6325496,1.0
8585856-1,8638050-1,0.37753236,0.0
3006383-1,3808023-1,0.34364423,0.0
7306366-2,8272363-1,0.7570973,0.0
5128960-1,7530160-1,0.46798134,0.0
3469403-1,6140355-1,0.43002164,0.0
7501909-1,8655056-2,0.2424067,0.0
7794165-1,7794165-5,0.9264646,1.0
8391342-31,8391342-9,0.5078019,1.0
4185321-1,7163344-1,0.31825158,0.0
4006567-1,8140414-1,0.40884435,0.0
8628278-3,8628278-5,0.8171865,1.0
5113927-3,5113927-7,0.6312961,1.0
6683883-2,6683883-3,0.872183,1.0
2740257-1,5833207-1,0.38750485,0.0
3556846-2,8578821-1,0.42311954,0.0
3221906-1,6426556-1,0.07382127,0.0
7536489-3,8691999-1,0.71039987,0.0
7220005-3,7220005-5,0.43679294,1.0
3852596-1,4217767-1,0.26385882,0.0
3780548-1,4327960-1,0.34196386,0.0
8028151-3,8028151-6,0.59505016,1.0
5619586-1,7555181-1,0.659595,0.0
4454733-1,7443681-1,0.45382625,0.0
8343451-1,8343451-2,0.8247786,1.0
6182942-1,6967269-1,0.9300138,0.0
5702779-2,5702779-3,0.81982726,1.0
6668050-1,8319961-1,0.03427632,0.0
8391342-18,8391342-19,0.8696214,1.0
4816771-1,4816771-3,0.4538829,1.0
7421811-1,7421811-4,0.61028945,1.0
3861473-2,5868890-1,0.24535269,0.0
4937529-3,7168968-1,0.56945086,0.0
7050957-1,7050957-2,0.45270777,1.0
8218350-1,8218350-2,0.57762957,1.0
5467348-1,8007176-3,0.33818513,0.0
2873457-1,7220015-1,0.25134957,0.0
6611857-10,6611857-2,0.91344076,1.0
3970286-1,7329742-2,0.1172771,0.0
5442331-1,8241246-1,0.8173113,0.0
2925357-1,6849017-1,0.49323085,0.0
5624251-1,8129541-1,0.6619935,0.0
8133044-1,8133044-8,0.6657593,1.0
5147474-1,7711829-1,0.28310624,0.0
5457574-1,6555907-1,0.32074317,0.0
6290221-1,8614051-1,0.29395664,0.0
5400460-1,6159791-1,0.12614217,0.0
4864885-1,8330615-1,0.08155128,0.0
4991182-1,7229360-1,0.3551005,0.0
8242322-1,8242322-2,0.42546225,1.0
6128999-1,6507808-1,0.27451962,0.0
6798296-1,6798296-2,0.78942734,1.0
7988206-12,7988206-8,0.79260856,1.0
2718140-2,2718140-3,0.6844782,1.0
5801795-1,5801795-2,0.80750966,1.0
8017932-4,8017932-6,0.77100515,1.0
4969346-1,4969346-3,0.9555106,1.0
3821438-1,5912312-5,0.35893396,0.0
7649103-8,7649103-9,0.8206491,1.0
5290791-1,5290791-3,0.7619956,1.0
4947757-3,4947757-4,0.7965105,1.0
2822157-2,7418552-1,0.7237964,0.0
3685644-1,8155807-1,0.09803078,0.0
3897098-3,3897098-4,0.87928456,1.0
3920611-5,3920611-6,0.9190511,1.0
6614985-3,6885689-3,0.4764303,0.0
5588642-1,8437005-1,0.31794384,0.0
2913530-1,2913530-2,0.2867586,1.0
8096473-1,8364615-4,0.6381241,0.0
6257534-3,6257534-6,0.7778275,1.0
8045356-1,8045356-4,0.2423424,1.0
4579311-1,7080896-1,0.20393047,0.0
3639158-11,3639158-7,0.7961246,1.0
3872386-1,8323577-1,0.5716474,0.0
5234427-1,8441517-2,0.07821884,0.0
3248588-1,7690134-1,0.16803218,0.0
5653710-1,5653710-2,0.52144396,1.0
3439305-1,7454860-1,0.19076025,0.0
8522886-1,8522886-2,0.67796004,1.0
3086330-1,4087858-1,0.29017505,0.0
8559640-5,8559640-6,0.9290259,1.0
4123504-3,4123504-6,0.8937924,1.0
4578058-2,8572329-2,0.18489881,0.0
7061516-1,7061516-2,0.5913709,1.0
2988051-1,7591986-1,0.6145061,0.0
7443826-2,7443826-8,0.7678581,1.0
4059869-1,4623174-1,0.3214962,0.0
3710964-1,3710964-2,0.4747572,1.0
7383225-1,7383225-2,0.50063264,1.0
3020588-1,3475881-1,0.23152043,0.0
3928844-1,4065667-2,0.12558757,0.0
4353272-1,4353272-3,0.9505173,1.0
7907711-4,7907711-6,0.57955956,1.0
3922799-1,4350224-1,0.0757728,0.0
5423380-1,5685861-2,0.24309951,0.0
8633604-1,8633604-2,0.4751634,1.0
3288501-1,4154885-2,0.2476596,0.0
6679892-1,8173629-1,0.37832096,0.0
6498924-2,6498924-3,0.9699287,1.0
6643316-3,6643316-4,0.7961942,1.0
7681751-1,8685493-1,0.32119775,0.0
3665217-1,4939210-1,0.23511818,0.0
2740124-1,3080807-1,0.3719958,0.0
3232486-1,7364406-1,0.34952793,0.0
8057658-3,8057658-4,0.37363553,1.0
7784179-1,8462110-1,0.23166005,0.0
4759308-1,6417322-1,0.10718063,0.0
4033899-1,5331190-1,0.7227339,0.0
3614304-1,6158700-1,0.29670525,0.0
6218349-4,6218349-5,0.7868151,1.0
3843927-1,8520833-1,0.4337519,0.0
7012740-1,7012740-2,0.58298504,1.0
6472080-1,7098364-1,0.2153381,0.0
8276898-1,8276898-3,0.40197092,1.0
6174779-1,6174779-2,0.443963,1.0
6758956-1,7726407-3,0.2285493,0.0
3249926-1,8318612-1,0.40601975,0.0
4013344-1,4013344-2,0.6055643,1.0
7543135-2,7738631-1,0.08279372,0.0
8391342-20,8391342-21,0.9505313,1.0
4969854-1,7192559-1,0.5045536,0.0
3934696-1,7220345-1,0.6328831,0.0
7000928-2,7000928-5,0.70532686,1.0
3917530-2,3917530-3,0.76334584,1.0
7469690-1,7963417-6,0.5743834,0.0
3686641-1,6717324-1,0.47540942,0.0
5437792-1,6620227-1,0.21809226,0.0
8077721-2,8077721-3,0.88529557,1.0
4130002-2,4130002-3,0.57395494,1.0
5429112-3,5448013-1,0.5525484,0.0
2740115-1,6160283-2,0.193402,0.0
7012558-4,7012558-6,0.4915953,1.0
3313757-1,4857866-1,0.26065096,0.0
4173238-2,4173238-3,0.6771095,1.0
6580405-1,6692986-1,0.75945896,0.0
4458257-1,4458257-2,0.5571486,1.0
7336759-3,7336759-4,0.9117182,1.0
4244720-1,4244720-3,0.8692439,1.0
3095789-3,5819101-1,0.65117925,0.0
4114614-1,4114614-2,0.42988557,1.0
5605694-1,8391342-27,0.72296995,0.0
2775699-1,5702700-1,0.531243,0.0
6829831-1,6829831-2,0.44136798,1.0
3935303-1,5444672-1,0.6009459,0.0
5894289-1,7415109-1,0.19707265,0.0
5505298-1,6795739-1,0.12912351,0.0
2813577-5,2813577-6,0.8288302,1.0
5988756-2,5988756-5,0.55747384,1.0
8142767-1,8142767-2,0.8065777,1.0
3232486-1,7364406-1,0.34952793,0.0
6945338-2,6945338-3,0.6203799,1.0
6211148-1,6211148-2,0.9209151,1.0
4192832-1,5015569-1,0.27994105,0.0
4037680-1,6682232-1,0.26500484,0.0
8213207-1,8213207-2,0.44754058,1.0
7749935-6,7749935-8,0.9303073,1.0
6668050-1,8319961-1,0.03427632,0.0
8035701-1,8643209-1,0.26023754,0.0
7520787-1,7846429-1,0.39187887,0.0
4846628-1,8477373-1,0.16047707,0.0
8435921-7,8435921-8,0.69983524,1.0
4421974-1,4421974-2,0.32445678,1.0
3582082-1,6710493-1,0.19269176,0.0
4524749-1,4524749-3,0.7472648,1.0
2884459-1,6925888-1,0.30056345,0.0
8413199-3,8413199-5,0.6303803,1.0
7758736-10,7758736-5,0.7153,1.0
2164940-1,4904584-1,0.39081892,0.0
8559638-1,8631372-1,0.111143954,0.0
4158630-1,5992942-1,0.4479201,0.0
2933532-3,2933532-4,0.81892437,1.0
5615803-1,7276596-1,0.39749524,0.0
4484343-2,4484343-4,0.50916255,1.0
5893202-1,6375024-2,0.6209965,0.0
8077172-5,8077172-6,0.9150143,1.0
3590353-1,5409948-1,0.25877088,0.0
5315218-1,5315218-4,0.950467,1.0
7457692-1,7457692-2,0.5927585,1.0
6144594-1,6708912-3,0.6711409,0.0
5514582-1,6856633-2,0.45490515,0.0
4207459-1,7732258-1,0.619458,0.0
7867306-2,7867306-4,0.6658393,1.0
5266844-1,5266844-2,0.7232759,1.0
5619035-1,6360827-1,0.24631543,0.0
2687548-10,2687548-4,0.8383734,1.0
8393241-1,8393241-4,0.46940356,1.0
8407674-1,8407674-2,0.4939659,1.0
4563056-1,4563056-3,0.54437596,1.0
7055463-1,7055463-3,0.79328793,1.0
6066153-2,6066153-3,0.9300874,1.0
7844909-2,7844909-3,0.40655148,1.0
5336209-3,5336209-5,0.953153,1.0
3284021-1,5943108-2,0.34832406,0.0
5515190-1,5515190-2,0.43320286,1.0
6208253-3,6208253-4,0.79545206,1.0
3280069-1,8184519-1,0.31647205,0.0
3199017-1,8541753-1,0.31113106,0.0
7669359-1,7669359-3,0.5083068,1.0
5880257-1,5880257-5,0.6935479,1.0
3385805-1,8247731-1,0.3454001,0.0
6498924-2,6498924-3,0.9699287,1.0
3777329-2,4836079-1,0.46231928,0.0
3754402-1,3754402-3,0.61743253,1.0
5729414-1,7727031-1,0.16577579,0.0
4083769-1,8294895-1,0.05388532,0.0
2588090-1,2588090-2,0.9041129,1.0
3905827-2,6383853-1,0.16127723,0.0
6408453-1,7532242-1,0.31605706,0.0
6480815-1,6982492-1,0.26576674,0.0
5557522-1,8059998-1,0.49755508,0.0
3624739-1,3624739-2,0.612092,1.0
3487304-1,3487304-3,0.94680345,1.0
6515778-1,8706098-1,0.23866855,0.0
4784632-1,4784632-2,0.6535723,1.0
5510143-1,7707935-2,0.14520352,0.0
4455125-3,8264871-1,0.89698243,0.0
5556707-1,5556707-2,0.54452586,1.0
6645598-5,6645598-6,0.79747355,1.0
3089823-1,6154823-1,0.47536215,0.0
3292829-1,6408117-1,0.23930624,0.0
3700161-1,4354087-1,0.06465079,0.0
8391342-16,8391342-22,0.76289254,1.0
3546249-1,5819108-3,0.5059989,0.0
8611567-2,8611567-3,0.88165504,1.0
8151272-3,8151272-4,0.84067595,1.0
3843917-1,8550050-4,0.12680876,0.0
7710341-1,8514910-1,0.2667081,0.0
6600893-1,7815080-1,0.20637298,0.0
8061522-2,8061522-4,0.22349621,1.0
3957451-1,4077262-1,0.23859607,0.0
6571265-1,8524807-1,0.079573706,0.0
7716585-1,7716585-4,0.5009195,1.0
6683889-4,6683889-6,0.74556684,1.0
3874335-1,6938728-1,0.05816556,0.0
3166681-1,5029257-2,0.45711726,0.0
5299218-2,5299218-3,0.8578822,1.0
3175447-1,6196130-1,0.22065577,0.0
3304601-2,3304601-3,0.55838984,1.0
8623195-1,8623195-4,0.3459283,1.0
5330051-1,6264594-1,0.9428881,0.0
3666183-1,3666183-3,0.20597258,1.0
4155967-1,6221687-1,0.79086137,0.0
7981640-1,7981640-3,0.5426037,1.0
2481265-1,5067396-1,0.4149336,0.0
3507074-1,5858849-1,0.5734463,0.0
8428707-1,8428707-3,0.51101565,1.0
3894443-2,4832896-1,0.21836165,0.0
5371385-1,7999680-1,0.3923984,0.0
4134861-2,5609445-1,0.59674734,0.0
4103488-1,7872479-1,0.5448059,0.0
5649805-3,5649805-4,0.9552551,1.0
6724307-1,7330014-1,0.09470885,0.0
3154864-1,7140141-2,0.24871822,0.0
8383673-1,8383673-3,0.25286102,1.0
5961508-1,5961508-2,0.76940703,1.0
3675438-2,3675438-5,0.8897045,1.0
3314863-1,8576766-1,0.20805159,0.0
4033901-2,4033901-3,0.11000471,1.0
6257534-1,6257534-4,0.9514126,1.0
7962158-1,7962158-4,0.517246,1.0
2804096-2,2804096-4,0.8895698,1.0
3730032-1,6964363-1,0.08381533,0.0
3841631-3,8699977-3,0.8479903,0.0
6518723-1,7369649-2,0.15940446,0.0
6900411-1,6900411-3,0.63062316,1.0
3600993-1,3693925-1,0.07298598,0.0
4347361-1,6512045-1,0.29595983,0.0
5913999-1,5913999-2,0.6560682,1.0
4502482-1,7944606-1,0.41650462,0.0
6533970-3,6533970-4,0.5876481,1.0
7119093-1,7249895-1,0.24879251,0.0
3502796-1,3502796-2,0.78904843,1.0
4415556-1,4415556-2,0.12709115,1.0
2769433-1,4719736-2,0.11979873,0.0
7861059-2,7861059-3,0.477561,1.0
8473938-3,8570892-1,0.80776346,0.0
4584436-1,6824397-9,0.68066853,0.0
7265518-2,7448493-1,0.2574843,0.0
8563620-1,8563620-7,0.45326617,1.0
5670337-2,5670337-3,0.9548757,1.0
4748557-1,7536520-1,0.44569665,0.0
6708964-1,6708964-2,0.53375924,1.0
3719039-4,3719039-5,0.52788764,1.0
6417296-1,8674554-3,0.44943526,0.0
6516020-1,7831216-1,0.16714884,0.0
2813577-5,2813577-6,0.8288302,1.0
4188946-1,4188946-4,0.7147619,1.0
2879730-2,2879730-4,0.7312124,1.0
6766258-3,6766258-5,0.8870938,1.0
7990443-1,7990443-6,0.6788314,1.0
3764961-1,6625149-2,0.18898198,0.0
3544906-4,3544906-9,0.9136473,1.0
8436632-1,8436632-3,0.37921566,1.0
7548147-1,8305662-1,0.13103713,0.0
7520787-1,7846429-1,0.39187887,0.0
4070080-1,7925216-1,0.08955855,0.0
5712115-1,5712115-2,0.45372337,1.0
7367386-4,7367386-8,0.22484615,1.0
8438098-1,8438098-3,0.6784543,0.0
2800875-1,2800875-2,0.93635964,1.0
3518178-1,7437810-1,0.6290664,0.0
7196143-1,7196143-2,0.8595675,1.0
2640348-1,6416752-2,0.19895105,0.0
3464897-1,4136642-2,0.25105548,0.0
4889805-1,4889805-2,0.5261318,1.0
4602880-1,6098899-1,0.254693,0.0
8385252-1,8385252-2,0.73372006,1.0
4829397-1,8089452-1,0.39261067,0.0
6208227-1,8202355-3,0.68274933,0.0
5968295-1,5968295-2,0.31423986,1.0
6524829-1,6524829-2,0.3675611,1.0
4038860-1,4038860-2,0.72739375,1.0
6042488-5,6042488-7,0.8969547,1.0
4531435-2,5934517-1,0.34528387,0.0
6997318-1,6997318-2,0.6325496,1.0
3772751-1,7515150-1,0.38511243,0.0
7446424-2,7446424-4,0.7539057,1.0
5917864-1,5917864-2,0.7028631,1.0
4904610-3,7387583-1,0.75966245,0.0
8482808-1,8482808-4,0.40049902,1.0
4289971-1,5968291-1,0.26083538,0.0
8072659-1,8072659-2,0.3124213,1.0
8042811-1,8042811-5,0.31766024,1.0
6813690-1,6813690-4,0.4588359,1.0
2872603-1,4377368-1,0.2252484,0.0
3863411-1,8481042-1,0.56692135,0.0
4123504-4,4123504-7,0.90602577,1.0
7180521-1,7180521-2,0.66391236,1.0
1479813-1,5177715-1,0.18098907,0.0
2631492-1,6766475-1,0.21618216,0.0
3961027-1,7078106-1,0.2828241,0.0
4496522-1,4496522-2,0.4973818,1.0
6318134-1,7398381-1,0.53278,0.0
1948009-1,7756012-1,0.21556453,0.0
6213664-3,6213664-5,0.93120825,1.0
4528898-1,5623967-1,0.1346329,0.0
4316910-1,6142756-1,0.121056594,0.0
8319722-1,8319722-2,0.6808105,1.0
7665777-11,7665777-7,0.8610735,1.0
6238297-2,6238297-3,0.6046469,1.0
7265239-1,7265239-2,0.6932146,1.0
4302118-4,4302118-5,0.8005088,1.0
6351509-1,6351509-2,0.38673857,1.0
7389435-1,7527010-1,0.2652997,0.0
5803709-5,6945574-1,0.9154351,0.0
3336228-1,8138075-1,0.31308386,0.0
8407525-1,8524235-1,0.4800992,0.0
4611067-2,4611067-4,0.77886474,1.0
3770888-1,3770888-3,0.19483334,1.0
4816024-1,7370676-1,0.28628063,0.0
4885181-2,4885181-5,0.49686813,1.0
8404422-1,8515065-1,0.6541894,0.0
2518134-2,2518134-6,0.67824453,1.0
3959065-1,4841426-1,0.48983443,0.0
6038475-1,6038475-7,0.7959393,1.0
5304564-1,7874336-1,0.16993731,0.0
3154864-1,7140141-2,0.24871822,0.0
7353707-2,7353707-4,0.83637255,1.0
3730478-1,8258286-3,0.3386089,0.0
4445997-1,7513510-1,0.14800653,0.0
3168013-1,3168013-2,0.45581245,1.0
7706373-1,8610930-1,0.26466343,0.0
2938567-1,7249778-1,0.6328271,0.0
3214513-1,6476616-1,0.1800654,0.0
3180833-1,3180833-4,0.82205164,1.0
1087841-4,7672393-1,0.5171895,0.0
4750307-1,4750307-2,0.3805718,1.0
6311398-1,6713073-2,0.20331153,0.0
5513699-1,5513699-3,0.67470074,1.0
6868756-1,8557790-1,0.21634793,0.0
4228210-1,4352490-1,0.78799677,0.0
7893885-1,7893885-2,0.7254457,1.0
8690437-1,8690437-2,0.9334065,1.0
3304601-2,3304601-3,0.55838984,1.0
4094743-3,4094743-4,0.9571223,1.0
6491668-1,8172316-1,0.5817979,0.0
6178332-2,6178332-5,0.66501826,1.0
5835379-2,5835379-4,0.54580235,1.0
5534012-1,5534012-2,0.5562286,1.0
7336985-1,7336985-2,0.5129105,1.0
3223713-1,7306636-1,0.28161627,0.0
3482756-1,4735251-1,0.24745178,0.0
4828895-1,4828895-2,0.706537,1.0
3249871-1,6144180-1,0.24437638,0.0
2628025-1,2628025-3,0.69813687,1.0
8092089-3,8092089-7,0.22346036,1.0
6549290-1,6549290-5,0.49819762,1.0
5042891-1,7315059-1,0.8154348,0.0
3719039-4,3719039-5,0.52788764,1.0
4270008-3,6820463-1,0.75358814,0.0
3513240-2,5889891-1,0.20504692,0.0
6454844-1,6944864-1,0.37134755,0.0
5996656-1,7053684-1,0.20581718,0.0
2900109-2,2900109-3,0.7082453,1.0
2879827-1,2879827-2,0.46803626,1.0
8653493-2,8653493-4,0.5800341,1.0
4976411-1,4976411-2,0.8156975,1.0
4094743-3,4094743-4,0.9571223,1.0
7506085-1,7506085-2,0.5303305,1.0
3486995-1,6743166-1,0.7700321,0.0
3421943-1,3937490-1,0.4277077,0.0
6126242-2,6126242-3,0.84785765,1.0
2721584-1,4341380-2,0.47996914,0.0
4003766-1,5439251-1,0.3334592,0.0
4765255-1,4765255-4,0.45773748,1.0
2876705-3,5330075-1,0.67310625,0.0
3306208-1,7772838-1,0.64542735,0.0
6128999-1,6507808-1,0.27451962,0.0
3180833-1,3180833-4,0.82205164,1.0
7434251-1,7434251-2,0.7498377,1.0
3600330-1,5088476-3,0.4278953,0.0
3304208-4,3304208-5,0.7438668,1.0
7784194-1,8581777-1,0.3472946,0.0
4454733-1,7443681-1,0.45382625,0.0
4302557-1,6968826-1,0.1589975,0.0
5610706-1,5862080-1,0.113134824,0.0
1192795-1,7268049-1,0.3247801,0.0
5320317-1,6637575-1,0.17276782,0.0
7488542-2,7488542-4,0.7847397,1.0
4819152-3,5083268-1,0.8379897,0.0
7383225-3,7383225-5,0.8636256,1.0
7197830-1,7197830-3,0.5881224,1.0
7311546-11,7311546-6,0.790397,1.0
5320044-1,5320044-2,0.50200945,1.0
3440936-1,7847594-1,0.26629138,0.0
3162782-1,4465713-1,0.44659922,0.0
6173903-1,6173903-2,0.3800056,1.0
6935495-3,6935495-4,0.5732792,1.0
4281902-1,4777234-1,0.24662171,0.0
2629953-1,2629953-2,0.50004554,1.0
6547447-4,8330607-1,0.23691997,0.0
4310100-1,8057747-4,0.6270149,0.0
3220107-1,8052025-1,0.17993519,0.0
8259403-1,8259403-4,0.593565,1.0
5201065-1,5201065-4,0.58353364,1.0
7497165-1,8577476-1,0.56556964,0.0
8186646-2,8229143-1,0.6248578,0.0
5040526-2,5040526-3,0.3502976,1.0
4943815-2,4943815-3,0.47404826,1.0
4173580-1,4173580-2,0.8020697,1.0
4480301-1,4480301-3,0.83604527,1.0
4489500-1,4489500-2,0.8194534,1.0
3469390-2,8683277-2,0.8315529,0.0
5048704-2,5048704-4,0.91856587,1.0
3113994-2,8629690-1,0.54412156,0.0
7337482-2,7337482-3,0.8040043,1.0
3860072-1,6006788-1,0.05646865,0.0
3063239-1,7440240-6,0.62967706,0.0
2769370-1,6120049-4,0.7055413,0.0
6182283-1,7282364-1,0.8408118,0.0
6966758-1,8056578-1,0.10773231,0.0
7234342-1,7234342-2,0.8746178,1.0
4369997-1,8638045-1,0.51955605,0.0
3014854-1,5089230-1,0.31944403,0.0
6113765-1,6504019-1,0.49559233,0.0
5557522-1,5557522-2,0.8307096,1.0
3272533-1,7667327-5,0.3470447,0.0
7265421-1,7695605-5,0.17675333,0.0
4837620-1,5842452-1,0.59778607,0.0
4003725-1,4999640-1,0.5288624,0.0
3830245-1,6402165-4,0.13970138,0.0
4782467-1,4782467-2,0.5292401,1.0
8064226-2,8064226-3,0.6145745,1.0
8354677-2,8354677-4,0.90889454,1.0
4782403-2,8670129-1,0.15934092,0.0
3057253-1,6816536-1,0.46547434,0.0
4504872-5,4504872-6,0.8770089,1.0
4302118-2,4302118-3,0.6947491,1.0
4286787-1,6839322-1,0.26286587,0.0
6135216-2,6135216-5,0.60914207,1.0
5406614-1,7430657-1,0.40773958,0.0
6616899-2,6616899-3,0.6796581,1.0
1851966-1,8489599-1,0.5981235,0.0
6426764-2,6426764-6,0.7332841,1.0
3843640-5,3843640-6,0.90177906,1.0
3180835-1,3180835-2,0.63436365,1.0
6506424-2,8215346-1,0.5108525,0.0
6416752-1,6416752-2,0.8495533,1.0
4406011-1,7155113-1,0.297142,0.0
4281902-1,4777234-1,0.24662171,0.0
7585963-1,8209712-1,0.29852566,0.0
4387352-1,4837620-1,0.32505485,0.0
5093237-1,5953188-1,0.6019954,0.0
8372087-1,8572351-1,0.46234167,0.0
3200155-1,7771195-1,0.095443405,0.0
3498670-1,3498670-3,0.43650937,1.0
5084613-3,8231303-2,0.7691626,0.0
4663301-2,7461323-1,0.6614936,0.0
5578589-1,5578589-2,0.6767463,1.0
8312765-2,8312765-4,0.4640581,1.0
8610431-1,8610431-2,0.83460927,1.0
3313754-1,6511183-2,0.35331652,0.0
4745280-1,6558365-4,0.37290075,0.0
6901812-2,6901812-4,0.8234574,1.0
4026847-1,6794398-1,0.28561863,0.0
8611606-4,8611606-7,0.7279639,1.0
3556846-2,3556846-4,0.8730954,1.0
5961535-3,5961535-4,0.9369597,1.0
6324859-2,6324859-4,0.52810454,1.0
8544915-2,8544915-3,0.6631768,1.0
7585506-3,7585506-4,0.62895614,1.0
6169347-1,7096369-4,0.5228748,0.0
6531111-1,6531111-2,0.41247424,1.0
8688789-1,8688789-2,0.46209425,1.0
3292829-1,6408117-1,0.23930624,0.0
6118281-1,6118281-3,0.88875145,1.0
4962498-2,7220358-1,0.8313635,0.0
8709964-1,8709964-3,0.8787503,1.0
4393473-1,8015738-1,0.67718875,0.0
5998940-1,8464357-1,0.6092002,0.0
5091281-1,7713552-1,0.5146816,0.0
5932826-1,5932826-9,0.8502077,1.0
4579175-1,4579175-3,0.9481791,1.0
3517965-1,5358156-1,0.7278345,0.0
6716331-2,6716331-4,0.6069065,1.0
5588642-1,8437005-1,0.31794384,0.0
5228664-1,5228664-3,0.3975315,1.0
5820018-1,5820018-3,0.44292518,1.0
6624786-1,6624786-3,0.6406476,1.0
4094958-6,4094958-8,0.065939896,1.0
4437287-1,6681500-1,0.18132298,0.0
3240800-3,5661322-1,0.77671254,0.0
5126035-3,5126035-9,0.88852805,1.0
7497062-1,7731521-1,0.03451105,0.0
8261160-1,8261160-2,0.7055868,1.0
3350304-1,6874281-1,0.2472038,0.0
2424062-1,3401493-1,0.63225454,0.0
5998849-1,7412652-1,0.3163482,0.0
8560084-2,8560084-3,0.5747884,1.0
6264993-2,8330682-1,0.5266146,0.0
2734012-1,2796233-1,0.40864733,0.0
7060531-1,7569279-1,0.455166,0.0
3670647-2,7925162-1,0.8264301,0.0
6124168-2,6124168-6,0.50401026,1.0
4372959-1,6177682-2,0.4286406,0.0
6874122-1,6874122-2,0.58646196,1.0
3961299-1,5586128-4,0.16439244,0.0
5914151-1,5914151-2,0.66031164,1.0
8325209-1,8325209-4,0.7257225,1.0
6849151-1,7394134-1,0.5827435,0.0
3764695-1,5110930-1,0.06451461,0.0
6180361-1,7758736-8,0.56578606,0.0
8286186-2,8286186-5,0.31736058,1.0
8276898-1,8276898-3,0.40197092,1.0
8581691-1,8581691-2,0.41809896,1.0
6208253-2,6208253-3,0.3410315,1.0
7431987-2,7431987-3,0.3832445,1.0
5225327-2,5225327-4,0.6828126,1.0
6284393-3,6813699-4,0.6466746,0.0
4922238-1,6475703-1,0.09487546,0.0
8652111-2,8652111-3,0.72368205,1.0
3887163-1,7595504-1,0.1667002,0.0
4089230-1,5114198-2,0.8013112,0.0
4400931-1,8343425-1,0.18436822,0.0
3271498-1,4311362-3,0.09689787,0.0
3522321-1,3522321-4,0.2966357,1.0
3730478-1,8258286-3,0.3386089,0.0
4299287-1,4439860-1,0.10843326,0.0
3479817-2,3479817-3,0.6219045,1.0
5630053-1,8437584-2,0.45239216,0.0
2858852-1,5971287-1,0.69917184,0.0
4780500-2,4780500-3,0.83769566,1.0
3785594-4,7869745-1,0.30843714,0.0
5629837-1,5629837-3,0.20292538,0.0
4293457-2,4293457-6,0.7482175,1.0
6643709-2,6643709-3,0.4560635,1.0
6929121-2,6929121-3,0.8799102,1.0
4560322-1,8040591-1,0.39472356,0.0
7434251-1,7434251-2,0.7498377,1.0
4243466-2,4475518-1,0.57354075,0.0
5976963-1,8022680-1,0.07720043,0.0
4478336-1,4478336-5,0.88161767,1.0
3712821-1,4555932-1,0.2721903,0.0
5313358-2,5313358-6,0.95307374,1.0
7871723-1,8065519-2,0.4164775,0.0
2815756-10,2815756-3,0.7245267,1.0
4752811-1,7085831-1,0.26071766,0.0
1475874-1,1475874-3,0.3826957,1.0
7562854-1,7562854-2,0.3627987,1.0
3183319-1,5806580-6,0.4263279,0.0
3263472-2,3263472-3,0.8896689,1.0
5887590-1,7899914-1,0.5734537,0.0
6669189-1,8482093-1,0.68159825,0.0
8129005-2,8129005-4,0.3414808,1.0
7328963-2,7328963-3,0.49008608,1.0
7392355-1,7392355-2,0.65414375,1.0
4195344-1,6052603-2,0.6285038,0.0
3182394-2,3182394-3,0.77696407,1.0
3724794-6,3724794-7,0.4229618,1.0
3804044-2,3804044-3,0.7455437,1.0
7204895-4,7204895-5,0.8648157,1.0
3504291-1,5485284-1,0.41543767,0.0
7476797-3,7476797-4,0.70153797,1.0
8186578-4,8186578-7,0.7302713,1.0
8428280-1,8428280-7,0.65118694,1.0
2526494-1,6464482-1,0.66220886,0.0
2687548-10,2687548-4,0.8383734,1.0
4398786-1,4398786-2,0.1864182,1.0
3150839-1,3150839-4,0.6592057,1.0
5220453-1,5220453-3,0.54634243,1.0
8017932-11,8017932-3,0.76977885,1.0
8674165-6,8674165-7,0.8937766,1.0
3461007-1,3461007-3,0.34780604,1.0
3020588-1,3475881-1,0.23152043,0.0
6159245-1,6159245-2,0.660555,1.0
4831504-2,4831504-3,0.82742214,1.0
7674568-1,7674568-2,0.21023864,1.0
5909360-1,5909360-4,0.5180276,1.0
5306982-1,5351264-1,0.46710953,0.0
3569567-1,7879247-1,0.8791846,0.0
7577353-1,8501704-1,0.38512218,0.0
5760868-1,5865279-7,0.17588562,0.0
7837892-1,7837892-2,0.75343686,1.0
3390102-2,7934024-1,0.6231582,0.0
8093052-1,8093052-2,0.5252718,1.0
3264539-1,8647707-1,0.34046066,0.0
3586467-1,3586467-2,0.68654746,1.0
8278993-2,8278993-3,0.83527726,1.0
4327542-1,7506050-3,0.2299476,0.0
7341056-3,7341056-6,0.8257157,1.0
3026341-5,3026341-6,0.96696424,1.0
3276803-1,3276803-2,0.7827502,1.0
2636015-1,2636015-2,0.87099206,1.0
4608621-1,8565123-2,0.26653045,0.0
2629908-1,2629908-4,0.3972441,1.0
4042138-3,6299503-1,0.7139142,0.0
6304711-2,6304711-3,0.79608434,1.0
6029987-1,7233718-1,0.18464327,0.0
5991051-1,6456155-1,0.71824497,0.0
6369346-6,6369346-8,0.78868055,1.0
4855418-1,5443128-1,0.20964363,0.0
8343286-1,8343286-2,0.61683804,1.0
5668510-1,7818179-1,0.11712511,0.0
3521825-1,7036693-1,0.19105168,0.0
3263165-3,3970042-1,0.12017352,0.0
3065627-1,5671648-1,0.54564637,0.0
4966356-1,4966356-2,0.33940667,1.0
6963280-2,6963280-3,0.8319976,1.0
5251361-1,8136881-1,0.35281616,0.0
3891161-1,8491334-1,0.71542823,1.0
6702865-2,6702865-3,0.90628064,1.0
4129924-1,6426094-1,0.5693374,0.0
3162276-1,4008904-1,0.5705649,0.0
6708180-2,6708180-5,0.21946168,1.0
3770022-1,3770022-2,0.74432445,1.0
2772281-2,2772281-3,0.31611866,1.0
3603612-1,3771223-1,0.10189105,0.0
6341312-1,7008287-2,0.8093565,0.0
5048704-5,5048704-6,0.42788735,0.0
6788842-1,8355822-1,0.09850482,0.0
6919399-1,6919399-2,0.74488074,1.0
2740025-4,2740025-5,0.8426114,1.0
4678552-2,4678552-3,0.91395104,1.0
5751898-1,8641632-2,0.18671294,0.0
3356592-1,5134245-1,0.24082687,0.0
3548394-1,3708060-1,0.39330566,0.0
4290661-1,6333583-1,0.3294025,0.0
5394300-1,6393095-1,0.8161503,0.0
4649734-2,4649734-3,0.8318207,1.0
5865279-12,5865279-8,0.5524041,1.0
5126599-1,5649734-1,0.44965416,0.0
4789584-2,4789584-3,0.38738322,1.0
5530451-1,7302649-1,0.42951012,0.0
7238787-1,7238787-3,0.62009096,1.0
3923556-2,3923556-4,0.83088195,1.0
2995998-1,3623462-1,0.46334714,0.0
3286309-1,3286309-4,0.48837557,1.0
7362891-2,7362891-3,0.891072,1.0
3640228-1,3640228-2,0.49680147,1.0
7385614-1,7385614-2,0.64588994,1.0
3522321-2,3522321-3,0.5806915,1.0
7587992-6,7587992-7,0.894407,1.0
3770022-1,3770022-2,0.74432445,1.0
4553663-1,4804603-1,0.35566235,0.0
5947929-1,8667288-1,0.3057711,0.0
5065333-1,5065333-2,0.58541524,1.0
7720770-3,7720770-4,0.97208434,1.0
4177828-1,5050349-1,0.67986476,0.0
8154820-1,8325963-1,0.21808428,0.0
8360293-3,8360293-9,0.7110515,1.0
3311031-1,8238109-2,0.7164189,0.0
7031900-1,7337468-1,0.24172992,0.0
5404322-1,5569297-1,0.5311521,0.0
8570371-1,8570371-2,0.34499446,1.0
6537356-3,6537356-4,0.837479,1.0
5943729-6,5943729-9,0.94524,1.0
4151583-1,4422897-1,0.47846177,0.0
8688786-1,8688786-2,0.3303407,1.0
6652254-1,6652254-2,0.67993486,1.0
8279693-1,8279693-3,0.6519078,1.0
4164326-1,5644696-1,0.045622524,0.0
7784179-1,8462110-1,0.23166005,0.0
3840180-1,6942503-1,0.46244946,0.0
7772757-1,7784239-11,0.3034039,0.0
5504811-1,6547240-1,0.72763854,0.0
3601282-1,3665239-1,0.4009974,0.0
4322482-1,4322482-2,0.7004645,1.0
6032606-1,6854420-1,0.5829057,0.0
3049979-1,6984774-1,0.4775312,0.0
5783215-1,5783215-2,0.6679137,1.0
5011511-1,5011511-2,0.6513283,1.0
2859362-3,2859362-4,0.7360439,1.0
7695605-3,7695605-5,0.82129884,1.0
4235191-1,7678883-1,0.5626004,0.0
4847610-1,7434254-1,0.7005945,0.0
6050410-1,8145585-1,0.61378485,0.0
6417352-1,8449068-1,0.74187607,0.0
6218349-4,6218349-5,0.7868151,1.0
5538095-1,5538095-2,0.5705983,1.0
7150425-1,7899279-1,0.5587056,0.0
3842730-2,3842730-3,0.94363916,1.0
8705528-12,8705528-14,0.8459828,1.0
7905731-1,8191851-1,0.1370268,0.0
2804096-2,2804096-5,0.71602196,1.0
7909218-2,7909218-3,0.5174418,1.0
6796738-3,6796738-4,0.6429696,1.0
3583109-1,8133087-1,0.29445547,0.0
4715885-1,6101463-1,0.28993317,0.0
8494175-1,8494175-2,0.7825036,1.0
7061685-1,7061685-6,0.7852563,1.0
6042488-2,6042488-3,0.48353645,1.0
5747772-1,6159285-1,0.9160186,1.0
6600893-1,7815080-1,0.20637298,0.0
3726924-2,3726924-3,0.8215172,1.0
5466218-1,5803715-1,0.3924789,0.0
4846628-1,8477373-1,0.16047707,0.0
3654305-2,3654305-4,0.73331976,1.0
8077172-15,8077172-16,0.9211777,1.0
4145547-2,8442218-1,0.49364787,0.0
8611551-2,8611551-4,0.70188177,1.0
4779833-1,8142312-1,0.43331715,0.0
2810579-2,5965164-1,0.7296726,0.0
2584076-1,5304557-1,0.14997615,0.0
3914224-1,3914224-2,0.668098,1.0
3639802-1,3639802-3,0.5548002,1.0
6883863-2,6883863-4,0.7203395,1.0
8291460-1,8606058-1,0.21448916,0.0
7708753-2,7708753-3,0.71984625,1.0
3057253-1,6816536-1,0.46547434,0.0
8531180-3,8531180-4,0.73192453,1.0
6284393-3,6813699-4,0.6466746,0.0
8393241-1,8393241-4,0.46940356,1.0
5635609-1,6882281-1,0.63890934,0.0
7305575-1,8232500-3,0.39230785,0.0
2678710-1,2678710-3,0.8214457,1.0
5353908-1,8178127-1,0.042831168,0.0
2933728-1,4541672-6,0.7098829,0.0
4765255-1,4765255-4,0.45773748,1.0
3696307-3,3696307-4,0.6906505,1.0
7490445-1,8406827-1,0.40882102,0.0
4929394-1,6293130-1,0.32657662,0.0
4955437-1,5465723-1,0.4483566,0.0
6076191-3,6456843-6,0.8516888,0.0
6700539-1,8180324-1,0.3243241,0.0
3556532-2,3556532-4,0.9026213,1.0
8044528-1,8044528-3,0.50716263,1.0
7644295-1,8144523-1,0.07919652,0.0
4359697-1,8452862-1,0.63307226,0.0
4306070-1,4306070-2,0.6633302,1.0
8669740-2,8669740-3,0.8675274,1.0
3354792-2,3354792-4,0.94048214,1.0
8191643-1,8191643-3,0.52648926,1.0
6305099-1,7690554-1,0.2552647,0.0
6643316-2,6643316-4,0.6059238,1.0
6567768-1,8136328-1,0.30240756,0.0
6691767-1,6691767-4,0.229811,1.0
5100088-1,5989373-1,0.434827,0.0
4059869-1,4623174-1,0.3214962,0.0
3974436-1,4515516-1,0.6905399,0.0
3830790-1,7420727-1,0.09236508,0.0
5968738-2,5968738-3,0.6219844,1.0
6601167-1,6958646-1,0.6291526,0.0
7011709-2,8226947-2,0.44105417,0.0
2776156-2,2776156-3,0.533055,1.0
6311300-1,7800327-1,0.7418509,1.0
3862296-1,6611857-2,0.12461188,0.0
3594910-1,4058268-1,0.21771534,0.0
5746636-1,5746636-3,0.71092767,1.0
3514939-1,5930228-1,0.29686898,0.0
8278993-2,8278993-3,0.83527726,1.0
4782467-1,4782467-2,0.5292401,1.0
3162267-1,3162267-3,0.929357,1.0
5712115-4,5712115-7,0.755068,1.0
7770226-1,7770226-3,0.58656293,1.0
7254669-1,7254669-2,0.8995123,1.0
4778215-1,4778215-2,0.7867625,1.0
4299287-1,4439860-1,0.10843326,0.0
7587992-5,7587992-8,0.9341652,1.0
5039991-1,7746127-1,0.05476905,0.0
7575294-2,7575294-4,0.45368844,1.0
6251239-1,7381849-1,0.5407967,0.0
5346945-1,8255048-1,0.075807884,0.0
7703463-1,7904499-1,0.33288163,0.0
3480777-1,4574176-1,0.40890324,0.0
3193822-1,6260550-1,0.16283385,0.0
5910619-1,6385834-1,0.6070573,0.0
4396650-3,6382915-1,0.12711634,0.0
3186895-1,8070069-1,0.3411439,0.0
3976085-1,5834850-1,0.20182274,0.0
4135106-1,8637990-1,0.59931374,0.0
6304711-1,6304711-6,0.8393931,1.0
8140372-1,8140372-2,0.6574128,1.0
7275443-2,7275443-3,0.38076815,1.0
3126734-1,3126734-5,0.4003397,1.0
7004750-3,7470205-1,0.067353144,0.0
6830498-3,6830498-4,0.92727953,1.0
4660492-1,4660492-3,0.8864126,1.0
4314887-1,4330020-1,0.5377403,0.0
6783228-3,6783228-6,0.83251756,1.0
4253754-1,5790922-1,0.3143953,0.0
4309306-3,7455395-1,0.81423074,0.0
4820630-1,4820630-2,0.73483044,1.0
7538799-1,8362537-1,0.39746007,0.0
7140078-1,7140078-5,0.72739923,1.0
4538962-1,7213949-1,0.37190935,0.0
5228659-2,5228659-3,0.53894264,1.0
3040089-2,3040089-4,0.6468402,1.0
4296463-1,7026719-1,0.16470852,0.0
6221626-1,6221626-3,0.6003255,1.0
6537356-3,6537356-4,0.837479,1.0
4837780-1,5921307-1,0.21151893,0.0
6360730-1,8485263-1,0.9092417,0.0
2647167-1,2647167-2,0.70588046,1.0
3989827-1,5253614-1,0.2907277,0.0
3350036-1,7535559-1,0.062276326,0.0
4458292-1,6069027-3,0.3926079,0.0
1395322-4,1395322-5,0.7341579,1.0
4777981-2,4777981-9,0.2879257,1.0
5506462-4,8035737-3,0.32215628,0.0
3890729-1,6159265-1,0.605857,0.0
3402005-2,3402005-3,0.86567044,1.0
3830360-1,4745599-1,0.2636378,0.0
2722008-1,4316802-1,0.12643655,0.0
6251240-1,7193879-1,0.4936249,0.0
8578920-1,8578920-4,0.74244684,1.0
8353083-4,8353083-5,0.87645525,1.0
4454733-1,7443681-1,0.45382625,0.0
6587640-1,7210684-1,0.85677844,0.0
3862222-1,4407325-1,0.4213119,0.0
8471443-1,8471443-2,0.53119195,1.0
8028151-2,8028151-5,0.7427208,1.0
6060766-1,6060766-3,0.8003719,1.0
2827085-4,4662030-1,0.19963153,0.0
7571946-1,7571946-3,0.69452715,1.0
3483684-1,4273540-1,0.19149423,0.0
4484648-1,8557447-1,0.862009,0.0
7793325-1,7793325-7,0.20127256,1.0
7313569-1,7313569-2,0.6476826,1.0
3483004-1,3853399-1,0.17866066,0.0
5065333-1,5065333-2,0.58541524,1.0
6282116-1,6282116-3,0.82833076,1.0
6598109-1,6598109-3,0.4070355,1.0
6899327-1,6899327-2,0.52221423,1.0
2988810-3,2988810-6,0.9179143,1.0
7695266-4,7695266-5,0.8873142,1.0
7221050-1,7479482-1,0.26312178,0.0
5225327-2,5225327-4,0.6828126,1.0
7294899-1,7294899-2,0.6892324,1.0
2628025-1,2628025-3,0.69813687,1.0
4889805-1,4889805-2,0.5261318,1.0
3669470-1,4244719-1,0.3522194,1.0
6600893-1,7815080-1,0.20637298,0.0
7485476-10,7485476-5,0.63317955,1.0
4828835-1,6098876-1,0.23563479,0.0
4604288-2,4604288-5,0.88078636,1.0
3132318-1,6406201-1,0.5284298,0.0
3298519-1,3298519-2,0.65322214,1.0
8236468-2,8236468-3,0.43049693,1.0
2678828-1,3968620-3,0.47225893,0.0
5736938-1,6852670-1,0.093628764,0.0
3116130-3,4463226-1,0.39767677,0.0
5670264-1,7394192-1,0.5980682,0.0
2909206-1,4860440-1,0.603587,0.0
3539892-1,3539892-2,0.8789046,1.0
6978972-1,7810099-1,0.6137148,0.0
4373052-1,8381448-1,0.14299893,0.0
7255656-1,8102744-1,0.2186614,0.0
5463103-1,7670377-1,0.13573955,0.0
7353707-2,7353707-4,0.83637255,1.0
3088857-1,7906273-1,0.1064415,0.0
4301882-1,4301882-2,0.7042238,1.0
3731861-2,7896774-1,0.9260024,0.0
3686641-1,3686641-2,0.64022833,1.0
5073164-1,5073164-2,0.11544276,1.0
3429988-1,3806668-1,0.70018315,0.0
7302719-2,7302719-4,0.3901479,1.0
8084795-1,8084795-2,0.37849256,1.0
6911660-1,6911660-4,0.48917103,1.0
4760030-1,5404631-1,0.2120554,0.0
3808072-1,7437123-5,0.27544805,0.0
1884161-1,5295570-1,0.64746255,0.0
6007433-1,6788312-1,0.30226254,0.0
5458002-1,7989778-1,0.6735517,0.0
6615256-2,6615256-4,0.8554049,1.0
4272944-2,4272944-3,0.88980854,1.0
8211030-3,8211030-5,0.79659915,1.0
5047021-1,5832135-1,0.14543155,0.0
2817864-1,2817864-2,0.4128274,1.0
7794165-1,7794165-2,0.9614851,1.0
2672301-1,4367884-1,0.55666006,0.0
6746349-1,6746349-2,0.5124641,1.0
2921143-1,2921143-3,0.87926066,1.0
6208227-1,8202355-3,0.68274933,0.0
4582463-1,4582463-2,0.88670224,1.0
4856713-2,5906593-2,0.658985,0.0
7709537-1,7709537-2,0.72564495,1.0
8489597-2,8530793-3,0.866452,0.0
3404939-2,4018701-2,0.6647247,0.0
7954929-1,8358632-1,0.22279747,0.0
8047295-3,8047295-4,0.92430985,1.0
4791670-1,6826093-1,0.460479,0.0
5488070-1,8255753-1,0.2546562,0.0
7314844-2,7314844-4,0.661931,1.0
4847499-4,7231770-2,0.7882396,0.0
3574462-1,3574462-2,0.68367,1.0
6330528-2,7036577-1,0.61594796,0.0
6525217-1,6819534-2,0.22058831,0.0
5654018-1,6305262-1,0.18060453,0.0
4144710-1,4144710-2,0.6253718,1.0
3707324-2,3707324-3,0.36306638,1.0
4008515-1,6504755-1,0.71518284,0.0
6324859-6,6324859-7,0.29374734,1.0
3574462-1,3574462-2,0.68367,1.0
3961933-1,4239754-1,0.22055402,0.0
8649573-5,8649573-6,0.6787331,1.0
4944366-5,4944366-6,0.8750058,1.0
7609214-1,7609214-5,0.66089404,1.0
6299528-2,6299528-8,0.121735096,1.0
3864880-1,3864880-2,0.77177554,1.0
7988206-11,7988206-8,0.8543765,1.0
4421974-10,4421974-6,0.80974776,1.0
4506145-1,4549351-1,0.57696784,0.0
4478336-2,4478336-3,0.84036064,1.0
7265469-1,7522133-1,0.45032185,0.0
5099962-1,5099962-2,0.5106215,1.0
3221229-1,8360293-2,0.6991977,0.0
3841699-1,7543102-1,0.44220012,0.0
5161513-3,5161513-6,0.63969326,1.0
4314887-1,4330020-1,0.5377403,0.0
6952478-1,8159654-1,0.56756,0.0
6371746-5,6371746-6,0.5558874,1.0
7794165-1,7794165-2,0.9614851,1.0
3529930-2,4023003-1,0.3264274,0.0
7362891-2,7362891-3,0.891072,1.0
6283126-1,7908330-1,0.4975338,0.0
5678687-1,5755244-2,0.28695846,0.0
6598598-4,6598598-6,0.79169196,1.0
3033347-1,4893418-1,0.43830392,0.0
4410540-1,5890000-1,0.4364971,0.0
3927825-1,3927825-3,0.85764676,1.0
3447677-2,6507376-1,0.33149096,0.0
6047112-1,6047112-2,0.95094347,1.0
4881626-4,4881626-7,0.7228809,1.0
4107474-1,8212022-4,0.43517047,0.0
7497062-1,7731521-1,0.03451105,0.0
4347361-1,6512045-1,0.29595983,0.0
8428280-2,8428280-6,0.8339256,1.0
7423211-1,7423211-3,0.6497069,1.0
3395165-1,4653751-2,0.6022868,0.0
6712609-1,6712609-4,0.87373894,1.0
7056328-1,7056328-2,0.73351085,1.0
7990443-1,7990443-6,0.6788314,1.0
6029972-1,7336636-1,0.5586752,0.0
8061403-3,8061403-6,0.92789614,1.0
3168451-1,3465890-1,0.24075787,0.0
6940155-2,6940155-3,0.80613154,1.0
6023324-2,6023324-4,0.7033163,1.0
4379642-1,4551368-1,0.3115723,0.0
2740115-1,6160283-2,0.193402,0.0
5598299-1,8487248-1,0.0731773,0.0
3465893-1,5903073-1,0.6212277,0.0
2241597-1,6370060-2,0.20724094,0.0
6050776-1,6050776-2,0.5664856,1.0
3209597-1,4247509-1,0.47299573,0.0
6295374-3,8147705-1,0.2468722,0.0
3574462-1,3574462-2,0.68367,1.0
3422854-2,3422854-3,0.89707357,1.0
7691594-1,7691594-3,0.6284131,0.0
5648094-1,5648094-2,0.8128948,1.0
5467348-1,8007176-3,0.33818513,0.0
5490117-1,5946589-1,0.28943,0.0
8103283-3,8103283-5,0.55381,1.0
3638522-1,6868727-1,0.712233,0.0
2564909-1,7853432-1,0.11716077,0.0
4947865-5,4947865-7,0.86555725,1.0
3914224-1,3914224-2,0.668098,1.0
2843128-1,2843128-2,0.65469354,1.0
2876834-2,2876834-4,0.7252078,1.0
3350251-1,3350251-2,0.56952125,1.0
6064020-1,7191367-3,0.62223387,0.0
4391172-1,4391172-2,0.4661664,1.0
3821438-1,5912312-5,0.35893396,0.0
3638522-1,6868727-1,0.712233,0.0
4898337-1,5803689-3,0.34928674,0.0
2845144-2,2845144-4,0.5944682,1.0
4283752-1,4761595-1,0.38237035,0.0
6343558-1,7552318-1,0.7355615,0.0
4750307-5,4750307-7,0.82409286,1.0
2859362-3,2859362-4,0.7360439,1.0
3524443-2,5558405-1,0.33203968,0.0
6906647-2,7416831-1,0.9609209,0.0
7069149-1,7069149-2,0.7614348,1.0
2700576-2,2700576-4,0.4040466,1.0
3657246-1,4049773-2,0.41574436,0.0
2815756-6,2815756-9,0.6218703,1.0
2991705-3,8565686-1,0.49807414,0.0
4678475-6,4678475-8,0.6729821,1.0
5865279-10,5865279-6,0.33741996,1.0
3777315-1,4301543-1,0.78020334,0.0
7706373-1,8610930-1,0.26466343,0.0
7364491-1,7364491-5,0.75669616,1.0
7469690-1,7963417-6,0.5743834,0.0
4083712-1,7952297-2,0.30819094,0.0
3070676-1,7186106-1,0.3333012,0.0
4929394-1,6293130-1,0.32657662,0.0
2740199-1,7549995-1,0.12281011,0.0
5968651-2,5968651-3,0.7051038,1.0
7872057-2,7872057-5,0.8166522,1.0
4359729-1,4359729-2,0.35102153,1.0
6917467-1,8577590-1,0.66458184,0.0
3212924-1,4409195-1,0.45553207,0.0
7383746-1,7383746-4,0.88343513,1.0
2995939-1,7511067-1,0.3465548,0.0
7083246-1,7083246-3,0.5099334,1.0
4429393-1,4772574-1,0.03207824,0.0
6007331-1,7455421-1,0.77416575,0.0
5473002-1,5473002-2,0.5022871,1.0
5588642-1,8437005-1,0.31794384,0.0
7265914-1,7265914-3,0.56458026,1.0
4185321-1,7163344-1,0.31825158,0.0
7190952-1,8416638-1,0.61162776,0.0
8688789-1,8688789-2,0.46209425,1.0
7074426-3,7074426-6,0.45669964,1.0
4863789-1,4863789-4,0.5316361,1.0
7763523-1,7763523-2,0.8034229,1.0
5654074-3,5654074-4,0.5063875,1.0
4318868-1,5051311-2,0.38580763,0.0
5030204-1,5030204-2,0.10091889,1.0
5704783-1,5704783-2,0.3945846,1.0
4810902-1,4810902-2,0.52278477,1.0
6796684-2,6796684-3,0.60276216,1.0
6580405-1,6692986-1,0.75945896,0.0
8296937-1,8296937-3,0.7559986,1.0
7339695-1,7339695-3,0.78995025,1.0
2396657-1,8206537-2,0.24569005,0.0
3141708-1,6185941-1,0.36054814,0.0
4251391-1,4251391-2,0.5895675,1.0
8473938-3,8570892-1,0.80776346,0.0
4564623-1,4936023-1,0.650747,0.0
4722546-1,5852841-1,0.20835161,0.0
5421160-6,5421160-8,0.5050065,1.0
3590704-2,3590704-4,0.9293687,1.0
8637043-1,8637043-3,0.90469563,1.0
7520796-1,7520796-2,0.74407184,1.0
2938567-2,6992528-1,0.59983814,0.0
4771872-1,8285516-1,0.3332641,0.0
8272497-2,8272497-3,0.8803543,1.0
3590935-1,6901366-1,0.29180038,0.0
7990443-2,7990443-3,0.7155039,1.0
6609309-1,6837833-2,0.069466226,0.0
3486995-1,6743166-1,0.7700321,0.0
7450561-3,7450561-4,0.62119657,1.0
5315218-1,5315218-4,0.950467,1.0
6375371-4,6375371-5,0.93646663,1.0
4247694-1,5094398-1,0.31787685,0.0
4531193-1,7292088-1,0.80607,0.0
4616573-1,7506085-3,0.15234524,0.0
5075599-1,8028090-1,0.28092328,0.0
5949951-2,5949951-3,0.82309437,1.0
3314837-3,8425135-2,0.40272096,0.0
5126035-8,5825044-1,0.7354643,0.0
5624659-2,5624659-3,0.9214469,1.0
8611554-1,8611554-3,0.9234762,1.0
7850410-1,7850410-2,0.40000734,1.0
6940155-2,6940155-3,0.80613154,1.0
4357680-1,5835428-1,0.46885422,0.0
4686635-3,4686635-4,0.4393748,1.0
3670647-2,7925162-1,0.8264301,0.0
3519024-1,3519024-2,0.36801472,1.0
3150704-1,5662338-1,0.22412327,0.0
7066540-7,7066540-8,0.6759673,1.0
6629265-1,6629265-2,0.68707377,1.0
5290631-1,5290631-3,0.86849064,1.0
5882333-1,5882333-3,0.9021868,1.0
3482756-1,4735251-1,0.24745178,0.0
5981586-1,6618195-1,0.08599302,0.0
5697583-1,5894579-1,0.61955214,0.0
4732370-1,7936716-1,0.44590235,0.0
6682377-1,7477153-1,0.31695595,0.0
4255969-1,6588903-1,0.5343968,0.0
4934112-1,8279986-1,0.61571294,0.0
3751073-1,5578588-1,0.4852494,0.0
6374538-1,7747391-1,0.13751084,0.0
7988206-5,7988206-9,0.7296715,1.0
7045945-1,7045945-3,0.89367676,1.0
5765119-2,5765119-3,0.7889114,1.0
8416436-1,8416436-2,0.66243017,1.0
4100275-1,4100275-3,0.7277178,1.0
4752811-1,7085831-1,0.26071766,0.0
7180523-1,7947317-1,0.07172767,0.0
6434444-4,6434444-5,0.94962704,1.0
5880257-3,5880257-7,0.37925613,1.0
1308872-1,5968243-1,0.15213573,0.0
3673848-1,3673848-2,0.30340087,1.0
5113927-1,5113927-2,0.6886982,1.0
5066581-1,6206910-3,0.14190277,0.0
3741924-1,8528636-2,0.19099122,0.0
3412810-1,5662332-1,0.059992846,0.0
8581691-1,8581691-2,0.41809896,1.0
4352628-1,8536809-1,0.22433832,0.0
3800653-1,7575332-1,0.51497966,0.0
8211030-1,8211030-2,0.7934784,1.0
5177690-2,7784112-1,0.4499371,0.0
1479813-1,5177715-1,0.18098907,0.0
8611554-1,8611554-3,0.9234762,1.0
5649850-1,5859235-1,0.37094566,0.0
7265518-2,7448493-1,0.2574843,0.0
6615017-1,6615017-2,0.2938948,1.0
3312686-1,6000749-1,0.8045564,0.0
8460487-2,8460487-5,0.91893286,1.0
3404939-2,4018701-2,0.6647247,0.0
7302719-2,7302719-4,0.3901479,1.0
4094743-3,4094743-4,0.9571223,1.0
3961299-1,5586128-4,0.16439244,0.0
6374324-1,6374324-2,0.5380534,1.0
6264993-2,8330682-1,0.5266146,0.0
8428280-1,8428280-7,0.65118694,1.0
3830790-1,7420727-1,0.09236508,0.0
3469390-2,8683277-2,0.8315529,0.0
8436292-3,8436292-7,0.4865559,1.0
4313486-2,4313486-4,0.8907904,1.0
8061403-3,8061403-6,0.92789614,1.0
6890896-2,7396098-1,0.14303333,0.0
7963407-1,7963407-2,0.6355516,1.0
2974668-1,5147401-1,0.4252711,0.0
6884965-4,6884965-5,0.32418045,1.0
5102924-1,7953407-1,0.47688067,0.0
3459784-3,3459784-6,0.8143514,1.0
5298516-1,8290849-1,0.1749241,0.0
7727127-1,8675570-1,0.3904858,0.0
8046688-1,8186916-1,0.20437263,0.0
4920585-1,7422691-4,0.61208504,0.0
7389435-1,7527010-1,0.2652997,0.0
7322413-1,8186193-1,0.16902134,0.0
4637464-1,4637464-2,0.9664012,1.0
5943729-11,5943729-3,0.73479295,1.0
6708964-1,6708964-2,0.53375924,1.0
6968900-2,6968900-4,0.7077896,1.0
4818219-3,4818219-4,0.41912264,1.0
8286377-4,8286377-5,0.42089298,1.0
6304711-1,6304711-7,0.7268618,1.0
6699002-1,7583545-1,0.6664394,0.0
4906193-1,4906193-2,0.50085723,1.0
8684541-1,8684541-4,0.54832375,1.0
5815648-1,7023736-1,0.22767903,0.0
6207850-1,7803366-2,0.58165383,0.0
6929121-1,6929121-2,0.7836078,1.0
7535771-2,8606058-1,0.2541307,0.0
2855477-1,5953511-1,0.2946194,0.0
6251325-1,8525266-1,0.08980274,0.0
4024625-2,4024625-3,0.8846432,1.0
8145651-1,8145651-2,0.5924764,1.0
7574249-1,7574249-2,0.4315917,1.0
4656892-1,5287072-1,0.28970775,0.0
7299656-6,7299656-9,0.45069742,1.0
3407696-2,3730474-1,0.8032241,0.0
6299528-1,6299528-5,0.37579602,1.0
4042138-2,6099059-1,0.45822412,0.0
4550991-1,8167627-1,0.097077236,0.0
3511952-1,3654119-1,0.5050599,0.0
4151583-1,4422897-1,0.47846177,0.0
3122547-1,4370011-1,0.42971668,0.0
4193158-1,4193158-2,0.878627,1.0
4123504-3,4123504-4,0.5919133,1.0
6360730-4,6507382-1,0.5891177,0.0
3422854-2,3422854-3,0.89707357,1.0
2640403-1,2640403-8,0.8224563,1.0
5502322-1,6911275-1,0.32790482,0.0
4857254-1,7349140-2,0.2962175,0.0
3481430-1,4854028-1,0.21149284,0.0
7598844-2,7598844-3,0.7433932,1.0
8183782-1,8183782-2,0.56724244,1.0
4121935-1,4121935-2,0.79092956,1.0
8504303-1,8504303-4,0.82686234,1.0
6324859-1,6324859-4,0.8428826,1.0
6426764-2,6426764-6,0.7332841,1.0
4683507-1,6566482-1,0.72806716,0.0
5960082-1,7727771-1,0.32135996,0.0
5376402-1,8415306-1,0.723053,0.0
8389276-2,8389276-3,0.5698765,1.0
2801516-1,8613957-1,0.4808276,0.0
2749194-3,2749194-4,0.83047485,1.0
3697985-3,3697985-4,0.66822845,1.0
5771900-1,5771900-2,0.537536,1.0
4597458-1,7969327-2,0.2205664,0.0
3783717-1,6413441-1,0.45609874,0.0
7238787-1,7238787-4,0.5853009,1.0
7382652-1,7382652-3,0.5341896,0.0
7416177-2,7416177-5,0.6974762,1.0
3580346-2,3580346-4,0.9082002,1.0
8710844-3,8710844-4,0.7069742,1.0
3570192-1,3570192-4,0.82534075,1.0
6162813-1,7275195-1,0.16022792,0.0
2174438-1,2816289-1,0.49775156,0.0
2970937-1,7981753-1,0.21359695,0.0
7335480-4,7335480-5,0.87806195,1.0
2671745-1,5484601-1,0.4575845,0.0
3307469-1,5745729-1,0.1535094,0.0
3923556-2,3923556-4,0.83088195,1.0
7373970-2,7373970-5,0.8138708,1.0
5751898-1,8641632-2,0.18671294,0.0
4159969-1,6982483-1,0.5699362,0.0
6520783-2,7424162-1,0.83283377,0.0
4432823-1,5031298-2,0.7116199,0.0
4386675-1,7315195-1,0.9285341,0.0
5972596-1,5972596-3,0.6535481,1.0
5042622-1,5042622-3,0.85078627,1.0
2771959-1,3687154-1,0.31243306,0.0
8225500-1,8225500-2,0.4682667,1.0
4525443-1,8606888-1,0.67096514,0.0
7071686-1,8410986-1,0.2736374,0.0
4377410-1,7451160-2,0.5477479,0.0
8407674-1,8407674-2,0.4939659,1.0
7039690-1,8663827-1,0.38373384,0.0
5177690-2,7784112-1,0.4499371,0.0
1906806-10,1906806-2,0.9349306,1.0
3459794-1,5244042-1,0.6741555,0.0
5075599-1,8028090-1,0.28092328,0.0
7720770-3,7720770-4,0.97208434,1.0
2628018-1,2628018-3,0.46094492,1.0
2693828-1,4225066-1,0.11828167,0.0
6825492-1,7033924-1,0.18574229,0.0
4553364-1,7050623-2,0.5273135,0.0
7000928-1,7000928-2,0.8983479,1.0
2700442-1,6909245-1,0.3731097,0.0
7443648-2,7443648-5,0.45742607,1.0
3288501-1,4154885-2,0.2476596,0.0
4504631-2,4504631-3,0.63633543,1.0
4232833-1,8621951-1,0.32540116,0.0
3097561-1,3614810-1,0.26309144,0.0
6601193-2,6601193-3,0.4821784,1.0
6968900-3,6968900-5,0.37192777,1.0
4591497-1,5540298-1,0.5047361,0.0
3909847-1,8162139-1,0.23649634,0.0
4353272-6,4353272-7,0.94097024,1.0
4733515-1,6727404-1,0.055839173,0.0
3219887-2,7417128-1,0.45461068,0.0
7384027-5,7384027-7,0.38030532,1.0
2806860-1,6329243-1,0.2533511,0.0
3544906-10,3544906-12,0.858684,1.0
5465020-1,6446537-1,0.43780437,0.0
5872398-1,7495872-1,0.18891802,0.0
3687156-1,5992757-1,0.3637194,0.0
3130473-3,3130473-5,0.69949377,1.0
7457301-1,8154941-1,0.20504846,0.0
4243476-1,4243476-2,0.68825954,1.0
4496522-1,4496522-2,0.4973818,1.0
4040646-1,8107657-1,0.41934156,0.0
7306366-2,8272363-1,0.7570973,0.0
8201076-1,8201076-2,0.33862704,1.0
6299545-3,6299545-4,0.6175355,1.0
4374093-1,6786383-1,0.29462856,0.0
2804097-1,6450595-1,0.092660174,0.0
2966983-1,7511076-1,0.27206606,0.0
4414950-1,4603812-1,0.3783245,0.0
7826043-1,7826043-6,0.68880886,1.0
8217650-3,8217650-4,0.54050326,1.0
3796410-2,3796410-3,0.3332475,1.0
7485476-5,7485476-6,0.7463824,1.0
3987999-3,3987999-4,0.80653983,1.0
3477366-2,3506459-2,0.79897326,0.0
6395427-4,6395427-8,0.65413845,1.0
6176975-1,7520241-1,0.26343453,0.0
3521419-1,6964051-1,0.2174708,0.0
6366126-1,6366126-2,0.68160343,1.0
1847680-1,5287178-1,0.6625916,0.0
3614182-1,4166389-1,0.10278568,0.0
2740312-1,4432380-1,0.20029484,0.0
4863789-1,4863789-4,0.5316361,1.0
7841271-1,7841271-2,0.67261237,1.0
3785348-2,3785348-3,0.7255802,1.0
4648144-1,7829736-1,0.42400536,0.0
8563620-10,8563620-12,0.7780051,1.0
6815487-1,6815487-2,0.3071127,1.0
6477962-1,6477962-3,0.95779634,1.0
4310487-3,8396422-1,0.34378326,0.0
8705528-1,8705528-11,0.367821,1.0
8211030-3,8211030-5,0.79659915,1.0
6163764-1,6163764-5,0.8280679,1.0
4605260-2,4605260-4,0.8060601,1.0
4313064-1,5473309-1,0.065851904,0.0
8422025-1,8422025-5,0.8206609,1.0
8529628-2,8529628-5,0.61191744,1.0
4414386-1,4414386-2,0.7715637,1.0
4998851-3,4998851-5,0.81295735,1.0
7759551-2,7759551-5,0.5928058,1.0
3130473-3,3130473-5,0.69949377,1.0
5819108-10,5819108-9,0.44273612,1.0
4230669-1,7205378-1,0.79402816,0.0
6020502-1,8543741-1,0.2884487,0.0
3380669-1,3380669-2,0.6981787,1.0
8535423-2,8535423-4,0.93071413,1.0
4812083-1,4812083-2,0.7129214,1.0
3601281-1,3601281-2,0.84996676,1.0
5288423-4,5288423-7,0.7284324,1.0
2804096-2,2804096-5,0.71602196,1.0
4845488-1,8102130-1,0.35654232,0.0
2721584-1,4341380-2,0.47996914,0.0
4224235-1,6485883-1,0.45198753,0.0
3730158-1,6443108-1,0.0694333,0.0
6336619-1,6336619-2,0.6255895,1.0
4357406-1,5642814-1,0.20434992,0.0
8017932-12,8017932-4,0.64125156,1.0
4730130-4,4730130-5,0.5032645,1.0
5234294-1,5234294-2,0.31980366,1.0
7604966-1,7604966-3,0.8773625,1.0
4114706-1,6687342-1,0.28970066,0.0
4060408-1,4060408-3,0.55678046,1.0
5215115-3,5215115-4,0.89379406,1.0
5113927-1,5113927-2,0.6886982,1.0
3116544-1,3424898-1,0.25311756,0.0
2693828-1,4225066-1,0.11828167,0.0
3664409-4,5839866-1,0.15859914,0.0
1794493-5,1794493-6,0.5669513,1.0
4421951-1,4421951-2,0.6431147,1.0
6676009-1,6683380-1,0.36946836,0.0
8222606-1,8222606-3,0.52538586,1.0
4377453-1,4377453-2,0.860194,1.0
3479817-2,3479817-3,0.6219045,1.0
7321844-4,8695659-1,0.31515238,0.0
3710195-1,7093274-1,0.10465948,0.0
4235191-1,7678883-1,0.5626004,0.0
3109664-1,6475964-1,0.30004385,0.0
4461739-1,6177674-1,0.61578375,0.0
4253700-1,4778215-1,0.76476645,1.0
8391342-11,8391342-21,0.8732311,1.0
5789469-1,6664498-1,0.35031116,0.0
5828922-1,8036065-1,0.6854702,0.0
7829973-1,7829973-3,0.34402096,1.0
3110468-1,3110468-2,0.7270998,1.0
4989581-1,7050183-1,0.35320693,0.0
4034504-1,4034504-2,0.6646657,1.0
7474560-2,7474560-3,0.4142254,1.0
6287128-1,6287128-2,0.4259035,1.0
4830366-1,4830366-2,0.5983234,1.0
6332555-4,6332555-6,0.88429976,1.0
3361817-1,7472156-1,0.223577,0.0
4575440-1,4731256-1,0.563859,0.0
6080731-1,7166291-1,0.79262805,1.0
6717609-1,6821047-1,0.38664374,0.0
7506272-2,7506272-3,0.887994,1.0
6716331-2,6716331-4,0.6069065,1.0
3082230-1,5759281-1,0.13512474,0.0
5806333-2,5806333-5,0.37848315,1.0
5506090-1,5506090-3,0.7773001,1.0
4037680-1,6682232-1,0.26500484,0.0
3589613-1,7721848-1,0.33844936,0.0
7758736-3,7758736-7,0.6297771,1.0
3888898-1,5126035-6,0.45221442,0.0
5290791-2,5290791-3,0.5751637,1.0
7988206-12,7988206-7,0.4422662,1.0
2998665-1,6394271-1,0.09840258,0.0
6434444-6,6434444-8,0.8137165,1.0
4024625-2,4024625-3,0.8846432,1.0
5126035-8,5825044-1,0.7354643,0.0
5851773-1,6580405-1,0.44159338,0.0
4506531-1,7873799-1,0.42181647,0.0
8179970-1,8179970-3,0.773487,1.0
4789584-3,4789584-5,0.28101152,1.0
7020314-1,7423822-2,0.49588946,0.0
5593448-1,5593448-3,0.43970257,1.0
4873987-1,6407372-2,0.85487163,1.0
5207297-1,8346777-2,0.66330475,0.0
7252890-3,7252890-5,0.8638709,1.0
4075213-2,4075213-5,0.6949928,0.0
6643316-4,6643316-8,0.6463917,1.0
8483877-1,8483877-3,0.39305362,1.0
2813646-3,2813646-4,0.9453365,1.0
4995769-1,8653863-1,0.23219387,0.0
4989349-2,8062245-1,0.3995568,0.0
6913282-1,7006420-2,0.5940664,0.0
8342471-3,8342471-4,0.7545451,1.0
6710881-1,7961707-2,0.5027636,1.0
6757016-1,8038926-1,0.69332564,0.0
7532851-2,7654398-2,0.63995284,0.0
5820587-1,7996811-1,0.44554546,0.0
4944366-4,6854420-1,0.6385334,0.0
6852677-3,6852677-4,0.833702,1.0
2590610-1,5526306-2,0.06711018,0.0
2823151-2,2823151-3,0.8031806,1.0
4993416-2,8445045-1,0.27715886,0.0
7360258-1,8647234-1,0.81377405,0.0
4342155-1,7539112-1,0.76792115,0.0
5192310-1,8133146-1,0.5653847,0.0
4220424-1,8339506-1,0.4730648,0.0
3591061-1,3591061-2,0.80283433,1.0
6615421-1,7568822-4,0.08948863,0.0
2174500-2,6188732-1,0.2967642,0.0
4826676-1,8373187-6,0.13565707,0.0
6329246-1,6440032-3,0.19311628,0.0
4065581-1,7305570-1,0.46265346,0.0
4153278-1,4153278-6,0.85892344,1.0
6360827-1,8134852-1,0.39775905,0.0
4362838-1,4362838-2,0.16930406,1.0
4251822-1,8415779-1,0.19092922,0.0
7852210-1,8668032-2,0.13756593,0.0
5102924-1,7953407-1,0.47688067,0.0
3624739-1,3624739-3,0.8551908,1.0
3600993-1,3693925-1,0.07298598,0.0
3313757-1,4857866-1,0.26065096,0.0
7569537-1,7569537-3,0.734208,1.0
6692803-1,8055173-1,0.13692516,0.0
4293457-2,4293457-6,0.7482175,1.0
6159235-1,8114011-1,0.31816003,0.0
8211030-1,8211030-5,0.406416,1.0
3932602-1,3932602-2,0.38464016,0.0
3914169-1,5288423-3,0.13184105,0.0
5346945-1,8255048-1,0.075807884,0.0
7669394-2,7669394-3,0.79220873,1.0
5103332-2,5103332-3,0.4181583,1.0
7394093-1,7394093-3,0.90597063,1.0
2993988-2,2993988-4,0.7470725,1.0
4287898-4,6057532-1,0.6212418,0.0
4947710-3,5624249-1,0.28019616,0.0
7507594-5,7507594-6,0.5237202,1.0
5307848-2,5499781-1,0.6018818,0.0
5624666-1,8121091-1,0.19922277,0.0
3698236-1,5799648-1,0.47507107,0.0
3354792-2,3354792-4,0.94048214,1.0
5842736-1,5842736-2,0.79677325,1.0
3611916-1,5447535-1,0.14372672,0.0
3118378-1,6541452-1,0.46226782,0.0
7826043-1,7826043-6,0.68880886,1.0
4612477-1,6984416-1,0.35794485,0.0
5649746-1,6195983-3,0.07629127,0.0
3089823-1,6154823-1,0.47536215,0.0
4173630-1,4173630-2,0.5095418,1.0
5318534-4,5318534-5,0.86706614,1.0
6498924-4,8299274-1,0.68936783,0.0
6609309-1,6837833-2,0.069466226,0.0
3821438-1,5912312-5,0.35893396,0.0
3537207-1,5733889-1,0.27933505,0.0
6037803-1,6037803-4,0.64974225,1.0
5828261-1,7918015-1,0.14894018,0.0
5819108-1,5819108-8,0.3919639,1.0
8123389-1,8123389-4,0.8086153,1.0
3822414-3,3822414-5,0.94369715,1.0
4423003-1,5117983-1,0.36246377,0.0
7320044-1,7320044-3,0.117232196,1.0
8647055-1,8647055-2,0.49851224,1.0
8105697-2,8105697-7,0.8527286,1.0
4812083-1,4812083-2,0.7129214,1.0
6573798-1,6573798-2,0.6767741,1.0
7981696-1,7981696-3,0.13872507,1.0
5821967-1,6537290-1,0.14893094,0.0
4783484-1,6667806-3,0.43801114,0.0
6456843-1,6456843-6,0.8368291,1.0
8389276-2,8389276-3,0.5698765,1.0
2572046-1,2856403-1,0.75445455,0.0
3897766-1,3897766-2,0.82495975,1.0
5809810-3,8638056-1,0.15588382,0.0
8559638-1,8631372-1,0.111143954,0.0
6962411-1,6962411-3,0.7660412,1.0
8442437-2,8442437-4,0.6748891,1.0
2908654-2,2908654-3,0.7478153,1.0
7546245-1,7546245-2,0.8395184,1.0
3267336-2,3267336-3,0.8484403,1.0
8709556-1,8709556-2,0.8487868,1.0
8422025-4,8422025-5,0.8271414,1.0
8383554-3,8383554-4,0.5022053,1.0
4575794-2,5148816-1,0.8076839,0.0
3267336-2,3267336-3,0.8484403,1.0
6299528-5,6299528-6,0.94851947,0.0
6265001-2,6265001-3,0.36776498,1.0
5051138-3,5051138-4,0.87142557,1.0
5801795-1,5801795-2,0.80750966,1.0
4816771-1,4816771-3,0.4538829,1.0
3524190-2,7063189-1,0.52841115,0.0
2424062-1,3401493-1,0.63225454,0.0
8044528-1,8044528-3,0.50716263,1.0
7706373-1,8610930-1,0.26466343,0.0
8386154-2,8386154-3,0.6677707,1.0
4397373-1,4397373-3,0.3272079,1.0
4090655-2,8226401-1,0.2818823,0.0
8164258-1,8164258-2,0.8754999,1.0
3713764-1,8520139-1,0.24147527,0.0
6537047-1,6537047-5,0.5296985,1.0
6598598-4,6598598-7,0.44527715,1.0
1579220-2,2821393-1,0.26157272,0.0
7909218-2,7909218-3,0.5174418,1.0
4842903-1,4842903-3,0.87256414,1.0
1906806-1,1906806-6,0.71400243,1.0
3830245-1,6402165-4,0.13970138,0.0
7440236-1,7440236-2,0.8926224,1.0
6776213-2,6967357-1,0.059203386,0.0
5510981-1,7851003-1,0.15961309,0.0
8710561-1,8710561-3,0.42902094,1.0
3866831-1,5838268-1,0.56681055,0.0
8077172-16,8077172-7,0.8716696,1.0
5784682-1,5784682-4,0.47490942,1.0
3156521-1,3156521-2,0.84792084,1.0
7988206-11,7988206-2,0.39906335,1.0
5896856-1,5896856-3,0.6550837,1.0
3712245-1,3712245-2,0.5968077,1.0
6421480-1,7758797-1,0.26899797,0.0
3017876-2,3017876-4,0.30791065,1.0
3733704-3,3733704-4,0.4141005,1.0
8652111-2,8652111-3,0.72368205,1.0
3097756-1,4568619-1,0.44292513,0.0
7966410-2,7966410-3,0.8981671,1.0
5039991-1,7746127-1,0.05476905,0.0
5836194-3,5836194-4,0.7056851,1.0
6593935-2,7971269-1,0.41773787,0.0
4672531-1,7482979-1,0.30031767,0.0
5649805-10,5649805-2,0.8145537,1.0
2817825-6,6159017-1,0.3167944,0.0
2629953-1,2629953-2,0.50004554,1.0
5582492-1,7829542-1,0.77150124,0.0
6006625-1,6006625-2,0.7103538,1.0
4857301-1,6032555-1,0.7113357,0.0
5710965-2,5710965-3,0.4628094,1.0
2874679-2,2874679-4,0.66109335,1.0
3738031-1,4365146-1,0.22138704,0.0
3412810-1,5662332-1,0.059992846,0.0
2614979-1,4689988-1,0.5568686,0.0
4439693-1,6827238-1,0.16565406,0.0
6802603-1,6802603-3,0.5306072,1.0
7183776-1,8462473-1,0.1480666,0.0
6595396-1,6595396-2,0.38764742,1.0
3391801-1,5894559-1,0.7730775,0.0
7073490-3,7073490-4,0.7934943,1.0
8529628-1,8529628-3,0.43108916,1.0
6235640-1,7869405-1,0.2344006,0.0
7183776-1,8462473-1,0.1480666,0.0
7385574-1,7385574-2,0.6828539,1.0
6506424-2,8215346-1,0.5108525,0.0
5591132-2,5591132-3,0.72920334,1.0
6397731-1,7083191-1,0.27441514,0.0
5901399-3,5901399-6,0.51153255,1.0
8482808-1,8482808-4,0.40049902,1.0
2994792-3,5865526-1,0.79694647,0.0
3738031-1,4365146-1,0.22138704,0.0
8383623-3,8383623-4,0.6418785,1.0
8042811-1,8042811-5,0.31766024,1.0
5201065-2,5201065-9,0.8385315,1.0
3754402-2,3754402-3,0.8899247,1.0
4528862-1,4588678-1,0.23444898,0.0
3673581-1,6878343-1,0.15154836,0.0
7988206-12,7988206-8,0.79260856,1.0
8424655-1,8424655-2,0.20491187,1.0
6908544-3,6908544-4,0.78940356,1.0
4384320-1,4384320-2,0.3113756,1.0
7602585-2,7602585-3,0.72763234,1.0
4026806-1,7144777-1,0.13050415,0.0
4816024-1,7370676-1,0.28628063,0.0
5025950-1,5415487-1,0.28780848,0.0
5346937-1,7728114-1,0.06457161,0.0
3893468-1,6006638-3,0.56714016,0.0
7729179-3,7729179-7,0.5176414,1.0
7978395-1,8137005-2,0.37729684,0.0
4460230-1,5989148-1,0.22595479,0.0
2610659-1,2610659-4,0.91657805,1.0
4466787-1,7850036-1,0.568784,0.0
5481954-1,5481954-2,0.75791365,1.0
6892140-1,7826043-7,0.156616,0.0
2913530-1,2913530-2,0.2867586,1.0
4782654-2,6081951-1,0.67040396,0.0
7431496-1,8200779-1,0.10781975,0.0
5679770-6,5679770-7,0.6602721,1.0
6702893-1,6702893-2,0.8614355,1.0
4150647-1,4839800-1,0.6912696,0.0
4120482-1,7641478-4,0.648575,0.0
5387823-3,5387823-6,0.83642197,1.0
7700776-1,8295969-1,0.41202295,0.0
5175060-1,8159338-1,0.48476163,0.0
3212971-1,3212971-2,0.67732704,1.0
4155887-1,4155887-3,0.8112227,1.0
6159299-1,7904161-1,0.053902313,0.0
8526613-2,8526613-3,0.76532555,1.0
3996884-1,3996884-2,0.80997854,1.0
6454844-1,6944864-1,0.37134755,0.0
5393143-1,8421232-1,0.12491229,0.0
5590420-1,5590420-2,0.6912444,1.0
4054067-2,4054067-3,0.46311855,1.0
4965527-1,6637670-1,0.6505805,0.0
5369260-1,7584303-1,0.49599934,0.0
3444054-1,6313962-1,0.23600236,0.0
4881626-4,4881626-8,0.89720476,1.0
6792401-1,6792401-3,0.5513411,1.0
4136959-1,4136959-4,0.8101725,1.0
3549382-1,3756160-1,0.17856154,0.0
7315137-1,7315137-4,0.87933964,1.0
7903083-1,8632216-1,0.71819186,0.0
4182018-1,5215196-2,0.6220229,0.0
4228160-1,8392413-1,0.22727868,0.0
4188946-1,4188946-2,0.22269526,1.0
6567768-1,8136328-1,0.30240756,0.0
2694645-1,3665140-1,0.43553466,0.0
6066153-2,6066153-3,0.9300874,1.0
8389276-2,8389276-3,0.5698765,1.0
2409333-1,4439693-1,0.38101625,0.0
3922193-1,3922193-4,0.58981407,1.0
5972596-1,5972596-3,0.6535481,1.0
8391342-33,8391342-6,0.35134822,1.0
6344923-1,6350341-1,0.48560515,0.0
2245961-2,2245961-3,0.73021823,1.0
2988810-2,2988810-4,0.7800613,1.0
3927262-2,3927262-3,0.7148162,1.0
4228252-1,4296473-1,0.6253731,0.0
7993970-1,7993970-2,0.733195,1.0
4271385-1,5910607-1,0.087866955,0.0
7872057-2,7872057-6,0.40865833,1.0
8064226-2,8064226-3,0.6145745,1.0
7952588-1,7952588-2,0.30074522,1.0
2913794-1,4940154-1,0.49148914,0.0
5582424-1,5582424-3,0.75138545,1.0
5298516-1,8290849-1,0.1749241,0.0
7914078-1,7914078-2,0.5710272,1.0
5813420-1,6160050-9,0.32492676,0.0
4999637-1,5564113-2,0.43165183,0.0
6230411-2,6230411-4,0.7666774,1.0
8032334-1,8032334-3,0.860423,1.0
6204624-1,6204624-2,0.24216795,1.0
6148037-2,6148037-3,0.45459703,1.0
3422854-1,3422854-3,0.21865007,1.0
7485476-5,7485476-6,0.7463824,1.0
6035448-1,6035448-3,0.38452685,1.0
4567244-1,7818764-1,0.0780827,0.0
7907802-1,8360472-1,0.22734149,0.0
6740024-1,7593212-1,0.21273895,0.0
7190952-1,8416638-1,0.61162776,0.0
2169208-1,4173535-1,0.44430566,0.0
4852025-1,7480756-1,0.2953988,0.0
4219022-1,5678216-2,0.065490656,0.0
3132370-1,6711272-1,0.42560178,0.0
5615803-1,7276596-1,0.39749524,0.0
7337545-1,7752551-1,0.20200913,0.0
3391801-1,5894559-1,0.7730775,0.0
2626702-1,8058662-1,0.13968414,0.0
6374538-1,7747391-1,0.13751084,0.0
7184854-1,7184854-3,0.5531755,1.0
8050119-2,8050119-4,0.75701416,1.0
3438306-1,3657432-1,0.47095886,0.0
6615256-2,6615256-4,0.8554049,1.0
7737526-1,7913009-1,0.14368145,0.0
6956960-1,8255699-1,0.36821815,0.0
5399436-1,5399436-2,0.8652911,1.0
4278097-1,4278097-2,0.8886498,1.0
4789584-2,4789584-5,0.48296538,1.0
8015663-3,8015663-5,0.7753214,1.0
5346454-1,5346454-11,0.92152405,1.0
5137971-2,5137971-4,0.8987964,1.0
4098887-1,8101683-1,0.15514897,0.0
5445197-1,5984937-1,0.18073684,0.0
4843571-1,7581127-1,0.3496165,0.0
4508633-1,7556097-1,0.18423475,0.0
8182236-3,8182236-4,0.9615184,1.0
3173382-1,5682640-1,0.28652674,0.0
5629837-1,5629837-3,0.20292538,0.0
6312625-8,6312625-9,0.61791617,1.0
4377485-3,7825471-1,0.37445462,0.0
2886081-1,7714405-2,0.3796058,0.0
7275443-2,7275443-3,0.38076815,1.0
6158768-1,6158768-2,0.51098657,1.0
6526982-1,6526982-4,0.93450993,1.0
8559640-5,8559640-6,0.9290259,1.0
7066540-7,7066540-8,0.6759673,1.0
6419825-1,8489654-1,0.43154454,0.0
5328445-2,5328445-3,0.8408561,1.0
6336613-2,6336613-3,0.85411996,1.0
8155578-5,8155578-6,0.79639786,1.0
6593541-4,6593541-6,0.6352013,1.0
4307725-1,4307725-2,0.87025183,1.0
2483705-1,7360229-1,0.19142252,0.0
2636076-1,6524100-2,0.22736786,0.0
8391686-1,8671071-2,0.3394655,0.0
6028159-1,8422015-1,0.08393646,0.0
2577938-1,2577938-3,0.85010105,1.0
8379640-1,8379640-3,0.8552941,1.0
7389435-1,7527010-1,0.2652997,0.0
6857254-1,6857254-3,0.92764044,1.0
6149306-1,6149306-5,0.769801,1.0
8015901-2,8015901-3,0.9470498,1.0
7221050-1,7479482-1,0.26312178,0.0
2245961-2,2245961-3,0.73021823,1.0
6004815-2,6004815-6,0.69379115,1.0
4647800-2,7991702-1,0.33320957,0.0
7011514-1,8440069-1,0.19086426,0.0
4863789-4,8244243-1,0.22559766,0.0
8367389-3,8367389-4,0.8535068,1.0
4037410-1,6380528-1,0.88302755,0.0
3830332-1,3830332-4,0.48430747,1.0
7446424-2,7446424-4,0.7539057,1.0
4198592-1,5556895-1,0.27452147,0.0
5387823-3,5387823-6,0.83642197,1.0
7383746-2,7383746-8,0.97260696,1.0
6251239-1,7381849-1,0.5407967,0.0
7314844-2,7314844-4,0.661931,1.0
5546652-1,6939972-2,0.799381,0.0
4481041-2,4481041-4,0.8303474,1.0
3671515-3,3671515-4,0.9119521,1.0
7061685-2,7061685-5,0.49145326,1.0
6393714-1,6479657-1,0.6672283,0.0
3891612-3,8259393-1,0.34030855,0.0
3206442-1,7764537-1,0.17016631,0.0
5493463-1,6974419-1,0.29836282,0.0
2918630-2,2918630-3,0.4609085,1.0
7768392-2,7768392-7,0.65018713,1.0
5043358-1,8554727-1,0.25877565,0.0
2789949-1,3759312-1,0.8615693,0.0
6421480-1,7758797-1,0.26899797,0.0
3423044-1,3423044-2,0.8363859,1.0
4949204-1,5878908-1,0.81161755,0.0
4107474-1,8212022-4,0.43517047,0.0
8273319-1,8273319-2,0.80233186,1.0
3639158-4,3639158-5,0.645365,1.0
5437993-1,5437993-2,0.8298902,1.0
2475604-2,8655243-1,0.2711154,0.0
4647800-2,7991702-1,0.33320957,0.0
3965928-1,6899330-1,0.63372284,0.0
5288423-4,5288423-7,0.7284324,1.0
4660714-1,7251899-1,0.5600025,0.0
3733041-5,3733041-6,0.9408999,1.0
4389382-3,4389382-4,0.7387827,1.0
3896856-1,6095932-1,0.2846292,0.0
6079505-1,6425598-1,0.4135059,0.0
4573076-1,5094012-1,0.4772353,0.0
6795349-1,7079354-1,0.83580923,0.0
3145560-1,5815717-2,0.42621058,0.0
4898337-1,5803689-3,0.34928674,0.0
7982799-2,7982799-3,0.93283564,1.0
7803128-1,7803128-3,0.93783706,1.0
7187478-1,7417122-1,0.20130658,0.0
6984193-4,6984193-5,0.8292988,1.0
4367114-1,4850250-1,0.36531395,0.0
7034667-1,8322726-1,0.119727045,0.0
4387352-1,4837620-1,0.32505485,0.0
4189061-1,4189061-3,0.6541447,1.0
1791015-1,5931247-1,0.30616212,0.0
5815717-1,5815717-3,0.16485694,1.0
4969854-1,7192559-1,0.5045536,0.0
2801516-1,8613957-1,0.4808276,0.0
5220683-1,7292991-1,0.4326759,0.0
5437792-1,6620227-1,0.21809226,0.0
3166684-1,5813425-1,0.12538327,0.0
2856528-2,2856528-3,0.9223005,1.0
6614985-3,6885689-3,0.4764303,0.0
5532947-1,6086521-1,0.14424297,0.0
3751136-1,6969990-1,0.34087253,0.0
5144530-2,5144530-4,0.30965716,1.0
2825189-1,4214506-1,0.3147453,0.0
7455533-1,7455533-2,0.8469503,1.0
5745586-5,5745586-6,0.7398341,1.0
5653710-1,5653710-2,0.52144396,1.0
5827903-1,8338201-1,0.2713844,0.0
3719039-4,3719039-5,0.52788764,1.0
4418103-1,4418103-4,0.6630416,1.0
7534152-1,7534152-2,0.7902128,1.0
5682741-2,5682741-5,0.92443633,1.0
8499496-1,8499496-3,0.6812933,1.0
7322415-1,7322415-3,0.7913308,1.0
8415956-1,8415956-2,0.7594379,1.0
7434289-1,8098805-1,0.2066933,0.0
5016501-1,7758563-1,0.40826774,0.0
3373999-1,3412107-1,0.67948174,0.0
4772557-1,4772557-4,0.6622544,1.0
3549382-1,3756160-1,0.17856154,0.0
2667581-1,5361999-1,0.3360563,0.0
6781819-1,7695605-1,0.68433887,0.0
2584089-1,3512224-1,0.23583707,0.0
6643316-3,6643316-4,0.7961942,1.0
4966406-1,6136232-1,0.7919894,0.0
2769293-1,6174309-1,0.24059047,0.0
4502247-1,7220005-7,0.2255133,0.0
5461574-1,8062610-1,0.6836749,0.0
4502311-1,7469741-2,0.17407136,0.0
5040565-1,7361504-1,0.09723211,0.0
3884113-2,3884113-3,0.893975,1.0
2640403-2,2640403-8,0.93039656,1.0
5137971-1,5137971-5,0.8262718,1.0
3890729-1,6159265-1,0.605857,0.0
4279969-2,8103283-4,0.4104129,0.0
2776156-1,2776156-4,0.8315863,1.0
6370578-1,6370578-4,0.92334,1.0
6180826-1,8343560-1,0.88160753,0.0
5846702-1,7752577-1,0.23368691,0.0
4711341-1,4711341-2,0.6405025,1.0
3570283-1,3596587-1,0.14080112,0.0
3438302-1,7872596-1,0.32481867,0.0
4611948-1,5565389-1,0.16298556,0.0
5662981-1,5662981-2,0.8745835,1.0
5470651-1,6896742-1,0.8912861,0.0
3737456-1,3737456-3,0.9127368,1.0
3785597-2,3785597-3,0.871683,1.0
7336985-1,7336985-2,0.5129105,1.0
4235171-1,5887698-1,0.089691386,0.0
4060408-1,4060408-3,0.55678046,1.0
7190952-1,8416638-1,0.61162776,0.0
7350967-2,7350967-3,0.9828713,1.0
4528866-1,6549525-1,0.7421205,0.0
8391342-16,8391342-33,0.78041524,1.0
4660492-1,4660492-3,0.8864126,1.0
4750307-2,4750307-6,0.43888262,0.0
7993048-1,7993048-6,0.6534862,1.0
3519269-2,6778327-1,0.1673093,0.0
4295945-1,8511285-1,0.114617735,0.0
5650010-1,5650010-2,0.8453213,1.0
7526955-1,7526955-2,0.12891671,1.0
2562358-2,2562358-4,0.90611684,1.0
2703772-1,6837816-1,0.12322853,0.0
6481116-1,6864317-1,0.24138616,0.0
3772751-1,7515150-1,0.38511243,0.0
7105417-1,7254168-1,0.35028133,0.0
5422738-1,8665562-1,0.27288574,0.0
6062666-1,7312278-1,0.48965225,0.0
7204895-1,7275236-1,0.16156714,0.0
4746979-1,7870256-1,0.23196091,0.0
3399353-1,5727897-1,0.3459659,0.0
2859224-1,5499883-1,0.36489844,0.0
4274852-4,5825047-1,0.35020685,0.0
3977502-2,3977502-3,0.87958294,1.0
4028916-1,6162351-1,0.21197411,0.0
8237419-1,8237419-3,0.5346858,1.0
2783115-2,4067705-1,0.40933505,0.0
4320515-1,4573614-1,0.23098975,0.0
4157488-1,4157488-2,0.5484657,1.0
7789569-1,8240843-3,0.6438755,0.0
6311773-1,6311773-7,0.55273825,1.0
2730550-1,8396837-3,0.7117641,0.0
5175060-1,8159338-1,0.48476163,0.0
2862513-1,2862513-2,0.47537175,1.0
5862465-1,6935334-1,0.40830144,0.0
3491129-1,3491129-2,0.84251684,1.0
4523650-1,7837857-1,0.6844855,0.0
5806580-1,5806580-2,0.73650926,1.0
5000566-2,5444672-1,0.5813819,0.0
7051864-1,7568093-1,0.4683714,0.0
6451804-1,7035525-4,0.6710324,0.0
5100088-1,5989373-1,0.434827,0.0
4765255-2,4765255-4,0.36117426,1.0
8075336-1,8075336-2,0.6129432,1.0
4325202-2,5858840-1,0.58962494,0.0
5685864-1,5685864-2,0.4512666,1.0
4966356-1,4966356-2,0.33940667,1.0
3639158-4,3639158-5,0.645365,1.0
6506424-2,8215346-1,0.5108525,0.0
3687156-1,5992757-1,0.3637194,0.0
4410540-1,5890000-1,0.4364971,0.0
4228210-1,6392620-1,0.4002241,0.0
6882683-1,6882683-2,0.74781334,1.0
6796738-1,6796738-2,0.862616,1.0
5692993-1,6459065-1,0.40545613,0.0
5962620-2,5962620-4,0.7323459,1.0
8530181-1,8530181-4,0.70229036,1.0
7006440-1,7006440-7,0.59242934,1.0
3796393-1,8489774-1,0.7698259,0.0
3901553-1,4808525-1,0.718989,0.0
5015253-1,5015253-2,0.7466098,1.0
3407696-2,3407696-5,0.66228694,1.0
3884113-2,3884113-3,0.893975,1.0
3385805-1,8247731-1,0.3454001,0.0
3670628-1,4570758-1,0.20912017,0.0
2939336-1,527874-1,0.73102975,0.0
4268616-1,8709556-8,0.3637893,0.0
3664409-4,5839866-1,0.15859914,0.0
8147995-1,8147995-2,0.8682968,1.0
3249926-1,8318612-1,0.40601975,0.0
7140141-3,7140141-4,0.828103,1.0
4115070-1,7333338-6,0.07718477,0.0
3313754-1,6511183-2,0.35331652,0.0
3917645-1,8357653-1,0.8483817,0.0
4155769-1,6131847-1,0.26293737,0.0
3272560-1,7147685-1,0.2737558,0.0
3775673-1,6992716-3,0.3950392,0.0
4925988-1,4925988-2,0.81571954,1.0
8081022-1,8396269-1,0.66321295,0.0
6896887-4,6896887-6,0.57170826,1.0
8284755-1,8721166-1,0.4761863,0.0
4677723-1,4677723-2,0.5327479,1.0
7875032-1,8371666-2,0.28791434,0.0
6182283-1,7282364-1,0.8408118,0.0
2699057-1,2699057-6,0.8163956,1.0
2582518-1,7210908-1,0.25633135,0.0
8391342-13,8391342-14,0.5507369,1.0
5996661-3,5996661-4,0.61658657,1.0
6694504-1,6826275-1,0.07346971,0.0
2882084-1,3723003-1,0.5295233,0.0
4993416-2,4993416-3,0.43279412,1.0
8500051-1,8500051-2,0.5561434,1.0
4025152-1,7989123-1,0.68784314,0.0
3141126-1,8216312-1,0.35113904,0.0
4818801-1,6754877-1,0.6977342,0.0
6066702-1,6955030-1,0.25213793,0.0
8281630-1,8281630-3,0.7651287,1.0
3917645-1,8357653-1,0.8483817,0.0
7774141-1,7774141-2,0.42295367,1.0
4337100-1,7534061-1,0.13672629,0.0
2880279-1,2880279-2,0.61435133,1.0
8162529-1,8162529-2,0.45970583,1.0
5998193-1,8473938-8,0.10278254,0.0
4616569-1,4616569-6,0.839475,1.0
4777948-1,4777948-4,0.59055454,1.0
3970350-1,7581029-1,0.14435014,0.0
5682741-4,5682741-5,0.89278334,1.0
6650185-1,7760432-1,0.25089282,0.0
2636107-1,6057286-1,0.17043859,0.0
5717916-1,7028787-1,0.43666694,0.0
4675650-1,4675650-2,0.49400175,1.0
8123288-1,8123288-2,0.33159202,1.0
4269538-1,7666621-1,0.7317913,0.0
8133044-1,8133044-7,0.5699501,1.0
4077551-1,6897334-1,0.607587,0.0
8634069-4,8634069-5,0.9305096,1.0
2981764-2,2981764-3,0.677682,1.0
4538962-1,7213949-1,0.37190935,0.0
7927549-3,7927549-7,0.49647412,1.0
5865279-2,5865279-6,0.8147077,1.0
8367389-2,8367389-5,0.8742357,1.0
3477366-2,3506459-2,0.79897326,0.0
6417333-1,6417333-3,0.8185783,1.0
3730478-1,8258286-3,0.3386089,0.0
4027719-1,5491474-1,0.77304333,0.0
6447420-1,6447420-3,0.85861397,1.0
7153685-1,7153685-2,0.11024115,1.0
3504291-1,5485284-1,0.41543767,0.0
6935495-1,6935495-3,0.75158954,1.0
4720199-4,6734601-1,0.63078845,0.0
3204549-1,6953700-1,0.19199789,0.0
4998851-1,4998851-7,0.7763699,1.0
6421788-1,6421788-2,0.19062622,1.0
3465888-1,5318607-1,0.29735717,0.0
2640348-1,6416752-2,0.19895105,0.0
3765128-2,5810523-1,0.7253077,0.0
3652099-1,8406562-1,0.5550769,0.0
4843571-1,7581127-1,0.3496165,0.0
7646794-1,7646794-2,0.767023,1.0
7882415-1,7882415-2,0.54332167,1.0
3861473-1,3861473-3,0.25920573,1.0
7315137-1,7315137-4,0.87933964,1.0
5774734-1,7358080-1,0.5201818,0.0
8531158-3,8531158-4,0.45798153,1.0
4033899-1,5331190-1,0.7227339,0.0
3866672-1,3866672-2,0.4377609,1.0
5821967-1,6537290-1,0.14893094,0.0
4121941-1,5502345-1,0.8785528,0.0
8391342-28,8391342-29,0.79253954,1.0
8004358-2,8004358-3,0.6055576,1.0
4405969-1,4405969-3,0.7469814,1.0
1906806-10,1906806-2,0.9349306,1.0
4745613-1,4745613-2,0.66591334,1.0
1087841-4,7672393-1,0.5171895,0.0
5815714-4,8241266-3,0.20772697,0.0
1570350-1,3717033-1,0.4462243,0.0
7367413-1,7367413-2,0.86080706,1.0
2584076-1,5304557-1,0.14997615,0.0
3214515-1,6695534-1,0.4002127,0.0
7203783-2,7857668-1,0.20551719,0.0
5842533-1,5842533-2,0.45124084,1.0
5688745-1,7228786-1,0.5605496,0.0
2831607-1,3747430-1,0.42700118,0.0
3996150-2,7944535-1,0.66273755,0.0
8133044-1,8133044-8,0.6657593,1.0
3079613-1,3651229-4,0.19589078,0.0
3083330-6,5908506-1,0.53735805,0.0
3132910-1,3132910-2,0.5680116,1.0
3434429-1,6452447-1,0.2755887,0.0
3644791-1,7674319-1,0.58835095,0.0
8674165-5,8674165-6,0.701845,1.0
6466910-1,6466910-2,0.5933159,1.0
7649461-1,7649461-5,0.6758218,1.0
3573578-1,3573578-2,0.7242801,1.0
4722559-1,8560458-1,0.31900927,0.0
3793316-1,8237923-1,0.33932722,0.0
3555570-3,3555570-4,0.869294,1.0
4439748-1,7213836-1,0.2341493,0.0
5346454-1,5346454-11,0.92152405,1.0
6601173-2,6601173-4,0.74157876,1.0
4815553-2,7372620-1,0.48014265,0.0
3248588-1,7690134-1,0.16803218,0.0
4087859-1,7902498-1,0.26486966,0.0
7461343-1,7813980-1,0.31677085,0.0
5360033-1,5360033-4,0.6831414,1.0
4154155-1,8387073-1,0.57577425,0.0
3395165-1,4653751-2,0.6022868,0.0
2259327-1,3863517-1,0.051306676,0.0
7237229-1,,0.6795762,1.0
4973539-1,6940155-2,0.54186875,0.0
7544249-1,7544249-3,0.21654324,1.0
7188262-3,7188262-4,0.7726594,1.0
6043705-2,6043705-5,0.86411756,1.0
3376880-1,4772568-1,0.38604566,0.0
6221754-1,6247678-1,0.12298792,0.0
4421974-3,4421974-8,0.7324941,1.0
7146196-1,7146196-3,0.74268997,1.0
3728039-1,7793034-1,0.43149036,0.0
3958573-1,4014828-1,0.38756016,0.0
6857254-1,6857254-3,0.92764044,1.0
3206442-1,7764537-1,0.17016631,0.0
1906806-2,1906806-6,0.32304043,1.0
7519859-1,7903283-2,0.43073922,0.0
6796738-3,6796738-4,0.6429696,1.0
3129090-1,7712585-1,0.17872445,0.0
2684421-2,2684421-3,0.92055416,1.0
4189240-1,4879800-1,0.07945616,0.0
5933028-3,5933028-4,0.59003294,1.0
8386154-11,8386154-5,0.6079391,1.0
3874335-1,6938728-1,0.05816556,0.0
3138412-2,5912312-6,0.30160263,0.0
8218079-3,8218079-5,0.6842939,1.0
8088499-6,8088499-8,0.7782679,1.0
8013922-1,8015557-1,0.36873478,0.0
3661972-1,7676770-1,0.10784939,0.0
6176975-1,7520241-1,0.26343453,0.0
7024078-1,7924160-1,0.49878362,0.0
5933858-3,5933858-9,0.7293992,1.0
7559181-2,7559181-3,0.59122854,1.0
4206930-1,8052521-1,0.4995745,0.0
3914224-1,3914224-2,0.668098,1.0
7290261-2,7290261-3,0.6672248,1.0
8673679-2,8673679-3,0.49192664,1.0
5712115-1,5712115-7,0.6104967,1.0
2740312-1,4432380-1,0.20029484,0.0
3141707-1,3141707-4,0.78048986,1.0
4752811-1,7085831-1,0.26071766,0.0
7461343-1,7813980-1,0.31677085,0.0
8628278-3,8628278-5,0.8171865,1.0
3580363-1,4959579-1,0.77569455,0.0
6580405-1,6692986-1,0.75945896,0.0
3987316-1,4148739-2,0.11619361,0.0
5304997-1,5304997-2,0.73774505,1.0
1702536-1,1702536-3,0.53303003,1.0
4367037-1,6019205-2,0.649529,0.0
2931397-1,6881874-1,0.50493056,0.0
4313489-1,4313489-5,0.7795987,1.0
4083205-1,4638091-1,0.09549999,0.0
2910292-1,2910292-2,0.5095447,1.0
7011709-2,8226947-2,0.44105417,0.0
3677972-1,4686639-1,0.17465185,0.0
4320805-1,7332503-1,0.77206224,0.0
7383746-10,7383746-7,0.93726724,1.0
4885613-1,7904161-1,0.13347061,0.0
3667328-1,6367833-1,0.28873014,0.0
3961027-1,7078106-1,0.2828241,0.0
4209267-1,4209267-5,0.92593205,1.0
4207600-1,7989559-1,0.5913352,0.0
8501810-1,8501810-2,0.56076,1.0
2776156-1,2776156-4,0.8315863,1.0
7802837-3,7802837-4,0.5636944,1.0
7604707-1,8001350-2,0.39219883,0.0
8636697-1,8636697-2,0.24072653,1.0
3697985-4,3697985-6,0.69173765,1.0
7568139-1,7568139-2,0.4184943,1.0
4452865-1,4452865-2,0.7101795,1.0
3141718-1,6504317-1,0.2293647,0.0
7335056-1,7335056-2,0.42827007,1.0
5359129-1,6898723-2,0.3175859,0.0
8716159-1,8716159-2,0.591676,1.0
5685864-1,5685864-2,0.4512666,1.0
6857254-1,6857254-3,0.92764044,1.0
8270568-1,8591554-1,0.15391736,0.0
5481954-1,7924160-3,0.40835813,0.0
3726924-1,3726924-2,0.7648821,1.0
8164258-1,8164258-2,0.8754999,1.0
4301858-1,8520584-1,0.35431114,0.0
3433557-1,8093766-1,0.41188195,0.0
2908633-1,5503852-1,0.19048403,0.0
4259002-1,4259002-3,0.87184554,1.0
3873319-3,3873319-7,0.51465476,1.0
6908544-1,6908544-3,0.792834,1.0
5201065-4,5201065-5,0.5705436,1.0
4511337-1,8721406-1,0.655372,0.0
6425374-1,7380812-1,0.17271198,0.0
5215115-3,5215115-4,0.89379406,1.0
4272944-2,4272944-3,0.88980854,1.0
3920611-4,3920611-5,0.47409317,1.0
3704706-1,4710887-2,0.666581,0.0
6907201-2,6907201-3,0.5921978,1.0
3920673-1,3920673-5,0.75881505,1.0
5643991-4,7294878-1,0.18271954,0.0
8705528-10,8705528-13,0.71879697,1.0
4560132-1,8448995-1,0.26266432,0.0
6225725-1,6856497-2,0.10252178,0.0
4700638-5,4700638-6,0.7535132,0.0
5506462-4,8035737-3,0.32215628,0.0
3304208-4,3304208-5,0.7438668,1.0
4166852-2,4166852-3,0.10135615,1.0
4508147-1,4508147-2,0.6322508,1.0
6159116-1,6159116-2,0.65450054,1.0
5490117-1,5946589-1,0.28943,0.0
4137619-1,4137619-2,0.72599405,1.0
5437792-1,6620227-1,0.21809226,0.0
6130330-1,7276394-1,0.48212084,0.0
4260503-1,8169091-1,0.09964124,0.0
3339676-1,8652111-3,0.14217901,0.0
7981930-1,8359591-1,0.4502069,0.0
7799191-2,7799191-6,0.6274165,1.0
6004815-2,6004815-6,0.69379115,1.0
6595694-1,6826334-1,0.16142277,0.0
7384027-4,7384027-5,0.42489266,1.0
2628085-7,2628085-8,0.40606356,1.0
5371385-1,7999680-1,0.3923984,0.0
3983534-1,5040588-1,0.252644,0.0
5465020-1,6446537-1,0.43780437,0.0
3166681-1,5029257-2,0.45711726,0.0
4815553-2,7372620-1,0.48014265,0.0
3875975-1,3875975-5,0.81987894,1.0
4241042-1,6146672-1,0.08924592,0.0
6395427-10,6395427-3,0.6594373,1.0
6157201-1,8699918-1,0.49887002,0.0
7252802-1,7252802-2,0.7732911,1.0
5101515-1,7274261-2,0.8052909,0.0
7799191-2,7799191-6,0.6274165,1.0
8628278-3,8628278-5,0.8171865,1.0
2702050-1,6128997-3,0.5188347,0.0
3055833-1,7417184-1,0.28748775,0.0
5712115-2,5712115-6,0.9437038,1.0
2585083-1,8588691-2,0.314106,0.0
7339695-1,7339695-3,0.78995025,1.0
8284703-1,8284703-3,0.219659,1.0
7452247-1,7452247-2,0.33252347,1.0
5458002-1,7989778-1,0.6735517,0.0
5690429-3,6717351-1,0.71842533,1.0
4881626-1,4881626-3,0.8240496,1.0
3830245-1,6402165-4,0.13970138,0.0
6336730-1,6336730-7,0.6180673,1.0
6600498-2,6600498-3,0.726306,1.0
2775881-1,8040745-1,0.58799815,0.0
3976085-1,5834850-1,0.20182274,0.0
4662989-1,6327764-1,0.21974656,0.0
4052498-2,4052498-5,0.7624088,1.0
8236468-2,8236468-3,0.43049693,1.0
3901594-2,3901594-3,0.8820379,1.0
5972596-1,5972596-3,0.6535481,1.0
3545244-1,4604645-1,0.6033147,0.0
6166013-1,6166013-2,0.24479356,1.0
7171607-2,7171607-3,0.7759186,1.0
6208214-2,8183659-1,0.6454092,0.0
4958625-2,4958625-4,0.898042,1.0
5712115-1,5712115-2,0.45372337,1.0
8155605-2,8606088-1,0.59893376,0.0
8411108-1,8411108-3,0.7400809,1.0
3786971-1,8565143-1,0.3444937,0.0
4010068-1,4146130-1,0.28791285,0.0
4691481-1,8247681-1,0.15928173,0.0
4060408-2,4060408-3,0.55551696,1.0
2790127-1,7896596-1,0.22177853,0.0
4581503-1,5551286-1,0.6574164,0.0
5288912-2,5288912-3,0.9228525,1.0
3556411-1,3556411-2,0.40882847,1.0
4852783-2,4852783-5,0.4751038,1.0
7533036-1,8043607-1,0.5706693,0.0
3304171-2,3304171-5,0.69762206,1.0
6758956-1,7726407-3,0.2285493,0.0
6526982-3,6526982-7,0.57003945,1.0
3638522-1,6868727-1,0.712233,0.0
3610454-1,8517457-1,0.8749183,0.0
4671146-3,6450254-1,0.43431762,0.0
5761507-1,7758532-1,0.20833577,0.0
3126734-1,4595367-1,0.81137484,0.0
8391342-21,8391342-33,0.8525261,1.0
2930635-1,6498289-1,0.08714721,0.0
3182394-2,3182394-3,0.77696407,1.0
5505298-1,6795739-1,0.12912351,0.0
6452196-2,6452196-4,0.3111015,1.0
3311143-1,3311143-2,0.2736189,1.0
6149306-1,6149306-3,0.6050979,1.0
3272533-1,7667327-5,0.3470447,0.0
7729179-3,7729179-4,0.46863484,1.0
5705885-1,7335125-1,0.30878457,0.0
7792539-2,7792539-4,0.715501,1.0
1906806-1,1906806-5,0.56204784,1.0
8553533-1,8553533-2,0.7023669,1.0
6050410-1,8145585-1,0.61378485,0.0
3633290-1,7923707-1,0.27688324,0.0
5596068-1,7520779-1,0.75354385,0.0
3318093-1,5649238-1,0.26147312,0.0
3313754-1,6511183-2,0.35331652,0.0
8710561-10,8710561-7,0.6994243,1.0
6761066-1,6761066-2,0.3056128,1.0
2722008-1,4316802-1,0.12643655,0.0
8155578-2,8155578-3,0.5682543,1.0
7244733-2,8505801-2,0.8131073,0.0
3235785-1,8630978-1,0.51719326,0.0
4847499-4,7231770-2,0.7882396,0.0
6122645-1,7296883-1,0.44765332,0.0
4862293-1,7026700-1,0.32744476,0.0
6066702-1,6955030-1,0.25213793,0.0
2645401-1,2645401-3,0.6821284,1.0
3148996-1,7021241-1,0.28415865,0.0
6257534-3,6257534-4,0.85962135,1.0
4518390-1,7405971-1,0.47941947,1.0
5556877-1,5556877-2,0.78628826,1.0
7294899-1,7294899-2,0.6892324,1.0
4323608-1,4834819-1,0.36998856,0.0
2769312-1,7236174-1,0.19016744,0.0
7695072-2,8281787-1,0.42861497,0.0
4169830-1,6098632-1,0.0918841,0.0
5649746-1,6195983-3,0.07629127,0.0
2931397-1,6881874-1,0.50493056,0.0
8393241-1,8393241-9,0.7137916,1.0
5432727-2,5432727-4,0.7013806,1.0
7461343-1,7813980-1,0.31677085,0.0
6198218-2,6198218-4,0.14501055,1.0
8045356-1,8045356-4,0.2423424,1.0
3992747-1,6323429-1,0.14505583,0.0
3638551-1,8265109-1,0.12463474,0.0
7992822-1,7992822-5,0.36111847,1.0
7383746-10,7383746-7,0.93726724,1.0
4789813-3,4789813-4,0.7149572,1.0
5346945-1,8255048-1,0.075807884,0.0
7538793-1,7538793-3,0.8410249,1.0
5798098-1,5798098-3,0.6362833,1.0
8088499-6,8088499-8,0.7782679,1.0
6109530-1,6109530-4,0.56551474,1.0
3349586-1,4228594-1,0.33207208,0.0
8188933-1,8188933-2,0.8543344,1.0
8171131-2,8171131-3,0.6146932,1.0
3574999-8,3574999-9,0.8489707,1.0
3673351-1,3673351-2,0.62768483,1.0
5346937-1,7728114-1,0.06457161,0.0
3493810-1,7703213-4,0.25996667,0.0
8603415-1,8637793-3,0.8333933,0.0
3141707-1,3141707-4,0.78048986,1.0
4037678-1,4847499-3,0.25366357,0.0
5201065-2,5201065-9,0.8385315,1.0
6449466-2,6449466-3,0.5474727,1.0
5533695-3,8626597-1,0.7798657,0.0
5818707-1,6343251-1,0.87242466,0.0
4245924-2,4245924-3,0.4702857,1.0
8709556-1,8709556-2,0.8487868,1.0
2726128-8,6340240-1,0.61911607,0.0
3796393-1,3796393-2,0.8492109,1.0
7737526-1,7913009-1,0.14368145,0.0
6115603-1,7995463-2,0.6231754,0.0
6617653-1,7034466-2,0.42782122,0.0
3227429-1,6458862-3,0.28972578,0.0
2930656-2,2930656-5,0.64047664,1.0
7532851-2,7654398-2,0.63995284,0.0
1804271-1,3980093-1,0.73108417,0.0
7584818-1,8694161-1,0.37377113,0.0
8423165-3,8423165-5,0.7923299,1.0
6126242-2,6126242-3,0.84785765,1.0
2500042-1,3509928-1,0.4239958,0.0
3307469-1,5745729-1,0.1535094,0.0
2817825-6,6159017-1,0.3167944,0.0
4947710-3,5624249-1,0.28019616,0.0
2092432-1,4307153-1,0.24967675,0.0
5969793-1,8117259-1,0.4764536,0.0
8077172-1,8077172-10,0.9636883,1.0
5965133-2,5965133-3,0.58675206,1.0
8705528-1,8705528-12,0.7936318,1.0
7476797-1,7476797-3,0.46448344,0.0
4880720-1,5976963-1,0.1945897,0.0
6682377-1,7477153-1,0.31695595,0.0
5681756-2,5681756-4,0.39147374,1.0
4279969-1,4279969-2,0.46070853,1.0
529263-1,529263-5,0.7250451,1.0
6095652-2,6095652-3,0.5626484,1.0
6788842-1,8355822-1,0.09850482,0.0
4427155-1,4427155-5,0.45981443,0.0
2776156-1,7476698-1,0.417626,0.0
4129602-3,4129602-4,0.74129546,1.0
2938567-1,7249778-1,0.6328271,0.0
4318868-1,5051311-2,0.38580763,0.0
4939175-1,8141750-1,0.073912606,0.0
6054085-1,6054085-2,0.71148634,1.0
3341186-1,4280760-1,0.5378001,0.0
8151272-3,8151272-4,0.84067595,1.0
4493364-1,4493364-2,0.9165553,1.0
3582599-1,5628438-2,0.13719557,0.0
4689080-1,6929121-5,0.56701344,0.0
3463145-1,5649707-1,0.6436448,0.0
4209027-1,4209027-3,0.19109829,1.0
3999727-1,5682295-1,0.09945847,0.0
4688324-2,4688324-3,0.89480525,1.0
3928346-1,6784672-1,0.19819666,0.0
5700606-1,7918020-1,0.43138412,0.0
5192293-1,5192293-2,0.8097816,1.0
5040846-2,5040846-4,0.15978153,1.0
5612750-1,5612750-3,0.37395817,1.0
4287898-1,8325097-1,0.59417194,0.0
4976414-1,6610913-1,0.6544642,0.0
4793788-1,8648134-1,0.3524337,0.0
6436465-1,6436465-3,0.611672,1.0
8494175-1,8494175-2,0.7825036,1.0
7502318-1,7502318-2,0.6290686,1.0
2767153-1,6744752-1,0.07950744,0.0
8474637-1,8474637-4,0.75185406,1.0
4349915-1,4349915-2,0.74833876,1.0
5237193-3,5237193-4,0.8842373,1.0
6984358-1,7011579-1,0.056115095,0.0
3989827-1,5253614-1,0.2907277,0.0
3673319-1,5221483-1,0.15829228,0.0
8216569-3,8421185-1,0.7910126,0.0
6286750-1,6286750-3,0.5865745,1.0
3350090-1,3350090-2,0.41092718,1.0
6208086-2,6208086-4,0.73143476,1.0
8649573-1,8649573-6,0.94393367,1.0
6007433-1,6788312-1,0.30226254,0.0
4173249-1,8117474-1,0.42043114,0.0
3483684-1,4273540-1,0.19149423,0.0
3264539-1,8647707-1,0.34046066,0.0
3872090-1,3872090-2,0.7778194,1.0
4322315-1,6726419-2,0.30032027,0.0
7851455-4,7851455-6,0.8487728,1.0
7299570-1,7299570-4,0.868417,1.0
8027707-1,8027707-3,0.6442844,1.0
8017932-12,8017932-9,0.9042407,1.0
4319353-2,4319353-3,0.9101635,1.0
3996171-1,3996171-2,0.89389527,1.0
3271297-1,4156995-2,0.14113948,0.0
4314661-1,4314661-3,0.80481005,1.0
5042625-5,5042625-7,0.79984224,1.0
5760075-2,5760075-3,0.9204479,1.0
8408424-1,8408424-2,0.73040754,1.0
4302118-2,4302118-7,0.8149421,1.0
8531269-1,8531269-2,0.5857326,1.0
8500978-1,8500978-2,0.5935808,1.0
4947865-1,5260851-1,0.752053,0.0
7758736-4,7758736-6,0.7962921,1.0
4580704-1,5591105-1,0.5100636,0.0
6935621-1,8349918-1,0.1856962,0.0
2822336-1,7991776-1,0.39563957,0.0
6459323-1,7871706-1,0.22196662,0.0
6064090-1,8103795-1,0.6644456,0.0
4497500-1,5470231-1,0.4792436,0.0
7826043-3,7826043-5,0.9576179,1.0
5745971-2,6637352-1,0.27495775,0.0
3491339-3,3491339-4,0.8818854,1.0
5346454-1,5346454-11,0.92152405,1.0
5898130-1,5898130-3,0.6064659,1.0
6369346-1,6369346-2,0.8813903,1.0
8124580-3,8124580-7,0.704476,1.0
4005090-1,7588309-1,0.33790103,0.0
7308791-1,7308791-3,0.33638877,1.0
7061685-2,7061685-5,0.49145326,1.0
7558676-1,7558676-2,0.8084523,1.0
5394407-1,6935339-1,0.5917813,0.0
5819702-1,6824689-1,0.08321918,0.0
3862296-1,6611857-2,0.12461188,0.0
4170659-3,4170659-7,0.8922023,1.0
8611606-7,8611606-8,0.8118516,1.0
8077721-2,8077721-3,0.88529557,1.0
7265518-2,7448493-1,0.2574843,0.0
3364643-2,4219198-1,0.13763393,0.0
5447535-1,7294899-2,0.4972194,0.0
2474644-1,8488421-1,0.073071636,0.0
7556219-1,7556219-2,0.7130578,1.0
8495066-4,8495066-5,0.6407729,1.0
7423211-1,7423211-3,0.6497069,1.0
8363077-1,8363077-5,0.7790778,1.0
5266844-1,5266844-2,0.7232759,1.0
5337234-3,5337234-7,0.53681064,1.0
3890729-1,6159265-1,0.605857,0.0
6007433-1,6788312-1,0.30226254,0.0
6660059-1,8495172-1,0.33571956,0.0
3121716-1,7862149-1,0.5751819,0.0
2873457-1,7220015-1,0.25134957,0.0
5065677-2,5065677-3,0.7648468,1.0
2840790-1,3177914-1,0.39320144,0.0
4962498-1,4962498-3,0.7600491,1.0
8611606-3,8611606-7,0.9356727,1.0
8628278-3,8628278-5,0.8171865,1.0
7543135-2,7738631-1,0.08279372,0.0
4533573-1,4533573-2,0.62216866,1.0
4445997-1,7513510-1,0.14800653,0.0
5591132-2,5591132-3,0.72920334,1.0
5728802-1,7805505-1,0.11870497,0.0
5941976-1,5941976-4,0.7326989,1.0
4092188-1,4747966-1,0.5062677,0.0
4245924-7,4245924-8,0.79448146,1.0
5264488-1,5264488-2,0.3944326,1.0
7706373-1,8610930-1,0.26466343,0.0
4561739-1,4946399-1,0.40601763,0.0
5000566-2,5444672-1,0.5813819,0.0
4763574-2,4763574-3,0.82367337,1.0
4374304-1,6844161-1,0.34402964,0.0
6029867-1,6029867-2,0.74478674,1.0
8119832-2,8119832-4,0.9077665,1.0
4291005-1,7758736-5,0.37834883,0.0
5813420-1,6160050-9,0.32492676,0.0
4804602-1,8435476-1,0.25194156,0.0
3129060-1,3817789-1,0.53638256,0.0
7527012-1,7527012-2,0.29305217,1.0
5469888-3,5567904-1,0.8344914,0.0
6004815-1,6004815-3,0.63721293,1.0
3860664-1,7931599-1,0.25911915,0.0
3671523-1,3671523-2,0.76103115,1.0
1464149-1,5294776-1,0.5991676,0.0
5586864-1,5586864-3,0.7020772,1.0
3864880-3,3864880-5,0.38173813,1.0
5851773-1,6580405-1,0.44159338,0.0
4255128-1,7787847-1,0.63700026,0.0
2931455-1,7472409-1,0.2272814,0.0
5808087-3,5808087-4,0.73721117,1.0
6952478-1,8159654-1,0.56756,0.0
4932791-1,4932791-2,0.64080715,1.0
5010374-1,6177674-3,0.16840605,0.0
8646915-1,8646915-2,0.6292153,1.0
8407525-1,8524235-1,0.4800992,0.0
3728605-1,7872745-1,0.7046345,0.0
7568409-1,8035037-1,0.15251343,0.0
8326013-1,8326013-3,0.80405235,1.0
4364005-2,7344136-1,0.29548287,0.0
4763958-2,4763958-3,0.8791347,1.0
4582463-1,4582463-2,0.88670224,1.0
7712585-2,7712585-4,0.7703899,1.0
4247694-1,5094398-1,0.31787685,0.0
2983082-1,2983082-2,0.68780404,1.0
8104142-2,8104142-3,0.7509132,1.0
7303855-1,8007422-1,0.55706614,0.0
8075336-1,8075336-2,0.6129432,1.0
6676810-2,6676810-3,0.9007508,1.0
8320823-2,8320823-4,0.92165333,1.0
6518441-1,7009175-1,0.7117391,0.0
7501909-1,8655056-2,0.2424067,0.0
3835463-4,3835463-5,0.6469518,1.0
7857273-1,7890814-1,0.12237844,0.0
7391106-1,8283217-1,0.39808813,0.0
4124786-2,4124786-3,0.8100362,1.0
1308872-1,5968243-1,0.15213573,0.0
8515780-1,8515780-2,0.8798278,1.0
2859224-1,5499883-1,0.36489844,0.0
6261092-1,6306630-1,0.29599723,0.0
4307220-1,6167081-3,0.28175932,0.0
3968625-1,4839247-1,0.29390702,0.0
6734019-1,6734019-2,0.32049003,1.0
5566028-1,6855496-1,0.42802146,0.0
3161023-1,7053463-1,0.15697104,0.0
2838224-1,6057187-1,0.13547763,0.0
5093237-1,5953188-1,0.6019954,0.0
4239760-1,7723702-1,0.17099999,0.0
3574462-1,3574462-2,0.68367,1.0
5822694-1,8179788-1,0.13513333,0.0
6585208-1,6585208-2,0.72468317,1.0
6389466-1,6929261-1,0.084188916,0.0
7252890-3,7252890-5,0.8638709,1.0
6813687-1,7443679-1,0.079807885,0.0
7147292-2,7275959-1,0.122639805,0.0
3310745-1,3310745-2,0.15468244,1.0
7292165-1,7305571-1,0.122268364,0.0
7834562-1,7839265-1,0.19377162,0.0
3539876-1,3539876-2,0.5104136,1.0
4209267-1,4209267-5,0.92593205,1.0
2693847-1,2693847-3,0.0434073,0.0
3388577-1,3888852-1,0.31495804,0.0
518976-2,8634485-1,0.38073158,0.0
5642131-14,5642131-15,0.6416361,1.0
5869374-1,5869374-2,0.76710033,1.0
5703631-2,7189886-2,0.1374277,0.0
3078257-1,5540523-1,0.28706443,0.0
4916828-1,5742438-1,0.4540528,0.0
8391342-16,8391342-27,0.91808283,1.0
4969854-1,7192559-1,0.5045536,0.0
8325209-1,8325209-4,0.7257225,1.0
7055463-3,7055463-5,0.80043626,1.0
6113765-1,6504019-1,0.49559233,0.0
4302118-2,4302118-7,0.8149421,1.0
2610650-1,2940861-1,0.11843281,0.0
3959086-1,5731728-1,0.21318847,0.0
4293457-2,4293457-6,0.7482175,1.0
4094743-2,4094743-3,0.8011064,1.0
7907711-4,7907711-6,0.57955956,1.0
5771900-1,5771900-2,0.537536,1.0
6482601-2,7827464-1,0.4731461,0.0
2772281-2,5588404-1,0.5115098,0.0
4966802-1,6668535-1,0.29538625,0.0
8516557-1,8516557-2,0.49113542,1.0
5564585-3,8457974-1,0.636622,0.0
7416177-2,7416177-5,0.6974762,1.0
6425386-1,8343438-1,0.44401944,0.0
4442263-3,5706404-1,0.31142786,0.0
3040089-1,3040089-4,0.6362644,1.0
2635124-1,4616569-2,0.4340354,0.0
8015663-3,8015663-4,0.5689708,1.0
8110243-1,8502552-1,0.46497005,0.0
6344145-3,6766258-4,0.5848075,0.0
7981640-1,7981640-3,0.5426037,1.0
3412243-1,7053655-5,0.554859,0.0
2822157-2,7418552-1,0.7237964,0.0
2684384-1,6559040-1,0.5520985,0.0
5571603-1,5571603-2,0.50150776,1.0
1910599-1,1910599-2,0.5152624,1.0
2823151-2,2823151-3,0.8031806,1.0
3113994-2,8629690-1,0.54412156,0.0
4843571-1,7581127-1,0.3496165,0.0
5477138-1,7045952-1,0.49249744,0.0
3025363-1,3896874-1,0.09959007,0.0
4169830-1,6098632-1,0.0918841,0.0
2817825-4,2817825-5,0.94472253,1.0
3883337-1,4022768-1,0.20962085,0.0
6547447-4,8330607-1,0.23691997,0.0
7983550-1,7983550-2,0.6366862,1.0
8616346-2,8616346-4,0.6914561,1.0
4441244-2,4441244-3,0.88951474,1.0
4387824-1,8273158-1,0.40408745,0.0
4042138-2,6099059-1,0.45822412,0.0
3400881-1,6018445-1,0.10759062,0.0
6645598-5,6645598-6,0.79747355,1.0
4150647-1,4839800-1,0.6912696,0.0
3625758-1,3625758-2,0.88251704,1.0
2740084-1,5462668-1,0.43730524,0.0
4991184-1,6370920-1,0.47192806,0.0
3922799-1,4350224-1,0.0757728,0.0
3304208-4,3304208-5,0.7438668,1.0
4154155-1,8387073-1,0.57577425,0.0
3625758-1,3625758-2,0.88251704,1.0
4150596-1,6914354-1,0.6666541,0.0
5538095-1,5538095-2,0.5705983,1.0
6053882-3,6053882-4,0.63428307,1.0
5863859-1,6101556-1,0.16508152,0.0
4043557-1,7585967-1,0.3635015,0.0
3853465-1,3853465-4,0.2773476,1.0
5729129-2,6915043-1,0.17367901,0.0
4584441-1,5593691-1,0.57578224,0.0
4060387-1,7364136-1,0.12860966,0.0
3894443-2,4832896-1,0.21836165,0.0
5399436-1,5399436-2,0.8652911,1.0
8411760-1,8411760-4,0.7201598,1.0
4427374-1,8256150-2,0.483576,0.0
3523457-1,6232788-1,0.20786992,0.0
6813699-2,6813699-5,0.7916568,1.0
2817825-6,6159017-1,0.3167944,0.0
4839252-1,5841118-2,0.53318095,0.0
4820630-1,4820630-2,0.73483044,1.0
6459323-1,7871706-1,0.22196662,0.0
4429388-1,4438191-1,0.3270816,0.0
4293457-2,4293457-6,0.7482175,1.0
3819729-1,8046551-1,0.24890706,0.0
8077172-19,8077172-9,0.7622888,1.0
4253766-1,4353793-1,0.45005208,0.0
7720338-1,7720338-2,0.39246318,1.0
3474341-1,5963240-1,0.15624255,0.0
7607618-1,7607618-2,0.43845892,1.0
4917947-1,4917947-2,0.97122127,1.0
6101603-1,6101603-4,0.6808416,1.0
4337168-1,6453619-1,0.6371076,0.0
4086582-1,4086582-2,0.7547451,1.0
3355033-1,4371897-1,0.18152381,0.0
4168046-1,8410548-1,0.22176185,0.0
4439748-1,7213836-1,0.2341493,0.0
7755517-1,7755517-2,0.68206286,1.0
4494188-1,8425135-1,0.17726284,0.0
3249871-1,6144180-1,0.24437638,0.0
4107223-2,4107223-3,0.5713362,1.0
3806379-3,5438003-1,0.9203079,0.0
4518390-1,7405971-1,0.47941947,1.0
6974749-1,6974749-4,0.34338337,1.0
4918480-3,4918480-8,0.9472103,1.0
2424062-1,3401493-1,0.63225454,0.0
6248870-1,6248870-4,0.94043505,1.0
7663930-1,7663930-4,0.7521039,1.0
2789959-1,5370478-1,0.42192963,0.0
2584076-1,5304557-1,0.14997615,0.0
1636634-1,3764959-1,0.30580688,0.0
5589583-1,6479779-2,0.613663,0.0
5237176-3,5237176-5,0.7225571,1.0
4716737-1,4716737-2,0.82550055,1.0
3968977-1,3968977-2,0.8237292,1.0
4815553-2,7372620-1,0.48014265,0.0
2092432-1,4307153-1,0.24967675,0.0
4402186-1,5353397-1,0.51695967,0.0
8391342-20,8391342-5,0.9092289,1.0
6590132-2,6590132-3,0.15492184,1.0
6062773-1,8613576-1,0.3838701,0.0
8495066-4,8495066-5,0.6407729,1.0
4420345-1,8186932-1,0.4077929,0.0
4273476-1,4273476-3,0.43459675,1.0
3673581-1,6878343-1,0.15154836,0.0
4240190-1,4240190-2,0.32636768,1.0
4693336-1,4973067-1,0.4678113,0.0
5336392-1,6751912-2,0.33248103,0.0
8136305-1,8136305-2,0.5501834,1.0
4895963-1,6282338-4,0.20096627,0.0
3952286-1,7892279-1,0.48170146,0.0
2649865-1,3447637-1,0.105138086,0.0
6311300-1,7800327-1,0.7418509,1.0
6022295-2,6022295-3,0.53361523,1.0
6375371-4,6375371-5,0.93646663,1.0
6911677-1,7504875-1,0.3522779,0.0
3341744-1,8411108-1,0.28004375,0.0
4278010-1,4278010-3,0.76979315,1.0
7882415-1,7882415-2,0.54332167,1.0
4282173-2,4282173-3,0.8410839,1.0
8611606-4,8611606-8,0.44396052,1.0
8705528-1,8705528-12,0.7936318,1.0
7383225-1,7383225-6,0.349866,1.0
3418041-1,7000441-3,0.45412195,0.0
3099207-1,4664839-1,0.08903579,0.0
2884459-1,6925888-1,0.30056345,0.0
7716585-1,7716585-4,0.5009195,1.0
7901714-1,8256994-1,0.24490528,0.0
4816024-1,7370676-1,0.28628063,0.0
4655028-1,6136512-1,0.24537945,0.0
4421669-1,8006498-1,0.14124593,0.0
3634204-1,7198083-1,0.23530033,0.0
5376402-1,8415306-1,0.723053,0.0
5289268-5,5289268-6,0.8000119,1.0
5061933-1,8045623-6,0.59434026,0.0
2847818-2,2847818-3,0.8314604,1.0
6547447-4,8330607-1,0.23691997,0.0
4330179-2,8383597-1,0.22681108,0.0
7829973-2,7829973-3,0.54971457,1.0
6011142-1,7723034-1,0.08567288,0.0
1224859-2,1224859-3,0.71497756,1.0
8391342-16,8391342-33,0.78041524,1.0
4492317-1,7384492-2,0.24671093,0.0
6533988-1,8473713-1,0.70133793,0.0
4094743-3,4094743-5,0.9154114,1.0
7609899-5,7609899-6,0.5258845,1.0
3038876-1,3038876-2,0.6755938,1.0
6105112-1,6105112-2,0.5369129,1.0
7071686-1,8410986-1,0.2736374,0.0
8504303-1,8504303-4,0.82686234,1.0
6075497-1,6503405-4,0.6232797,0.0
7140078-1,7140078-5,0.72739923,1.0
6126056-3,6126056-4,0.1479267,1.0
4905968-2,6963280-2,0.75619954,0.0
6509929-1,6509929-3,0.75659317,1.0
3199429-2,3199429-4,0.6069534,1.0
2929554-2,7176331-1,0.5927378,0.0
5582424-1,5582424-2,0.6038691,1.0
6426764-2,6426764-6,0.7332841,1.0
5336390-3,6125119-1,0.34751028,0.0
7199841-1,7199841-4,0.79338336,1.0
6024489-1,6024489-3,0.80615234,1.0
4313489-5,4313489-8,0.9377939,1.0
4545786-1,7642573-1,0.38518435,0.0
549606-1,549606-3,0.85068405,1.0
2481265-1,5067396-1,0.4149336,0.0
7184854-1,7184854-3,0.5531755,1.0
5019473-1,5019473-4,0.75473076,1.0
7575294-2,7575294-4,0.45368844,1.0
6846306-1,7875147-1,0.14148593,0.0
7149416-3,7149416-4,0.6149159,1.0
6748456-1,6748456-2,0.60746837,1.0
6900415-1,6900415-9,0.60884935,1.0
7339695-1,7339695-3,0.78995025,1.0
3168013-1,3168013-2,0.45581245,1.0
6509929-1,6509929-3,0.75659317,1.0
8391342-20,8391342-21,0.9505313,1.0
5449307-3,8662187-3,0.48780984,0.0
2769312-1,7236174-1,0.19016744,0.0
7220740-1,7220740-2,0.6739943,1.0
5390845-2,6011329-1,0.32782632,0.0
3141708-1,6185941-1,0.36054814,0.0
3699950-1,6290305-1,0.61034864,0.0
3275504-1,3502413-2,0.24802735,0.0
6305099-1,7690554-1,0.2552647,0.0
6955030-1,6955030-2,0.95413375,1.0
3625758-1,3625758-2,0.88251704,1.0
7729179-3,7729179-4,0.46863484,1.0
4966802-1,6668535-1,0.29538625,0.0
8436292-3,8436292-7,0.4865559,1.0
4919970-1,6991144-1,0.5463879,0.0
6194553-1,6194553-2,0.6195947,1.0
4135106-1,8637990-1,0.59931374,0.0
4837620-1,5842452-1,0.59778607,0.0
4855898-1,8645167-1,0.49174616,0.0
8464303-1,8464303-2,0.8110305,1.0
2879730-2,2879730-4,0.7312124,1.0
4616402-1,4760059-2,0.24263236,0.0
6476008-4,6476008-5,0.6159534,1.0
2821391-1,2821391-3,0.7237414,1.0
6919399-1,6919399-2,0.74488074,1.0
5702709-1,6447140-1,0.66453016,0.0
5758965-1,7904369-1,0.55171096,0.0
2879730-2,2879730-4,0.7312124,1.0
8611532-1,8611532-3,0.82203156,1.0
4193158-1,4193158-2,0.878627,1.0
4560314-1,4602450-1,0.15811856,0.0
3751049-1,4425244-5,0.4759639,0.0
5100168-2,5100168-3,0.6243471,1.0
3212971-1,3212971-2,0.67732704,1.0
6099048-1,8230154-1,0.08457451,0.0
8460487-2,8460487-5,0.91893286,1.0
4465165-5,4465165-6,0.887009,1.0
8544915-2,8544915-3,0.6631768,1.0
6615256-2,6615256-4,0.8554049,1.0
8383554-3,8383554-4,0.5022053,1.0
6311234-1,7253935-1,0.1792994,0.0
4259002-1,4259002-3,0.87184554,1.0
3364643-2,4219198-1,0.13763393,0.0
5094544-3,5094544-5,0.77061886,1.0
3583087-1,4776813-1,0.09791537,0.0
5477910-2,5477910-3,0.9244612,1.0
4840810-2,4840810-3,0.7307604,1.0
4593990-1,4593990-2,0.6843328,1.0
8255476-1,8255476-3,0.19811429,1.0
6011568-1,6011568-2,0.86748415,1.0
6921188-1,8132588-1,0.3600099,0.0
4300035-1,4506145-1,0.6578747,0.0
6547447-4,8330607-1,0.23691997,0.0
5000566-2,5444672-1,0.5813819,0.0
5095500-1,8314556-1,0.29915684,0.0
6824397-4,6824397-6,0.74902433,1.0
3350036-1,7535559-1,0.062276326,0.0
6047837-1,7253621-1,0.065595336,0.0
6317215-1,6317215-2,0.3814063,1.0
5298516-1,8290849-1,0.1749241,0.0
3764887-1,6119284-1,0.43112072,0.0
4273476-3,4502187-1,0.09057976,0.0
8422025-4,8422025-5,0.8271414,1.0
5654018-1,6305262-1,0.18060453,0.0
5337234-2,5337234-4,0.42015684,1.0
4550991-1,8167627-1,0.097077236,0.0
7780436-1,7780436-4,0.6031051,1.0
4061578-1,6119795-1,0.46328807,0.0
3667328-1,6367833-1,0.28873014,0.0
7872057-5,7872057-7,0.959564,1.0
4689839-1,4689839-3,0.83109653,1.0
5553064-1,5932522-2,0.4923694,0.0
4090488-1,6691534-1,0.11698007,0.0
7083183-1,8142272-1,0.6137918,0.0
4678475-2,4678475-9,0.8247235,1.0
3639158-15,3639158-16,0.9308749,1.0
4319353-2,4319353-3,0.9101635,1.0
4406011-1,7155113-1,0.297142,0.0
3361768-1,8712097-1,0.2859829,0.0
6011568-1,6011568-2,0.86748415,1.0
5759668-1,5787680-1,0.1274242,0.0
7235428-4,7235428-5,0.7161729,1.0
2631492-1,6766475-1,0.21618216,0.0
5769203-4,7141734-1,0.3940634,0.0
7140078-1,7140078-3,0.6480368,1.0
5015253-1,5015253-2,0.7466098,1.0
3540710-1,4492332-1,0.75022286,0.0
2729252-2,2729252-4,0.8203033,1.0
3508530-1,7654559-1,0.08592094,0.0
6743382-3,8237764-1,0.47002488,0.0
6549290-1,6549290-5,0.49819762,1.0
8393737-1,8393737-2,0.8864329,1.0
4478336-2,4478336-3,0.84036064,1.0
5904767-1,5904767-2,0.7191365,1.0
7337025-2,7337025-3,0.78936905,1.0
3283526-1,3283526-3,0.3762611,1.0
5578589-1,5578589-2,0.6767463,1.0
4689030-1,4689030-3,0.9005161,1.0
5075599-1,8028090-1,0.28092328,0.0
2655058-1,4743229-1,0.17280981,0.0
4049013-1,5838879-1,0.4451888,0.0
2726533-2,2726533-4,0.8337337,1.0
3614268-1,7607978-1,0.6772336,0.0
5040847-1,5040847-2,0.8653654,1.0
8611606-8,8611606-9,0.744925,1.0
4377485-3,7825471-1,0.37445462,0.0
3544061-1,5797261-1,0.10222193,0.0
7676819-1,7944653-3,0.20162445,0.0
4637965-1,4818585-1,0.3021353,0.0
2693847-1,2693847-3,0.0434073,0.0
8236468-2,8236468-3,0.43049693,1.0
5960851-1,6849054-1,0.15255001,0.0
7396112-1,7396112-3,0.5605781,1.0
2789959-1,5370478-1,0.42192963,0.0
3335562-1,5618968-1,0.33043993,0.0
3897091-1,3897091-4,0.9787623,1.0
4177065-2,6159116-1,0.43040976,0.0
5048704-5,5048704-6,0.42788735,0.0
6951125-1,6951125-2,0.8876551,1.0
4789584-2,4789584-5,0.48296538,1.0
4918021-1,8664402-1,0.13645035,0.0
3291707-1,8188865-1,0.27187136,0.0
7714405-1,7714405-2,0.7323694,1.0
4522451-2,6245774-1,0.55082184,0.0
4545786-1,7642573-1,0.38518435,0.0
5394408-2,5394408-3,0.4804171,1.0
6896887-1,6896887-4,0.80671847,1.0
6846306-1,7875147-1,0.14148593,0.0
3326852-1,6389484-1,0.09834433,0.0
7357015-1,7902762-1,0.30977386,0.0
6332814-4,6332814-5,0.9333009,1.0
6679892-1,8173629-1,0.37832096,0.0
5450585-1,5450585-2,0.8384874,1.0
3638520-1,7019391-1,0.6561258,0.0
6905268-1,8203267-1,0.5531392,0.0
6615421-1,7568822-4,0.08948863,0.0
3741979-3,4114602-1,0.2739965,0.0
6681254-2,6681254-5,0.40633947,1.0
4047698-1,6145046-5,0.074771374,0.0
2800011-1,3159937-1,0.6286702,1.0
3447677-2,6507376-1,0.33149096,0.0
8522136-1,8522136-2,0.35115868,1.0
7676819-1,7944653-3,0.20162445,0.0
7593724-2,7593724-5,0.7250266,1.0
5988756-10,5988756-2,0.49666196,1.0
7416177-2,7416177-5,0.6974762,1.0
4484648-1,8557447-1,0.862009,0.0
3710195-1,7093274-1,0.10465948,0.0
5288912-2,5288912-4,0.5820687,1.0
3639158-10,3639158-6,0.73151815,1.0
7706373-1,8610930-1,0.26466343,0.0
3851705-1,4537717-1,0.8681302,0.0
5437993-1,5437993-2,0.8298902,1.0
3835991-1,7607050-1,0.39214826,0.0
7992822-1,7992822-3,0.36473238,1.0
2610659-1,2610659-4,0.91657805,1.0
4605260-2,4605260-4,0.8060601,1.0
8354677-2,8354677-4,0.90889454,1.0
4429393-1,4772574-1,0.03207824,0.0
5827903-1,8338201-1,0.2713844,0.0
3519780-1,4141396-1,0.33681437,0.0
4008515-1,6504755-1,0.71518284,0.0
5791188-1,5791188-2,0.75709057,1.0
5553475-2,5553475-4,0.88066936,1.0
4945534-1,7876253-1,0.40188268,0.0
5387823-3,5387823-6,0.83642197,1.0
4627117-1,4627117-3,0.8518147,1.0
2610659-1,2610659-2,0.8720593,1.0
3159324-1,8184159-1,0.7758712,0.0
3848848-1,4284497-1,0.6165658,0.0
6593915-1,6593915-7,0.6382152,1.0
5437993-1,5437993-2,0.8298902,1.0
4077557-4,4077557-9,0.56250924,1.0
5094544-3,5094544-5,0.77061886,1.0
2800011-1,3159937-1,0.6286702,1.0
7559760-1,8237821-2,0.21649966,0.0
7708753-2,7708753-3,0.71984625,1.0
4866745-1,5200824-1,0.24678382,0.0
7604966-1,7604966-3,0.8773625,1.0
8084681-1,8084681-3,0.40865633,1.0
7061516-1,7061516-2,0.5913709,1.0
3594910-1,4058268-1,0.21771534,0.0
7372620-2,7372620-3,0.8984121,1.0
4158768-1,6626432-1,0.41350952,0.0
5367777-1,5367777-4,0.30614644,1.0
8276321-1,8276321-2,0.36602283,1.0
3341744-1,8411108-1,0.28004375,0.0
6498938-1,6536047-1,0.10115312,0.0
3314837-3,8425135-2,0.40272096,0.0
3973282-1,4421946-1,0.28832963,0.0
4245924-7,4245924-8,0.79448146,1.0
7301429-1,7607283-1,0.38473868,0.0
4268617-1,7749956-1,0.40849474,0.0
4016776-1,4142914-1,0.10463864,0.0
4584441-1,5593691-1,0.57578224,0.0
5882333-1,5882333-3,0.9021868,1.0
4916828-1,5742438-1,0.4540528,0.0
4527411-1,4527411-2,0.6294488,1.0
6667806-1,6667806-2,0.86126715,1.0
6504238-2,7430658-1,0.5094328,0.0
5016501-1,7758563-1,0.40826774,0.0
7292447-1,7292447-2,0.41880563,1.0
6702856-1,6702856-2,0.8980287,1.0
2693847-1,2693847-3,0.0434073,0.0
8295969-1,8544377-1,0.91441363,0.0
2396657-1,8206537-2,0.24569005,0.0
3483331-1,6398741-1,0.37016892,0.0
5000566-2,5444672-1,0.5813819,0.0
4247717-1,6970299-1,0.24706577,0.0
8373181-1,8373181-2,0.6256744,1.0
6405358-1,6405358-2,0.65619355,1.0
4626628-2,6066629-1,0.59551656,0.0
3732667-1,7678230-2,0.19931485,0.0
3481430-1,4854028-1,0.21149284,0.0
3789302-2,3789302-3,0.82347065,1.0
5154232-1,5154232-2,0.9279511,1.0
2500042-1,3509928-1,0.4239958,0.0
2164940-1,4904584-1,0.39081892,0.0
3214513-1,6476616-1,0.1800654,0.0
4243476-1,4243476-2,0.68825954,1.0
6232788-1,6232788-2,0.2444864,1.0
2966983-1,7511076-1,0.27206606,0.0
5294357-1,5939034-1,0.63266814,0.0
4593990-1,4593990-3,0.75454724,1.0
7851455-6,7851455-9,0.5464842,1.0
3414006-1,5795860-2,0.5631399,0.0
6051123-1,6119344-1,0.45350972,0.0
3177392-1,5536658-1,0.37489176,0.0
6650185-1,7760432-1,0.25089282,0.0
5407778-3,5407778-4,0.525466,1.0
8077172-11,8077172-4,0.7311627,1.0
3923556-2,3923556-4,0.83088195,1.0
2769306-1,7063557-1,0.11064993,0.0
7604966-1,7604966-5,0.8325262,1.0
4251822-1,8415779-1,0.19092922,0.0
6244106-2,6244106-3,0.2990566,1.0
7720770-3,7720770-4,0.97208434,1.0
4513055-1,6200547-1,0.59355706,0.0
5709011-1,5709011-2,0.8481381,1.0
4454733-1,7443681-1,0.45382625,0.0
4686810-3,4686810-7,0.48393813,1.0
4843571-1,7581127-1,0.3496165,0.0
4308088-2,4308088-9,0.46418634,1.0
3038876-1,3038876-2,0.6755938,1.0
5324177-1,5324177-2,0.81414616,1.0
4895963-1,6282338-4,0.20096627,0.0
6004815-2,6004815-6,0.69379115,1.0
8392756-2,8392756-3,0.8600252,1.0
3610454-1,8517457-1,0.8749183,0.0
6799453-1,7335879-1,0.45450836,0.0
5437791-1,5578590-1,0.56929195,0.0
8709556-1,8709556-2,0.8487868,1.0
7476797-3,7476797-4,0.70153797,1.0
6526982-6,6526982-9,0.6469304,1.0
5348740-1,5348740-2,0.3867821,1.0
3343415-1,6158927-3,0.12862495,0.0
4523925-1,6914952-1,0.55108786,0.0
8391342-17,8391342-3,0.8280056,1.0
6336619-1,6336619-2,0.6255895,1.0
7362891-2,7362891-3,0.891072,1.0
3972859-1,4531603-1,0.36490023,0.0
4024936-1,4719720-1,0.293147,0.0
4206930-1,8052521-1,0.4995745,0.0
6473802-1,6946315-1,0.43558678,0.0
8281154-7,8281154-8,0.61454827,1.0
8526613-2,8526613-3,0.76532555,1.0
6887611-1,7430863-1,0.5509655,0.0
4421974-10,4421974-9,0.2182359,1.0
7322177-1,7322177-2,0.50891,1.0
7541246-3,7541246-4,0.83302253,1.0
3034078-1,8702295-1,0.40101475,0.0
6081802-1,7321742-1,0.2201993,0.0
3487304-1,3487304-3,0.94680345,1.0
4591497-1,5540298-1,0.5047361,0.0
6242806-1,6607872-1,0.43380275,0.0
6521673-1,7253880-1,0.60129476,0.0
3168451-1,3465890-1,0.24075787,0.0
4094581-2,4094581-9,0.90975124,1.0
5299218-1,5299218-3,0.5222639,1.0
4717387-1,4717387-5,0.9225044,1.0
3180833-1,3180833-4,0.82205164,1.0
7511846-1,7511846-2,0.72491527,1.0
7952588-1,7952588-2,0.30074522,1.0
7543135-2,7543135-4,0.48359412,1.0
7534152-1,7534152-2,0.7902128,1.0
5846181-1,5846181-8,0.14113526,1.0
4715885-1,6101463-1,0.28993317,0.0
4295338-1,8650131-1,0.16503492,0.0
4450489-1,5421492-1,0.70736665,0.0
7476797-3,7476797-5,0.6545717,1.0
5965133-2,8170622-1,0.34151337,0.0
5337234-2,5337234-9,0.6433096,1.0
4782467-1,4782467-2,0.5292401,1.0
4857828-1,5880256-2,0.3680703,0.0
3264539-1,8647707-1,0.34046066,0.0
7003160-1,8465228-1,0.6888847,0.0
6004815-1,6004815-3,0.63721293,1.0
3785901-1,3785901-2,0.6986006,1.0
8027707-1,8027707-3,0.6442844,1.0
4566325-1,7220171-1,0.70488065,0.0
8577550-2,8577550-3,0.8048715,1.0
4648144-1,7829736-1,0.42400536,0.0
8705528-1,8705528-12,0.7936318,1.0
5048704-1,5048704-8,0.8090035,1.0
6371746-5,6371746-6,0.5558874,1.0
8035580-1,8035580-2,0.8544878,1.0
3126734-4,3126734-5,0.6834631,1.0
5137971-4,5137971-8,0.8220525,1.0
5829721-2,5829721-3,0.7414555,1.0
2843128-1,2843128-2,0.65469354,1.0
4811078-1,7242611-1,0.6154281,0.0
5180438-2,5731268-1,0.060918663,0.0
4496522-1,4496522-2,0.4973818,1.0
8109047-2,8109047-3,0.9471111,1.0
3469907-1,6092529-1,0.26749274,0.0
8529193-1,8529193-4,0.7838649,1.0
6080731-1,7166291-1,0.79262805,1.0
8391342-5,8391342-8,0.7444199,1.0
7325412-1,8557646-1,0.29999512,0.0
3304601-2,8053136-1,0.24883483,0.0
4648144-1,7829736-1,0.42400536,0.0
7427433-1,7427433-3,0.51779634,1.0
4157506-1,5106230-1,0.13420656,0.0
7302530-1,7302530-2,0.7027704,1.0
7826043-1,7826043-6,0.68880886,1.0
3965955-2,3965955-3,0.8954155,1.0
3284018-1,3976550-1,0.32583088,0.0
8388796-2,8388796-5,0.782179,1.0
4616402-1,4760059-2,0.24263236,0.0
3421104-1,7711629-7,0.4060125,0.0
7295558-1,7295558-2,0.8146145,1.0
3628262-1,7560006-1,0.55579233,0.0
6398303-2,6398303-4,0.93107235,1.0
4541672-1,4541672-5,0.83692443,1.0
8290849-2,8514746-3,0.26098737,0.0
4196295-1,8215124-2,0.13423292,0.0
6159235-1,8114011-1,0.31816003,0.0
6351509-1,6351509-3,0.8649257,1.0
5962620-1,7234965-1,0.6338918,0.0
4792828-1,4792828-2,0.16104719,1.0
5346454-3,5346454-9,0.8690014,1.0
3483875-1,3483875-2,0.92644113,1.0
4100275-1,4100275-3,0.7277178,1.0
6847994-2,6847994-5,0.9410568,1.0
5491168-1,5491168-2,0.9235535,1.0
5851261-2,5851261-4,0.65946114,1.0
5043358-1,8554727-1,0.25877565,0.0
8611478-1,8611478-4,0.46744382,1.0
5766654-1,5766654-3,0.4047751,1.0
3502223-2,3502223-6,0.31536123,1.0
8377065-11,8377065-9,0.9524999,1.0
8647055-1,8647055-2,0.49851224,1.0
4222113-1,7383179-1,0.4978428,0.0
8416436-1,8416436-2,0.66243017,1.0
8044872-1,8044872-4,0.89308476,1.0
4899661-1,8058670-1,0.14748311,0.0
2640403-4,2640403-9,0.46210262,1.0
4533788-1,4533788-2,0.49884933,1.0
4281902-1,4777234-1,0.24662171,0.0
8131961-1,8131961-2,0.937511,1.0
3051098-1,5378851-1,0.27421135,0.0
5798141-1,7780566-1,0.08123367,0.0
4153192-1,4153192-7,0.90986776,1.0
3284018-1,3976550-1,0.32583088,0.0
3544906-11,3544906-5,0.85781443,1.0
4626628-2,6066629-1,0.59551656,0.0
6498924-2,6498924-3,0.9699287,1.0
8077172-11,8077172-4,0.7311627,1.0
7069149-1,7069149-2,0.7614348,1.0
6703052-1,7868097-3,0.3771427,0.0
8610460-1,8610460-2,0.78567237,1.0
6788842-1,8355822-1,0.09850482,0.0
3700752-1,3891195-1,0.26079115,0.0
3412243-1,7053655-5,0.554859,0.0
4208436-1,7495868-1,0.36998883,0.0
6038475-1,6038475-7,0.7959393,1.0
3935898-1,6113842-2,0.24362293,0.0
2533001-1,4877980-1,0.07202805,0.0
5135402-1,5415788-1,0.11725481,0.0
8342471-3,8342471-4,0.7545451,1.0
4665860-1,4665860-3,0.7822234,1.0
3546249-1,5819108-3,0.5059989,0.0
5992936-1,5992936-3,0.7053972,1.0
4602778-1,4602778-2,0.14981134,1.0
6081802-1,7321742-1,0.2201993,0.0
3220107-1,8052025-1,0.17993519,0.0
7337545-1,7752551-1,0.20200913,0.0
5846181-4,5846181-5,0.9069085,1.0
3861473-2,5868890-1,0.24535269,0.0
5624261-1,7925058-1,0.0823959,0.0
8649573-1,8649573-6,0.94393367,1.0
4458295-1,6182476-1,0.4780572,0.0
3664473-1,7751069-3,0.514205,0.0
4584512-1,7395378-1,0.37587494,0.0
6590510-2,6590510-3,0.44641712,1.0
4560152-1,7888978-1,0.050478745,0.0
4155975-1,8451524-1,0.81100965,0.0
7909218-2,7909218-3,0.5174418,1.0
3891419-1,6498281-1,0.047910266,0.0
3130473-5,3130473-6,0.44092584,1.0
7784239-4,7784239-7,0.7483908,1.0
3822414-4,3822414-6,0.6643756,1.0
4316910-1,6142756-1,0.121056594,0.0
7966410-2,7966410-3,0.8981671,1.0
8151272-4,8151272-7,0.7049744,1.0
4717387-3,4717387-5,0.89194584,1.0
5053003-1,5053003-3,0.7700937,1.0
4392492-1,5988205-1,0.5560458,0.0
2843128-1,2843128-2,0.65469354,1.0
4605260-2,4605260-4,0.8060601,1.0
4876077-1,7569537-3,0.56636184,0.0
7357015-1,7902762-1,0.30977386,0.0
3814995-1,6132149-1,0.61968654,1.0
4494188-1,7703702-1,0.2319927,0.0
3380110-1,4100235-1,0.7158665,1.0
3628262-1,7560006-1,0.55579233,0.0
2879730-2,2879730-4,0.7312124,1.0
7665777-11,7665777-7,0.8610735,1.0
2614946-1,6424340-1,0.27005878,0.0
8186920-2,8186920-3,0.7435904,1.0
6317215-1,6317215-2,0.3814063,1.0
4522430-1,7524967-1,0.31976467,0.0
4158769-1,5471753-1,0.8429213,0.0
3168451-1,3465890-1,0.24075787,0.0
7511079-1,7511079-3,0.7284114,1.0
3271698-3,8664757-1,0.24065089,0.0
3519130-1,6693030-1,0.14765349,0.0
8611606-10,8611606-13,0.80391985,1.0
7794165-1,7794165-5,0.9264646,1.0
4333894-1,4899596-1,0.5339286,0.0
8559640-2,8559640-6,0.58090764,0.0
6547447-4,8330607-1,0.23691997,0.0
1242107-1,5376154-1,0.58742493,0.0
6447420-1,6447420-2,0.6814672,1.0
6556287-1,8702120-1,0.5275627,0.0
8391342-23,8391342-30,0.6396524,1.0
5299170-1,5303287-3,0.5370271,0.0
4108142-1,4108142-3,0.7118717,1.0
4819152-3,5083268-1,0.8379897,0.0
3726924-2,3726924-3,0.8215172,1.0
8104983-1,8104983-2,0.8038912,1.0
8549330-1,8549330-2,0.6021479,1.0
3002415-2,3002415-3,0.52045953,0.0
5040587-1,7396391-2,0.28802696,0.0
3999607-2,3999607-5,0.7329937,1.0
4830034-2,4830034-3,0.74036723,1.0
6639485-2,6639485-3,0.38099825,1.0
5898109-1,7360218-1,0.53493464,0.0
7767836-1,7767836-2,0.5145626,1.0
3670626-1,8253320-1,0.47634336,0.0
4711341-1,4711341-2,0.6405025,1.0
5964539-1,5964539-3,0.33162415,1.0
4692029-1,4692029-3,0.5558202,1.0
3490115-1,6189376-1,0.3641081,0.0
3995150-1,4468993-1,0.62828845,0.0
4027671-1,5902113-1,0.23252703,0.0
3746149-1,6693792-1,0.14373103,0.0
8359901-2,8359901-3,0.6075025,1.0
6776213-2,6967357-1,0.059203386,0.0
3141560-1,3141560-2,0.6373751,1.0
4274852-2,4274852-3,0.8279046,1.0
2612684-1,6861041-1,0.6413804,0.0
5290631-1,5290631-3,0.86849064,1.0
7506272-2,7506272-3,0.887994,1.0
6766258-1,6766258-4,0.42295617,1.0
8650527-1,8650527-2,0.74481726,1.0
5480074-1,6369391-1,0.3685358,0.0
5642873-1,6026882-5,0.066068016,0.0
4639957-3,6520477-1,0.38683763,0.0
3667307-4,5864518-1,0.19203664,0.0
6037803-1,6037803-4,0.64974225,1.0
4965525-1,7912223-1,0.36900142,0.0
8360293-5,8360293-6,0.8983798,1.0
6050556-1,7840355-1,0.053337008,0.0
5806301-1,5806301-3,0.3432723,1.0
6327474-1,6784619-1,0.30566588,0.0
8563620-12,8563620-2,0.85649025,1.0
7981696-1,7981696-3,0.13872507,1.0
8247613-1,8247613-2,0.824048,1.0
3072537-1,3072537-2,0.36753374,1.0
6919333-2,7262721-1,0.80278254,0.0
8504303-3,8504303-6,0.6519539,1.0
5943729-11,5943729-7,0.713151,1.0
7004772-1,7004772-2,0.6520164,1.0
3698236-1,5799648-1,0.47507107,0.0
4616293-1,6641798-1,0.7553893,0.0
4540525-1,7790320-1,0.32737076,0.0
4733515-1,6727404-1,0.055839173,0.0
4212299-1,8712219-1,0.6980825,0.0
4871960-1,6426094-1,0.21463266,0.0
6069825-2,6069825-3,0.4485609,1.0
6196253-1,6196253-2,0.71021515,1.0
2876834-2,2876834-4,0.7252078,1.0
7711629-1,7711629-6,0.91535926,1.0
5674454-1,5674454-2,0.52081424,1.0
6436465-1,6436465-3,0.611672,1.0
4005095-1,4005095-2,0.5537565,1.0
6887611-1,7430863-1,0.5509655,0.0
2628018-1,2628018-3,0.46094492,1.0
6996166-1,6996166-3,0.40370554,1.0
6498274-1,7954966-1,0.22091055,0.0
4518390-1,6956975-2,0.69512135,0.0
3312019-1,5036190-1,0.21323037,0.0
7644292-1,7644292-2,0.20677978,0.0
7804088-1,7804088-5,0.5241732,1.0
5103332-2,5103332-3,0.4181583,1.0
5946352-1,8707017-2,0.9535692,0.0
7485476-2,7485476-5,0.6671373,1.0
3219782-1,5949169-1,0.2924959,0.0
4346121-2,4346121-8,0.56320095,1.0
4845488-1,8102130-1,0.35654232,0.0
5680512-1,8145658-1,0.4096192,0.0
3504292-1,3504292-2,0.69944566,1.0
7943385-3,7943385-4,0.46073407,1.0
8015162-3,8015162-4,0.80340177,1.0
3741975-1,3741975-3,0.2973245,1.0
5649850-1,5859235-1,0.37094566,0.0
3883337-1,4022768-1,0.20962085,0.0
7695266-7,7695266-9,0.7882334,1.0
8186093-1,8186093-7,0.8393432,1.0
2874679-2,2874679-4,0.66109335,1.0
8279693-1,8279693-2,0.25001362,1.0
4295338-1,8650131-1,0.16503492,0.0
7667327-2,7667327-3,0.6912316,0.0
7240175-1,7240175-2,0.48575637,1.0
4812219-2,7327389-1,0.42493564,0.0
5976963-1,8022680-1,0.07720043,0.0
3393611-1,6135216-5,0.466039,0.0
3544066-1,6702279-1,0.09052443,0.0
3527347-1,7870111-1,0.33879146,0.0
3033104-1,5104844-2,0.88360095,0.0
2816289-1,6340231-1,0.29431728,0.0
3599937-1,7337270-1,0.1077699,0.0
2815756-5,2815756-6,0.8648169,1.0
6441667-2,6441667-3,0.9240162,1.0
3446909-2,5401827-1,0.45117337,0.0
7197830-1,7197830-3,0.5881224,1.0
5981592-1,8602087-1,0.24547835,0.0
8371642-1,8371642-2,0.8899111,1.0
7511846-5,8439401-1,0.14536874,0.0
5582492-1,7829542-1,0.77150124,0.0
4424714-1,7457637-1,0.7362119,0.0
3843640-1,3843640-2,0.60502636,1.0
3912635-2,6537690-2,0.40114686,0.0
3917645-1,8357653-1,0.8483817,0.0
3627455-1,8012176-1,0.23220201,0.0
7357015-1,7902762-1,0.30977386,0.0
7140078-1,7140078-3,0.6480368,1.0
5126599-1,5649734-1,0.44965416,0.0
3140672-1,5729248-1,0.5706138,0.0
3212971-1,3517946-1,0.49011928,0.0
4209268-1,5518093-1,0.4253649,0.0
5466218-1,5803715-1,0.3924789,0.0
8611551-5,8626982-1,0.6376089,0.0
5427703-3,5427703-5,0.7219443,1.0
5054504-1,6600103-1,0.44411063,0.0
3705847-1,3705847-2,0.6642319,1.0
3514931-1,7796383-1,0.0795031,0.0
5654074-2,5654074-4,0.79855704,1.0
4323903-3,4323903-4,0.43101847,1.0
4779833-1,8142312-1,0.43331715,0.0
6831242-2,6831242-3,0.7247306,1.0
5848582-2,5848582-4,0.7692469,1.0
2892662-1,7255555-1,0.47447407,0.0
7867306-2,7867306-4,0.6658393,1.0
4976152-1,8416638-1,0.24292842,0.0
3999727-1,5682295-1,0.09945847,0.0
7559672-1,7559672-2,0.50230855,1.0
7665777-11,7665777-7,0.8610735,1.0
3271698-3,8664757-1,0.24065089,0.0
2092435-1,8138395-2,0.35804665,0.0
7367386-10,7367386-7,0.8549649,1.0
4189240-1,4879800-1,0.07945616,0.0
6978972-1,7810099-1,0.6137148,0.0
3883269-1,8179775-1,0.79025567,0.0
7714405-1,7714405-2,0.7323694,1.0
2783155-1,6046149-1,0.60844636,0.0
5951146-1,5951146-4,0.5511322,1.0
5913999-1,5913999-2,0.6560682,1.0
5055928-1,5619092-1,0.24621405,0.0
6543005-1,6837609-3,0.5046162,0.0
2847991-1,2847991-2,0.83961374,1.0
4137548-1,8601397-1,0.09691072,0.0
3088941-1,4280458-2,0.7930564,0.0
6764574-1,6764574-6,0.36268833,1.0
8464303-1,8464303-3,0.82523596,1.0
6069303-1,7285593-1,0.06637526,0.0
5798141-1,7780566-1,0.08123367,0.0
5346454-10,8497279-1,0.4189791,0.0
7336985-1,7336985-2,0.5129105,1.0
3469180-1,8439022-1,0.2543201,0.0
6802603-1,6802603-3,0.5306072,1.0
7431202-1,7431202-2,0.2532392,1.0
8364764-4,8364764-8,0.7914652,1.0
2861021-1,5883438-1,0.22914068,0.0
3655875-3,8180334-1,0.7332566,0.0
3521819-1,5541649-2,0.21783213,0.0
3800618-1,3800618-2,0.3622538,1.0
4289971-1,5968291-1,0.26083538,0.0
7385614-1,7385614-2,0.64588994,1.0
8145494-1,8145494-3,0.58232325,1.0
5649001-1,5649001-2,0.6500491,1.0
2840960-1,7512028-1,0.108200066,0.0
6064020-1,7191367-3,0.62223387,0.0
8496678-2,8496678-3,0.58731633,1.0
8211030-1,8211030-2,0.7934784,1.0
4593990-1,4593990-3,0.75454724,1.0
5344045-2,5344045-4,0.46157715,1.0
3205526-1,3205526-2,0.76969534,1.0
5687541-4,5687541-5,0.81222427,1.0
2645401-1,2645401-3,0.6821284,1.0
5588294-1,8172003-1,0.21319646,0.0
8288805-1,8288805-2,0.48058075,1.0
3312686-1,6000749-1,0.8045564,0.0
5460656-1,5460656-6,0.40617776,1.0
4296463-1,7026719-1,0.16470852,0.0
3474946-1,3474946-2,0.56463665,1.0
5334173-1,8606326-1,0.3738993,0.0
3495889-1,3495889-2,0.54717976,1.0
3741979-3,4114602-1,0.2739965,0.0
5946425-1,5989544-1,0.6655563,0.0
4100840-1,4100840-4,0.5696887,1.0
6329029-2,6329029-3,0.3757706,1.0
2915398-1,2915398-2,0.495779,1.0
5237176-3,5237176-5,0.7225571,1.0
6236112-2,6236112-8,0.6365652,1.0
5045678-1,6562613-1,0.25986674,0.0
6885689-1,6885689-4,0.73015517,1.0
7449561-1,7785353-1,0.3643909,0.0
8038423-1,8515523-1,0.40303168,0.0
8559640-5,8559640-6,0.9290259,1.0
4058595-1,8442335-1,0.30215967,0.0
6862365-4,6862365-5,0.8763845,1.0
3463834-1,3463834-2,0.70158327,1.0
2631530-1,5818763-1,0.4489697,0.0
4200134-2,5108126-1,0.52998716,0.0
3372806-1,8016592-1,0.20744175,0.0
5346454-7,5346454-8,0.93523955,1.0
4302118-2,4302118-7,0.8149421,1.0
5642131-10,5642131-9,0.7055114,1.0
2580766-1,4086542-3,0.15106137,0.0
8158287-1,8158287-4,0.77597,1.0
5842739-1,6314087-1,0.3476552,0.0
6888207-2,6888207-3,0.7519358,1.0
7189886-1,8091626-1,0.2935986,0.0
5094544-3,5094544-5,0.77061886,1.0
7171607-2,7171607-4,0.66725427,1.0
2808661-1,3296411-1,0.34142348,0.0
4504872-5,4504872-6,0.8770089,1.0
3970068-1,3970068-2,0.9437216,1.0
8415956-1,8415956-2,0.7594379,1.0
4185321-1,7163344-1,0.31825158,0.0
4857828-1,5880256-2,0.3680703,0.0
8075760-1,8075760-3,0.8474009,1.0
4393936-1,7970702-1,0.20031957,0.0
3975334-1,7402756-1,0.16290084,0.0
6896887-4,6896887-6,0.57170826,1.0
8090807-1,8090807-2,0.5046649,1.0
526771-1,8104315-1,0.33717552,0.0
6966951-2,6966951-3,0.8170667,1.0
4971313-1,8493990-2,0.28080016,0.0
3498786-1,3498786-2,0.7194976,1.0
3877481-1,8284719-1,0.48529562,0.0
7543135-1,7543135-3,0.551749,1.0
3311143-1,3311143-2,0.2736189,1.0
6700633-2,6700633-3,0.88883734,1.0
4720199-4,6734601-1,0.63078845,0.0
5492790-2,5492790-4,0.37604284,1.0
6572922-1,7488111-1,0.6753002,0.0
5075292-1,6037806-2,0.21609181,0.0
4153245-1,6624868-2,0.69644123,0.0
5640890-3,5640890-4,0.6369476,1.0
3583109-1,8133087-1,0.29445547,0.0
3842732-1,5441140-1,0.26318613,0.0
8603360-1,8603360-4,0.7502985,1.0
3614665-1,3614665-2,0.7160766,1.0
3789073-1,4522458-3,0.23353083,0.0
8017932-4,8017932-6,0.77100515,1.0
7602585-2,7602585-3,0.72763234,1.0
4429945-1,4429945-2,0.7811044,1.0
4792615-1,4792615-2,0.5530704,1.0
4763460-1,8451071-1,0.5739363,0.0
3878479-1,3878479-3,0.5766843,1.0
4003766-1,5439251-1,0.3334592,0.0
3162267-2,3162267-4,0.49039683,1.0
2988051-1,7591986-1,0.6145061,0.0
8371642-1,8371642-2,0.8899111,1.0
4881631-1,6089065-1,0.33515424,0.0
7004578-1,7004578-2,0.38348618,1.0
8460487-4,8460487-5,0.5996271,1.0
7102870-1,8672589-1,0.3237437,0.0
4023056-2,5736959-1,0.6757866,0.0
7737526-1,7913009-1,0.14368145,0.0
7519989-1,8148337-1,0.40292186,0.0
4071151-2,4071151-3,0.87692857,1.0
5611712-2,5611712-4,0.8713258,1.0
4026847-1,6794398-1,0.28561863,0.0
7113199-4,7113199-6,0.6764714,1.0
2561035-1,5991562-3,0.3062399,0.0
2874679-2,2874679-4,0.66109335,1.0
2808661-1,3296411-1,0.34142348,0.0
7318102-2,7318102-3,0.9696519,1.0
5502503-1,5502503-2,0.7461015,1.0
3275504-1,3502413-2,0.24802735,0.0
5668504-1,5668504-3,0.59761477,1.0
8393241-1,8393241-4,0.46940356,1.0
2854355-1,8702016-1,0.34559017,0.0
8669740-1,8669740-2,0.4086901,1.0
5712115-1,5712115-2,0.45372337,1.0
3765128-2,5810523-1,0.7253077,0.0
2481265-1,5067396-1,0.4149336,0.0
3545141-1,6010000-1,0.54319435,0.0
6236112-4,6236112-6,0.92022926,1.0
5030402-1,5030402-2,0.57732713,1.0
4263490-1,7680184-1,0.6138115,0.0
3683466-1,7105337-1,0.4324762,0.0
5962620-3,5962620-5,0.8371628,1.0
8531269-1,8531269-4,0.7362882,1.0
5304997-1,5304997-2,0.73774505,1.0
2800875-1,2800875-2,0.93635964,1.0
3758994-2,7493239-1,0.91886914,0.0
8055885-1,8055885-3,0.2769968,1.0
3751376-1,3751376-2,0.7474249,1.0
3276793-1,5778559-1,0.049330533,0.0
2443370-1,7372392-1,0.1829319,0.0
5137971-4,5137971-8,0.8220525,1.0
7994471-4,7994471-6,0.6289116,1.0
5853069-2,5853069-5,0.75376135,1.0
4999637-1,5564113-2,0.43165183,0.0
7463145-1,7463145-2,0.8509044,1.0
4304535-1,4592900-1,0.14959973,0.0
2824937-1,4531569-1,0.60239893,0.0
7882415-1,7882415-2,0.54332167,1.0
2901615-1,3133010-2,0.110855274,0.0
3448229-1,3448229-2,0.8725916,1.0
3817136-1,3817136-5,0.79663956,1.0
5075599-1,8028090-1,0.28092328,0.0
1564184-1,4722517-1,0.54148483,0.0
4268617-1,7749956-1,0.40849474,0.0
6166144-1,8214366-1,0.35402685,0.0
3464897-1,4136642-2,0.25105548,0.0
7273174-1,7273174-9,0.66985583,1.0
3223146-1,3223146-5,0.4700163,1.0
3113994-2,8629690-1,0.54412156,0.0
3897766-1,3897766-2,0.82495975,1.0
5977079-3,5977079-6,0.88812965,1.0
2584074-1,4357681-1,0.52168006,0.0
3787645-1,7865033-1,0.055671863,0.0
4845488-1,8102130-1,0.35654232,0.0
3555391-1,7688041-1,0.13921706,0.0
6533970-3,6533970-4,0.5876481,1.0
4737748-1,5789617-3,0.48216102,0.0
4789584-2,4789584-3,0.38738322,1.0
6636068-1,8270715-2,0.32072136,0.0
3289491-1,3866317-1,0.13771275,0.0
5113927-7,5113927-9,0.6552723,1.0
7781983-1,7781983-3,0.502128,1.0
6109022-1,6109022-2,0.8096783,1.0
3477366-2,3506459-2,0.79897326,0.0
8223722-1,8223722-3,0.8098934,1.0
8529628-1,8529628-3,0.43108916,1.0
8077172-1,8077172-10,0.9636883,1.0
6304711-1,6304711-6,0.8393931,1.0
2475604-2,8655243-1,0.2711154,0.0
5912312-2,5912312-6,0.8810376,1.0
6158768-1,6158768-2,0.51098657,1.0
8320823-2,8320823-4,0.92165333,1.0
4777981-1,4777981-7,0.69831884,1.0
3639158-16,3639158-8,0.56568146,1.0
3913202-1,8110285-1,0.67929363,0.0
5215207-2,5215207-3,0.36046153,1.0
3447677-2,6597856-1,0.103511155,0.0
5820587-1,7996811-1,0.44554546,0.0
2841809-1,7415228-1,0.16145688,0.0
8015663-3,8015663-5,0.7753214,1.0
6395072-1,7665777-4,0.0515876,0.0
2587464-1,4359866-2,0.5642358,0.0
4377042-2,4377042-3,0.8395163,1.0
5156879-1,5156879-2,0.65147746,1.0
3109664-1,6475964-1,0.30004385,0.0
8214898-1,8214898-2,0.49012032,1.0
5192293-1,5192293-2,0.8097816,1.0
3800381-6,3800381-7,0.1150397,0.0
4847509-1,4847509-3,0.52215207,1.0
6344064-1,6368206-1,0.6042854,0.0
5556898-1,8327293-1,0.361002,0.0
8710561-5,8710561-6,0.91494095,1.0
5486553-6,5486553-7,0.7991492,1.0
5319094-1,6219321-1,0.5177062,0.0
8071213-2,8071213-3,0.701383,1.0
4726507-1,4726507-5,0.5978324,1.0
3298519-1,3298519-2,0.65322214,1.0
5726839-2,5726839-4,0.553518,1.0
2631534-3,5586839-1,0.37991467,0.0
7944014-1,7944014-2,0.45985422,1.0
3275945-1,6370013-1,0.5047566,0.0
3098416-1,4257951-1,0.61085737,0.0
5932891-1,8324066-2,0.7392192,0.0
3314863-1,8576766-1,0.20805159,0.0
4244720-1,4244720-3,0.8692439,1.0
4137638-1,7684991-1,0.4057518,0.0
7663930-1,7663930-4,0.7521039,1.0
5359129-1,6898723-2,0.3175859,0.0
5637006-1,5637006-4,0.49648467,1.0
5854745-6,5854745-7,0.8306204,1.0
7052464-3,7052464-6,0.88543785,1.0
6299528-1,6299528-5,0.37579602,1.0
2851007-2,2851007-3,0.33770826,1.0
4135163-1,8077507-1,0.1429533,0.0
3399353-1,5727897-1,0.3459659,0.0
3380669-1,3380669-5,0.56917095,1.0
2822336-1,7991776-1,0.39563957,0.0
6601163-1,7024077-1,0.6297529,0.0
5118829-1,5118829-3,0.409929,1.0
5642131-12,5642131-3,0.48505065,1.0
2640403-1,2640403-8,0.8224563,1.0
5888831-2,6767797-1,0.83833224,0.0
7586420-2,7586420-3,0.8523684,1.0
3183035-1,3183035-3,0.54296535,1.0
5996656-1,7053684-1,0.20581718,0.0
3639158-15,3639158-16,0.9308749,1.0
3183319-3,3183319-5,0.8791379,1.0
7990443-1,7990443-5,0.88389456,1.0
8055885-1,8055885-3,0.2769968,1.0
5893346-2,5893346-7,0.47197938,1.0
3935506-1,3935506-2,0.33219543,0.0
5972596-1,5972596-3,0.6535481,1.0
5337234-11,5337234-9,0.7077032,1.0
5662964-1,5662964-3,0.5112753,1.0
3081355-1,5379787-2,0.19576609,0.0
4522430-1,7524967-1,0.31976467,0.0
1847680-1,5287178-1,0.6625916,0.0
3109841-1,4049709-1,0.629448,0.0
4549739-1,5215251-2,0.38956118,0.0
5613267-1,7443826-3,0.60611045,0.0
3819729-1,8046551-1,0.24890706,0.0
8674165-2,8674165-3,0.8295865,1.0
5237176-3,5237176-5,0.7225571,1.0
8077172-5,8077172-6,0.9150143,1.0
8311836-1,8311836-2,0.7339577,1.0
5621271-1,5996655-1,0.369212,0.0
4065464-1,5336392-1,0.06683596,0.0
3667328-1,6367833-1,0.28873014,0.0
6010942-1,7299656-1,0.5473414,0.0
6796684-2,6796684-3,0.60276216,1.0
8611532-1,8611532-3,0.82203156,1.0
2966983-1,7511076-1,0.27206606,0.0
7343954-1,7343954-2,0.6991101,1.0
6567768-1,8136328-1,0.30240756,0.0
3645620-4,3645620-6,0.9077943,1.0
5404652-1,5798423-1,0.28796896,0.0
8577550-2,8577550-3,0.8048715,1.0
4338667-1,5031857-1,0.1007121,0.0
8611606-10,8611606-13,0.80391985,1.0
4371621-1,5898118-1,0.32183668,1.0
2734018-1,4073452-1,0.6996107,0.0
7257187-2,8569691-1,0.6013667,0.0
6323394-1,6323394-2,0.61750877,1.0
5630340-3,8056711-1,0.5350761,0.0
7745691-1,7745691-6,0.6015638,1.0
2916110-1,8453400-1,0.6302027,0.0
4616569-6,4616569-8,0.88775945,1.0
4304151-1,6530031-1,0.20679219,0.0
3022785-1,3022785-2,0.6596634,1.0
3552861-2,3552861-3,0.69169545,1.0
4173354-1,6796715-1,0.49435994,0.0
7584985-1,7584985-2,0.48541963,1.0
3465888-1,5318607-1,0.29735717,0.0
3920611-4,3920611-5,0.47409317,1.0
2700444-1,8180332-1,0.5677728,0.0
3878860-1,4488522-1,0.50140053,0.0
5965386-1,8515538-5,0.4449891,0.0
6477962-1,6477962-3,0.95779634,1.0
7559760-1,8237821-2,0.21649966,0.0
3212924-1,4409195-1,0.45553207,0.0
5237193-3,5237193-4,0.8842373,1.0
7604966-1,7604966-3,0.8773625,1.0
3854106-1,3854106-2,0.2499742,1.0
5486553-6,5486553-7,0.7991492,1.0
5668504-1,5668504-3,0.59761477,1.0
8364764-4,8364764-8,0.7914652,1.0
5506462-4,8035737-3,0.32215628,0.0
7443648-2,7443648-5,0.45742607,1.0
4831504-2,4831504-3,0.82742214,1.0
5423380-1,5685861-2,0.24309951,0.0
7238787-1,7238787-3,0.62009096,1.0
7465747-5,7465747-6,0.94842106,1.0
5571603-4,5571603-5,0.9382169,1.0
6903879-1,7571954-1,0.16041009,0.0
7265518-2,7448493-1,0.2574843,0.0
3504259-1,5372272-3,0.12774424,0.0
6863351-1,8237763-3,0.31835693,0.0
7808748-1,7808748-2,0.21013327,0.0
8460922-3,8460922-4,0.4057736,1.0
7871006-2,7871006-3,0.9388305,1.0
4553663-1,4804603-1,0.35566235,0.0
3271401-1,8682950-2,0.75458366,0.0
7970079-1,7970079-2,0.33813348,1.0
5019473-1,5019473-4,0.75473076,1.0
4092188-1,4747966-1,0.5062677,0.0
3822414-4,3822414-6,0.6643756,1.0
8155578-2,8155578-3,0.5682543,1.0
2887894-1,3356594-1,0.6804975,0.0
3987316-1,4148739-2,0.11619361,0.0
3981990-1,6350430-1,0.07685831,0.0
5093866-1,6020090-1,0.36604798,0.0
8622899-1,8622899-6,0.60245466,1.0
7695266-7,7695266-9,0.7882334,1.0
8046457-1,8046471-1,0.07313041,0.0
6406196-1,8149899-1,0.34757718,0.0
3249871-1,6144180-1,0.24437638,0.0
4427221-1,7548966-1,0.11047151,0.0
5715253-1,8257447-1,0.7833998,1.0
7393473-1,7393473-2,0.5217877,1.0
4330691-1,4330691-2,0.42585757,1.0
4278097-1,4278097-2,0.8886498,1.0
2944193-1,3533611-1,0.20137583,0.0
7890704-1,7890704-5,0.50584704,1.0
4238274-1,4238274-2,0.66632456,1.0
4177003-1,7829722-1,0.17113265,0.0
4999637-1,5564113-2,0.43165183,0.0
4010044-1,4214711-2,0.22287461,0.0
6526982-3,6526982-9,0.9098681,1.0
2726555-1,6452583-1,0.19836362,0.0
6379532-1,7044468-1,0.1158891,0.0
4616293-1,6641798-1,0.7553893,0.0
8015901-2,8015901-3,0.9470498,1.0
6258717-3,6258717-4,0.7493869,1.0
3835463-4,3835463-5,0.6469518,1.0
5370308-1,6464489-1,0.34310183,0.0
5697583-1,5894579-1,0.61955214,0.0
5017963-1,5017963-2,0.6601411,1.0
5612750-1,5612750-3,0.37395817,1.0
4075213-3,4075213-6,0.96984947,1.0
5965133-2,5965133-3,0.58675206,1.0
8288200-1,8288200-2,0.7630391,1.0
3280044-1,3280044-3,0.900617,1.0
4396650-3,6382915-1,0.12711634,0.0
3712820-1,6238377-1,0.57077324,0.0
1851966-1,8489599-1,0.5981235,0.0
4881626-1,4881626-3,0.8240496,1.0
3830296-1,4392555-1,0.25043258,0.0
6401550-1,7162573-1,0.46471623,0.0
4553660-1,4553660-2,0.607536,1.0
6744773-3,8326605-1,0.44493335,0.0
3935506-1,3935506-2,0.33219543,0.0
7709537-1,7709537-2,0.72564495,1.0
4353272-1,4353272-3,0.9505173,1.0
8121109-1,8121109-2,0.3904556,1.0
6580405-1,6580405-2,0.6708289,1.0
4090655-2,8226401-1,0.2818823,0.0
6180826-1,8343560-1,0.88160753,0.0
6346695-2,6346695-4,0.27566493,1.0
4857859-1,7595935-2,0.1868823,0.0
4434495-1,7720389-1,0.06638062,0.0
3913137-3,3913137-6,0.90307605,1.0
3447677-2,6507376-1,0.33149096,0.0
5460409-1,8605449-4,0.1727651,0.0
7366428-5,7366428-8,0.92713857,1.0
5088671-1,5088671-2,0.40215865,1.0
3927300-1,3927300-2,0.5119203,1.0
5851261-2,5851261-4,0.65946114,1.0
5299170-1,5303287-3,0.5370271,0.0
5939176-3,8494175-3,0.49885738,0.0
7695072-2,8281787-1,0.42861497,0.0
5043358-1,8554727-1,0.25877565,0.0
6060766-3,6060766-6,0.4117422,1.0
4245924-1,4245924-8,0.35445645,1.0
5649805-9,8356403-1,0.7789565,0.0
5649805-10,5649805-4,0.8463028,1.0
6257534-1,6257534-4,0.9514126,1.0
3516360-2,6967302-1,0.31489733,0.0
4137619-1,4137619-2,0.72599405,1.0
3870644-1,6393136-1,0.37854388,0.0
6166169-1,6166169-3,0.23202194,1.0
4090655-2,8226401-1,0.2818823,0.0
3987999-3,3987999-4,0.80653983,1.0
2740124-1,3080807-1,0.3719958,0.0
6526982-3,6526982-9,0.9098681,1.0
3304208-4,3304208-5,0.7438668,1.0
2726128-7,6996578-1,0.8647687,0.0
5858623-1,6445561-1,0.6864618,0.0
4377485-2,4377485-3,0.51573086,1.0
3872386-1,8323577-1,0.5716474,0.0
7409414-2,7409414-5,0.3110986,0.0
3199123-1,6291407-1,0.29109308,0.0
6317215-1,6317215-2,0.3814063,1.0
7711629-6,7711629-9,0.40106553,1.0
3892021-1,4289217-1,0.5363243,0.0
5337234-4,5337234-9,0.89590627,1.0
3785593-3,7020719-1,0.55756927,0.0
5532947-1,6086521-1,0.14424297,0.0
2825189-1,4214506-1,0.3147453,0.0
3921299-2,7850688-1,0.30337417,0.0
4533788-1,4533788-2,0.49884933,1.0
5044737-1,6726804-1,0.48317543,0.0
3775671-6,3775671-7,0.91591626,1.0
4616573-1,7506085-3,0.15234524,0.0
5047021-1,5832135-1,0.14543155,0.0
5685864-1,5685864-2,0.4512666,1.0
7381844-1,7381844-2,0.7162149,1.0
3195365-1,7353901-1,0.15846671,0.0
4055826-1,5680667-1,0.3565369,0.0
3347490-1,3347490-2,0.7083015,1.0
5404322-1,5569297-1,0.5311521,0.0
2769433-1,4719736-2,0.11979873,0.0
4898933-1,7254858-2,0.22283153,0.0
6304522-1,7746005-1,0.3503382,0.0
6207033-1,6215584-1,0.26774722,0.0
5588617-3,5588617-4,0.81645155,1.0
4353765-1,8387063-1,0.7458979,0.0
3198616-2,3198616-6,0.38442338,1.0
7132175-2,7132175-3,0.80735075,1.0
3562056-1,5544451-1,0.29792264,0.0
4700638-6,4700638-9,0.55291146,1.0
7252654-2,7252654-3,0.6986699,1.0
2615296-1,8407026-1,0.48737958,0.0
6235640-1,7869405-1,0.2344006,0.0
5588791-1,7718669-1,0.38033915,0.0
2992922-1,2992922-4,0.5723741,1.0
8105697-2,8105697-7,0.8527286,1.0
2241629-1,6108451-1,0.17783304,0.0
4010737-2,4010737-3,0.844942,1.0
5581415-1,5581415-4,0.7180678,1.0
7577353-1,8501704-1,0.38512218,0.0
3817060-1,3817060-2,0.7531023,1.0
7385614-3,7385614-4,0.6492065,1.0
4531633-1,6791274-1,0.7258269,0.0
3580346-2,3580346-4,0.9082002,1.0
4494188-1,7703702-1,0.2319927,0.0
6520636-1,7143194-1,0.3623845,0.0
5672999-1,7485476-11,0.35582548,0.0
7476797-1,7476797-3,0.46448344,0.0
3463834-1,3463834-2,0.70158327,1.0
5175082-2,8179565-3,0.38207915,0.0
2964782-1,3820849-3,0.3905773,0.0
4700638-1,4700638-6,0.62622225,1.0
2856400-2,2856400-4,0.83922875,1.0
4660492-4,4660492-5,0.50613964,1.0
8105697-2,8105697-7,0.8527286,1.0
6598598-4,6598598-7,0.44527715,1.0
8133044-1,8133044-15,0.6986019,1.0
6813699-2,6813699-5,0.7916568,1.0
3352641-1,6259523-1,0.11718596,0.0
5126593-1,5126593-3,0.8993269,1.0
7527865-2,7592682-3,0.28244978,0.0
6448983-3,6448983-4,0.6686901,1.0
7520796-1,7520796-2,0.74407184,1.0
3220113-1,3339075-3,0.23188598,0.0
3673581-1,6878343-1,0.15154836,0.0
6275824-1,6275824-3,0.7296486,1.0
7519859-1,7903283-2,0.43073922,0.0
1395322-4,1395322-5,0.7341579,1.0
3701398-1,3701398-2,0.71759844,1.0
3394863-2,3394863-3,0.48073265,1.0
4299287-1,4439860-1,0.10843326,0.0
6452484-1,6593925-1,0.351922,0.0
3785348-2,3785348-3,0.7255802,1.0
4275753-1,8350112-1,0.44502482,0.0
2823760-4,2823760-7,0.7827846,1.0
3123009-1,4884855-1,0.0823751,0.0
4738659-1,4738659-3,0.7218118,1.0
4918021-1,8664402-1,0.13645035,0.0
8290849-1,8290849-2,0.47124052,1.0
8140026-2,8383649-2,0.6550285,0.0
3198484-2,3198484-4,0.40029243,1.0
7383225-3,7383225-5,0.8636256,1.0
3126734-4,3126734-5,0.6834631,1.0
3704971-1,3704971-2,0.65450287,1.0
8384448-2,8384448-3,0.4259159,1.0
6456843-1,6456843-6,0.8368291,1.0
3114542-1,3295654-1,0.37124887,0.0
3830790-1,7420727-1,0.09236508,0.0
4384870-1,7220053-1,0.04189556,0.0
2430565-1,2430565-6,0.18792029,0.0
4717387-3,4717387-5,0.89194584,1.0
7053655-1,7053655-7,0.70312744,1.0
6389466-1,6929261-1,0.084188916,0.0
7993970-1,7993970-2,0.733195,1.0
5400460-1,6159791-1,0.12614217,0.0
7789569-1,8240843-3,0.6438755,0.0
4720199-2,4720199-5,0.38245004,1.0
7093958-1,8607489-1,0.619133,0.0
5216582-2,5216582-4,0.6359553,1.0
6710881-1,7961707-2,0.5027636,1.0
2635124-1,4616569-2,0.4340354,0.0
5093237-1,5953188-1,0.6019954,0.0
7695266-7,7695266-9,0.7882334,1.0
5306982-1,5351264-1,0.46710953,0.0
8008131-2,8008131-3,0.5070236,1.0
4877746-1,4877746-2,0.3710539,1.0
3079613-1,3651229-4,0.19589078,0.0
8090807-1,8090807-2,0.5046649,1.0
7219985-1,7606916-2,0.6742992,0.0
5139888-2,7866723-1,0.6594041,0.0
6311045-2,6311045-6,0.86394566,1.0
8013533-2,8158664-1,0.1432582,0.0
2847818-2,2847818-3,0.8314604,1.0
6066802-1,6066802-4,0.35019532,1.0
5912037-1,8637399-1,0.50485504,0.0
5346945-1,8255048-1,0.075807884,0.0
4418417-1,5149601-1,0.52688855,0.0
4083712-1,7952297-2,0.30819094,0.0
3550423-1,7850837-1,0.7393667,0.0
2868038-4,2868038-5,0.46608642,1.0
7868555-1,8050179-2,0.48848787,0.0
5961434-1,6100663-1,0.24455471,0.0
5390126-1,5390126-3,0.9318035,1.0
3879224-1,5848416-1,0.32715783,0.0
6951159-1,8094050-2,0.21545155,0.0
7847093-2,7847093-4,0.21614964,1.0
3261412-1,7714748-1,0.30061892,0.0
7645293-1,7645293-2,0.40151036,1.0
4829397-1,8089452-1,0.39261067,0.0
3606746-1,3731623-1,0.18668601,0.0
5492460-1,6042488-10,0.29984158,0.0
4522451-2,6245774-1,0.55082184,0.0
3535731-1,7177021-4,0.268308,0.0
3518961-3,7520403-1,0.87813926,0.0
4616573-1,7506085-3,0.15234524,0.0
7534152-1,7534152-2,0.7902128,1.0
4308088-2,4308088-7,0.48429695,1.0
7500095-1,7500095-2,0.43487027,1.0
8119832-2,8119832-4,0.9077665,1.0
4659983-2,4659983-3,0.9067372,1.0
7649103-1,7649103-9,0.91976357,1.0
4492662-1,6305527-1,0.7755467,0.0
3827159-2,3827159-5,0.897212,1.0
5201065-4,5201065-5,0.5705436,1.0
4440474-1,4440474-2,0.8967294,1.0
6722189-2,6722189-4,0.38009182,1.0
2645136-1,555739-3,0.38239282,0.0
4307220-1,6167081-3,0.28175932,0.0
3544906-4,3544906-9,0.9136473,1.0
8474090-1,8474090-2,0.7045925,1.0
3109841-1,4049709-1,0.629448,0.0
1636634-1,3764959-1,0.30580688,0.0
4711341-1,4711341-2,0.6405025,1.0
4123281-1,4574787-2,0.19525145,0.0
5008561-1,6194714-1,0.7296853,0.0
7071887-1,7071887-4,0.17156474,1.0
6799453-1,7335879-1,0.45450836,0.0
8051170-1,8371642-2,0.3485053,0.0
1790898-2,1790898-3,0.6550446,1.0
7321844-4,8695659-1,0.31515238,0.0
8077316-1,8438750-1,0.66005605,0.0
6792401-1,6792401-3,0.5513411,1.0
3343415-1,6158927-3,0.12862495,0.0
7559181-2,7559181-3,0.59122854,1.0
3178776-1,6210665-1,0.5332222,0.0
6637358-4,6637358-6,0.81443965,1.0
8705528-4,8705528-9,0.5640477,1.0
8360293-3,8360293-9,0.7110515,1.0
5465020-1,6446537-1,0.43780437,0.0
4100447-3,4100447-5,0.60889584,1.0
3132912-1,5340937-1,0.41376227,0.0
4840810-2,4840810-3,0.7307604,1.0
7794165-1,7794165-2,0.9614851,1.0
4779351-1,7220631-1,0.34185588,0.0
3150839-1,3150839-4,0.6592057,1.0
2944857-1,2944857-4,0.39872786,1.0
8133044-13,8133044-8,0.63297987,1.0
8042811-2,8042811-5,0.7274854,1.0
4581503-1,5551286-1,0.6574164,0.0
3148996-1,7021241-1,0.28415865,0.0
3010774-2,3010774-3,0.7548143,1.0
6929121-4,6929121-6,0.32404202,1.0
7665777-1,7665777-9,0.7529044,1.0
7315137-1,7315137-4,0.87933964,1.0
5139751-1,8471443-1,0.20265654,0.0
7963417-2,7963417-7,0.7726947,1.0
5027309-3,5027309-4,0.85842735,1.0
6047837-1,7253621-1,0.065595336,0.0
3700161-1,4354087-1,0.06465079,0.0
4065275-1,4065275-2,0.7816124,1.0
3702654-3,7476338-2,0.6056959,0.0
3931215-1,5121548-1,0.2081524,0.0
4777981-1,4777981-7,0.69831884,1.0
7365853-1,7365853-2,0.6047531,1.0
6263613-1,6536236-1,0.15564078,0.0
6238561-1,6238561-2,0.79049194,1.0
5289268-3,5289268-4,0.4879337,1.0
7081584-1,7109588-1,0.124944754,0.0
7042135-1,7042135-4,0.43216544,1.0
3152183-1,3152183-2,0.7033613,1.0
4259078-1,5069236-1,0.79156274,0.0
5019473-1,5019473-4,0.75473076,1.0
2737776-1,8415956-1,0.72588253,1.0
8673864-2,8673864-4,0.4908107,1.0
4500871-2,5159176-1,0.68606997,0.0
8646190-8,8646190-9,0.6017783,1.0
6260670-1,6260670-2,0.9267786,1.0
6847994-2,6847994-4,0.85631615,1.0
6907201-2,6907201-3,0.5921978,1.0
3956953-1,7188382-1,0.42535684,0.0
4026847-1,6794398-1,0.28561863,0.0
6295374-1,6295374-2,0.5189783,1.0
4500871-2,5159176-1,0.68606997,0.0
3748431-1,3748431-2,0.90795684,1.0
8075760-1,8075760-5,0.5995354,1.0
3350215-1,7849111-1,0.66176075,0.0
3692185-1,4023098-1,0.22086094,0.0
3070676-1,7186106-1,0.3333012,0.0
3670647-2,8142391-1,0.6147187,0.0
6314796-1,6314796-2,0.27956474,1.0
8445133-2,8687796-1,0.7411184,0.0
6607705-2,6607705-3,0.9407194,1.0
4330179-2,8383597-1,0.22681108,0.0
3975209-1,3975209-2,0.80486125,1.0
3284018-1,3976550-1,0.32583088,0.0
2779312-1,3758712-1,0.17141978,0.0
7083246-1,7083246-3,0.5099334,1.0
3629344-1,7532060-1,0.35213855,0.0
2890620-1,3130473-1,0.29670137,0.0
6880481-1,8420832-1,0.31368092,0.0
6847994-2,6847994-4,0.85631615,1.0
4947757-3,4947757-4,0.7965105,1.0
6122623-1,6122623-2,0.5881817,1.0
2934585-1,8631373-1,0.59494674,0.0
5337234-3,5337234-7,0.53681064,1.0
2997285-1,3880727-1,0.21919054,0.0
3271698-3,8664757-1,0.24065089,0.0
4535005-1,4535005-2,0.19554037,1.0
6611857-10,6611857-2,0.91344076,1.0
3286781-1,5898115-2,0.4716319,0.0
3350251-1,3350251-2,0.56952125,1.0
4891829-1,6113835-1,0.29547507,0.0
3751626-1,4242491-1,0.48494148,0.0
5943729-11,5943729-7,0.713151,1.0
4094749-1,4094749-3,0.6874042,1.0
4313489-5,4313489-8,0.9377939,1.0
8559581-2,8559581-3,0.7704214,1.0
5746636-2,5746636-5,0.861846,1.0
4555936-1,6823590-1,0.059123877,0.0
4184659-2,8255708-1,0.7443543,0.0
5040579-1,5824901-1,0.17928974,0.0
4107645-1,4107645-4,0.7191721,1.0
4702300-1,4702300-5,0.8850376,1.0
6060766-4,6060766-6,0.8238045,1.0
7004772-1,7004772-2,0.6520164,1.0
4763460-1,4763460-2,0.6847755,1.0
4054591-1,4054591-2,0.5886403,1.0
4157506-1,5106230-1,0.13420656,0.0
8504030-2,8504030-5,0.7278463,1.0
6275832-2,6275832-4,0.881233,1.0
4089230-1,5114198-2,0.8013112,0.0
4560132-1,8448995-1,0.26266432,0.0
6372864-3,6507051-1,0.45704472,0.0
6824397-4,6824397-5,0.88452315,1.0
6939971-1,8364296-2,0.092450075,0.0
4094581-1,4094581-7,0.2703209,1.0
5972596-1,5972596-3,0.6535481,1.0
6481116-1,6864317-1,0.24138616,0.0
3756167-1,8493291-1,0.6833399,0.0
5322511-1,5322511-2,0.8933079,1.0
5518118-2,7688456-1,0.8044242,0.0
6300953-1,6300953-4,0.8147943,1.0
2783113-1,2783113-2,0.6184332,1.0
7683200-2,7683200-3,0.88427794,1.0
7683642-1,8152933-1,0.605865,0.0
3505333-1,7205376-1,0.5223827,0.0
6966951-2,6966951-3,0.8170667,1.0
3921299-2,7850688-1,0.30337417,0.0
6369346-1,6369346-2,0.8813903,1.0
7162669-4,7952151-2,0.12001513,0.0
4120480-1,4120480-2,0.39188713,1.0
8611606-8,8611606-9,0.744925,1.0
7446424-2,7446424-4,0.7539057,1.0
6717609-1,6821047-1,0.38664374,0.0
3232486-1,7364406-1,0.34952793,0.0
6293546-1,7891291-1,0.051430084,0.0
8476614-2,8476614-3,0.71535796,1.0
5215196-1,5215196-3,0.541668,1.0
7056328-1,7056328-2,0.73351085,1.0
2821765-1,7337592-1,0.35731,0.0
6831242-2,6831242-3,0.7247306,1.0
5601035-1,5601035-2,0.58336437,1.0
3671515-3,3671515-4,0.9119521,1.0
5315218-1,5315218-4,0.950467,1.0
4405312-4,4405312-5,0.8236917,1.0
6447420-1,6447420-3,0.85861397,1.0
3775673-1,6992716-3,0.3950392,0.0
5307848-2,5499781-1,0.6018818,0.0
2938629-1,3311090-1,0.62465745,0.0
4222113-1,7383179-1,0.4978428,0.0
3701835-3,5891952-1,0.22994113,0.0
8500978-1,8500978-2,0.5935808,1.0
5308046-1,7171607-5,0.27717733,0.0
8646190-3,8646190-8,0.92248935,1.0
3878479-1,3878479-3,0.5766843,1.0
6883863-2,6883863-4,0.7203395,1.0
6101515-1,6922397-1,0.15444186,0.0
5320317-1,6637575-1,0.17276782,0.0
5118859-1,5464515-9,0.33230716,0.0
4732258-1,8515538-4,0.35056907,0.0
8622899-1,8622899-5,0.8939949,1.0
7321844-4,8695659-1,0.31515238,0.0
7700776-1,8295969-1,0.41202295,0.0
4158768-1,6626432-1,0.41350952,0.0
3459508-2,3459508-3,0.54688174,1.0
8151272-4,8151272-7,0.7049744,1.0
2627201-1,8404425-1,0.058096826,0.0
7383746-10,7383746-7,0.93726724,1.0
8388796-2,8388796-5,0.782179,1.0
3861378-1,4224248-1,0.07616056,0.0
7234342-1,7234342-2,0.8746178,1.0
4170659-3,4170659-7,0.8922023,1.0
5768481-4,6292349-1,0.37171915,0.0
8373181-1,8373181-2,0.6256744,1.0
5393143-1,8421232-1,0.12491229,0.0
6323394-1,6323394-2,0.61750877,1.0
3474963-1,5075289-3,0.33492646,0.0
3870631-2,6221740-1,0.4461885,0.0
4496068-1,6126179-1,0.19331251,0.0
2932991-3,2932991-4,0.9559404,1.0
8088146-1,8088146-2,0.7605329,1.0
3917645-1,8357653-1,0.8483817,0.0
6718029-1,6718029-2,0.47154084,1.0
3471430-1,3471430-2,0.5731815,1.0
6438405-1,7482350-1,0.78120154,0.0
5328445-2,5328445-3,0.8408561,1.0
4944366-2,4944366-7,0.7533387,1.0
2974668-1,5147401-1,0.4252711,0.0
6007664-1,6203868-1,0.32001886,0.0
5465020-1,6446537-1,0.43780437,0.0
7421811-1,7421811-4,0.61028945,1.0
3361822-1,5682697-1,0.068025,0.0
8623195-1,8623195-4,0.3459283,1.0
4831504-2,4831504-3,0.82742214,1.0
4766804-1,4766804-3,0.90990907,1.0
2862044-1,7758257-1,0.50169456,0.0
4400931-1,8343425-1,0.18436822,0.0
5745586-5,5745586-6,0.7398341,1.0
3780548-1,4327960-1,0.34196386,0.0
6589640-1,8456593-4,0.20750262,0.0
3667308-1,8647373-1,0.5413481,0.0
5985057-1,5985057-5,0.49087626,1.0
3644296-1,3644296-3,0.6363057,1.0
4676493-2,4676493-3,0.36143297,1.0
8105697-1,8105697-4,0.11098799,1.0
7758736-4,7758736-6,0.7962921,1.0
4631740-1,5156887-1,0.12758736,0.0
8133044-13,8133044-8,0.63297987,1.0
3748431-1,3748431-2,0.90795684,1.0
5390126-1,5390126-3,0.9318035,1.0
8077172-2,8077172-21,0.55136544,1.0
3037889-1,5731429-1,0.4741459,0.0
3932602-1,3932602-2,0.38464016,0.0
5857344-4,7222518-1,0.9492064,0.0
3437272-1,3960816-1,0.60615027,0.0
6047112-1,6047112-2,0.95094347,1.0
2080628-1,7781776-1,0.22490911,0.0
3412558-1,4029459-2,0.4826996,0.0
3500982-1,4208581-1,0.17977723,0.0
7754281-1,7754281-5,0.59302026,1.0
3119975-1,3119975-4,0.38014495,1.0
4611067-2,4611067-4,0.77886474,1.0
4555936-1,6823590-1,0.059123877,0.0
4322482-1,4322482-2,0.7004645,1.0
6135216-2,6135216-5,0.60914207,1.0
7604966-1,7604966-5,0.8325262,1.0
5450457-3,5450457-5,0.68505424,1.0
2435111-1,2435111-2,0.81222683,1.0
4947865-5,4947865-7,0.86555725,1.0
2822157-2,7418552-1,0.7237964,0.0
3467773-1,4308088-5,0.54501414,0.0
8637043-1,8637043-3,0.90469563,1.0
3264539-1,8647707-1,0.34046066,0.0
8133044-14,8133044-16,0.8429525,1.0
8611551-5,8626982-1,0.6376089,0.0
5400417-1,5446890-1,0.48098284,0.0
2584076-1,5304557-1,0.14997615,0.0
1087841-4,7672393-1,0.5171895,0.0
3314837-3,8425135-2,0.40272096,0.0
6327820-1,6327820-2,0.76286143,1.0
3469403-1,6140355-1,0.43002164,0.0
6873069-2,6873069-3,0.73647505,1.0
5588617-3,8081009-1,0.7178764,0.0
7013118-1,8369553-1,0.1987817,0.0
4602778-1,4602778-2,0.14981134,1.0
3109841-1,4049709-1,0.629448,0.0
6852754-2,6852754-4,0.68944097,1.0
6397731-1,7083191-1,0.27441514,0.0
3525284-1,3746232-1,0.1472055,0.0
6042488-6,6042488-8,0.8192279,1.0
8422025-4,8422025-5,0.8271414,1.0
4040646-1,8107657-1,0.41934156,0.0
3314863-1,8576766-1,0.20805159,0.0
3254849-1,5640565-3,0.74559796,1.0
7350967-2,7350967-3,0.9828713,1.0
6976742-1,6976742-2,0.7754135,1.0
6370643-1,6370643-2,0.5800806,1.0
4290039-1,8465737-1,0.8667112,0.0
1804271-1,3980093-1,0.73108417,0.0
5308046-1,6057701-1,0.5832293,0.0
2803806-1,3212924-1,0.076270975,0.0
8244683-1,8244683-2,0.67270887,1.0
3069951-1,7912866-1,0.51959187,0.0
4037259-1,4288835-1,0.59367365,0.0
7875032-1,8371666-2,0.28791434,0.0
4054527-1,7336494-1,0.2897559,0.0
4691481-1,8247681-1,0.15928173,0.0
2931397-1,6881874-1,0.50493056,0.0
5000538-1,7952637-3,0.9009547,0.0
4174714-1,4849313-1,0.13531116,0.0
6813411-1,7537742-2,0.6920663,0.0
8515538-1,8515538-5,0.7479972,1.0
3843926-1,3843926-3,0.5527331,1.0
5518118-2,7688456-1,0.8044242,0.0
3897635-1,3897635-2,0.874367,1.0
5043195-3,8435640-2,0.43245065,0.0
6132171-1,6625641-1,0.4813898,0.0
1906806-10,1906806-2,0.9349306,1.0
3673581-1,6878343-1,0.15154836,0.0
8445133-2,8687796-1,0.7411184,0.0
3502835-1,7962324-3,0.2656872,0.0
4087859-1,7902498-1,0.26486966,0.0
6284393-4,6284393-5,0.88336146,1.0
2850862-1,7495870-1,0.05581715,0.0
6615256-2,6615256-4,0.8554049,1.0
6168519-1,6168519-2,0.4915317,1.0
4820630-1,4820630-2,0.73483044,1.0
4232228-1,8443108-2,0.29976726,0.0
7170125-1,7170125-3,0.3817761,1.0
4145480-3,5649119-2,0.6589319,0.0
5054504-1,6600103-1,0.44411063,0.0
7423211-2,7423211-3,0.5707712,1.0
6935495-1,6935495-3,0.75158954,1.0
3873319-3,3873319-7,0.51465476,1.0
3361854-1,3361854-2,0.80773866,1.0
7146196-1,7146196-3,0.74268997,1.0
2636015-2,2636015-3,0.7446868,1.0
5987393-2,6330970-1,0.3777707,0.0
6598598-6,6598598-9,0.32100046,1.0
2933728-1,4541672-6,0.7098829,0.0
5042891-1,7315059-1,0.8154348,0.0
3928346-1,6784672-1,0.19819666,0.0
6292103-1,6854071-1,0.4092639,0.0
7305484-3,7305484-4,0.2490773,1.0
5107858-1,5107858-2,0.9152325,1.0
7011274-3,7011274-5,0.80254865,1.0
7670026-1,7670026-2,0.83632606,1.0
4918484-1,7067578-1,0.72225606,1.0
6332978-1,7484740-1,0.21215568,0.0
8391342-25,8391342-33,0.71370435,1.0
6360200-2,8240598-1,0.6355837,0.0
4228210-1,6392620-1,0.4002241,0.0
5912312-2,5912312-5,0.9556997,1.0
6687795-1,6943296-1,0.4731935,0.0
2628018-1,2628018-3,0.46094492,1.0
3407032-1,3407032-4,0.51869136,1.0
8626173-1,8626173-3,0.7269178,1.0
5642131-1,5642131-11,0.6927541,1.0
8515176-1,8515176-5,0.28591248,1.0
7695605-3,7695605-5,0.82129884,1.0
6052517-1,8610878-1,0.36120296,0.0
4274852-2,4274852-3,0.8279046,1.0
5346454-1,5346454-11,0.92152405,1.0
3469907-1,6092529-1,0.26749274,0.0
7781038-2,7781038-3,0.73010975,1.0
7983582-1,8281416-1,0.06627341,0.0
4024625-2,4024625-3,0.8846432,1.0
7367386-1,7367386-10,0.7664168,1.0
7524933-2,7524933-3,0.053056132,1.0
7768392-5,7768392-8,0.88473725,1.0
3162799-2,5727644-1,0.57715356,0.0
5654018-1,6305262-1,0.18060453,0.0
4251822-1,8415779-1,0.19092922,0.0
5587134-2,5587134-4,0.6536632,1.0
2780987-1,7943416-1,0.17619267,0.0
6531118-1,6531118-3,0.86518395,1.0
4636740-1,6439386-1,0.20229736,0.0
7276580-2,7276580-3,0.9243686,1.0
6897378-1,6897378-2,0.52340764,1.0
6200068-1,6200068-2,0.9168582,1.0
6652254-1,6652254-2,0.67993486,1.0
7001130-1,8189572-1,0.11799017,0.0
3606746-1,3731623-1,0.18668601,0.0
4671226-4,7851455-8,0.86582386,0.0
1564177-2,1564177-4,0.508299,1.0
5868889-2,5868889-3,0.641764,1.0
3745102-1,3786388-1,0.52561873,0.0
8569136-5,8569136-6,0.5458947,1.0
3220111-1,7053655-7,0.6053292,0.0
3732667-1,7678230-2,0.19931485,0.0
3523596-1,6157096-1,0.58426267,0.0
7758736-4,7758736-6,0.7962921,1.0
6177625-2,6324108-1,0.2530917,0.0
4325394-1,6197536-1,0.38059413,0.0
3848621-1,6360888-1,0.30965713,0.0
4241042-1,6146672-1,0.08924592,0.0
6875521-1,8419424-1,0.38228324,0.0
6005096-1,6005096-2,0.31600282,1.0
7726407-1,7726407-2,0.3675737,1.0
5875408-1,6659587-2,0.33607978,0.0
6421383-2,6571332-1,0.4418802,0.0
6043705-1,6043705-2,0.64967144,1.0
3424642-1,4063625-1,0.31128594,0.0
7276580-2,7276580-3,0.9243686,1.0
3335575-1,5619703-1,0.22677869,0.0
5107858-1,5107858-2,0.9152325,1.0
8291460-1,8606058-1,0.21448916,0.0
3848848-1,4284497-1,0.6165658,0.0
6917467-1,8577590-1,0.66458184,0.0
8055885-1,8055885-3,0.2769968,1.0
6066702-1,6955030-1,0.25213793,0.0
5746636-2,5746636-5,0.861846,1.0
5048704-2,5048704-4,0.91856587,1.0
4460230-1,5989148-1,0.22595479,0.0
3507074-1,5858849-1,0.5734463,0.0
7316559-1,7316559-3,0.6642754,1.0
6176846-1,7322230-1,0.5888259,0.0
7533180-3,7533180-5,0.4166598,1.0
2846339-1,7873797-1,0.47348177,0.0
8377065-10,8377065-11,0.73860395,1.0
5404322-1,5569297-1,0.5311521,0.0
6156974-1,6599311-1,0.10803939,0.0
5728821-1,7164229-1,0.4761551,0.0
7385614-3,7385614-4,0.6492065,1.0
7568409-1,8035037-1,0.15251343,0.0
3639158-14,3639158-16,0.75076133,1.0
6713375-1,7834037-1,0.65155345,0.0
4545786-1,7642573-1,0.38518435,0.0
5801678-1,6503788-1,0.51811993,0.0
3173382-1,5682640-1,0.28652674,0.0
3214513-1,6476616-1,0.1800654,0.0
4310103-1,4877876-1,0.26045614,0.0
2806401-1,7784763-1,0.36493996,0.0
5372808-1,7283930-1,0.3696011,0.0
6011134-1,6887609-1,0.2318932,0.0
3371475-1,6713245-1,0.16971962,0.0
4063434-2,4063434-6,0.46204686,0.0
7265518-2,7448493-1,0.2574843,0.0
7077940-1,7360258-1,0.26202545,0.0
3364643-2,3364643-4,0.60977453,1.0
6388817-2,6388817-3,0.7843111,1.0
8570629-1,8602545-1,0.66421396,0.0
5120383-2,8283584-1,0.5121956,0.0
4993416-2,8445045-1,0.27715886,0.0
6766258-3,6766258-5,0.8870938,1.0
5042625-5,5042625-7,0.79984224,1.0
6248870-1,6248870-4,0.94043505,1.0
5360033-2,5360033-3,0.58457255,1.0
6095973-5,6095973-9,0.80054426,1.0
3361768-1,8712097-1,0.2859829,0.0
8383533-3,8383533-5,0.90451753,1.0
5981586-1,6618195-1,0.08599302,0.0
3796415-1,8185913-1,0.35857362,0.0
3010637-1,6954567-1,0.3682264,0.0
2636076-1,6524100-2,0.22736786,0.0
8178924-1,8610879-1,0.17035186,0.0
7014659-2,7014659-3,0.7774937,1.0
6611857-10,6611857-2,0.91344076,1.0
5971512-2,5971512-3,0.91238934,1.0
8391342-27,8391342-4,0.8860646,1.0
6312625-5,6312625-8,0.85375214,1.0
2821765-1,7337592-1,0.35731,0.0
3614304-1,6158700-1,0.29670525,0.0
8133774-1,8133774-2,0.88506013,1.0
7013298-2,7013298-4,0.73906404,1.0
3200155-1,7771195-1,0.095443405,0.0
5482923-2,5482923-5,0.8005857,1.0
8473938-3,8570892-1,0.80776346,0.0
6482601-2,6482601-3,0.475192,1.0
4678475-4,4678475-9,0.5727446,1.0
2850862-1,7495870-1,0.05581715,0.0
3102883-1,4333549-1,0.26749158,0.0
3114312-3,3114312-4,0.77200395,1.0
3270288-1,7529171-1,0.5160126,0.0
4094743-4,4094743-6,0.8953089,1.0
3667308-1,8647373-1,0.5413481,0.0
3803119-1,3803119-3,0.82723993,1.0
5988756-2,5988756-4,0.8462812,1.0
2997285-1,3880727-1,0.21919054,0.0
3631795-1,4377806-1,0.6046385,0.0
7001130-1,8189572-1,0.11799017,0.0
5221483-1,5221483-2,0.3532791,1.0
4390182-1,4390182-2,0.15560287,1.0
5458002-1,7989778-1,0.6735517,0.0
3666435-1,7292057-1,0.51527923,0.0
3214811-1,6215988-1,0.8427826,0.0
4955467-3,4955467-4,0.6291295,1.0
5832195-1,5832195-5,0.92591655,1.0
4695430-1,4695430-2,0.25411522,1.0
3168002-1,8159644-1,0.65841556,0.0
7852210-1,8668032-2,0.13756593,0.0
7734470-1,7734470-2,0.847961,1.0
3639158-4,3639158-5,0.645365,1.0
4610337-2,6407471-1,0.42754784,0.0
3349586-1,4228594-1,0.33207208,0.0
6095973-1,6095973-2,0.30282465,1.0
6473094-1,6473094-3,0.59594125,1.0
5903413-1,7364057-2,0.44518518,0.0
3038601-2,3038601-3,0.50403184,1.0
7106567-1,7106567-2,0.9081531,1.0
3555570-3,3555570-6,0.18877825,0.0
5726839-1,5726839-4,0.86460567,1.0
8258108-1,8258108-5,0.67081374,1.0
3125656-1,7367320-1,0.22642557,0.0
8565020-1,8565020-3,0.49210244,1.0
7196948-1,8123093-2,0.7387325,0.0
5654074-3,5654074-4,0.5063875,1.0
7485476-1,7485476-3,0.4705937,1.0
7011274-3,7011274-5,0.80254865,1.0
7476797-3,7476797-4,0.70153797,1.0
2553054-1,8530043-1,0.7460557,0.0
3830332-2,7282360-1,0.513138,0.0
6120411-1,8573194-1,0.22728403,0.0
4005186-1,8032976-1,0.5871438,0.0
5769203-1,5769203-2,0.77333397,1.0
4812083-1,4812083-2,0.7129214,1.0
4330179-2,8383597-1,0.22681108,0.0
7225378-1,7607752-1,0.14430347,0.0
6736139-1,6736139-3,0.3694336,1.0
4442263-3,5706404-1,0.31142786,0.0
4372569-1,7580785-1,0.28680444,0.0
6324859-2,6324859-4,0.52810454,1.0
7545039-1,7545039-3,0.8754297,1.0
6151349-1,8542406-1,0.4332571,0.0
3214048-2,4006608-1,0.18520655,0.0
7734470-1,7734470-2,0.847961,1.0
4195264-1,4195264-2,0.07195048,1.0
8223270-1,8538929-1,0.3248994,0.0
5339933-1,6357285-1,0.8845933,0.0
8388796-2,8388796-5,0.782179,1.0
8191643-1,8191643-3,0.52648926,1.0
5469888-1,5469888-2,0.73112625,1.0
4645357-1,7568100-1,0.44819635,0.0
8025327-1,8025327-4,0.47443056,1.0
7485476-2,7485476-5,0.6671373,1.0
5161513-2,5161513-7,0.6233105,1.0
3702654-3,7476338-2,0.6056959,0.0
6643316-3,6643316-4,0.7961942,1.0
4033899-1,5331190-1,0.7227339,0.0
8083751-1,8083751-3,0.39425462,1.0
5378862-2,5378862-3,0.46993232,1.0
3677972-1,4686639-1,0.17465185,0.0
2872603-1,4377368-1,0.2252484,0.0
8159316-1,8159316-2,0.72506684,1.0
5423709-1,5423709-2,0.32098916,1.0
4397422-1,4901810-1,0.41411388,0.0
7645293-1,7645293-2,0.40151036,1.0
4989349-2,8062245-1,0.3995568,0.0
7543135-2,7738631-1,0.08279372,0.0
2628000-1,4182779-1,0.54087996,0.0
5303845-1,5303845-2,0.55881464,1.0
3168038-1,5960513-1,0.6014324,0.0
5352878-1,5352878-3,0.781657,1.0
4325394-1,6197536-1,0.38059413,0.0
7275946-1,8404617-1,0.36218902,0.0
7299656-6,7299656-9,0.45069742,1.0
2855477-1,5953511-1,0.2946194,0.0
3350036-1,7535559-1,0.062276326,0.0
5987393-2,6330970-1,0.3777707,0.0
4626628-2,6066629-1,0.59551656,0.0
3757259-1,5674737-1,0.7533993,0.0
4364005-2,7344136-1,0.29548287,0.0
4937698-1,7459979-2,0.6874223,0.0
6156974-1,6599311-1,0.10803939,0.0
4398927-4,4398927-5,0.6923254,1.0
4439748-1,7213836-1,0.2341493,0.0
3141707-6,3141707-8,0.9186913,1.0
3267057-1,6477493-1,0.10850124,0.0
2611977-1,7497766-1,0.84339756,0.0
8028151-10,8028151-4,0.856994,1.0
5791447-1,6768263-1,0.8317747,0.0
3298519-1,3298519-2,0.65322214,1.0
3841699-1,7543102-1,0.44220012,0.0
2856359-1,2856359-2,0.16713741,1.0
6915050-1,7739021-1,0.5338909,0.0
3226297-1,7982184-1,0.32382825,0.0
2815756-6,2815756-9,0.6218703,1.0
4492317-1,7384492-2,0.24671093,0.0
3183035-1,3183035-3,0.54296535,1.0
4535012-1,6750314-1,0.6832189,0.0
3751376-1,3751376-2,0.7474249,1.0
6420325-1,8500458-1,0.33946794,0.0
8422455-2,8422455-3,0.9234545,1.0
5426022-1,7193206-1,0.056230135,0.0
3635147-1,6439376-1,0.9096202,0.0
3745875-2,8413923-1,0.2796393,0.0
7826043-1,7826043-6,0.68880886,1.0
2995998-1,3623462-1,0.46334714,0.0
4995784-1,8519668-1,0.3707413,0.0
5024452-1,8287711-4,0.2531923,0.0
7477961-4,7477961-5,0.6099919,1.0
5390126-1,5390126-3,0.9318035,1.0
6740024-1,7593212-1,0.21273895,0.0
4518634-1,4932008-1,0.36453804,0.0
4207600-1,7989559-1,0.5913352,0.0
5808087-1,5836209-1,0.63641065,0.0
6332814-1,6332814-4,0.7947595,1.0
3667307-1,3667307-5,0.76861763,1.0
6018315-1,6018315-3,0.80582863,1.0
4943058-1,5820550-1,0.11018088,0.0
3611916-1,5447535-1,0.14372672,0.0
2856400-2,2856400-4,0.83922875,1.0
5215115-3,5215115-4,0.89379406,1.0
3354861-1,8358769-1,0.14063486,0.0
4931935-1,7519964-1,0.391367,0.0
7373970-1,7373970-3,0.28512788,1.0
3660495-1,7294899-2,0.50330555,1.0
4793556-1,6836415-1,0.050908856,0.0
3557623-1,7429217-1,0.26576293,0.0
3789090-1,6177085-1,0.34201494,0.0
8436632-1,8436632-3,0.37921566,1.0
4715885-1,6101463-1,0.28993317,0.0
7644292-1,7644292-2,0.20677978,0.0
5662981-1,5662981-2,0.8745835,1.0
3186893-1,3698308-1,0.31498498,0.0
2964787-1,2964787-2,0.51382583,1.0
5515190-1,5515190-2,0.43320286,1.0
7792539-2,7792539-4,0.715501,1.0
4306070-1,4306070-2,0.6633302,1.0
5387823-3,5387823-6,0.83642197,1.0
6743228-1,6743228-2,0.47490418,1.0
4885613-1,7904161-1,0.13347061,0.0
5423380-1,5685861-2,0.24309951,0.0
6023324-4,6023324-5,0.486691,1.0
8222606-1,8222606-3,0.52538586,1.0
5939009-1,7154239-1,0.30904588,0.0
2958970-1,2958970-2,0.9362508,1.0
7164702-1,7164702-3,0.8742656,1.0
4173238-1,4173238-3,0.42314625,1.0
2908633-1,5503852-1,0.19048403,0.0
3388578-1,4689081-1,0.2697106,0.0
5192280-2,8111112-2,0.6877744,0.0
7941918-3,7941918-4,0.7198715,0.0
8436623-3,8436623-4,0.8650105,1.0
3125656-1,7367320-1,0.22642557,0.0
3892021-1,4289217-1,0.5363243,0.0
3978081-1,7256736-5,0.26858494,0.0
4531435-2,5934517-1,0.34528387,0.0
5776002-1,5984462-1,0.8388673,0.0
4973539-1,6940155-2,0.54186875,0.0
4542180-1,8415802-1,0.34755138,0.0
5648094-1,5648094-2,0.8128948,1.0
8364764-2,8364764-8,0.5481746,1.0
3870631-2,6221740-1,0.4461885,0.0
6029187-1,6416119-1,0.55812824,0.0
3400883-1,6585203-1,0.504469,0.0
3032245-1,8369656-1,0.054774422,0.0
8087369-2,8087369-3,0.6598866,1.0
7711629-4,7711629-9,0.49408197,1.0
5828261-1,7918015-1,0.14894018,0.0
6166908-1,6166908-2,0.8296352,1.0
2817495-2,2817495-3,0.81953114,1.0
8383673-1,8383673-3,0.25286102,1.0
8042811-2,8042811-5,0.7274854,1.0
3870631-2,6221740-1,0.4461885,0.0
7055463-1,7055463-3,0.79328793,1.0
5017845-5,5017845-6,0.8456181,1.0
6318083-1,6318083-3,0.6809329,1.0
5494519-1,5494519-3,0.47977933,1.0
2667616-1,2667616-2,0.84406894,1.0
4973717-1,7364491-6,0.2724548,1.0
3349586-1,4228594-1,0.33207208,0.0
4033899-1,5331190-1,0.7227339,0.0
3112085-2,7747065-1,0.51372534,0.0
4323608-1,4834819-1,0.36998856,0.0
3741924-1,8528636-2,0.19099122,0.0
7383746-2,7383746-8,0.97260696,1.0
3573578-1,3573578-2,0.7242801,1.0
3857263-1,3863829-1,0.43110296,0.0
7779730-1,8490660-2,0.23732892,0.0
6051123-1,6875172-1,0.3377623,0.0
8391342-2,8391342-30,0.7524357,1.0
5324177-1,5324177-2,0.81414616,1.0
8364764-4,8364764-8,0.7914652,1.0
6421483-1,7954243-1,0.18420444,0.0
6506424-2,6506424-3,0.5066296,1.0
8391342-27,8391342-29,0.7653152,1.0
8502507-1,8502507-2,0.32067,1.0
6749096-1,8547566-1,0.49128854,0.0
5126028-2,5126028-3,0.23109737,1.0
7096369-1,7096369-2,0.86302483,1.0
5215196-1,5215196-3,0.541668,1.0
4268508-1,7989822-1,0.3264197,0.0
8003879-8,8379666-1,0.708719,0.0
2635979-1,2635979-2,0.8952973,1.0
6498959-4,6498959-5,0.57036924,1.0
7463145-4,7463145-5,0.6169428,1.0
2546414-1,4623183-1,0.13182531,0.0
6748463-1,6748463-3,0.78751934,1.0
3785901-1,6849054-1,0.6030294,0.0
3459711-2,3459711-3,0.19947872,1.0
4674614-1,7193347-1,0.36197925,0.0
7559760-1,8237821-2,0.21649966,0.0
4216664-2,6547321-1,0.688308,1.0
8391342-21,8391342-24,0.68024975,1.0
3927090-1,3927090-2,0.40965858,1.0
4524749-1,4524749-3,0.7472648,1.0
3843917-1,3843917-2,0.5473105,1.0
8501810-1,8501810-2,0.56076,1.0
4813076-1,4813076-3,0.64982,1.0
8214898-1,8214898-2,0.49012032,1.0
6208086-2,6208086-3,0.8234269,1.0
3958573-1,4014828-1,0.38756016,0.0
3724794-5,3724794-7,0.5674137,1.0
6824397-4,6824397-6,0.74902433,1.0
7385614-3,7385614-4,0.6492065,1.0
6041957-1,6041957-2,0.637977,1.0
3240800-3,5661322-1,0.77671254,0.0
5055928-1,5619092-1,0.24621405,0.0
6984149-1,8045623-1,0.23295887,0.0
5426022-1,7193206-1,0.056230135,0.0
5968738-2,5968738-3,0.6219844,1.0
6217873-1,6543565-1,0.17928295,0.0
3639158-14,3639158-16,0.75076133,1.0
4966802-1,6668535-1,0.29538625,0.0
6645598-3,6645598-5,0.30032712,1.0
8391342-16,8391342-17,0.9329523,1.0
4271393-1,7500185-1,0.59230274,0.0
2649865-1,3447637-1,0.105138086,0.0
4377782-1,8018181-1,0.12661162,0.0
7982799-2,7982799-3,0.93283564,1.0
3800381-6,3800381-7,0.1150397,0.0
5745586-5,5745586-6,0.7398341,1.0
7434251-2,7434251-3,0.6474231,1.0
3471430-1,3471430-2,0.5731815,1.0
3464897-1,4136642-2,0.25105548,0.0
3785593-3,7020719-1,0.55756927,0.0
4162020-4,4162020-5,0.56242734,1.0
8084681-1,8084681-3,0.40865633,1.0
7303855-1,8007422-1,0.55706614,0.0
7008770-2,7008770-3,0.36304727,1.0
2645136-1,555739-3,0.38239282,0.0
4192832-1,5015569-1,0.27994105,0.0
6204624-1,6204624-2,0.24216795,1.0
3390432-1,3390432-2,0.41914624,1.0
2934585-1,8631373-1,0.59494674,0.0
3358600-1,5412970-1,0.32537535,0.0
2809462-1,2809462-3,0.9415115,1.0
4251822-1,8415779-1,0.19092922,0.0
4593990-1,4593990-2,0.6843328,1.0
6007433-1,6788312-1,0.30226254,0.0
5245930-1,7044108-1,0.11429108,0.0
4005090-1,7588309-1,0.33790103,0.0
8077172-2,8077172-21,0.55136544,1.0
3665217-1,4939210-1,0.23511818,0.0
6880481-1,8420832-1,0.31368092,0.0
3388577-1,3888852-1,0.31495804,0.0
6813687-1,7443679-1,0.079807885,0.0
3822414-3,3822414-5,0.94369715,1.0
8560865-1,8560865-2,0.26827914,1.0
8554378-2,8554378-3,0.9118826,1.0
3410005-1,3410005-2,0.7531985,1.0
5057447-1,5057447-4,0.08165707,1.0
5704783-1,5704783-2,0.3945846,1.0
3830790-1,7420727-1,0.09236508,0.0
6113389-1,6113389-4,0.6121965,1.0
3853903-1,3853903-3,0.30711448,1.0
7176025-2,7778374-1,0.5425038,0.0
5214600-1,6188040-1,0.60453385,0.0
8464303-1,8464303-2,0.8110305,1.0
3155122-1,7869367-2,0.38594213,0.0
5532902-1,7803163-1,0.45922402,0.0
8083869-3,8083869-5,0.85463095,1.0
4061211-1,6076903-1,0.03318088,0.0
8483017-1,8636200-1,0.08532601,0.0
6796738-1,6796738-2,0.862616,1.0
6486600-3,6486600-6,0.6491542,1.0
1395322-1,1395322-3,0.94273263,1.0
4720199-2,4720199-3,0.89983624,1.0
7203783-2,7857668-1,0.20551719,0.0
7385574-1,7385574-2,0.6828539,1.0
7383746-2,7383746-8,0.97260696,1.0
7779730-1,8490660-2,0.23732892,0.0
6940155-2,6940155-3,0.80613154,1.0
4304151-1,6530031-1,0.20679219,0.0
7457301-1,8154941-1,0.20504846,0.0
4049017-1,4181213-1,0.43343565,0.0
6362702-6,6362702-8,0.6420859,1.0
5248450-1,5984270-1,0.53125215,0.0
3263067-1,3687721-1,0.3767399,0.0
4760030-1,5404631-1,0.2120554,0.0
7706373-1,8610930-1,0.26466343,0.0
4681080-1,7784112-1,0.34259593,0.0
3201580-1,3201580-2,0.57179767,1.0
4943058-1,5820550-1,0.11018088,0.0
5582565-1,5719915-1,0.39232734,0.0
6683567-1,6683567-2,0.6197789,1.0
3521487-1,3521487-2,0.49350393,1.0
4302357-1,5558370-1,0.19718191,0.0
7714405-1,7714405-2,0.7323694,1.0
6902399-1,6902399-2,0.9218423,1.0
6060766-4,6060766-6,0.8238045,1.0
1702536-4,1702536-5,0.51978636,1.0
5077241-1,5077241-3,0.94453603,1.0
7364183-2,7685842-1,0.19738005,0.0
3291707-1,8188865-1,0.27187136,0.0
7773689-1,7773689-3,0.88874435,1.0
5029321-1,8192795-1,0.07383369,0.0
7593724-5,7593724-6,0.47417125,1.0
3918532-1,3918532-2,0.92677516,1.0
2809462-1,2809462-3,0.9415115,1.0
3995150-1,4468993-1,0.62828845,0.0
8386154-11,8386154-5,0.6079391,1.0
2783122-1,4700638-3,0.14820622,0.0
5025568-1,6663284-1,0.10936788,0.0
6077891-1,8371419-1,0.11097783,0.0
8628095-1,8628095-2,0.44376704,1.0
2769338-1,6744741-1,0.73237777,0.0
7029452-2,7557114-1,0.070345275,0.0
2693557-1,4929363-2,0.14398608,0.0
1904453-1,7704158-1,0.12023509,0.0
7431496-1,8200779-1,0.10781975,0.0
4546785-1,4546785-3,0.7818671,1.0
8570629-1,8602545-1,0.66421396,0.0
8669739-1,8669739-2,0.12572098,1.0
2915398-1,2915398-2,0.495779,1.0
5828042-1,7315262-1,0.18372124,0.0
5248450-1,6284872-1,0.5699317,0.0
7164702-1,7164702-3,0.8742656,1.0
4392491-3,7252754-1,0.84961945,0.0
8193993-1,8193993-2,0.8275508,1.0
5988756-2,5988756-4,0.8462812,1.0
4302550-2,4789036-1,0.7331564,0.0
7011514-1,8440069-1,0.19086426,0.0
5684811-1,5684811-2,0.7126628,1.0
3505333-1,7205376-1,0.5223827,0.0
3956996-1,6301901-1,0.08961702,0.0
7711629-1,7711629-6,0.91535926,1.0
7543102-1,7543102-4,0.869695,1.0
4594215-1,5734472-1,0.7260295,0.0
6713097-4,6713097-7,0.56230384,1.0
2993985-1,5733975-3,0.14824364,0.0
4816024-1,7370676-1,0.28628063,0.0
3866672-1,3866672-2,0.4377609,1.0
4255128-1,7787847-1,0.63700026,0.0
8611551-5,8626982-1,0.6376089,0.0
8158287-1,8158287-4,0.77597,1.0
6205782-1,7023760-1,0.048505504,0.0
7819403-1,7819403-2,0.16421308,1.0
7568822-3,7568822-4,0.9348085,1.0
4155887-3,4155887-4,0.9312539,1.0
3523596-1,6157096-1,0.58426267,0.0
6473094-1,6473094-3,0.59594125,1.0
6824397-6,7352146-1,0.1970005,0.0
4173580-1,4173580-2,0.8020697,1.0
4010003-1,7313138-1,0.26247168,0.0
4440474-1,4440474-2,0.8967294,1.0
8641026-1,8641026-4,0.6265829,1.0
3459706-1,8362994-1,0.41913128,0.0
2840741-1,7515789-1,0.47341698,0.0
4271392-1,6144491-2,0.5794315,0.0
3697985-3,3697985-4,0.66822845,1.0
5040587-1,7396391-2,0.28802696,0.0
5043255-4,5043255-5,0.76408875,1.0
4518634-1,4932008-1,0.36453804,0.0
4397373-1,4397373-3,0.3272079,1.0
4807174-1,4807174-2,0.80400527,1.0
2994792-1,2994792-2,0.3108003,1.0
5574418-1,5574418-2,0.47773588,1.0
2908797-1,8004176-8,0.17726737,0.0
3891065-1,5325004-1,0.29575595,0.0
6711615-1,7922450-1,0.7545794,0.0
6935495-1,6935495-3,0.75158954,1.0
4389099-1,7292116-1,0.5804867,0.0
5597918-1,6600092-1,0.47641867,0.0
2993985-1,5733975-3,0.14824364,0.0
4777948-2,4777948-6,0.8367198,1.0
3747622-1,6174779-2,0.34881502,0.0
8179970-1,8179970-3,0.773487,1.0
8408424-1,8408424-2,0.73040754,1.0
2627816-2,2627816-3,0.76376325,1.0
6066702-1,6955030-1,0.25213793,0.0
3830248-1,7425835-2,0.28885508,0.0
5382461-1,6857580-1,0.36949116,0.0
4689080-1,6929121-5,0.56701344,0.0
3271698-3,8664757-1,0.24065089,0.0
7981640-1,7981640-3,0.5426037,1.0
3634204-1,7198083-1,0.23530033,0.0
5682741-4,5682741-5,0.89278334,1.0
4776589-1,4776589-3,0.8453725,1.0
5649433-1,5649433-2,0.49713364,1.0
3109841-1,4049709-1,0.629448,0.0
4245924-2,4245924-3,0.4702857,1.0
5898109-1,7360218-1,0.53493464,0.0
8422025-1,8422025-5,0.8206609,1.0
8391342-16,8391342-33,0.78041524,1.0
7577788-1,7577788-2,0.45612887,1.0
3639158-15,3639158-16,0.9308749,1.0
3132318-1,6406201-1,0.5284298,0.0
4162020-4,4162020-5,0.56242734,1.0
5846702-1,7752577-1,0.23368691,0.0
3034078-1,8702295-1,0.40101475,0.0
5077241-3,5077241-5,0.8420282,1.0
4362994-1,4676217-1,0.22768144,0.0
4794526-1,8568035-1,0.3233596,0.0
6214173-3,6214173-4,0.8191039,1.0
4319353-2,4319353-3,0.9101635,1.0
2783113-1,2783113-2,0.6184332,1.0
5100168-2,5100168-3,0.6243471,1.0
7485476-2,7485476-4,0.8869275,1.0
8077172-10,8077172-12,0.8286437,1.0
5308046-1,6057701-1,0.5832293,0.0
3570192-4,5562341-1,0.39946452,0.0
2740025-1,2740025-2,0.88968974,1.0
8360293-3,8360293-9,0.7110515,1.0
4560152-1,7888978-1,0.050478745,0.0
8182236-2,8182236-4,0.91448104,1.0
7011274-3,7011274-5,0.80254865,1.0
4182018-1,7591671-1,0.08320495,0.0
7357015-1,7902762-1,0.30977386,0.0
5821967-1,6537290-1,0.14893094,0.0
3645620-4,3645620-5,0.9491497,1.0
3214513-1,6476616-1,0.1800654,0.0
6208086-2,6208086-3,0.8234269,1.0
8214898-1,8214898-2,0.49012032,1.0
3502796-1,3502796-2,0.78904843,1.0
4042138-3,4042138-5,0.48360252,1.0
3205378-1,4298924-1,0.42391384,0.0
8090807-1,8090807-2,0.5046649,1.0
3099217-1,7398708-1,0.12008239,0.0
7265421-1,7695605-5,0.17675333,0.0
3892233-1,5885042-1,0.74348664,0.0
4357039-1,4357039-3,0.4164706,1.0
3635220-1,7297480-1,0.6470214,0.0
4281442-1,5590770-1,0.629988,0.0
4676252-2,4676252-3,0.8826208,1.0
4123504-3,4123504-6,0.8937924,1.0
7675634-2,7675634-3,0.7484965,1.0
5940681-2,5940681-4,0.73911744,1.0
2861021-1,5883438-1,0.22914068,0.0
4515513-3,4515513-4,0.7276247,1.0
2626786-1,5298529-1,0.25288853,0.0
3726924-2,3726924-3,0.8215172,1.0
3510916-1,5343649-1,0.20782712,0.0
5952278-1,5952278-3,0.8214964,1.0
4313064-1,5473309-1,0.065851904,0.0
6029437-2,6029437-3,0.62796247,1.0
6166013-1,6166013-2,0.24479356,1.0
7644292-1,7644292-2,0.20677978,0.0
7061516-1,7061516-2,0.5913709,1.0
3631795-1,4377806-1,0.6046385,0.0
5103332-2,5103332-3,0.4181583,1.0
6898930-1,6898930-2,0.10375093,1.0
4189240-1,5568184-1,0.2655333,0.0
5364769-1,5364769-2,0.7974778,1.0
6683483-1,7138425-1,0.4393295,0.0
5415937-1,5763207-1,0.29704586,0.0
1388246-1,6095652-2,0.30557933,0.0
4763574-2,4763574-3,0.82367337,1.0
8500978-1,8500978-2,0.5935808,1.0
5848582-2,5848582-4,0.7692469,1.0
4421382-1,7602521-3,0.32615536,0.0
4919970-1,6991144-1,0.5463879,0.0
7784239-4,7784239-7,0.7483908,1.0
4164326-1,5644696-1,0.045622524,0.0
6903879-1,7571954-1,0.16041009,0.0
3679789-1,3679789-2,0.30216062,1.0
6589640-1,8456593-4,0.20750262,0.0
5137971-1,5137971-5,0.8262718,1.0
4383130-1,4651644-1,0.39114594,0.0
6846306-1,7875147-1,0.14148593,0.0
3690703-1,4107623-1,0.22177398,0.0
518976-2,8634485-1,0.38073158,0.0
6062703-2,6062703-4,0.8433752,1.0
6095652-2,6095652-4,0.47211012,1.0
2783122-1,4700638-3,0.14820622,0.0
3891612-2,5977079-7,0.6282981,0.0
3265699-1,3265699-3,0.8620238,1.0
4093735-1,8557174-1,0.49304858,0.0
3666435-1,7292057-1,0.51527923,0.0
5649805-3,5649805-4,0.9552551,1.0
7737542-1,8645975-1,0.16199593,0.0
8171131-1,8171131-2,0.8533276,1.0
5464515-5,5464515-7,0.6977716,1.0
7983550-1,7983550-2,0.6366862,1.0
3627713-1,8360748-1,0.4122528,0.0
5100168-1,5100168-2,0.8421911,1.0
5642131-14,5642131-9,0.91251767,1.0
3986960-1,5728764-1,0.40023816,0.0
6819293-1,6827854-1,0.23707339,0.0
7055463-4,7057106-2,0.7522959,0.0
7163239-4,7365035-1,0.5424531,0.0
5751898-1,8641632-2,0.18671294,0.0
4136959-7,4943302-1,0.6238578,0.0
6389012-1,6389012-2,0.5838565,1.0
7000928-1,7000928-2,0.8983479,1.0
2631494-1,6179102-1,0.4205782,0.0
4415178-1,4415178-4,0.9166447,1.0
2964787-1,2964787-2,0.51382583,1.0
4347730-1,6320170-1,0.3496726,0.0
4338667-1,5031857-1,0.1007121,0.0
4075213-3,4075213-5,0.9549645,1.0
5288423-3,5288423-7,0.93087834,1.0
4830366-1,4830366-2,0.5983234,1.0
7756575-2,8645975-3,0.14553356,0.0
1687152-1,8015043-1,0.15861249,0.0
3263165-3,3970042-1,0.12017352,0.0
8326013-1,8326013-3,0.80405235,1.0
7319780-2,7319780-3,0.6833226,1.0
4816771-1,4816771-2,0.33538845,1.0
3866831-1,5838268-1,0.56681055,0.0
4931935-1,7519964-1,0.391367,0.0
8415640-2,8415640-5,0.549647,1.0
6594285-1,6728653-1,0.6506789,0.0
7819403-1,7819403-2,0.16421308,1.0
3206442-1,7764537-1,0.17016631,0.0
3433557-1,8093766-1,0.41188195,0.0
6382493-1,6382493-3,0.37229037,1.0
5222632-2,5525505-1,0.21144849,0.0
3843917-1,8550050-4,0.12680876,0.0
5396409-1,8586889-1,0.43009517,1.0
5416792-1,8607350-1,0.5342636,0.0
4302357-1,5558370-1,0.19718191,0.0
2827140-3,2827140-4,0.45080325,1.0
5688867-1,5688867-2,0.6844197,1.0
4760030-1,5404631-1,0.2120554,0.0
3863411-1,8481042-1,0.56692135,0.0
3840787-1,5440613-1,0.73185456,0.0
7983550-1,7983550-2,0.6366862,1.0
6446325-1,7717722-1,0.049213838,0.0
7607618-1,7607618-2,0.43845892,1.0
3785901-1,3785901-2,0.6986006,1.0
5118514-1,5118514-3,0.72921526,1.0
2815756-2,2815756-5,0.62488234,1.0
6357654-1,6928473-1,0.37111315,0.0
3810058-1,4276615-1,0.03729149,0.0
8611606-4,8611606-8,0.44396052,1.0
4722931-1,6410385-1,0.3844238,0.0
3935303-1,5444672-1,0.6009459,0.0
3638551-1,8265109-1,0.12463474,0.0
3713764-1,8520139-1,0.24147527,0.0
6389012-1,6389012-2,0.5838565,1.0
5005326-1,5512412-1,0.5039916,0.0
8079768-1,8079768-2,0.6812414,1.0
3459508-5,4244744-1,0.6498707,0.0
3116130-3,4463226-1,0.39767677,0.0
6547447-4,8330607-1,0.23691997,0.0
6732602-2,6732602-5,0.24646734,1.0
4720275-1,4720275-2,0.9461405,1.0
4279969-1,4279969-4,0.68924016,1.0
4415178-1,4415178-4,0.9166447,1.0
5359765-1,6291887-1,0.39233905,0.0
8004176-5,8004176-7,0.9286482,1.0
4353272-6,4353272-7,0.94097024,1.0
3556846-2,8578821-1,0.42311954,0.0
6701391-3,8272405-1,0.6292332,0.0
3410005-1,3410005-2,0.7531985,1.0
4792615-2,7852651-1,0.50482416,0.0
7793325-2,7793325-3,0.42328405,1.0
4737841-1,4737841-2,0.45290235,1.0
3168384-1,6965199-1,0.029765382,0.0
4550000-3,6790035-1,0.82307494,0.0
4529691-3,6460612-1,0.0746289,0.0
6593915-1,6593915-7,0.6382152,1.0
5024452-1,8287711-4,0.2531923,0.0
6305099-1,7690554-1,0.2552647,0.0
2827140-3,2827140-4,0.45080325,1.0
8288200-1,8288200-2,0.7630391,1.0
2726522-1,3484303-1,0.12124582,0.0
7353707-2,7353707-4,0.83637255,1.0
6611857-6,6611857-9,0.79821384,1.0
6824397-6,7352146-1,0.1970005,0.0
4423003-1,5117983-1,0.36246377,0.0
6636700-1,7218456-1,0.31880784,0.0
5655631-1,5838924-1,0.6458962,0.0
3355351-2,3355351-5,0.8050153,1.0
4421974-10,4421974-9,0.2182359,1.0
8025810-1,8025810-3,0.56939834,1.0
4026547-2,8039198-1,0.4914891,0.0
8188933-1,8188933-2,0.8543344,1.0
529263-2,529263-6,0.89163935,1.0
6286717-1,6766145-1,0.30405462,0.0
5909360-1,5909360-4,0.5180276,1.0
8123252-1,8165742-1,0.18291211,0.0
5847931-1,8565014-1,0.2386817,0.0
7029340-1,8552420-1,0.34507015,0.0
7830173-2,7830173-3,0.6110043,1.0
6211912-1,6211912-2,0.5537332,1.0
3513240-2,5889891-1,0.20504692,0.0
2876834-1,2876834-3,0.46986857,1.0
7433066-1,7510479-1,0.76211107,1.0
2908654-2,2908654-3,0.7478153,1.0
8515176-2,8515176-4,0.5258469,1.0
8084738-1,8084738-2,0.38361505,1.0
4832259-2,8145651-1,0.14043808,0.0
3671515-3,3671515-4,0.9119521,1.0
2934585-1,8631373-1,0.59494674,0.0
3830360-1,4745599-1,0.2636378,0.0
7104189-1,7838088-1,0.79596984,0.0
8574092-1,8574092-4,0.44296587,1.0
4361956-1,7840235-1,0.3583479,0.0
3775321-1,4471754-1,0.37307394,0.0
4793788-1,8648134-1,0.3524337,0.0
5434259-1,7511512-1,0.41158774,0.0
8151272-3,8151272-4,0.84067595,1.0
4891610-1,7947173-3,0.15776093,0.0
7524604-1,8548202-1,0.47659627,0.0
6311234-1,7253935-1,0.1792994,0.0
3667314-1,5498116-1,0.4797838,0.0
7276577-1,8665631-1,0.08436833,0.0
4812219-2,7327389-1,0.42493564,0.0
2626575-3,2626575-4,0.58056587,1.0
2687548-3,2687548-5,0.9433251,1.0
5040565-1,7361504-1,0.09723211,0.0
4034504-1,4034504-2,0.6646657,1.0
4221920-1,4221920-2,0.90281886,1.0
8386154-1,8386154-7,0.38310137,1.0
3843917-1,8550050-4,0.12680876,0.0
6380751-1,7879370-1,0.6049367,0.0
8279986-2,8279986-3,0.8003299,1.0
4855418-1,5443128-1,0.20964363,0.0
6189630-1,8628776-5,0.4086364,0.0
8416255-1,8416255-2,0.41596228,1.0
3148996-1,7021241-1,0.28415865,0.0
4549539-1,7535648-1,0.55168515,0.0
7183776-1,8462473-1,0.1480666,0.0
5337234-4,5337234-9,0.89590627,1.0
4678475-6,4678475-8,0.6729821,1.0
5572848-1,6898921-1,0.7916125,0.0
7425835-1,7488555-1,0.180006,0.0
6031991-2,6326137-1,0.12076794,0.0
5075602-1,5075602-2,0.560501,1.0
4540516-1,7900534-1,0.4769362,0.0
4518634-1,4932008-1,0.36453804,0.0
8284755-1,8721166-1,0.4761863,0.0
7693123-2,7693123-6,0.83457047,1.0
6525217-1,6819534-2,0.22058831,0.0
2249601-1,5791344-1,0.25159112,0.0
7203783-2,7857668-1,0.20551719,0.0
6198602-1,6357919-1,0.20812681,0.0
8674165-6,8674165-7,0.8937766,1.0
5591119-1,5591119-2,0.591207,1.0
4549539-1,7535648-1,0.55168515,0.0
3275504-1,3502413-2,0.24802735,0.0
3394863-1,3394863-3,0.7036214,1.0
7383225-3,7383225-5,0.8636256,1.0
8377065-4,8377065-6,0.450107,1.0
6062666-1,7312278-1,0.48965225,0.0
6952478-1,8159654-1,0.56756,0.0
3130473-1,3130473-2,0.39721885,1.0
3051894-1,6713256-1,0.63322306,0.0
7290261-2,7290261-3,0.6672248,1.0
4748557-1,7536520-1,0.44569665,0.0
8249843-2,8249843-3,0.6776257,1.0
8393241-10,8393241-8,0.441444,1.0
4083205-1,4638091-1,0.09549999,0.0
6744799-1,7417317-1,0.525001,0.0
6118110-1,6230366-1,0.3312213,0.0
8218079-1,8218079-2,0.101974264,1.0
7773299-2,7773299-3,0.7563188,1.0
3350251-1,3350251-2,0.56952125,1.0
7781983-1,7781983-3,0.502128,1.0
4763574-2,4763574-3,0.82367337,1.0
6728972-1,7891040-1,0.077856675,0.0
2772268-2,2772268-3,0.57847774,1.0
7793119-1,8624929-1,0.1359565,0.0
5981586-1,6618195-1,0.08599302,0.0
8474637-3,8474637-4,0.78536576,1.0
6095652-2,6095652-3,0.5626484,1.0
5962620-2,5962620-4,0.7323459,1.0
7011274-1,7011274-4,0.63976127,1.0
5187474-2,5187474-3,0.52601516,1.0
6788313-3,6788313-4,0.8343575,1.0
8360293-1,8360293-5,0.82470894,1.0
3037889-1,5731429-1,0.4741459,0.0
7203783-2,7857668-1,0.20551719,0.0
7797430-1,8391634-1,0.6202054,0.0
3978052-1,3978052-2,0.78583026,1.0
4531931-1,8476880-1,0.79635507,0.0
2726128-2,2726128-7,0.41519308,1.0
8191643-1,8191643-2,0.60900354,1.0
7171659-1,8641367-1,0.20918511,0.0
8391342-16,8391342-22,0.76289254,1.0
3677972-1,4686639-1,0.17465185,0.0
6124800-1,7053798-2,0.17687677,0.0
3637811-2,4347757-1,0.50776917,0.0
6723649-1,7132961-1,0.32886565,0.0
4079404-1,8664298-1,0.102470756,0.0
4359697-1,8452862-1,0.63307226,0.0
6282116-1,6282116-3,0.82833076,1.0
5042625-3,5042625-7,0.9231177,1.0
6411332-1,7276158-1,0.26015243,0.0
7871723-1,8065519-2,0.4164775,0.0
6438405-1,7482350-1,0.78120154,0.0
5263879-2,5263879-4,0.7728043,1.0
7273174-3,7273174-4,0.9472337,1.0
8155578-5,8155578-6,0.79639786,1.0
8391342-16,8391342-33,0.78041524,1.0
4217061-1,4217061-2,0.67643505,1.0
6211912-1,6211912-2,0.5537332,1.0
8290849-2,8514746-3,0.26098737,0.0
7303768-1,8713581-1,0.48451492,0.0
8391342-25,8391342-7,0.93510526,1.0
3051894-2,3051894-3,0.57942224,1.0
5122605-2,8147490-1,0.09865512,0.0
8075760-1,8075760-3,0.8474009,1.0
4138773-1,6884880-2,0.7380846,0.0
3653244-1,4898119-1,0.54910237,0.0
5998279-1,8016381-1,0.36196008,0.0
5062904-1,5974685-1,0.46412784,0.0
6791093-2,6791093-3,0.42846313,1.0
8109047-1,8109047-2,0.6698881,1.0
5764217-1,8387062-1,0.60136074,0.0
5900559-1,5900559-4,0.8650632,1.0
4177065-2,6159116-1,0.43040976,0.0
6347353-1,6547447-5,0.34347615,0.0
6246865-1,6246865-3,0.19346626,1.0
8532053-1,8532053-2,0.31659666,1.0
3897091-1,3897091-4,0.9787623,1.0
3957503-1,3957503-2,0.69810116,1.0
3685644-1,8155807-1,0.09803078,0.0
6305099-1,7690554-1,0.2552647,0.0
2737771-1,4738830-1,0.27541116,0.0
8077172-10,8077172-12,0.8286437,1.0
8705528-12,8705528-14,0.8459828,1.0
3785593-3,7020719-1,0.55756927,0.0
6299528-5,6299528-6,0.94851947,0.0
6639680-2,6639680-6,0.7900009,1.0
5692993-1,6459065-1,0.40545613,0.0
7559760-1,8237821-2,0.21649966,0.0
2584074-1,4357681-1,0.52168006,0.0
8077316-1,8438750-1,0.66005605,0.0
6668050-1,8319961-1,0.03427632,0.0
3373979-1,7519275-1,0.2749024,0.0
7268154-1,7268154-2,0.5693539,1.0
5965133-2,8170622-1,0.34151337,0.0
5822822-1,6557407-1,0.78553504,0.0
7040871-1,7040871-2,0.46193355,1.0
7440256-1,7440256-2,0.63209325,1.0
2815756-10,2815756-3,0.7245267,1.0
8411760-1,8411760-4,0.7201598,1.0
4268508-1,7989822-1,0.3264197,0.0
8423165-3,8423165-5,0.7923299,1.0
4185326-1,6567761-2,0.44321954,0.0
5054641-1,5799649-1,0.30079356,0.0
4447152-1,4447152-2,0.3126556,1.0
5642131-13,5642131-5,0.85012245,1.0
5167315-1,7358953-1,0.70094424,0.0
5290791-2,5290791-3,0.5751637,1.0
7854335-3,7854335-4,0.44729644,1.0
3927005-1,7685842-1,0.22176851,0.0
7364183-2,7685842-1,0.19738005,0.0
4955437-1,5465723-1,0.4483566,0.0
6636068-1,8270715-2,0.32072136,0.0
6205315-1,6205315-2,0.42632374,1.0
3112085-2,7747065-1,0.51372534,0.0
6792944-3,6792944-4,0.6371545,1.0
6956559-2,6956559-3,0.51659054,1.0
4407315-1,8352636-1,0.6746797,0.0
8395467-3,8395467-4,0.49169818,1.0
7726407-1,7726407-2,0.3675737,1.0
3853465-1,3853465-4,0.2773476,1.0
4607013-1,6018257-2,0.5327587,0.0
6149306-1,6149306-3,0.6050979,1.0
6603826-1,8476401-3,0.09571905,0.0
6831184-1,6856227-1,0.8086584,0.0
4145547-2,8442218-1,0.49364787,0.0
3412810-1,5662332-1,0.059992846,0.0
5759073-6,5759073-7,0.9343616,1.0
6531111-1,6531111-2,0.41247424,1.0
6260410-1,6260410-2,0.8069844,1.0
7168954-1,7168954-3,0.6982077,1.0
7663930-1,7663930-4,0.7521039,1.0
3712386-1,3712386-3,0.6984938,1.0
2765184-1,7306366-2,0.82387567,0.0
2821771-1,7152526-1,0.43877554,0.0
8464303-2,8464303-3,0.796508,0.0
2629953-1,2629953-2,0.50004554,1.0
5449370-1,8610467-1,0.32466784,0.0
3737622-2,3737622-4,0.35333186,1.0
6791275-1,6791275-2,0.6791705,1.0
6380677-1,8567533-1,0.48605126,0.0
3364643-2,4219198-1,0.13763393,0.0
4013344-1,4013344-2,0.6055643,1.0
5731037-1,8593993-1,0.46436453,0.0
8482808-1,8482808-4,0.40049902,1.0
3258229-2,3258229-5,0.7888587,1.0
5828922-1,8036065-1,0.6854702,0.0
3095553-1,6837609-1,0.66470885,0.0
5946425-1,5989544-1,0.6655563,0.0
7901714-1,8256994-1,0.24490528,0.0
8075760-1,8075760-5,0.5995354,1.0
6444229-1,7549992-1,0.14934863,0.0
3678532-3,7745610-1,0.34686112,0.0
8391342-31,8391342-9,0.5078019,1.0
3956953-1,7188382-1,0.42535684,0.0
7132571-1,7132571-2,0.40845418,1.0
4500843-1,8005229-1,0.5876742,0.0
8019170-1,8019170-2,0.5252652,1.0
6214173-3,6214173-4,0.8191039,1.0
3899588-1,5177692-1,0.88931423,0.0
5941976-1,5941976-4,0.7326989,1.0
3852596-1,4217767-1,0.26385882,0.0
3458969-1,3458969-4,0.7994327,1.0
6908544-3,6908544-4,0.78940356,1.0
4478336-1,4478336-5,0.88161767,1.0
8359534-2,8359534-5,0.6367414,1.0
4762988-2,4762988-3,0.86856526,1.0
2876699-1,4391184-1,0.34971905,0.0
5637006-1,5637006-4,0.49648467,1.0
5356989-1,5356989-2,0.62485385,1.0
4682019-1,6366372-1,0.27530006,0.0
2526092-1,3068105-1,0.1712289,0.0
3601282-1,3665239-1,0.4009974,0.0
8096340-1,8096340-3,0.9208447,1.0
2827140-3,2827140-4,0.45080325,1.0
3891612-3,8259393-1,0.34030855,0.0
2908797-1,8004176-8,0.17726737,0.0
2518134-3,2518134-6,0.8737595,1.0
3051894-2,3051894-3,0.57942224,1.0
3789436-1,6745101-1,0.8054777,0.0
4553364-1,7050623-2,0.5273135,0.0
3659888-1,3659888-2,0.78427845,1.0
4584512-1,7395378-1,0.37587494,0.0
3804044-1,3804044-3,0.5182645,1.0
7649103-1,7649103-9,0.91976357,1.0
7336985-1,7336985-2,0.5129105,1.0
3785901-1,3785901-2,0.6986006,1.0
6951159-1,8094050-2,0.21545155,0.0
2586017-1,6196664-1,0.4879148,0.0
6721917-1,6721917-3,0.5123719,1.0
6925859-1,6925859-2,0.21683472,1.0
7474560-2,7474560-3,0.4142254,1.0
3022785-1,3022785-2,0.6596634,1.0
4626627-1,4626627-2,0.4923406,1.0
5346945-1,8255048-1,0.075807884,0.0
8424655-1,8424655-2,0.20491187,1.0
3275945-1,6370013-1,0.5047566,0.0
2889853-1,4421636-1,0.7354395,0.0
3843640-5,3843640-6,0.90177906,1.0
3876310-1,3942268-1,0.4127339,0.0
3095789-3,7452805-2,0.5080805,0.0
3920611-5,3920611-6,0.9190511,1.0
6005396-1,7596536-1,0.47219235,0.0
2815756-5,2815756-9,0.7736071,1.0
5985621-1,8257035-1,0.4430555,0.0
7054188-1,7054188-2,0.20838498,1.0
6277870-2,6277870-6,0.83221424,1.0
2614946-1,6424340-1,0.27005878,0.0
4770648-2,7784812-1,0.32752982,0.0
4558752-1,6731007-1,0.13796216,0.0
8560865-1,8560865-2,0.26827914,1.0
4765255-2,4765255-6,0.33381125,1.0
4969854-1,8400463-1,0.3871405,0.0
5494519-2,5494519-3,0.3135805,1.0
4120480-1,4120480-2,0.39188713,1.0
3794648-1,4967432-1,0.79653144,0.0
7584821-2,7584821-3,0.9033218,1.0
3667328-1,6367833-1,0.28873014,0.0
4955044-1,4955044-3,0.8772749,1.0
7908211-1,8259521-1,0.4796824,0.0
4246490-1,6034130-1,0.3610687,0.0
5988756-2,5988756-4,0.8462812,1.0
2626702-1,8058662-1,0.13968414,0.0
6251240-1,7193879-1,0.4936249,0.0
6370060-2,6370060-3,0.5717852,1.0
4931820-1,4931820-3,0.7745961,1.0
6060766-4,6060766-6,0.8238045,1.0
4466787-1,7850036-1,0.568784,0.0
4132206-1,4132206-2,0.8496536,1.0
3349586-1,4228594-1,0.33207208,0.0
4518634-1,4932008-1,0.36453804,0.0
4676848-1,5043257-1,0.4423877,0.0
3216882-1,6332565-1,0.92293733,0.0
6702865-2,6702865-3,0.90628064,1.0
6929121-4,6929121-6,0.32404202,1.0
4319353-3,4319353-4,0.40087128,1.0
2804097-1,6450595-1,0.092660174,0.0
2627235-1,7220086-1,0.6691221,0.0
2734018-1,4073452-1,0.6996107,0.0
7160714-1,7160714-2,0.3423833,1.0
5538244-1,8078440-1,0.6149618,0.0
4857363-1,4857363-2,0.64731246,1.0
8700649-2,8700649-4,0.39061368,1.0
2803854-1,4799239-1,0.12779053,0.0
6643316-1,6643316-3,0.59773034,1.0
8286377-4,8286377-5,0.42089298,1.0
6006625-1,6006625-2,0.7103538,1.0
2499992-1,6344145-5,0.30589372,0.0
555739-2,555739-3,0.6890986,1.0
8391342-15,8391342-20,0.9011603,1.0
4461724-3,7369032-1,0.61713624,0.0
4610337-2,6407471-1,0.42754784,0.0
3683466-1,7105337-1,0.4324762,0.0
3352641-1,6259523-1,0.11718596,0.0
4756263-4,4756263-5,0.7689824,1.0
6448983-3,6448983-4,0.6686901,1.0
2984327-1,7863688-1,0.83938915,0.0
8531269-1,8531269-3,0.8849528,1.0
6611013-1,7583595-1,0.5254032,0.0
2800056-2,4563831-1,0.6506421,0.0
3794648-1,4967432-1,0.79653144,0.0
3228381-1,5318534-5,0.58748543,0.0
8669739-1,8669739-2,0.12572098,1.0
8705528-10,8705528-2,0.3241471,1.0
7981707-1,7981707-5,0.7002234,1.0
7422691-1,7422691-5,0.4805377,1.0
3483657-1,4977740-1,0.10779889,0.0
3350153-1,8481294-3,0.2773949,0.0
7255656-1,8102744-1,0.2186614,0.0
4273476-1,4273476-3,0.43459675,1.0
4306070-1,4306070-2,0.6633302,1.0
4847499-4,7231770-2,0.7882396,0.0
4232228-1,8443108-2,0.29976726,0.0
4782403-2,8670129-1,0.15934092,0.0
8035701-1,8643209-1,0.26023754,0.0
4871960-1,6426094-1,0.21463266,0.0
3574462-1,3574462-2,0.68367,1.0
8428514-1,8428514-2,0.31199086,1.0
6236112-2,6236112-5,0.8173992,1.0
4308088-2,4308088-7,0.48429695,1.0
5976963-1,8022680-1,0.07720043,0.0
2740309-1,5670264-1,0.3192908,0.0
8391686-1,8671071-2,0.3394655,0.0
5784282-1,8222638-1,0.9014843,0.0
3482807-1,4385322-5,0.17998216,0.0
4479598-1,4479598-3,0.9329975,1.0
5988756-10,5988756-2,0.49666196,1.0
5406614-1,7430657-1,0.40773958,0.0
3264539-1,8647707-1,0.34046066,0.0
2909789-1,5968313-2,0.4768494,0.0
5200989-1,8212911-1,0.3825109,0.0
8216569-3,8421185-1,0.7910126,0.0
6350341-2,6350341-3,0.92510945,1.0
6362702-6,6362702-8,0.6420859,1.0
6299528-2,6299528-8,0.121735096,1.0
5756273-1,8269973-1,0.41541022,0.0
6350341-1,6350341-2,0.3527441,1.0
7265469-1,7522133-1,0.45032185,0.0
4123564-1,5139857-1,0.4470132,0.0
7757713-1,7757713-3,0.6982245,1.0
4490611-1,7206957-1,0.27251312,0.0
3212971-1,3212971-2,0.67732704,1.0
4437287-1,6681500-1,0.18132298,0.0
6208086-2,6208086-3,0.8234269,1.0
5400460-1,6159791-1,0.12614217,0.0
5264488-1,5264488-2,0.3944326,1.0
3932584-3,3932584-4,0.8500516,1.0
8408294-1,8408294-2,0.5619863,1.0
4375745-3,4375745-5,0.43690723,1.0
5031279-1,7720747-1,0.2529189,0.0
6612332-1,6635142-1,0.27521193,0.0
3276803-1,3276803-2,0.7827502,1.0
8082285-1,8107456-1,0.22435445,0.0
7495746-1,8009769-1,0.5475941,0.0
3775324-1,3775324-2,0.12561035,1.0
5769203-3,5769203-5,0.32721025,0.0
3782680-1,7707119-1,0.9176921,0.0
7559181-2,7559181-3,0.59122854,1.0
7502301-2,7502301-3,0.59924406,1.0
5705885-1,7335125-1,0.30878457,0.0
5414514-1,6290314-1,0.6994431,0.0
3863509-1,8216570-1,0.61484206,0.0
2904264-1,7294531-1,0.64210874,0.0
3539876-1,4112722-1,0.21051474,0.0
7237059-1,7297554-1,0.3328442,0.0
3919861-1,6440334-1,0.30741417,0.0
7997683-1,7997683-2,0.3704366,1.0
4094663-2,4094663-3,0.888163,1.0
8473938-3,8570892-1,0.80776346,0.0
4157506-1,5106230-1,0.13420656,0.0
8601830-1,8601830-4,0.66311324,1.0
3909042-1,3909042-2,0.20400824,1.0
8440084-1,8440084-4,0.7544748,1.0
7673048-1,7920567-1,0.46033868,0.0
3421920-1,7445108-1,0.21045466,0.0
4027671-1,5902113-1,0.23252703,0.0
3183713-1,3183713-3,0.9236347,1.0
4268616-1,8709556-8,0.3637893,0.0
5761908-1,5761908-3,0.109732516,1.0
7649103-8,7649103-9,0.8206491,1.0
8391342-1,8391342-19,0.36180916,1.0
2803872-1,4220613-1,0.056374237,0.0
5378862-2,5378862-3,0.46993232,1.0
5838830-1,7746912-1,0.8397723,0.0
4535012-1,6750314-1,0.6832189,0.0
3920673-4,3920673-5,0.70857805,1.0
2983082-1,2983082-2,0.68780404,1.0
5586034-2,5586034-4,0.6437272,1.0
6147009-1,7768578-1,0.7930768,0.0
6967200-1,8221665-1,0.21305026,0.0
4245924-1,4245924-8,0.35445645,1.0
7488857-1,8155124-1,0.24626367,0.0
3952286-1,7892279-1,0.48170146,0.0
5965133-2,8170622-1,0.34151337,0.0
4302550-3,4735504-1,0.73187643,0.0
3994706-1,6813375-1,0.20934984,0.0
8700032-2,8700032-5,0.9593615,1.0
6199932-1,6199932-4,0.8426488,1.0
7052464-3,7052464-6,0.88543785,1.0
4937697-1,7870231-1,0.1738399,0.0
2788137-1,3462718-1,0.54309845,0.0
5100088-1,5989373-1,0.434827,0.0
3132318-1,6406201-1,0.5284298,0.0
7890704-1,7890704-5,0.50584704,1.0
6389466-1,6929261-1,0.084188916,0.0
4549487-1,8635639-1,0.41260463,0.0
3350187-1,7683931-1,0.6121288,0.0
3830296-1,4392555-1,0.25043258,0.0
4145547-2,8442218-1,0.49364787,0.0
2678710-1,2678710-3,0.8214457,1.0
8056374-4,8056374-5,0.24437289,1.0
2845143-1,4398782-1,0.55073833,0.0
4055826-1,5680667-1,0.3565369,0.0
8284703-1,8284703-3,0.219659,1.0
6700633-2,6700633-3,0.88883734,1.0
3549382-1,3756160-1,0.17856154,0.0
4506531-1,7873799-1,0.42181647,0.0
2845357-1,2845357-3,0.45620623,1.0
4243466-2,4475518-1,0.57354075,0.0
6935495-3,6935495-4,0.5732792,1.0
7276577-2,7276577-3,0.7843214,1.0
5223753-1,6716683-1,0.5294125,0.0
3114581-1,3114581-3,0.24891558,1.0
8611567-2,8611567-3,0.88165504,1.0
6230342-1,8365009-1,0.09022441,0.0
6420325-1,8500458-1,0.33946794,0.0
3568885-1,6314718-1,0.45537823,0.0
5851261-2,5851261-4,0.65946114,1.0
4320515-1,4573614-1,0.23098975,0.0
3868099-1,6771323-2,0.13325536,0.0
7299656-6,7299656-9,0.45069742,1.0
4307636-1,6900885-2,0.53338665,0.0
5698201-1,5698201-2,0.8149439,1.0
7429779-1,8136987-1,0.2189524,0.0
3249945-2,3249945-4,0.90551114,1.0
7489718-1,8490061-1,0.43179917,0.0
2989757-1,2989757-2,0.46514714,1.0
3599747-1,3599747-2,0.32445222,1.0
4429393-1,4772574-1,0.03207824,0.0
3159111-1,8286377-1,0.30665848,0.0
8021286-3,8159173-1,0.6974787,0.0
5299218-2,5299218-3,0.8578822,1.0
7988206-11,7988206-2,0.39906335,1.0
6849151-1,7394134-1,0.5827435,0.0
2611977-1,7497766-1,0.84339756,0.0
3673581-1,6878343-1,0.15154836,0.0
3162762-1,6714308-1,0.5420184,0.0
6744737-1,6744737-2,0.93116045,1.0
2627201-1,8404425-1,0.058096826,0.0
5075599-1,8028090-1,0.28092328,0.0
6011134-1,6887609-1,0.2318932,0.0
6900415-1,6900415-9,0.60884935,1.0
4852783-2,4852783-5,0.4751038,1.0
6900415-3,6900415-4,0.9618056,1.0
5653710-1,5653710-2,0.52144396,1.0
6332814-1,6332814-7,0.9161386,1.0
4318027-1,4318027-2,0.82969093,1.0
5346454-1,5346454-11,0.92152405,1.0
7190952-1,8416638-1,0.61162776,0.0
7830173-2,7830173-3,0.6110043,1.0
8639301-2,8639301-3,0.64080065,1.0
3890729-1,6159265-1,0.605857,0.0
8103283-3,8103283-5,0.55381,1.0
5784682-2,5784682-4,0.16497919,1.0
1906806-2,1906806-8,0.8520633,1.0
6612390-1,7031458-1,0.21990655,0.0
3079613-1,3651229-4,0.19589078,0.0
7011274-3,7011274-5,0.80254865,1.0
2596173-1,7310891-1,0.13437912,0.0
3227314-1,7279692-1,0.38918835,0.0
7265239-1,7265239-2,0.6932146,1.0
8077048-1,8077048-2,0.6312923,1.0
2841809-1,7415228-1,0.16145688,0.0
6491668-1,8172316-1,0.5817979,0.0
8486370-2,8486370-4,0.6644897,1.0
8530181-1,8530181-4,0.70229036,1.0
7674568-1,7674568-2,0.21023864,1.0
6738950-1,6738950-2,0.7259482,1.0
3892123-1,5820439-1,0.43809223,0.0
5726710-2,6970103-1,0.65723044,0.0
4138773-1,6884880-2,0.7380846,0.0
5601035-1,5601035-2,0.58336437,1.0
3872158-1,7225848-1,0.31355712,0.0
5898143-1,7837355-1,0.044218767,0.0
8611532-4,8611532-8,0.9737184,1.0
4188946-1,4188946-2,0.22269526,1.0
6601167-1,6958646-1,0.6291526,0.0
3288501-1,4154885-2,0.2476596,0.0
4846628-1,8477373-1,0.16047707,0.0
6486600-2,6486600-5,0.39558113,1.0
7325579-2,7325579-3,0.5233151,1.0
3864880-3,3864880-5,0.38173813,1.0
4317216-1,7132205-1,0.61897254,0.0
6902399-1,6902399-2,0.9218423,1.0
3741975-1,3741975-3,0.2973245,1.0
6761066-1,6761066-2,0.3056128,1.0
6444229-1,7549992-1,0.14934863,0.0
6516020-1,7831216-1,0.16714884,0.0
7609214-1,7609214-5,0.66089404,1.0
8077172-15,8077172-16,0.9211777,1.0
6525217-1,6819534-2,0.22058831,0.0
3640228-1,3640228-2,0.49680147,1.0
3483657-1,4977740-1,0.10779889,0.0
5288912-2,5288912-4,0.5820687,1.0
4918021-1,8664402-1,0.13645035,0.0
3264539-1,8647707-1,0.34046066,0.0
3395165-1,4653751-2,0.6022868,0.0
2045672-1,4081653-2,0.33876082,0.0
5035830-1,7649476-1,0.37096646,0.0
5053003-1,5053003-3,0.7700937,1.0
7390426-1,7390426-2,0.8668144,1.0
6299545-3,6299545-4,0.6175355,1.0
5761507-1,7758532-1,0.20833577,0.0
2900107-1,4326210-1,0.49038443,0.0
5319513-1,5319513-2,0.8365056,1.0
4137638-1,7684991-1,0.4057518,0.0
2988810-2,2988810-4,0.7800613,1.0
5481954-1,5481954-2,0.75791365,1.0
4616376-2,4877775-1,0.23959436,0.0
2944193-1,3533611-1,0.20137583,0.0
7534175-4,8138176-1,0.89466155,0.0
3690638-1,3877479-1,0.215894,0.0
3033104-1,5104844-2,0.88360095,0.0
2631594-1,2700442-1,0.91342604,0.0
6591562-1,7529129-1,0.6050546,0.0
2769342-1,4857317-1,0.80786633,0.0
7491683-1,8458043-1,0.30930245,0.0
4487156-3,8180162-2,0.4610915,0.0
3548377-1,7262374-1,0.5756856,0.0
8133044-13,8133044-8,0.63297987,1.0
3751626-1,4242491-1,0.48494148,0.0
4411725-1,4411725-2,0.13166718,1.0
3913202-1,8110285-1,0.67929363,0.0
3437272-1,3437272-2,0.42909348,1.0
6480815-1,6982492-1,0.26576674,0.0
4510828-1,8007117-1,0.36185136,0.0
4026806-1,7144777-1,0.13050415,0.0
5482923-2,5482923-3,0.2955384,1.0
3195365-1,7353901-1,0.15846671,0.0
3056793-1,6507645-1,0.41668162,0.0
3446909-2,3446909-5,0.5888327,1.0
7784239-2,7784239-6,0.8460376,1.0
4090855-1,4657095-1,0.3729154,0.0
3678855-1,5803962-1,0.23683347,0.0
8515176-1,8515176-5,0.28591248,1.0
7544249-1,7544249-3,0.21654324,1.0
8688786-1,8688786-2,0.3303407,1.0
5295539-1,5733959-1,0.2668241,0.0
8216569-3,8421185-1,0.7910126,0.0
6974749-1,6974749-4,0.34338337,1.0
8131961-1,8131961-2,0.937511,1.0
3920673-4,3920673-5,0.70857805,1.0
7676789-1,8339508-1,0.5409007,0.0
4372959-1,6177682-2,0.4286406,0.0
2845144-2,2845144-4,0.5944682,1.0
6043705-1,6043705-2,0.64967144,1.0
4153278-1,4153278-6,0.85892344,1.0
7071737-2,7071737-4,0.64096767,1.0
5154232-1,5154232-2,0.9279511,1.0
5137971-2,5137971-4,0.8987964,1.0
4880720-1,5976963-1,0.1945897,0.0
8273519-1,8273519-3,0.74696696,1.0
8008131-2,8008131-3,0.5070236,1.0
6046101-1,6046101-3,0.69634664,1.0
8028151-10,8028151-4,0.856994,1.0
6476008-1,6476008-2,0.3454331,1.0
2903945-1,2903945-4,0.12695922,1.0
7321844-3,7321844-5,0.45100987,1.0
5635179-1,7489675-1,0.5507942,0.0
6066702-1,6955030-1,0.25213793,0.0
4828835-1,6098876-1,0.23563479,0.0
6899327-1,6899327-2,0.52221423,1.0
8611551-2,8611551-3,0.6156847,1.0
5991270-1,5991270-4,0.6520517,1.0
3249300-1,4216673-1,0.07494924,0.0
4676252-2,4676252-3,0.8826208,1.0
6060766-1,6060766-2,0.18619753,1.0
3847260-1,4468626-1,0.2763538,0.0
2628025-1,2628025-3,0.69813687,1.0
4114706-1,6687342-1,0.28970066,0.0
6458957-1,8507415-1,0.87163186,0.0
5842533-1,5842533-2,0.45124084,1.0
2726128-8,6340240-1,0.61911607,0.0
3817060-1,3817060-2,0.7531023,1.0
3345597-1,4173537-1,0.6933953,0.0
4437613-2,4697079-3,0.4982017,0.0
8474637-3,8474637-4,0.78536576,1.0
3891161-1,8491334-1,0.71542823,1.0
6679892-1,8173629-1,0.37832096,0.0
8177776-1,8177776-2,0.6112831,1.0
7695266-10,7695266-6,0.70102364,1.0
6076956-3,6593952-1,0.8804913,1.0
6732602-2,6732602-5,0.24646734,1.0
5396409-1,8586889-1,0.43009517,1.0
7826043-1,7826043-6,0.68880886,1.0
5991270-1,5991270-4,0.6520517,1.0
4049687-1,6702980-1,0.11837938,0.0
6820894-1,6820894-2,0.31320462,1.0
7789569-1,8240843-3,0.6438755,0.0
8673679-2,8673679-3,0.49192664,1.0
3193785-1,6392561-1,0.66318923,0.0
5096000-1,5096000-2,0.09616116,1.0
8042811-1,8042811-5,0.31766024,1.0
2810579-2,5965164-1,0.7296726,0.0
6007433-1,6788312-1,0.30226254,0.0
3697227-1,8263135-1,0.86774147,0.0
7451169-6,7552537-1,0.93235713,0.0
4998851-2,4998851-4,0.42386666,1.0
6459323-1,7871706-1,0.22196662,0.0
8078628-1,8078628-2,0.40194893,1.0
3794648-3,7813032-1,0.75514674,0.0
3198484-2,3198484-4,0.40029243,1.0
5404322-1,5569297-1,0.5311521,0.0
2518134-2,2518134-6,0.67824453,1.0
4745280-1,5005548-1,0.10587919,0.0
2080628-1,4288837-1,0.070123084,0.0
6395072-1,7665777-4,0.0515876,0.0
8075760-1,8075760-3,0.8474009,1.0
3992736-1,3992736-2,0.5534224,1.0
3890721-2,5091006-1,0.78770316,0.0
4550594-1,7137220-3,0.21971463,0.0
7675634-2,7675634-3,0.7484965,1.0
1851705-1,1851705-7,0.91485775,1.0
8636214-1,8636214-2,0.7215913,1.0
7439666-1,7439666-3,0.51604235,1.0
3705847-1,3705847-2,0.6642319,1.0
5649815-1,6502980-1,0.6419419,0.0
3646555-2,8700716-4,0.46086907,0.0
3843640-1,3843640-2,0.60502636,1.0
7802837-3,7802837-4,0.5636944,1.0
4560124-1,4560124-2,0.6842636,1.0
5928351-2,5928351-3,0.8116344,1.0
8279693-1,8279693-2,0.25001362,1.0
3220260-1,3220260-2,0.52967745,1.0
3040089-1,3040089-4,0.6362644,1.0
3726924-2,3726924-3,0.8215172,1.0
5597659-1,6354114-1,0.27632722,0.0
7252654-2,7252654-3,0.6986699,1.0
6799647-1,6799647-2,0.41364908,1.0
4063434-2,4063434-6,0.46204686,0.0
6304522-1,7746005-1,0.3503382,0.0
3748431-1,3748431-2,0.90795684,1.0
8585856-1,8638050-1,0.37753236,0.0
3821438-1,5912312-5,0.35893396,0.0
7451160-1,7451160-3,0.48488894,1.0
8046688-1,8186916-1,0.20437263,0.0
5126597-1,5324366-1,0.22798428,0.0
4421974-10,4421974-9,0.2182359,1.0
8428280-2,8428280-6,0.8339256,1.0
5312644-1,8180395-2,0.3562295,0.0
4108142-1,4108142-3,0.7118717,1.0
8064226-2,8064226-3,0.6145745,1.0
7052464-3,7052464-6,0.88543785,1.0
4421974-10,4421974-9,0.2182359,1.0
5791188-1,5791188-2,0.75709057,1.0
3546249-1,5819108-3,0.5059989,0.0
7140078-1,7140078-3,0.6480368,1.0
6080731-1,7166291-1,0.79262805,1.0
6452196-3,6452196-4,0.8129216,1.0
5846181-1,5846181-8,0.14113526,1.0
4863789-1,4863789-2,0.5580408,1.0
8471443-1,8471443-2,0.53119195,1.0
8388796-5,8388796-8,0.38044018,1.0
4498857-1,4498857-2,0.87488586,1.0
4872566-3,5894316-2,0.55773234,0.0
2933532-3,2933532-4,0.81892437,1.0
8653493-2,8653493-3,0.7220393,1.0
3380669-2,3380669-5,0.77872026,1.0
8386154-4,8386154-9,0.8361422,1.0
2862513-1,2862513-2,0.47537175,1.0
3827159-2,3827159-5,0.897212,1.0
3726924-2,3726924-3,0.8215172,1.0
6350341-1,6350341-2,0.3527441,1.0
7497165-1,8577476-1,0.56556964,0.0
8004176-1,8004176-3,0.91341877,1.0
7171607-1,7171607-2,0.86472034,1.0
8154820-1,8325963-1,0.21808428,0.0
4515470-1,6023324-3,0.56018674,0.0
5819108-1,5819108-8,0.3919639,1.0
4546785-1,4546785-3,0.7818671,1.0
4493364-1,4493364-2,0.9165553,1.0
3166681-1,5029257-2,0.45711726,0.0
4387352-1,4837620-1,0.32505485,0.0
7105784-2,7105784-3,0.74022794,1.0
8674165-3,8674165-7,0.62642896,1.0
3740663-1,8087350-1,0.8618302,0.0
7658305-1,7658305-2,0.90485996,1.0
2758879-1,2758879-3,0.60202026,1.0
6518441-1,7009175-1,0.7117391,0.0
5294926-1,8077048-6,0.2416259,0.0
7752367-4,7752367-5,0.90344214,1.0
4857311-1,6821909-2,0.3407682,0.0
6210852-3,6210852-4,0.94426405,1.0
7597792-1,7597792-2,0.8049202,1.0
7171607-2,7171607-5,0.43213266,1.0
2929554-2,7176331-1,0.5927378,0.0
3177882-1,5766086-3,0.9198104,0.0
3183736-1,3183736-2,0.63793296,1.0
7314080-1,7314080-2,0.5807203,0.0
6028424-1,6028424-2,0.42277002,1.0
4686810-3,4686810-7,0.48393813,1.0
6062703-2,6062703-4,0.8433752,1.0
4902214-1,6109837-2,0.8675244,0.0
5646301-1,5646301-2,0.47309372,1.0
3965922-1,7915159-1,0.55323476,0.0
8056374-4,8056374-5,0.24437289,1.0
5783215-1,5783215-2,0.6679137,1.0
3860123-1,3860123-2,0.6659809,1.0
8044528-1,8044528-3,0.50716263,1.0
3817136-1,3817136-5,0.79663956,1.0
4819152-2,4819152-3,0.91471577,1.0
6332814-2,6332814-5,0.73157185,1.0
6806379-1,7321844-1,0.5758251,0.0
5912312-1,5912312-4,0.5125325,1.0
4532076-2,4532076-3,0.49932757,1.0
7372620-2,7372620-3,0.8984121,1.0
3343425-1,3343425-2,0.92442495,1.0
8438938-1,8438938-2,0.08084886,1.0
5765119-2,5765119-3,0.7889114,1.0
7271245-1,7271245-2,0.8053633,1.0
4293457-2,4293457-6,0.7482175,1.0
6643316-3,6643316-4,0.7961942,1.0
5819108-3,5819108-9,0.8348818,1.0
2245961-2,2245961-3,0.73021823,1.0
2614950-1,6615206-1,0.3132033,0.0
3276793-1,5778559-1,0.049330533,0.0
7364411-1,8145494-3,0.41495815,0.0
5429112-3,5448013-1,0.5525484,0.0
4075213-3,4075213-5,0.9549645,1.0
4518428-2,8244092-1,0.5994935,0.0
4295945-1,8511285-1,0.114617735,0.0
2687639-4,3420572-1,0.20399506,0.0
5968651-1,5968651-2,0.62668747,1.0
5144530-2,5144530-4,0.30965716,1.0
3741924-1,8528636-2,0.19099122,0.0
7607606-4,8504235-5,0.12590742,0.0
3667307-4,5864518-1,0.19203664,0.0
4414386-1,4414386-2,0.7715637,1.0
2222674-1,5354394-1,0.6733679,0.0
8168801-2,8168801-3,0.34166002,1.0
4906065-2,4906065-3,0.8874272,1.0
5048704-3,5048704-7,0.9069241,1.0
4582039-1,4891313-2,0.8293359,0.0
3599747-1,3599747-2,0.32445222,1.0
3141707-6,3141707-8,0.9186913,1.0
6174175-3,6542494-1,0.6171127,0.0
3212924-1,4409195-1,0.45553207,0.0
2278152-1,8141366-1,0.55679846,0.0
8383554-3,8383554-4,0.5022053,1.0
8155578-4,8155578-5,0.536746,1.0
3610454-1,8517457-1,0.8749183,0.0
4396650-3,6382915-1,0.12711634,0.0
5649850-1,5859235-1,0.37094566,0.0
3631789-1,7187865-1,0.34198982,0.0
3756242-1,5902283-1,0.7637785,0.0
3522339-5,3522339-8,0.857794,1.0
2876834-2,2876834-4,0.7252078,1.0
3800334-1,4142935-1,0.16443388,0.0
2627235-1,7220086-1,0.6691221,0.0
2740278-1,6671882-1,0.3546014,0.0
6091145-1,7219992-1,0.64742404,1.0
5071172-1,5642869-1,0.23636232,0.0
3498632-3,3498632-4,0.1189377,1.0
8326013-1,8326013-3,0.80405235,1.0
4849704-1,5422731-2,0.08746565,0.0
4247694-1,5094398-1,0.31787685,0.0
5865279-11,5865279-2,0.5455932,1.0
5122605-2,8147490-1,0.09865512,0.0
4326292-1,4413529-1,0.20543604,0.0
3422854-1,3422854-3,0.21865007,1.0
8688966-2,8688966-3,0.585511,1.0
5649928-1,6048768-1,0.20124394,0.0
5364769-1,5364769-2,0.7974778,1.0
3794648-1,4967432-1,0.79653144,0.0
2531125-2,2531125-3,0.22862616,1.0
3860664-1,7931599-1,0.25911915,0.0
3446909-2,5401827-1,0.45117337,0.0
3390102-2,7934024-1,0.6231582,0.0
8559581-2,8559581-3,0.7704214,1.0
3614182-1,4166389-1,0.10278568,0.0
2988810-3,2988810-8,0.54946786,1.0
2934591-1,8565003-1,0.7196645,0.0
8391342-27,8391342-4,0.8860646,1.0
8611554-1,8611554-3,0.9234762,1.0
6436465-1,6436465-3,0.611672,1.0
5649805-2,5649805-8,0.7189663,1.0
4500843-1,8005229-1,0.5876742,0.0
4377410-1,7451160-2,0.5477479,0.0
3568895-1,5785647-1,0.6186695,0.0
5096000-1,5096000-2,0.09616116,1.0
4342155-1,7539112-1,0.76792115,0.0
6354669-1,7047347-1,0.38921696,0.0
3917530-2,3917530-3,0.76334584,1.0
5832195-1,5832195-5,0.92591655,1.0
7024078-1,7924160-1,0.49878362,0.0
7191367-2,7191367-3,0.14912635,1.0
7676773-1,8608521-1,0.7232818,0.0
3927005-1,7685842-1,0.22176851,0.0
4789584-3,4789584-5,0.28101152,1.0
6611013-1,7583595-1,0.5254032,0.0
4782530-1,4782530-2,0.25730374,1.0
3912782-1,3912782-3,0.95553684,1.0
4532076-2,4532076-3,0.49932757,1.0
2916111-1,5074815-2,0.51417536,0.0
3364654-1,3999575-1,0.054757733,0.0
3249945-3,3249945-5,0.5217282,1.0
3934696-1,7220345-1,0.6328831,0.0
6822671-1,8343286-2,0.29287323,0.0
8260478-3,8260478-5,0.74377275,1.0
5799854-1,5799854-2,0.062979415,1.0
8391342-31,8391342-9,0.5078019,1.0
4813076-2,4813076-3,0.5809949,1.0
4086573-2,4086573-3,0.82894635,1.0
5582424-1,5582424-3,0.75138545,1.0
4779833-1,8142312-1,0.43331715,0.0
2684435-3,7798182-1,0.7379887,0.0
6791093-2,6791093-3,0.42846313,1.0
2813646-1,2813646-3,0.37618148,1.0
6531111-1,6531111-2,0.41247424,1.0
3524443-2,5558405-1,0.33203968,0.0
3354430-1,6927290-1,0.3780393,0.0
6159695-1,6159695-2,0.4244791,1.0
4822278-5,5322519-1,0.17409968,0.0
8171131-1,8171131-2,0.8533276,1.0
4865706-1,4865706-5,0.5863928,1.0
3166681-1,5029257-2,0.45711726,0.0
3863824-3,4064232-1,0.7085357,0.0
3264539-1,8647707-1,0.34046066,0.0
7012740-1,7012740-2,0.58298504,1.0
5585603-1,8647052-1,0.2947212,0.0
3075397-1,3075397-2,0.5685076,1.0
4931935-1,7519964-1,0.391367,0.0
8326455-5,8326455-6,0.5084371,1.0
4397373-1,4397373-3,0.3272079,1.0
6421387-1,7452954-1,0.18806188,0.0
7981930-1,8359591-1,0.4502069,0.0
3228394-1,3228394-4,0.8463703,1.0
6728972-1,7891040-1,0.077856675,0.0
5980456-3,5980456-4,0.5547592,1.0
3858807-2,8383648-1,0.380225,0.0
6405358-1,6405358-2,0.65619355,1.0
2817825-4,2817825-5,0.94472253,1.0
3853465-1,3853465-4,0.2773476,1.0
4425244-5,7779988-1,0.85677916,0.0
5649893-1,7170125-1,0.7133238,0.0
7302719-2,7302719-4,0.3901479,1.0
6667806-2,8696182-2,0.7998702,0.0
4141667-1,4558815-1,0.2480136,0.0
5799854-1,5799854-2,0.062979415,1.0
7055463-3,7055463-5,0.80043626,1.0
8077172-4,8077172-5,0.51032096,1.0
1395322-4,1395322-5,0.7341579,1.0
3199017-1,8541753-1,0.31113106,0.0
4384280-1,4384280-2,0.69637156,1.0
3563701-1,5857148-5,0.13536963,0.0
3628262-1,7560006-1,0.55579233,0.0
7367386-6,7367386-9,0.21156253,1.0
5650010-1,5650010-2,0.8453213,1.0
4270008-3,6820463-1,0.75358814,0.0
8360323-1,8360323-2,0.75503117,1.0
5368924-2,5368924-6,0.18633325,1.0
6355664-1,8565714-1,0.79256994,0.0
5569391-2,5569391-3,0.341117,1.0
8007555-1,8339477-2,0.11726558,0.0
6258521-1,7452953-1,0.74155486,0.0
3968977-2,3968977-3,0.91262615,1.0
3072064-2,6489369-1,0.3925531,0.0
3874362-1,5121568-1,0.85021514,0.0
8674554-1,8674554-2,0.6870469,1.0
4829397-1,8089452-1,0.39261067,0.0
4094663-2,4094663-8,0.9706807,1.0
4944366-4,6854420-1,0.6385334,0.0
7366428-2,7366428-9,0.9512969,1.0
5245935-1,6636486-1,0.89616567,0.0
3667327-1,7850374-1,0.8780509,0.0
5463103-1,7670377-1,0.13573955,0.0
6010942-1,7299656-1,0.5473414,0.0
6712609-1,6712609-4,0.87373894,1.0
7231770-3,7231770-4,0.06686042,1.0
8391342-20,8391342-31,0.83366054,1.0
3927091-1,5380210-1,0.23170683,0.0
6032606-1,6854420-1,0.5829057,0.0
7196948-1,8123093-2,0.7387325,0.0
7461837-1,7461837-2,0.31741464,1.0
8394712-1,8394712-2,0.7745778,1.0
2852076-1,3420491-1,0.27905264,0.0
8406844-1,8406844-2,0.7282379,1.0
4169802-1,6260547-1,0.4357034,0.0
5749100-5,7026588-1,0.2546564,0.0
6089705-1,6259073-1,0.2785839,0.0
8442437-2,8442437-4,0.6748891,1.0
5506090-1,5506090-3,0.7773001,1.0
4611067-1,4611067-5,0.1963226,1.0
8494847-1,8494847-2,0.595923,1.0
6498938-1,6536047-1,0.10115312,0.0
8563620-10,8563620-12,0.7780051,1.0
6449466-2,6449466-3,0.5474727,1.0
4315064-1,6413600-1,0.10054063,0.0
3963354-1,7664107-1,0.8727136,0.0
6451804-1,7035525-4,0.6710324,0.0
7700296-4,7700296-5,0.6460653,1.0
3529426-1,4738668-1,0.060400147,0.0
5674454-1,5674454-2,0.52081424,1.0
2910355-1,2910355-2,0.8956805,1.0
6299528-1,6299528-5,0.37579602,1.0
4396542-2,5809600-1,0.8104755,0.0
5112358-2,5112358-3,0.2548324,1.0
5266844-1,5266844-2,0.7232759,1.0
4683507-1,6566482-1,0.72806716,0.0
8668032-1,8668032-3,0.86840254,1.0
4406011-1,7155113-1,0.297142,0.0
3737622-4,3737622-5,0.8588249,1.0
4302515-1,4302515-3,0.47439572,1.0
4857254-1,7349140-2,0.2962175,0.0
2474644-1,8488421-1,0.073071636,0.0
4006567-1,8140414-1,0.40884435,0.0
6858974-2,7891907-4,0.5853856,0.0
7252890-3,7252890-5,0.8638709,1.0
