UID-1,UID-2,Shadow Prediction,Shadow Label
2769433-1,4719736-2,0.2845978,0.0
7541246-3,7541246-4,0.86442924,1.0
2938629-1,3311090-1,0.24114832,0.0
5930217-1,7064361-1,0.101469584,0.0
3775673-1,6992716-3,0.23162778,0.0
1660560-1,1660560-3,0.98968625,1.0
4189240-1,4879800-1,0.13960381,0.0
4917947-1,4917947-2,0.97974944,1.0
3325621-1,3325621-2,0.82859033,1.0
5201065-1,5201065-4,0.8814162,1.0
7735055-1,7735055-2,0.88549316,1.0
7273708-1,8403020-1,0.06536427,0.0
3891612-2,5977079-7,0.7820376,0.0
4738659-2,4738659-3,0.75350744,1.0
4675747-1,8254990-1,0.014814533,0.0
5024452-1,8287711-4,0.4016321,0.0
5914151-1,5914151-2,0.9621906,1.0
6882267-1,7113142-1,0.14042343,0.0
7844909-1,8360356-1,0.8464509,1.0
3129060-1,3817789-1,0.1556659,0.0
4383130-1,4651644-1,0.5929461,0.0
7072995-1,7072995-2,0.9275607,1.0
6028159-1,8422015-1,0.1766362,0.0
4037678-1,4847499-3,0.14938746,0.0
2259327-1,3863517-1,0.35780427,0.0
3514151-1,3514151-4,0.9955682,1.0
3873319-6,3873319-7,0.723106,1.0
5473002-1,5473002-2,0.8808322,1.0
7879527-2,7879527-4,0.72896767,1.0
3968977-1,3968977-2,0.93930846,1.0
6515778-1,8706098-1,0.06374187,0.0
7391106-1,8283217-1,0.06793933,0.0
3570192-4,5562341-1,0.3492293,0.0
7529128-1,8346268-1,0.37712705,0.0
8611532-1,8611532-6,0.6659582,1.0
5227125-1,7229076-1,0.034553427,0.0
4010737-3,6592203-1,0.33602226,0.0
4338667-1,5031857-1,0.116200216,0.0
7725582-1,8571962-1,0.39256206,0.0
5769203-3,5769203-5,0.20809405,0.0
4395949-1,5134173-1,0.5553388,0.0
3979793-1,3979793-2,0.9639166,1.0
6885689-1,6885689-2,0.86140835,1.0
6011134-1,6887609-1,0.27314615,0.0
2845357-2,2845357-3,0.5700427,1.0
4054591-1,4054591-2,0.94196856,1.0
5227125-1,7229076-1,0.034553427,0.0
7013118-1,8369553-1,0.2231001,0.0
8646190-6,8646190-9,0.7627597,1.0
2995998-1,5405127-1,0.17108923,0.0
3306091-1,3306091-2,0.98905367,1.0
8047717-2,8047717-4,0.73084193,1.0
6900415-10,6900415-3,0.78496706,1.0
3283526-2,7609150-4,0.06330198,0.0
3580347-4,8107453-1,0.8688709,0.0
5712115-2,5712115-6,0.97295165,1.0
8171126-2,8171126-5,0.79751897,1.0
6484907-1,6609019-1,0.108193494,0.0
5569547-1,6167580-1,0.037094954,0.0
2800056-2,4563831-1,0.5692563,0.0
6813687-1,7443679-1,0.31135756,0.0
3479785-1,6192278-1,0.31119275,0.0
3786919-3,3786919-4,0.81221306,1.0
4466787-1,7850036-1,0.29530996,0.0
3987999-3,3987999-4,0.8697999,1.0
7997683-1,7997683-2,0.843625,1.0
3791364-2,7871729-1,0.29012594,0.0
6040249-1,6040249-2,0.9444804,1.0
3821438-1,5912312-5,0.21124344,0.0
4579311-1,7080896-1,0.058592603,0.0
8688786-1,8688786-2,0.88522327,1.0
4881626-4,4881626-7,0.85541064,1.0
3193822-1,6260550-1,0.077736974,0.0
4944366-4,6854420-1,0.5410027,0.0
4023056-2,5736959-1,0.11523044,0.0
8133044-10,8133044-16,0.5689768,1.0
2585083-1,8588691-2,0.5663738,0.0
5692993-1,6459065-1,0.11665373,0.0
4094743-3,4094743-5,0.8427836,1.0
8242326-1,8242326-2,0.9980946,1.0
5313358-2,6587086-1,0.8666545,0.0
7083186-1,8451514-1,0.3706684,0.0
3658297-1,3658297-2,0.6629463,1.0
4429388-1,4438191-1,0.16241665,0.0
4686708-1,8542344-1,0.10457527,0.0
8133044-13,8133044-16,0.94647497,1.0
5415937-1,5763207-1,0.097975865,0.0
8504303-2,8504303-4,0.79289514,1.0
8046440-1,8046440-2,0.9481685,1.0
7584821-2,7584821-3,0.98218167,1.0
7981640-2,7981640-3,0.39211,1.0
4304504-1,4304504-2,0.54776263,1.0
4307220-1,6167081-3,0.21753235,0.0
3163772-1,7803169-1,0.12874281,0.0
7851455-4,7851455-6,0.9059477,1.0
4274651-1,7698664-1,0.028769782,0.0
7263007-1,7430073-1,0.11573171,0.0
1797050-1,3084168-1,0.2892144,0.0
6052517-1,8610878-1,0.102819845,0.0
5893346-3,5893346-6,0.96445316,1.0
5290631-1,5290631-3,0.8867235,1.0
4165033-3,4417469-1,0.24161747,0.0
5635179-1,7489675-1,0.39012814,0.0
7314080-1,7314080-2,0.08457368,0.0
5467348-1,8007176-3,0.29533973,0.0
2991705-3,8565686-1,0.6233574,0.0
8460922-3,8460922-4,0.962657,1.0
6743228-1,6743228-2,0.7004256,1.0
4094743-2,4094743-3,0.98366016,1.0
5364769-1,5364769-2,0.34598383,1.0
5467982-1,6440191-1,0.17515114,0.0
4500843-1,8005229-1,0.4097617,0.0
8372087-1,8572351-1,0.0353283,0.0
2827129-1,4739748-1,0.03386237,0.0
6617653-1,7034466-2,0.12849139,0.0
5965133-1,5965133-2,0.73283875,1.0
5324177-1,5324177-2,0.8650283,1.0
4010737-2,4010737-3,0.8442044,1.0
3671515-3,3671515-4,0.80038565,1.0
3893468-1,6006638-3,0.6131142,0.0
7006440-4,7006440-5,0.6868831,1.0
6251239-1,7381849-1,0.9019523,0.0
6676009-1,6683380-1,0.24990119,0.0
7468019-1,7749959-1,0.75034004,0.0
3927090-1,3927090-2,0.91631633,1.0
3200029-1,4400501-1,0.033268075,0.0
3548394-1,3708060-1,0.111662656,0.0
4918135-1,4918135-2,0.63125634,1.0
3816041-1,4421282-1,0.24173738,0.0
1910599-1,1910599-2,0.90700513,1.0
8143821-1,8143821-2,0.8718399,1.0
5366995-3,7067576-1,0.06201645,0.0
6027823-1,6922572-1,0.309695,0.0
2993988-2,2993988-4,0.98453885,1.0
7677352-1,7677352-3,0.69573826,1.0
8395467-1,8395467-5,0.7938055,1.0
2927433-4,2927433-5,0.7991466,1.0
4745280-1,5005548-1,0.1963156,0.0
3276803-2,3276803-3,0.9773107,1.0
6687795-1,6943296-1,0.11790903,0.0
3975200-1,8369195-1,0.22292623,0.0
5512938-4,8046436-1,0.2501954,0.0
3484318-1,3484318-2,0.53488714,1.0
5588617-3,8081009-1,0.40448925,0.0
5968651-1,5968651-2,0.6822037,1.0
6428001-1,7383197-1,0.25780192,0.0
4429388-1,4438191-1,0.16241665,0.0
8155422-1,8155422-4,0.7881927,1.0
7593724-5,7593724-6,0.9682046,1.0
4310127-1,4765299-4,0.29419225,0.0
4465165-1,4465165-8,0.8805486,1.0
6103365-1,6103365-3,0.8764112,1.0
4686810-5,4686810-8,0.9034491,1.0
8057658-3,8057658-4,0.6261935,1.0
7423211-1,7423211-3,0.5856575,1.0
5113927-1,5113927-2,0.6456819,1.0
4442002-1,5761908-1,0.12328971,0.0
8218035-1,8218035-2,0.7608785,1.0
3186893-1,3698308-1,0.11554893,0.0
5761507-1,7758532-1,0.06510131,0.0
5561421-1,8043518-1,0.25817814,0.0
8486370-2,8486370-4,0.68814147,1.0
7918022-1,7918022-3,0.96884704,1.0
3653244-1,4898119-1,0.04354492,0.0
3204549-1,6953700-1,0.3104584,0.0
3570192-4,5562341-1,0.3492293,0.0
5815648-1,7023736-1,0.28165877,0.0
7315662-1,7991103-1,0.06507443,0.0
7644292-1,7644292-2,0.27128425,0.0
6417333-1,6417333-3,0.8151328,1.0
3487024-1,5335820-1,0.27818978,0.0
6526982-3,6526982-7,0.88679004,1.0
6537269-1,6537269-2,0.5046626,1.0
8428280-7,8428280-9,0.95687276,1.0
7273174-3,7273174-4,0.88406235,1.0
3409950-1,3878525-1,0.15696275,0.0
4596050-1,7719191-1,0.19307087,0.0
7035086-1,7745862-1,0.27797145,0.0
3507068-1,5075308-1,0.3739496,0.0
1192795-1,7268049-1,0.022453582,0.0
4302515-1,4302515-3,0.79859954,1.0
3183035-1,3183035-3,0.94578034,1.0
3847183-3,3847183-4,0.98813766,1.0
1599730-1,3475299-1,0.7503293,0.0
5263879-6,5263879-7,0.6976252,1.0
3875975-1,3875975-5,0.921578,1.0
5124705-1,5124705-3,0.831574,1.0
2821651-2,2821651-3,0.7950987,1.0
4188469-1,4350873-1,0.013892512,0.0
2396657-1,8206537-2,0.29465884,0.0
4277033-2,4277033-5,0.9828919,1.0
8133044-13,8133044-16,0.94647497,1.0
4137638-1,7684991-1,0.083188646,0.0
8077172-10,8077172-12,0.80080277,1.0
8554378-2,8554378-3,0.6088734,1.0
4325202-2,5858840-1,0.15081865,0.0
2590610-1,5526306-2,0.051075745,0.0
4794841-2,5745210-1,0.34606418,0.0
5892321-1,6219324-1,0.7676687,0.0
5485298-1,7228453-2,0.32801533,0.0
6900415-1,6900415-9,0.9639351,1.0
4430642-1,4430642-4,0.95002073,1.0
7763961-3,7763961-5,0.9372557,1.0
3221229-1,7445108-1,0.12643997,0.0
2767148-1,4129584-1,0.13011181,0.0
7789137-1,7789137-5,0.93002033,1.0
5437791-1,5578590-1,0.64085126,0.0
7450561-2,7450561-3,0.6484099,1.0
6501230-1,6501230-3,0.8401932,1.0
8602920-1,8602920-3,0.87900656,1.0
4531633-1,6791274-1,0.39711586,0.0
8515538-1,8515538-5,0.87949723,1.0
5690749-1,5690749-2,0.7679175,1.0
4063434-2,4063434-6,0.30004075,0.0
7004750-3,7470205-1,0.060824662,0.0
8077172-19,8077172-3,0.7600982,1.0
3830248-1,7425835-2,0.090597406,0.0
5726839-2,5726839-4,0.7460868,1.0
3350215-1,7849111-1,0.04041555,0.0
3804818-1,5295525-1,0.38511953,0.0
5346387-1,5593446-1,0.31753772,0.0
2856528-1,2856528-5,0.8755543,1.0
6174779-1,6174779-2,0.6023919,1.0
8611478-2,8611478-3,0.83996344,1.0
2995998-1,3623462-1,0.14287047,0.0
5932826-1,5932826-6,0.9637706,1.0
7168954-2,8695476-1,0.6423922,0.0
5312644-1,8180395-2,0.49534917,0.0
3872386-2,7869389-1,0.22551113,0.0
5387823-3,5387823-6,0.68315154,1.0
4304124-2,8441517-1,0.44294018,0.0
6416752-1,6416752-2,0.97580504,1.0
3872241-1,3934774-1,0.2062176,0.0
4958445-1,4958445-2,0.678765,1.0
5907517-1,8682950-6,0.05259918,0.0
3996884-1,3996884-2,0.9521995,1.0
6692803-1,8055173-1,0.80189836,0.0
3325621-1,4913998-3,0.19117805,0.0
4120482-1,7641478-4,0.6167,0.0
8496678-2,8496678-3,0.92530704,1.0
4504872-5,4504872-6,0.8820384,1.0
6595396-1,6595396-2,0.7396952,1.0
1382255-1,4469136-1,0.6045193,0.0
4794841-2,5745210-1,0.34606418,0.0
5080481-1,7216496-1,0.047049977,0.0
4421318-1,8247787-1,0.63585544,0.0
3033104-1,5104844-2,0.40318194,0.0
5745971-2,6637352-1,0.198622,0.0
8391342-18,8391342-30,0.9729364,1.0
5687541-4,5687541-5,0.8376434,1.0
2772275-2,2772275-3,0.88897467,1.0
2667616-1,2667616-2,0.6793237,1.0
3087232-1,7385614-3,0.19815403,0.0
7336759-1,7336759-4,0.94378996,1.0
4695652-1,7034751-1,0.45843992,0.0
5390126-1,5390126-3,0.755607,1.0
6708993-1,6708993-3,0.75183654,1.0
4944366-5,4944366-6,0.94522583,1.0
3424779-2,4195897-1,0.1857533,0.0
6384044-1,8458727-1,0.15371458,0.0
3283526-2,7609150-4,0.06330198,0.0
4353272-1,4353272-3,0.9746165,1.0
3126734-1,3126734-5,0.9678928,1.0
5358137-1,7154249-1,0.2822471,0.0
3127313-1,3540342-1,0.34443027,0.0
4283528-3,8363978-1,0.5847991,0.0
8042811-2,8042811-5,0.6717076,1.0
4115070-1,7333338-6,0.18524627,0.0
4410540-1,5890000-1,0.07723983,0.0
5655631-1,5838924-1,0.5145256,0.0
3569556-1,3741701-1,0.3287544,0.0
4958445-1,4958445-2,0.678765,1.0
2740169-1,7933640-1,0.76568514,0.0
6311045-3,6311045-5,0.9207775,1.0
4114706-1,6687342-1,0.21072808,0.0
7098346-1,8405206-2,0.14233458,0.0
8171126-2,8171126-5,0.79751897,1.0
3921299-2,7850688-1,0.26169446,0.0
5690749-1,5690749-2,0.7679175,1.0
6327829-1,6327829-3,0.95573854,1.0
7140078-1,7140078-5,0.49872148,1.0
8415956-1,8415956-2,0.6581099,1.0
5337234-3,5337234-7,0.48235753,1.0
4955432-1,7160720-1,0.3481678,0.0
4362603-1,6968790-1,0.29454538,0.0
7364074-1,8491327-2,0.07097986,0.0
8577550-2,8577550-3,0.5095404,1.0
7040398-1,8525259-1,0.46467316,0.0
8015663-3,8015663-4,0.9869936,1.0
5712115-2,5712115-6,0.97295165,1.0
2903945-1,2903945-4,0.47191003,1.0
2045672-1,4081653-2,0.00990966,0.0
6561526-1,8054923-1,0.270333,0.0
7854335-3,7854335-4,0.7168467,1.0
4410506-2,8622799-1,0.41946602,0.0
6700539-1,8180324-1,0.48933583,0.0
4077551-1,6897334-1,0.8051825,0.0
2854726-2,2854726-5,0.7828661,1.0
3078257-1,5540523-1,0.13090594,0.0
8516334-1,8516334-2,0.7940008,1.0
8408294-1,8408294-2,0.6199031,1.0
4794526-1,8568035-1,0.2958673,0.0
8636697-1,8636697-2,0.6159879,1.0
2092432-1,4307153-1,0.6939157,0.0
3420670-1,8429020-1,0.16080111,0.0
4582039-1,4891313-2,0.13750212,0.0
2759628-3,2759628-4,0.8053302,1.0
6027691-1,6027691-3,0.99254525,1.0
5619454-1,8674200-1,0.21431945,0.0
3772257-1,4641957-1,0.1727793,0.0
7998388-1,7998388-3,0.6320624,1.0
2740278-1,6671882-1,0.6602094,0.0
3973282-1,4421946-1,0.16196212,0.0
3306091-1,3306091-2,0.98905367,1.0
8137075-1,8614176-1,0.5714136,0.0
8237419-1,8237419-3,0.99295247,1.0
6441667-2,6441667-3,0.9747121,1.0
6332555-1,6332555-6,0.74822396,1.0
4719736-1,4719736-2,0.46321762,1.0
8017932-12,8017932-9,0.9277946,1.0
4054067-2,4054067-3,0.58414716,1.0
3437074-2,6337964-1,0.30653894,0.0
7813077-1,7813077-4,0.9045722,1.0
7868213-1,7868213-2,0.6214627,1.0
4329938-1,8523476-1,0.075363114,0.0
2726128-7,6996578-1,0.96809745,0.0
5437993-1,5437993-2,0.7019626,1.0
5725898-1,5725898-3,0.9742898,1.0
7780873-4,7780873-5,0.5436895,1.0
4838988-1,4958707-2,0.24877751,0.0
4177611-1,4177611-2,0.94982123,1.0
6460601-1,7461323-1,0.5947833,0.0
3284018-1,3976550-1,0.33592224,0.0
4094749-1,4094749-3,0.9397586,1.0
4662989-1,6327764-1,0.43642285,0.0
8603415-1,8637793-3,0.8547975,0.0
7257187-2,8569691-1,0.0857001,0.0
7992912-1,8388796-7,0.6122894,0.0
5806580-1,5806580-2,0.8248079,1.0
5801795-1,5801795-2,0.8607636,1.0
7170125-1,7170125-3,0.48931274,1.0
4478336-2,4478336-3,0.6774395,1.0
6205315-1,6205315-2,0.5059337,1.0
1361803-2,4989396-1,0.6025052,0.0
6277870-4,6277870-6,0.08173245,1.0
6089705-1,6259073-1,0.9046728,0.0
2821651-2,2821651-3,0.7950987,1.0
3535731-1,7177021-4,0.18004018,0.0
4847610-1,7434254-1,0.47362748,0.0
3678183-3,8716131-1,0.64513004,0.0
3630292-1,4739214-1,0.045471054,0.0
2733967-1,2733967-2,0.5076917,1.0
7666852-1,7802832-2,0.045353077,0.0
2045672-1,4081653-2,0.00990966,0.0
8123389-1,8123389-4,0.970744,1.0
7083246-1,7083246-3,0.5874864,1.0
7780436-1,7780436-4,0.94248605,1.0
7322111-1,7322111-2,0.92102605,1.0
3740606-1,3740606-3,0.97648203,1.0
2859338-1,3768297-1,0.02391596,0.0
3229059-1,4115357-1,0.043085825,0.0
3800334-1,4142935-1,0.11360194,0.0
4649734-2,4649734-3,0.8636701,1.0
5749547-4,7481371-1,0.50922513,0.0
8083869-3,8083869-5,0.8899576,1.0
3891419-1,6498281-1,0.13475397,0.0
6261092-1,6306630-1,0.22470643,0.0
6824397-6,7352146-1,0.3248669,0.0
5767008-2,5767008-3,0.93611246,1.0
6897378-3,6897378-4,0.8306507,1.0
4584441-1,5593691-1,0.08087484,0.0
7072995-1,7072995-2,0.9275607,1.0
2993985-1,5733975-3,0.10486136,0.0
6401550-1,7162573-1,0.22793563,0.0
3976085-1,5834850-1,0.17168584,0.0
2628018-3,2628018-4,0.8758371,1.0
3827920-1,3827920-2,0.16226904,1.0
6754653-1,6754653-2,0.95959264,1.0
3313756-1,7606022-1,0.119135834,0.0
3843640-5,3843640-6,0.95358765,1.0
8611532-1,8611532-2,0.69343317,1.0
7431202-1,7431202-3,0.96567154,1.0
6159695-1,6159695-2,0.44571233,1.0
3965955-2,3965955-3,0.9583153,1.0
6668050-1,8319961-1,0.38522148,0.0
6426764-3,6426764-6,0.70898,1.0
2635124-1,4616569-2,0.6057674,0.0
2861021-1,5883438-1,0.2741508,0.0
5865279-5,5865279-9,0.97788614,1.0
3800618-1,3800618-2,0.96085536,1.0
8483877-1,8483877-3,0.8659555,1.0
3555570-3,3555570-6,0.029408483,0.0
6208253-2,6208253-3,0.8013228,1.0
3575366-1,3677018-1,0.5169894,0.0
5053003-1,5053003-3,0.8658937,1.0
4945534-1,7876253-1,0.57264453,0.0
5245930-1,7044108-1,0.12451415,0.0
5613706-1,6639706-1,0.18555294,0.0
7305484-3,7305484-4,0.8611991,1.0
3728605-1,7872745-1,0.41455314,0.0
3286309-1,3286309-4,0.85559744,1.0
8015663-3,8015663-4,0.9869936,1.0
4062205-1,4664843-1,0.11764739,0.0
7734470-1,7734470-2,0.9270405,1.0
3627455-1,8012176-1,0.2798109,0.0
7799191-2,7799191-6,0.25786015,1.0
8158287-1,8158287-4,0.8423725,1.0
4107474-1,8212022-4,0.32053268,0.0
4119910-3,4938959-1,0.7671238,0.0
6304522-1,7746005-1,0.72361815,0.0
7402542-1,7402542-2,0.64049774,1.0
2914738-1,4788674-5,0.018656,0.0
3483657-1,4977740-1,0.17105013,0.0
5804639-1,7780312-1,0.13694918,0.0
6080074-1,7251491-1,0.26420152,0.0
7431496-1,8200779-1,0.09115286,0.0
8078628-1,8078628-2,0.3983311,1.0
5758287-2,8543884-1,0.7109363,0.0
4876077-1,7569537-3,0.33978266,0.0
4337168-1,6453619-1,0.24373326,0.0
3139914-1,3664474-2,0.12179477,0.0
3890729-1,6159265-1,0.26224247,0.0
2957640-2,4776369-1,0.081538014,0.0
6796738-3,6796738-4,0.85694015,1.0
8086418-1,8283598-1,0.033449553,0.0
6671889-1,8505106-3,0.2018533,0.0
6166013-1,6166013-2,0.9103844,1.0
3326852-1,6389484-1,0.28815684,0.0
5686962-3,5686962-5,0.9720986,1.0
4408656-1,6302271-1,0.45545164,0.0
2564909-1,7853432-1,0.12836547,0.0
5538095-1,5538095-2,0.3239433,1.0
3168038-1,5960513-1,0.3330985,0.0
6724307-1,7330014-1,0.13219845,0.0
3955309-3,6935202-1,0.38364762,0.0
8391342-11,8391342-12,0.95966244,1.0
8611478-2,8611478-3,0.83996344,1.0
4675747-1,8254990-1,0.014814533,0.0
5015253-3,5015253-6,0.87541217,1.0
4518382-1,6039649-1,0.20434693,0.0
4560124-1,4560124-2,0.91198224,1.0
6837833-1,6837833-2,0.7632586,1.0
4310127-1,4765299-4,0.29419225,0.0
4173382-1,6100695-1,0.28956828,0.0
6114210-1,6114210-2,0.8054881,1.0
4771872-1,8285516-1,0.041302416,0.0
4377042-2,4377042-3,0.8565602,1.0
6878928-3,6878928-4,0.76763695,1.0
8517308-2,8517308-3,0.6658904,1.0
7683642-1,8152933-1,0.75169927,0.0
5632488-1,6375243-1,0.20858245,0.0
4492317-1,7384492-2,0.1841495,0.0
6062666-1,7312278-1,0.068925306,0.0
4943058-1,5820550-1,0.18450375,0.0
4209268-1,5518093-1,0.8199205,0.0
8278444-1,8278444-2,0.7838702,1.0
3973282-1,4421946-1,0.16196212,0.0
3601281-1,3601281-3,0.68837285,1.0
7273708-1,8403020-1,0.06536427,0.0
3336228-1,8138075-1,0.24472564,0.0
6425386-1,8343438-1,0.087319836,0.0
4588780-1,4588780-2,0.6287655,1.0
8441517-2,8441517-4,0.74313027,1.0
5530460-2,5530460-5,0.95728403,1.0
6806379-1,7321844-1,0.9351443,0.0
2765184-1,7306366-2,0.11134639,0.0
6746349-1,6746349-2,0.97161925,1.0
6764574-4,6764574-5,0.617381,1.0
3701398-1,3701398-2,0.8145193,1.0
6236112-4,6236112-6,0.9478339,1.0
1702536-1,1702536-3,0.6641848,1.0
2767148-1,4129584-1,0.13011181,0.0
3491234-1,4495850-1,0.14366683,0.0
7941918-2,7941918-4,0.91011256,1.0
3667327-1,7850374-1,0.43558875,0.0
6151349-1,8542406-1,0.49487108,0.0
8140026-2,8383649-2,0.7371429,0.0
4283752-1,4761595-1,0.3276908,0.0
4728983-1,8012175-1,0.07580611,0.0
8110243-1,8502552-1,0.7514734,0.0
5898109-1,7360218-1,0.78749627,0.0
3959541-1,7405752-2,0.25840604,0.0
4241042-1,6146672-1,0.21849439,0.0
7758736-3,7758736-7,0.83733845,1.0
6929121-1,6929121-3,0.8818181,1.0
8075760-1,8075760-5,0.85411125,1.0
8432228-1,8432228-3,0.9630875,1.0
4538962-1,7213949-1,0.6373393,0.0
4553182-1,6220407-1,0.1604129,0.0
5364769-1,5364769-2,0.34598383,1.0
3673319-1,5221483-1,0.6231836,0.0
2531126-1,7850656-1,0.320969,0.0
7290120-1,8577335-1,0.5313266,0.0
6028424-1,6028424-2,0.8595035,1.0
8325209-1,8325209-4,0.8703767,1.0
3570192-3,3570192-4,0.89924306,1.0
3870631-2,6221740-1,0.028556893,0.0
6197948-1,7535011-1,0.02094692,0.0
6590551-1,7837857-1,0.6020292,0.0
7450561-3,7450561-4,0.95516545,1.0
7105784-1,7105784-5,0.19926962,1.0
7867306-2,7867306-4,0.735054,1.0
4812083-1,4812083-2,0.8563286,1.0
7024078-1,7924160-1,0.4432014,0.0
7004755-1,7004755-3,0.56156003,1.0
4033141-3,4033141-4,0.64687437,1.0
5962620-3,5962620-5,0.7215826,1.0
4685866-7,4685866-8,0.96625316,1.0
4777981-2,4777981-9,0.13171747,1.0
3914336-1,3914336-2,0.16281405,1.0
5422758-1,6657478-1,0.3563782,0.0
4582039-1,4891313-2,0.13750212,0.0
2531126-1,7850656-1,0.320969,0.0
4487156-3,8180162-2,0.0443412,0.0
6149306-1,6149306-5,0.8862116,1.0
6862365-1,6862365-2,0.7403378,1.0
7099753-3,7099753-4,0.9480167,1.0
3745295-1,4927538-1,0.3455927,0.0
2772275-2,2772275-3,0.88897467,1.0
4772557-1,4772557-4,0.66144544,1.0
6053882-3,6053882-4,0.94240814,1.0
5745971-2,6637352-1,0.198622,0.0
7440236-1,7440236-2,0.7381681,1.0
7793325-2,7793325-3,0.89203376,1.0
5626808-1,7886453-2,0.33076325,0.0
8391342-1,8391342-19,0.7049389,1.0
8147708-1,8572339-1,0.1667611,0.0
2930304-1,7283930-1,0.36002165,0.0
3624739-1,3624739-2,0.71887946,1.0
3785582-4,6207865-1,0.4464189,0.0
8077172-16,8077172-7,0.85082877,1.0
7421811-2,7421811-3,0.43914777,1.0
6439376-1,7137218-1,0.6563678,0.0
4216664-2,6547321-1,0.9823278,1.0
7535648-2,7535648-3,0.81404763,1.0
8171131-1,8171131-2,0.85421646,1.0
2992922-1,2992922-4,0.9658411,1.0
3127313-1,3540342-1,0.34443027,0.0
7695266-10,7695266-7,0.6318499,1.0
8168801-2,8168801-4,0.65904784,1.0
8554378-2,8554378-3,0.6088734,1.0
5514582-1,6856633-2,0.42502084,0.0
5481954-1,7924160-3,0.22543181,0.0
4387824-1,8273158-1,0.58701175,0.0
5043164-1,5378858-1,0.23143938,0.0
6611857-6,6611857-9,0.8743619,1.0
5893346-3,5893346-6,0.96445316,1.0
7152536-1,8254151-1,0.41764146,0.0
4463788-1,5750497-1,0.029989656,0.0
7336759-1,7336759-4,0.94378996,1.0
3522339-3,3522339-4,0.9932159,1.0
8627137-1,8627137-2,0.91031796,1.0
6515778-1,8706098-1,0.06374187,0.0
4302557-1,6968826-1,0.3375661,0.0
4209027-1,4209027-3,0.032723445,1.0
8096340-1,8096340-3,0.9864185,1.0
7523746-3,7523746-4,0.88510877,1.0
3125361-1,4151641-1,0.53847486,0.0
8673679-2,8673679-3,0.63367134,1.0
3286309-1,3286309-4,0.85559744,1.0
7265914-1,7265914-3,0.68335813,1.0
3223713-1,7306636-1,0.22519039,0.0
5042895-3,7846074-1,0.63995034,0.0
5642131-1,5642131-6,0.5169436,1.0
4292058-1,6862880-1,0.1262199,0.0
4153192-1,4153192-7,0.7182733,1.0
1634748-1,8554414-1,0.27873898,0.0
7427972-1,7427972-2,0.8448151,1.0
7357015-1,7902762-1,0.07510655,0.0
6824788-1,6824788-2,0.9377214,1.0
7353707-2,7353707-4,0.9145252,1.0
7382652-1,7382652-3,0.28200537,0.0
2678828-1,3968620-3,0.1128645,0.0
6650185-1,7760432-1,0.12377828,0.0
7489606-1,8354941-1,0.9466029,1.0
3304171-2,3304171-5,0.47213775,1.0
6140438-2,6140438-5,0.4621647,1.0
6888207-2,6888207-3,0.8699987,1.0
4772557-4,7443985-1,0.27161187,0.0
4271281-3,4271281-4,0.9373314,1.0
4077557-3,4077557-5,0.9112946,1.0
4043557-1,7585967-1,0.45084074,0.0
4235171-1,5887698-1,0.4474866,0.0
3965955-2,3965955-3,0.9583153,1.0
6492330-1,6826083-1,0.08980869,0.0
4663301-2,7461323-1,0.2612306,0.0
5751898-1,8641632-2,0.073518395,0.0
6208086-2,6208086-4,0.98824835,1.0
6258717-3,6258717-4,0.8934552,1.0
5460409-1,8605449-4,0.055970382,0.0
5126597-1,5324366-1,0.13054289,0.0
6236112-4,6236112-6,0.9478339,1.0
3841631-3,8699977-3,0.46553576,0.0
3995150-1,4468993-1,0.6116223,0.0
7299570-1,7299570-4,0.931158,1.0
4465165-1,4465165-8,0.8805486,1.0
6543005-1,6837609-3,0.66561687,0.0
3304208-4,3304208-5,0.4840873,1.0
6643709-2,6643709-3,0.6412994,1.0
6384044-1,8458727-1,0.15371458,0.0
7535648-2,7535648-3,0.81404763,1.0
4036833-3,7711629-9,0.18516564,0.0
5227125-1,7229076-1,0.034553427,0.0
8168801-2,8168801-4,0.65904784,1.0
7357015-1,7902762-1,0.07510655,0.0
5039991-1,7746127-1,0.03243732,0.0
5467348-1,8007176-3,0.29533973,0.0
6023325-1,6023325-2,0.8900918,1.0
3692154-1,4020496-2,0.28653723,0.0
8396188-1,8396188-3,0.8962567,1.0
6951159-1,8094050-2,0.011988653,0.0
7257187-2,8569691-1,0.0857001,0.0
4771872-1,8285516-1,0.041302416,0.0
5854745-6,5854745-7,0.9211225,1.0
3996884-1,3996884-2,0.9521995,1.0
6309162-1,6309162-2,0.98237133,1.0
2481265-1,5067396-1,0.14343017,0.0
3955822-1,3955822-3,0.7673932,1.0
5064303-1,6326102-2,0.06560775,0.0
7473607-2,7473607-3,0.7825625,1.0
3890721-2,5091006-1,0.5880443,0.0
7511846-4,7511846-5,0.742352,1.0
4273476-1,4273476-3,0.8670365,1.0
3779398-1,8432414-1,0.41549274,0.0
8360293-1,8360293-3,0.88618547,1.0
5865279-5,5865279-7,0.8558517,1.0
5733438-1,5733438-2,0.8666983,1.0
3391635-1,4536835-2,0.45386124,0.0
4153192-1,4153192-7,0.7182733,1.0
7383351-1,8132458-3,0.52295226,0.0
2678710-1,2678710-3,0.6270068,1.0
6125267-1,6697460-1,0.13132061,0.0
4257951-2,4257951-5,0.471882,1.0
5094544-1,5094544-2,0.957979,1.0
5682741-4,5682741-5,0.94362044,1.0
6454844-1,6944864-1,0.49382064,0.0
5931939-2,7315239-1,0.21367563,0.0
4154284-1,7001429-1,0.45303857,0.0
5642131-14,5642131-15,0.8356453,1.0
2827140-3,2827140-4,0.5868226,1.0
7292447-1,7292447-2,0.8317448,1.0
2815756-6,2815756-9,0.58690226,1.0
4307725-1,4307725-2,0.97883624,1.0
5540391-1,6257534-6,0.308867,0.0
4379642-1,4551368-1,0.41332543,0.0
7644292-1,7644292-2,0.27128425,0.0
7609214-2,7609214-3,0.9043196,1.0
5820011-1,6791391-1,0.26685208,0.0
6743382-2,6743382-3,0.64186496,1.0
6472080-1,7098364-1,0.4460048,0.0
8673864-2,8673864-3,0.8576767,1.0
2712707-1,2712707-2,0.7162259,1.0
4331824-1,4331824-4,0.89871776,1.0
3717022-1,7944653-2,0.5393636,0.0
4766804-1,4766804-3,0.7645692,1.0
5882344-1,8666447-1,0.3039099,0.0
7465747-3,7465747-6,0.5479299,1.0
3671523-1,3671523-3,0.73665035,1.0
8705528-1,8705528-12,0.81709474,1.0
7273174-1,7273174-4,0.99071914,1.0
5653679-1,5653679-2,0.92403895,1.0
6963280-2,6963280-3,0.83708954,1.0
4534593-1,6743662-1,0.39052203,0.0
7463145-2,7463145-3,0.43650836,0.0
6122623-1,6122623-2,0.74953204,1.0
3111110-1,8015810-1,0.14696264,0.0
4865706-2,4865706-3,0.85289544,1.0
3890721-2,5091006-1,0.5880443,0.0
8077172-10,8077172-12,0.80080277,1.0
8474090-1,8474090-2,0.42238933,1.0
1634748-1,8554414-1,0.27873898,0.0
3639082-1,3639082-2,0.8203463,1.0
3303530-1,5822601-1,0.37819785,0.0
5898202-1,8610431-1,0.8067223,0.0
4494188-1,7703702-1,0.16000015,0.0
6395072-1,7665777-4,0.49382237,0.0
4763958-2,4763958-3,0.89829516,1.0
7962471-1,7962471-2,0.6973581,1.0
3914231-1,7758736-3,0.4354891,0.0
7853432-1,7853432-2,0.9137728,1.0
7963407-1,7963407-2,0.7773104,1.0
7813077-1,7813077-4,0.9045722,1.0
6311956-3,6996467-1,0.55777216,0.0
5422738-1,8665562-1,0.3494435,0.0
3199411-1,4940515-1,0.80094534,0.0
7176767-1,7220692-1,0.6935422,0.0
7495746-1,8009769-1,0.6149369,0.0
3423012-1,8270600-1,0.49301443,0.0
3936521-1,7060429-4,0.652002,0.0
3161202-1,7674746-1,0.82589436,1.0
6318108-1,6318108-2,0.5960174,1.0
8391686-2,8391686-4,0.7965323,1.0
5540391-1,6257534-6,0.308867,0.0
3483331-1,6398741-1,0.11649392,0.0
5493463-1,6974419-1,0.6463832,0.0
3878479-1,3878479-3,0.78397727,1.0
3020588-1,3475881-1,0.44356546,0.0
2726128-8,6340240-1,0.17267151,0.0
8531269-1,8531269-4,0.7468168,1.0
8279281-1,8372668-1,0.5150195,0.0
6436465-1,6436465-3,0.8612475,1.0
6135216-2,6135216-5,0.8307837,1.0
6204624-1,6204624-2,0.74825096,1.0
3414796-2,6218347-2,0.2788831,0.0
6518723-1,7369649-2,0.7592853,0.0
3764695-1,5110930-1,0.4954231,0.0
6988727-1,7753272-1,0.15811683,0.0
7273708-1,8403020-1,0.06536427,0.0
3800554-1,8083853-1,0.2508144,0.0
3678855-1,5803962-1,0.531194,0.0
4811070-1,8258851-1,0.26817167,0.0
5705885-1,7335125-1,0.32812858,0.0
5436421-1,7385463-1,0.31041044,0.0
7372225-1,7529543-1,0.043903727,0.0
4458292-1,6069027-3,0.19735809,0.0
8391342-27,8391342-4,0.8982112,1.0
4323511-1,5093178-1,0.19087979,0.0
3724794-1,3724794-2,0.92894286,1.0
6272042-1,6272042-2,0.5031912,1.0
7273708-1,8403020-1,0.06536427,0.0
6671889-1,8505106-3,0.2018533,0.0
4150647-1,4839800-1,0.38425153,0.0
6929121-3,6929121-5,0.26172572,1.0
3777329-1,8492135-1,0.20347145,0.0
6667806-2,8696182-2,0.52642274,0.0
3813728-1,5298907-1,0.24027392,0.0
4189240-1,5568184-1,0.12738739,0.0
5307848-2,5499781-1,0.39831057,0.0
4155887-3,4155887-4,0.7866544,1.0
8121109-1,8121109-2,0.7477922,1.0
8395467-3,8395467-4,0.9352752,1.0
5767008-2,5767008-3,0.93611246,1.0
3158120-1,8383700-1,0.33922473,0.0
4285752-1,5525597-7,0.16772209,0.0
6380677-1,8567533-1,0.19164492,0.0
4357680-1,5835428-1,0.3262912,0.0
7449621-1,7449621-3,0.42194608,1.0
4611936-1,6019244-4,0.35178983,0.0
5854745-6,5854745-7,0.9211225,1.0
5752727-1,5752727-3,0.7385797,0.0
2776156-1,2776156-2,0.7276287,1.0
6244106-2,6244106-3,0.2278421,1.0
7474563-1,7474563-2,0.8300778,1.0
4098887-1,8101683-1,0.10229637,0.0
2740025-1,2740025-5,0.98457456,1.0
8133044-1,8133044-16,0.84829766,1.0
7105784-2,7105784-3,0.5824445,1.0
1906806-2,1906806-6,0.87272877,1.0
3852596-1,4217767-1,0.06842633,0.0
3162762-1,6714308-1,0.101754315,0.0
3861473-2,5868890-1,0.2721278,0.0
8570629-1,8602545-1,0.57637846,0.0
8494175-1,8494175-2,0.9553137,1.0
7451160-1,7451160-3,0.6537489,1.0
3920611-5,3920611-6,0.99186504,1.0
5557522-1,8059998-1,0.4681649,0.0
3800334-1,4142935-1,0.11360194,0.0
2527499-1,3863830-1,0.764404,0.0
4655030-1,4884798-1,0.79248697,0.0
7034667-1,8322726-1,0.46196973,0.0
3965922-1,7915159-1,0.6118835,0.0
5330051-1,6264594-1,0.5030546,0.0
5051124-1,5051124-3,0.66327673,1.0
3341744-1,3789622-1,0.5159153,0.0
6464990-1,8454250-1,0.080379896,0.0
5325025-1,6698274-1,0.2511942,0.0
3070676-1,7186106-1,0.5313732,0.0
8721730-1,8721730-2,0.84763396,1.0
5404322-1,5569297-1,0.26263756,0.0
2637292-2,2637292-3,0.69426006,1.0
3424906-1,7336684-1,0.114956535,0.0
7187478-1,7417122-1,0.43001375,0.0
3928261-1,7657372-1,0.16811675,0.0
2892612-3,2892612-5,0.10932453,1.0
6060766-1,6060766-3,0.9096549,1.0
3959541-1,7405752-2,0.25840604,0.0
7759551-2,7759551-5,0.19890772,1.0
2358907-3,2358907-5,0.75193805,1.0
3265436-1,8143657-1,0.42993364,0.0
3527347-1,7870111-1,0.019722175,0.0
6038475-1,6038475-7,0.94560343,1.0
4522049-1,4522049-2,0.42603344,1.0
3673581-1,6878343-1,0.0960429,0.0
1906806-1,1906806-5,0.9784605,1.0
4614647-1,7647747-2,0.604692,0.0
4614647-1,7647747-2,0.604692,0.0
5586864-1,5586864-3,0.86466265,1.0
7105417-1,7254168-1,0.122777954,0.0
3909847-1,8162139-1,0.06350608,0.0
6332814-5,6332814-8,0.97456497,1.0
3873319-1,3873319-4,0.706965,1.0
4421974-1,4421974-2,0.64925224,1.0
3583109-1,8133087-1,0.19026528,0.0
4310103-1,4877876-1,0.3985743,0.0
7162669-4,7952151-2,0.3401442,0.0
7024078-1,7924160-1,0.4432014,0.0
2687639-4,3420572-1,0.19028114,0.0
8151272-4,8151272-7,0.8513997,1.0
6940155-2,6940155-3,0.72695494,1.0
4570001-1,6194242-1,0.6087022,0.0
7020598-1,7020598-2,0.4956844,1.0
4765255-2,4765255-6,0.7201756,1.0
3821438-1,5912312-5,0.21124344,0.0
8683277-3,8683277-4,0.50816345,1.0
5968738-2,5968738-3,0.9428742,1.0
7585506-3,7585506-4,0.988772,1.0
5619454-1,8674200-1,0.21431945,0.0
7847589-3,7847589-4,0.6570854,1.0
4247011-1,4683505-2,0.31442636,0.0
6272042-1,6272042-2,0.5031912,1.0
7337545-1,7752551-1,0.2816108,0.0
3914169-1,5288423-3,0.20262069,0.0
6233036-2,7985940-1,0.12232164,0.0
6893042-1,6893042-2,0.64182055,1.0
3670626-1,8253320-1,0.5476414,0.0
4832259-2,8145651-1,0.11470828,0.0
3033840-1,7599049-1,0.723998,0.0
4458257-1,4458257-2,0.37875435,1.0
6426764-5,6426764-6,0.8791491,1.0
8213934-3,8213934-4,0.6303164,1.0
7464283-1,7464283-2,0.55257,1.0
3089794-1,7329406-1,0.09544886,0.0
6311773-1,6311773-7,0.55631375,1.0
2737758-1,4063594-1,0.51411605,0.0
4584441-1,5593691-1,0.08087484,0.0
3976921-1,7558373-1,0.2307382,0.0
7826663-2,8011180-1,0.923405,0.0
5643991-4,7294878-1,0.09277162,0.0
5784682-3,6173002-1,0.08001525,0.0
6408453-1,7532242-1,0.5136674,0.0
2651189-2,2651189-4,0.4162576,1.0
7789137-1,7789137-2,0.82593954,1.0
4319353-3,4319353-4,0.6737036,1.0
3965940-1,3965940-2,0.8387449,1.0
8647055-1,8647055-2,0.7811337,1.0
3935557-1,6440177-1,0.213562,0.0
8705528-1,8705528-12,0.81709474,1.0
3842732-1,5441140-1,0.037884813,0.0
4106200-1,7330645-1,0.020284811,0.0
4410506-2,8622799-1,0.41946602,0.0
4721156-3,8051592-1,0.5644836,0.0
3914224-1,3914224-2,0.5905768,1.0
3637387-1,3819695-1,0.2486262,0.0
8155578-2,8155578-3,0.7681828,1.0
8611532-4,8611532-8,0.9238901,1.0
2838224-1,6057187-1,0.09279599,0.0
8133044-13,8133044-16,0.94647497,1.0
4375774-1,4845413-2,0.33472455,0.0
3095789-3,7452805-2,0.4335736,0.0
4327542-1,7506050-3,0.35663185,0.0
6858974-2,7891907-4,0.2753488,0.0
7147292-2,7275959-1,0.093247846,0.0
4937697-1,7870231-1,0.18210374,0.0
4095838-1,7265467-1,0.10763524,0.0
5715253-1,8257447-1,0.99284613,1.0
6749096-1,8547566-1,0.11718484,0.0
3175447-1,6196130-1,0.57098484,0.0
3800653-1,7575332-1,0.3563621,0.0
3555570-1,3555570-2,0.94835514,1.0
5313358-2,5313358-6,0.7222162,1.0
3883337-1,4022768-1,0.08590022,0.0
5899771-2,5899771-3,0.985027,1.0
5467982-1,6440191-1,0.17515114,0.0
3364685-1,6156069-1,0.2306824,0.0
6232978-1,7322849-1,0.26479623,0.0
8077172-11,8077172-4,0.8966522,1.0
6113765-1,6504019-1,0.3213702,0.0
3745102-1,3786388-1,0.0501775,0.0
8699863-2,8699863-6,0.9311147,1.0
7315196-1,7315196-3,0.7537039,1.0
7734470-1,7734470-2,0.9270405,1.0
3877442-1,5824545-1,0.12360766,0.0
3829227-3,8572347-1,0.60037595,0.0
3775671-6,3775671-7,0.9803641,1.0
8709556-1,8709556-2,0.7231641,1.0
8646915-1,8646915-2,0.85012865,1.0
5363107-1,5816241-1,0.37506834,0.0
7577353-1,8501704-1,0.63092893,0.0
8155578-1,8155578-4,0.9404108,1.0
5930217-1,7064361-1,0.101469584,0.0
1797050-1,3084168-1,0.2892144,0.0
7326946-1,7326946-3,0.7691323,1.0
5532934-1,6788114-1,0.41846153,0.0
6298261-1,6298261-2,0.6878881,1.0
5421160-6,5421160-8,0.76748794,1.0
3491129-1,3491129-2,0.8251668,1.0
7649461-1,7649461-5,0.9622036,1.0
3141707-3,3141707-8,0.76414865,1.0
5513699-1,5513699-3,0.71832544,1.0
4925684-1,4925684-2,0.3639269,1.0
3214513-1,6476616-1,0.41075516,0.0
3639082-1,3639082-2,0.8203463,1.0
6214173-3,6214173-4,0.68104833,1.0
3827159-2,3827159-5,0.82926923,1.0
6615017-1,6615017-2,0.020984575,1.0
7319819-1,7319819-4,0.9760938,1.0
6917467-1,8577590-1,0.63153124,0.0
6312625-8,6312625-9,0.71132636,1.0
8700032-2,8700032-5,0.985564,1.0
3442475-1,6963757-1,0.26804757,0.0
5686962-1,5686962-4,0.8538495,1.0
7609899-5,7609899-6,0.8086998,1.0
8391342-12,8391342-20,0.98298466,1.0
3479817-2,3479817-3,0.75621957,1.0
4313489-4,4313489-8,0.897091,1.0
4083769-1,8294895-1,0.47108668,0.0
4094581-2,4094581-9,0.7186664,1.0
6066675-1,6066675-2,0.17719892,1.0
5405907-1,5961273-1,0.5183346,0.0
7541246-3,7541246-4,0.86442924,1.0
3956953-1,7188382-1,0.7122749,0.0
3959086-1,5731728-1,0.113724925,0.0
6984358-1,7011579-1,0.053961076,0.0
5113927-7,5113927-9,0.90630734,1.0
3580346-2,3580346-3,0.498584,1.0
5290631-1,5290631-3,0.8867235,1.0
7240175-1,7240175-2,0.95571864,1.0
8489597-2,8530793-3,0.21755402,0.0
4377042-2,4377042-3,0.8565602,1.0
8047295-4,8047295-5,0.9629015,1.0
3249871-1,6144180-1,0.23184514,0.0
4518428-2,8244092-1,0.23334189,0.0
8391686-1,8671071-2,0.070173055,0.0
4616569-1,4616569-8,0.8238453,1.0
4843071-1,5843968-1,0.227283,0.0
2241629-1,6108451-1,0.18281886,0.0
8015663-3,8015663-4,0.9869936,1.0
4655030-1,4884798-1,0.79248697,0.0
3014854-1,5089230-1,0.2743779,0.0
5175060-1,8159338-1,0.07839019,0.0
4439748-1,7213836-1,0.18215877,0.0
5331254-1,5331254-2,0.91406125,1.0
2045672-1,4081653-2,0.00990966,0.0
5113927-5,5113927-8,0.83358604,1.0
6491668-1,8172316-1,0.87299806,0.0
3278635-1,7402443-1,0.22616842,0.0
8017932-12,8017932-9,0.9277946,1.0
7521058-1,8424806-1,0.105554104,0.0
8393241-1,8393241-4,0.8736293,1.0
3214048-2,4006608-1,0.5385926,0.0
3022785-1,3022785-2,0.8390097,1.0
5404322-1,5569297-1,0.26263756,0.0
7577788-1,7577788-2,0.9744613,1.0
8206866-1,8604427-1,0.30789742,0.0
6598598-2,6598598-3,0.62272775,1.0
6259073-1,8253333-1,0.5192682,0.0
2729474-1,6558365-2,0.27806336,0.0
7394077-1,7394077-2,0.30663452,1.0
7500736-1,7500736-2,0.6524514,1.0
3227238-1,5887274-1,0.6552163,0.0
4405976-1,5290639-1,0.049680166,0.0
4257951-4,4257951-5,0.8022991,1.0
4865706-2,4865706-3,0.85289544,1.0
8017932-12,8017932-9,0.9277946,1.0
6009024-1,6322182-1,0.98194015,1.0
4127225-2,4127225-4,0.96295303,1.0
2615291-2,2615291-3,0.63544244,1.0
3928261-1,7657372-1,0.16811675,0.0
8077172-4,8077172-5,0.443889,1.0
1199590-1,4602606-1,0.095101945,0.0
5473084-1,8323314-1,0.41505322,0.0
6233036-2,7985940-1,0.12232164,0.0
6336613-2,6336613-3,0.58514565,1.0
5965133-2,5965133-3,0.629265,1.0
1906806-1,1906806-5,0.9784605,1.0
7709537-1,7709537-2,0.60418886,1.0
7792539-2,7792539-4,0.55888045,1.0
8531158-4,8531158-7,0.77753484,1.0
2913794-1,4940154-1,0.21828187,0.0
6561526-1,8054923-1,0.270333,0.0
5540467-1,7305484-3,0.17700666,0.0
4392492-1,5988205-1,0.18782118,0.0
3480777-1,4574176-1,0.028043656,0.0
4251001-1,5282937-1,0.14896631,0.0
5649843-1,7772108-1,0.38086957,0.0
2635059-3,3555596-1,0.6990341,0.0
4331824-1,4331824-4,0.89871776,1.0
8394712-1,8394712-2,0.92527795,1.0
2008203-1,7302682-1,0.16336246,0.0
8649573-1,8649573-6,0.8314311,1.0
4461724-3,7369032-1,0.3789971,0.0
3830139-1,3846227-1,0.2641325,0.0
7066540-6,7066540-8,0.9686148,1.0
6604203-1,7684991-1,0.54888475,0.0
3073952-1,7105784-2,0.16978845,0.0
2789949-1,3759312-1,0.3387752,0.0
3409953-1,4000617-1,0.041730624,0.0
3459711-2,3459711-3,0.7904503,1.0
4763958-3,4763958-4,0.9852278,1.0
7421811-3,7421811-4,0.65130836,1.0
4542180-1,8415802-1,0.32046232,0.0
7837892-1,7837892-2,0.5467943,1.0
8360293-1,8360293-5,0.98321664,1.0
8531269-1,8531269-2,0.6832293,1.0
6526982-3,6526982-7,0.88679004,1.0
3220260-1,3220260-2,0.81245565,1.0
3311031-1,8238109-2,0.5731599,0.0
3578199-1,7337643-1,0.51563793,0.0
5823629-3,8168005-1,0.8698524,1.0
4806760-1,4806760-2,0.44362423,1.0
5603086-1,5603086-2,0.63129497,1.0
7670364-5,7670364-6,0.856467,1.0
7053655-1,7053655-7,0.77798927,1.0
3304601-2,3304601-3,0.62537336,1.0
4955475-2,4955475-4,0.7352567,1.0
4549487-1,8635639-1,0.08401237,0.0
2839987-2,7154246-1,0.65681916,0.0
5137971-5,5137971-6,0.6657705,1.0
3737456-1,3737456-3,0.90127975,1.0
7729179-3,7729179-7,0.49736637,1.0
7079483-1,7733434-1,0.51781,0.0
3508530-1,7654559-1,0.19128963,0.0
3555570-3,3555570-4,0.89156014,1.0
2800011-1,3159937-1,0.90788263,1.0
7792539-2,7792539-4,0.55888045,1.0
6275832-2,6275832-4,0.93243104,1.0
6699002-1,7583545-1,0.4973474,0.0
5048704-3,5048704-7,0.9011388,1.0
3444535-1,7679833-1,0.1733161,0.0
4228252-1,4296473-1,0.33662072,0.0
5980441-2,5980441-3,0.61084664,0.0
8243089-3,8243089-6,0.2536657,1.0
4377485-3,7825471-1,0.38845202,0.0
2612684-1,6861041-1,0.5240525,0.0
7961132-1,8580639-1,0.52647436,0.0
5324177-1,5324177-2,0.8650283,1.0
5015253-1,5015253-2,0.64573336,1.0
5960165-1,6065136-1,0.5090628,0.0
7423211-1,7423211-3,0.5856575,1.0
3746149-1,6693792-1,0.17220405,0.0
4094743-3,4094743-5,0.8427836,1.0
3861378-1,4224248-1,0.09031252,0.0
6598598-4,6598598-7,0.8952505,1.0
4881626-4,4881626-7,0.85541064,1.0
7758736-4,7758736-6,0.91917795,1.0
4602880-1,6098899-1,0.32455465,0.0
8688789-1,8688789-2,0.34358352,1.0
7665777-2,7665777-8,0.97703856,1.0
8529628-2,8529628-5,0.51820946,1.0
4271392-1,6144491-2,0.23788905,0.0
8004358-2,8004358-3,0.78345984,1.0
1308872-1,5968243-1,0.7056842,0.0
8326146-1,8326146-2,0.64289445,1.0
3249300-1,4216673-1,0.22955446,0.0
2614979-1,4689988-1,0.2759742,0.0
3514931-1,7796383-1,0.06584813,0.0
6020502-1,8543741-1,0.14780992,0.0
6238297-2,6238297-3,0.7464312,1.0
6160050-3,6160050-7,0.8969345,1.0
8071213-2,8071213-3,0.78092015,1.0
2762828-1,2762828-2,0.9121433,1.0
2737786-1,2737786-3,0.50584906,1.0
7255995-2,7255995-3,0.61704683,1.0
4800921-1,6109194-2,0.07646523,0.0
4549539-1,7535648-1,0.31323296,0.0
4563056-1,4563056-3,0.8087856,1.0
7376584-2,7376584-3,0.8560589,1.0
4918480-6,4918480-8,0.91282076,1.0
3959086-1,5731728-1,0.113724925,0.0
8123288-1,8123288-2,0.8556412,1.0
3952613-1,7590457-1,0.20208791,0.0
4550991-1,8167627-1,0.06616919,0.0
5561421-1,8043518-1,0.25817814,0.0
7640421-1,7962156-1,0.139962,0.0
7171607-2,7171607-3,0.9766726,1.0
2789959-1,5370478-1,0.18347953,0.0
4535012-1,6750314-1,0.11127711,0.0
7265421-1,7695605-5,0.03952701,0.0
4454732-1,8106184-1,0.53085905,0.0
8301378-1,8301378-5,0.8283683,1.0
6667806-1,6667806-2,0.83577883,1.0
3141708-1,6185941-1,0.24743092,0.0
3957970-1,7526470-1,0.08122496,0.0
7140078-1,7140078-3,0.7680851,1.0
4170659-1,4170659-4,0.82297575,1.0
4588780-1,4588780-2,0.6287655,1.0
3864880-1,3864880-2,0.7791285,1.0
2588090-1,2588090-2,0.77102965,1.0
7314844-1,7314844-7,0.53444594,1.0
7472508-2,7472508-4,0.7813538,1.0
2740245-1,6779149-1,0.14409344,0.0
6524829-1,6524829-2,0.92324066,1.0
3141708-1,6185941-1,0.24743092,0.0
3465888-1,5318607-1,0.5258225,0.0
3474946-1,3474946-2,0.70174605,1.0
4765255-1,4765255-4,0.4572208,1.0
5882344-1,8666447-1,0.3039099,0.0
4568311-1,4568311-2,0.338245,1.0
7042135-1,7042135-4,0.35234556,1.0
2983082-1,2983082-2,0.6447274,1.0
7538799-1,8362537-1,0.19098838,0.0
8042811-3,8042811-4,0.52356786,1.0
1797050-1,1797050-3,0.6606929,1.0
7389435-1,7527010-1,0.25583836,0.0
2988810-2,2988810-4,0.9452563,1.0
4627117-1,4627117-3,0.86486244,1.0
3254849-1,5640565-3,0.96344626,1.0
5360045-1,7952668-1,0.07020609,0.0
2984298-1,8325872-1,0.27561188,0.0
5325004-1,6409157-1,0.051423874,0.0
5932826-4,5932826-5,0.76786,1.0
3870132-1,8491323-2,0.019583873,0.0
4058595-1,8442335-1,0.5306359,0.0
4424714-1,7457637-1,0.73402756,0.0
4663799-2,4663799-3,0.7643195,1.0
6205782-1,7725117-1,0.25941175,0.0
8563620-1,8563620-4,0.6116278,1.0
3298780-1,7162669-4,0.7222625,0.0
5056220-1,5056220-3,0.9918912,1.0
7519989-1,8148337-1,0.3254532,0.0
3599937-1,7337270-1,0.33335522,0.0
3498786-1,3498786-2,0.80012554,1.0
6076956-3,6593952-1,0.81002563,1.0
6388527-1,6388527-2,0.827262,1.0
8273319-1,8273319-2,0.85994655,1.0
7221050-1,7479482-1,0.37671238,0.0
6509981-1,7240896-1,0.16172436,0.0
5943729-11,5943729-7,0.9130583,1.0
5842739-1,6314087-1,0.36660552,0.0
7898215-1,7898215-3,0.4325068,1.0
8588720-1,8588720-4,0.71190566,1.0
5828922-1,8036065-1,0.27893445,0.0
4397373-1,4397373-3,0.5770891,1.0
6312625-3,6312625-4,0.8269937,1.0
3132910-1,3132910-2,0.9590306,1.0
4135163-1,8077507-1,0.60724896,0.0
2886081-1,7714405-2,0.1253363,0.0
4541803-1,7896685-1,0.3288131,0.0
7695266-7,7695266-9,0.9915839,1.0
3519024-1,3519024-2,0.91956747,1.0
5836194-1,5836194-3,0.16124018,0.0
6371611-1,6995493-1,0.64955086,0.0
7389435-1,7527010-1,0.25583836,0.0
3057253-1,6816536-1,0.17225939,0.0
7535553-2,7535553-3,0.90779334,1.0
4518382-1,6039649-1,0.20434693,0.0
3664473-1,7751069-3,0.371952,0.0
4720496-1,6451252-1,0.1641743,0.0
4346931-1,4346931-2,0.5725314,1.0
2045672-1,4081653-2,0.00990966,0.0
3970068-1,3970068-2,0.9888553,1.0
6360730-4,6507382-1,0.54068923,0.0
3114563-2,3114563-3,0.88076824,1.0
2988810-6,2988810-8,0.5851824,1.0
5813443-1,5813443-2,0.6845129,1.0
7459979-2,7459979-5,0.8748143,1.0
3965922-1,7915159-1,0.6118835,0.0
6868756-1,8557790-1,0.25716004,0.0
3594910-1,4058268-1,0.23310332,0.0
8383533-4,8383533-5,0.7511789,1.0
7276580-2,7276580-3,0.98778033,1.0
3463145-1,5649707-1,0.86041176,0.0
5768481-4,6292349-1,0.17609906,0.0
3307469-1,5745729-1,0.82279426,0.0
5712115-1,5712115-2,0.8729056,1.0
5324177-1,5324177-2,0.8650283,1.0
3608993-1,7008586-2,0.8999122,0.0
3922193-1,3922193-4,0.9373735,1.0
4123283-1,4123283-2,0.9509912,1.0
7000928-1,7000928-2,0.72275573,1.0
7543135-2,7738631-1,0.11773008,0.0
6275832-3,6275832-5,0.9428917,1.0
4936984-1,5552637-1,0.31912327,0.0
4308088-2,4308088-9,0.8711474,1.0
6452484-1,6593925-1,0.12678559,0.0
7755517-1,7755517-2,0.6112779,1.0
4447152-1,4447152-2,0.7781557,1.0
3673848-1,3673848-2,0.9586708,1.0
8494847-1,8494847-2,0.9552902,1.0
5155483-1,6883883-1,0.65701693,0.0
5649433-1,5649433-2,0.47743317,1.0
6369346-1,6369346-2,0.7279603,1.0
3293089-1,3293089-2,0.8609174,1.0
6043705-2,6043705-5,0.22559857,1.0
8123257-2,8123257-8,0.6297945,1.0
7299656-1,7299656-9,0.9571835,1.0
4154885-1,4154885-2,0.90683794,1.0
5977743-1,7477961-5,0.19614248,0.0
5346920-1,7066495-2,0.17479372,0.0
8162322-2,8162322-5,0.8917398,1.0
7330531-2,7330531-3,0.6642246,1.0
3055833-1,7417184-1,0.054247256,0.0
3535727-2,7822438-1,0.37495255,0.0
8406563-2,8406563-3,0.8177806,1.0
2916111-1,5074815-2,0.52284557,0.0
3968977-1,3968977-2,0.93930846,1.0
7367573-1,7367573-2,0.8753638,1.0
4083205-1,4638091-1,0.39304465,0.0
5558416-2,7316440-1,0.39797303,0.0
4657314-1,6350128-1,0.6130835,0.0
6318083-1,6318083-3,0.7582905,1.0
4864885-1,8330615-1,0.40995854,0.0
2529260-1,4601425-1,0.09202612,0.0
4448067-1,4448067-3,0.39411107,1.0
8628278-1,8628278-5,0.7845869,1.0
4421672-1,5040563-1,0.26234397,0.0
6207850-1,7803366-2,0.7920532,0.0
3853465-1,3853465-4,0.7452577,1.0
4077640-1,4998414-1,0.42402923,0.0
3978104-1,4949204-1,0.4637978,0.0
1236943-1,6588153-1,0.3079515,0.0
5642131-10,5642131-4,0.9759478,1.0
6558134-1,6558134-4,0.7999931,1.0
6743382-3,8237764-1,0.49889442,0.0
8394628-1,8454150-1,0.043692265,0.0
6022295-2,6022295-3,0.92369515,1.0
7854335-3,7854335-4,0.7168467,1.0
5989519-1,7251434-4,0.4148193,0.0
5591119-1,5591119-2,0.7817679,1.0
6447420-1,6447420-2,0.91068554,1.0
4094581-4,4094581-5,0.735555,1.0
8178000-1,8178000-2,0.6845266,1.0
8015663-3,8015663-4,0.9869936,1.0
8021286-3,8159173-1,0.25548935,0.0
3890721-2,5091006-1,0.5880443,0.0
4094743-3,4094743-5,0.8427836,1.0
6696846-1,8663995-1,0.17272153,0.0
3625758-1,3625758-2,0.529059,1.0
8569136-5,8569136-6,0.9823126,1.0
6676009-1,6683380-1,0.24990119,0.0
5624659-2,5624659-3,0.93143785,1.0
4611936-1,6019244-4,0.35178983,0.0
7871723-1,8065519-2,0.21581626,0.0
4719265-1,6323364-1,0.17590329,0.0
5022516-1,5022516-4,0.7569287,1.0
6738950-1,6738950-2,0.63763714,1.0
5405905-1,8387585-1,0.04330411,0.0
5368377-1,5368377-2,0.78489435,1.0
8077172-1,8077172-10,0.9184936,1.0
7721074-3,7721074-4,0.8177281,1.0
3883268-1,5392909-1,0.06546378,0.0
8610460-1,8610460-2,0.7491645,1.0
3847260-1,4468626-1,0.23263596,0.0
3719039-4,3719039-5,0.9482,1.0
6173044-1,6173044-2,0.9601354,1.0
3065406-1,3065406-2,0.37828794,1.0
6310537-1,7268154-1,0.47943744,0.0
7758736-7,7758736-8,0.96703327,1.0
5369260-1,7584303-1,0.0957536,0.0
3628262-1,7560006-1,0.11285955,0.0
5789469-1,6664498-1,0.32387602,0.0
3800334-1,4142935-1,0.11360194,0.0
7758736-7,7758736-8,0.96703327,1.0
5346920-1,7066495-2,0.17479372,0.0
4603322-1,4603322-2,0.63484764,1.0
4778215-1,4778215-2,0.94041616,1.0
2859224-1,5499883-1,0.20612091,0.0
8088476-1,8088476-2,0.7656956,1.0
6299528-5,6299528-6,0.46900544,0.0
2799642-1,7034731-2,0.22300401,0.0
2726128-2,2726128-7,0.84419554,1.0
8682950-1,8682950-3,0.9599044,1.0
7007484-2,7007484-3,0.98876536,1.0
4898337-1,5803689-3,0.49918792,0.0
7670364-5,7670364-6,0.856467,1.0
4525443-1,8606888-1,0.34951776,0.0
6053882-3,6053882-4,0.94240814,1.0
6572923-1,6572923-2,0.88478327,1.0
3491237-1,8437203-1,0.77303666,0.0
4393936-1,7970702-1,0.14994338,0.0
5838613-2,8466326-1,0.7228592,0.0
6393903-1,8360226-1,0.10857578,0.0
7238787-1,7238787-3,0.8773926,1.0
8038423-1,8405177-1,0.10661497,0.0
5008561-1,6194714-1,0.1465107,0.0
4778215-1,4778215-2,0.94041616,1.0
3163399-1,4391425-1,0.29320458,0.0
2944857-4,2944857-5,0.95791906,1.0
2769306-1,7063557-1,0.40124145,0.0
4900332-1,4900332-3,0.52994996,1.0
5417264-2,5429124-1,0.6741853,1.0
8258108-1,8258108-5,0.7017593,1.0
5137971-1,5137971-5,0.936595,1.0
8092089-2,8092089-5,0.9507512,1.0
6595694-1,6826334-1,0.19898511,0.0
4800374-1,6738230-1,0.69821334,0.0
7830173-2,7830173-3,0.97921854,1.0
6997318-1,6997318-2,0.5588,1.0
3986296-1,3986296-3,0.7114752,1.0
2584640-2,2584640-3,0.60445166,1.0
2821391-1,2821391-3,0.93676174,1.0
5971512-2,5971512-3,0.90192735,1.0
8455221-2,8455221-4,0.70362115,1.0
3804044-4,5051316-1,0.82196385,0.0
4259078-1,5069236-1,0.70073444,0.0
6940155-2,6940155-3,0.72695494,1.0
4129924-1,6426094-1,0.19854766,0.0
3913137-3,3913137-6,0.9689131,1.0
8415640-2,8415640-5,0.85219115,1.0
4302118-1,4302118-2,0.92720425,1.0
3095789-3,7452805-2,0.4335736,0.0
6106902-1,8563620-11,0.5751696,0.0
4886413-1,6368983-1,0.6382793,0.0
7745691-1,7745691-6,0.9859319,1.0
6611857-10,6611857-2,0.95648986,1.0
4020557-1,4456757-1,0.50438815,1.0
3738031-1,4365146-1,0.06942582,0.0
3212971-1,3517946-1,0.50799084,0.0
4270008-3,6820463-1,0.7119218,0.0
6060766-1,6060766-2,0.64447933,1.0
4813076-2,4813076-3,0.9227442,1.0
7322413-1,8186193-1,0.6726307,0.0
6373650-1,7173658-2,0.3392884,0.0
3756242-1,5902283-1,0.90191764,0.0
7204337-1,7509544-1,0.40244138,0.0
3646555-2,8700716-4,0.3393085,0.0
2585083-1,8588691-2,0.5663738,0.0
5613318-1,7923699-3,0.114069216,0.0
6615421-1,7568822-4,0.5754231,0.0
2908797-1,8004176-8,0.047873233,0.0
1660560-1,1660560-3,0.98968625,1.0
6921188-1,8132588-1,0.66835386,0.0
5201065-1,5201065-4,0.8814162,1.0
4630066-1,4630066-4,0.9694857,1.0
7306525-1,7341436-1,0.18819518,0.0
7492942-1,7852651-1,0.7579137,0.0
6984149-1,8045623-1,0.07039472,0.0
4809157-1,8516595-1,0.18528154,0.0
6476008-1,6476008-2,0.8936025,1.0
6124800-1,7053798-2,0.10631574,0.0
5588617-3,8081009-1,0.40448925,0.0
4206015-1,4756176-1,0.14608313,0.0
3819729-1,8046551-1,0.31294468,0.0
7485476-10,7485476-5,0.5819248,1.0
7419387-3,8202394-2,0.41469175,0.0
3888898-1,5126035-6,0.82489634,0.0
7164702-1,7164702-3,0.92974484,1.0
6207033-1,6215584-1,0.24547511,0.0
3447677-2,6597856-1,0.73481584,0.0
3524190-2,7063189-1,0.54355526,0.0
7521058-1,8424806-1,0.105554104,0.0
4357680-1,5835428-1,0.3262912,0.0
7353792-3,7353792-4,0.8499984,1.0
7299656-10,7299656-5,0.9933982,1.0
8707017-1,8707017-4,0.49746737,1.0
3976921-1,7558373-1,0.2307382,0.0
6182942-1,6967269-1,0.44582623,0.0
5192293-1,5192293-2,0.65046793,1.0
6317215-1,6317215-3,0.8861889,1.0
4518382-1,6039649-1,0.20434693,0.0
3914169-1,5288423-3,0.20262069,0.0
5118859-1,5464515-9,0.2134824,0.0
8422025-3,8422025-7,0.8067624,1.0
3284021-1,5943108-2,0.51312333,0.0
5080481-1,7216496-1,0.047049977,0.0
5398372-1,5398372-2,0.8819281,1.0
6020502-1,8543741-1,0.14780992,0.0
3318093-1,5649238-1,0.28853548,0.0
7871006-2,7871006-3,0.961164,1.0
6132972-3,6132972-4,0.8805739,1.0
6600896-1,6774008-1,0.116055,0.0
3412558-1,4029459-2,0.10983613,0.0
4611067-2,4611067-4,0.99113685,1.0
3668205-2,6087580-1,0.52361745,0.0
7098346-1,8405206-2,0.14233458,0.0
3221906-1,6426556-1,0.127048,0.0
7092682-2,7092682-3,0.7497489,1.0
6380751-1,7879370-1,0.21255885,0.0
7941918-2,7941918-5,0.72295105,1.0
7992822-1,7992822-5,0.69875354,1.0
5988756-6,5988756-8,0.84020585,1.0
3349586-1,4228594-1,0.3873867,0.0
7649103-2,7649103-8,0.9150806,1.0
7981696-1,7981696-3,0.84432256,1.0
3530754-1,6186323-2,0.07636894,0.0
5505298-1,6795739-1,0.5866195,0.0
8248082-4,8248082-5,0.22917497,1.0
4375745-3,4375745-5,0.15662014,1.0
6211912-1,6211912-2,0.59249985,1.0
5477138-1,7045952-1,0.54701024,0.0
4107223-2,4107223-3,0.988948,1.0
4581503-1,5551286-1,0.21488304,0.0
6683889-4,6683889-6,0.5994425,1.0
3996150-1,3996150-2,0.4310796,1.0
3420670-1,8429020-1,0.16080111,0.0
7515799-2,7515799-4,0.7137462,1.0
6311773-1,6311773-7,0.55631375,1.0
4064285-1,8627705-1,0.77401024,0.0
8202535-1,8202535-3,0.65512395,1.0
4873987-1,6407372-2,0.9459418,1.0
6968900-3,6968900-4,0.8961144,1.0
6744773-3,8326605-1,0.5817116,0.0
4949204-1,5878908-1,0.63100636,0.0
2726522-1,3484303-1,0.23924066,0.0
3842730-2,3842730-3,0.9622224,1.0
5099962-1,5099962-2,0.97505194,1.0
2776156-2,2776156-7,0.99553776,1.0
4013303-1,6476142-1,0.24475296,0.0
3909847-1,8162139-1,0.06350608,0.0
5396407-1,6416382-3,0.21375601,0.0
4415178-1,4415178-4,0.91882163,1.0
3555391-1,7688041-1,0.21570417,0.0
6157329-1,6157329-3,0.29113394,1.0
4094880-1,5525600-1,0.26304057,0.0
6052517-1,8610878-1,0.102819845,0.0
2840960-1,7512028-1,0.24911575,0.0
7479855-1,7479855-2,0.92061305,1.0
4441244-2,4441244-3,0.8694332,1.0
3922398-1,6100339-1,0.8505814,0.0
4761595-3,8496000-1,0.74557215,0.0
6354669-1,7047347-1,0.15339832,0.0
4705729-2,4705729-3,0.866372,1.0
8151272-3,8151272-4,0.7817016,1.0
8454244-1,8454244-2,0.40551403,1.0
5649805-3,5649805-4,0.80924267,1.0
6952478-1,8159654-1,0.7685373,0.0
5360033-2,5360033-3,0.97217816,1.0
6042488-6,6042488-8,0.9491686,1.0
2989757-1,2989757-2,0.78900605,1.0
4936984-1,5552637-1,0.31912327,0.0
4159969-1,6982483-1,0.12697102,0.0
6357654-1,6928473-1,0.16084056,0.0
7990443-2,7990443-3,0.70046806,1.0
6996166-2,6996166-3,0.82354486,1.0
4245924-7,8122203-1,0.22258323,0.0
5390845-2,6011329-1,0.14783499,0.0
6022295-2,6022295-3,0.92369515,1.0
7321844-3,7321844-5,0.5061917,1.0
3343425-1,3343425-2,0.6474007,1.0
7988206-12,7988206-8,0.9471346,1.0
8081022-1,8396269-1,0.38461584,0.0
3522339-5,3522339-8,0.5301528,1.0
4027671-1,5902113-1,0.32731915,0.0
7331860-2,7331860-3,0.9148359,1.0
5304997-1,5304997-2,0.2820257,1.0
5464515-5,5464515-7,0.910677,1.0
4173382-1,6100695-1,0.28956828,0.0
2854446-1,7592631-1,0.19820787,0.0
6549290-1,6549290-5,0.6365407,1.0
3683444-1,3683444-2,0.3293624,1.0
7764958-1,7764958-3,0.55528927,1.0
2991462-1,4319336-1,0.40171748,0.0
7993048-1,7993048-6,0.7326035,1.0
6473094-1,6473094-3,0.29751995,1.0
7794165-1,7794165-2,0.88459057,1.0
6103365-4,6103365-8,0.8530347,1.0
5932522-2,5932522-4,0.96099967,1.0
7306366-2,7306366-3,0.8796634,1.0
5398372-1,5398372-2,0.8819281,1.0
8211030-1,8211030-2,0.53562886,1.0
8147995-1,8147995-2,0.90819657,1.0
8144799-1,8189805-1,0.58811104,0.0
6052760-1,6052760-2,0.8989059,1.0
2740309-1,5670264-1,0.2712633,0.0
4245924-2,4245924-3,0.37574196,1.0
3698236-1,5799648-1,0.44358125,0.0
5507564-1,7952297-2,0.2911571,0.0
4414950-1,4603812-1,0.55921036,0.0
4313001-1,4313001-2,0.7377149,1.0
7559672-1,7559672-2,0.5085831,1.0
8391342-11,8391342-21,0.9614034,1.0
7996811-5,7996811-6,0.96850026,1.0
6708711-1,7059379-1,0.028098559,0.0
4182018-1,5215196-2,0.35305345,0.0
5893346-2,5893346-7,0.6865192,1.0
3897098-3,3897098-4,0.70364684,1.0
3280069-1,8184519-1,0.41162804,0.0
8183782-1,8183782-2,0.18640792,1.0
4558191-2,4558191-3,0.9025471,1.0
6504238-2,6504238-3,0.77557707,1.0
6060766-2,6060766-6,0.78237873,1.0
3195365-1,7353901-1,0.18166444,0.0
3692185-1,4023098-1,0.24143112,0.0
2843128-1,2843128-2,0.9052329,1.0
3996636-1,3996636-3,0.8102576,1.0
6312625-8,6312625-9,0.71132636,1.0
6160050-1,6160050-2,0.8058616,1.0
7469690-1,7963417-6,0.37808517,0.0
5725898-1,5725898-3,0.9742898,1.0
3915190-2,5383748-1,0.21944126,0.0
7670364-5,7670364-6,0.856467,1.0
4929394-1,6293130-1,0.10468823,0.0
3700161-1,4354087-1,0.15867743,0.0
3901594-2,3901594-3,0.885668,1.0
6420325-1,8500458-1,0.23313563,0.0
5917864-1,5917864-2,0.4044659,1.0
7819403-2,7819403-3,0.9774745,1.0
5483845-3,5483845-4,0.5918643,1.0
4847610-1,7434254-1,0.47362748,0.0
4318868-1,5051311-2,0.16238385,0.0
4036833-3,7711629-9,0.18516564,0.0
3870132-1,8491323-2,0.019583873,0.0
7240175-1,7240175-2,0.95571864,1.0
7527125-1,8403006-1,0.6023994,0.0
3751049-1,4425244-5,0.13064809,0.0
3491339-3,3491339-4,0.91941273,1.0
4042138-3,4042138-5,0.7581721,1.0
5417292-1,5417292-2,0.7465653,1.0
3634723-1,7930656-1,0.31021845,0.0
2590610-1,5526306-2,0.051075745,0.0
5820018-1,5820018-3,0.8073198,1.0
7265239-1,7265239-2,0.85468143,1.0
7609214-2,7609214-3,0.9043196,1.0
518976-2,8634485-1,0.07348732,0.0
3235785-1,8630978-1,0.6474933,0.0
4395949-1,5134173-1,0.5553388,0.0
2008203-1,7302682-1,0.16336246,0.0
4829397-1,8089452-1,0.7462399,0.0
6393903-1,8360226-1,0.10857578,0.0
4157488-1,4157488-2,0.7058692,1.0
3965940-1,3965940-2,0.8387449,1.0
6890352-1,7265717-1,0.06876061,0.0
7789137-1,7789137-5,0.93002033,1.0
7311546-12,7311546-3,0.8544824,1.0
4531435-2,5934517-1,0.35043156,0.0
5784282-1,8222638-1,0.5986306,0.0
6318108-1,6318108-2,0.5960174,1.0
7593724-6,7593724-7,0.99916285,1.0
5040579-1,5824901-1,0.15834165,0.0
3263266-1,3263266-3,0.9761081,1.0
3785901-1,3785901-2,0.75163877,1.0
3657350-1,3657350-3,0.97463614,1.0
8531269-1,8531269-2,0.6832293,1.0
3400882-1,3400882-2,0.60245115,1.0
8513946-3,8513946-4,0.25567085,0.0
3843640-1,3843640-2,0.3364342,1.0
3313754-1,6511183-2,0.19448669,0.0
6236112-2,6236112-5,0.9909548,1.0
7793325-2,7793325-3,0.89203376,1.0
5532902-1,7803163-1,0.4911904,0.0
5556877-1,5556877-2,0.86179423,1.0
4114614-1,4114614-2,0.89126724,1.0
4245354-1,5298916-1,0.17961167,0.0
7758736-7,7758736-8,0.96703327,1.0
6956559-2,6956559-3,0.56944597,1.0
4510828-1,8007117-1,0.029851757,0.0
2769338-1,6744741-1,0.23607162,0.0
6372864-3,6507051-1,0.1585127,0.0
4490611-1,7206957-1,0.5973539,0.0
3263275-1,3263275-3,0.9293923,1.0
6743228-1,6743228-2,0.7004256,1.0
7006440-8,7006440-9,0.6375289,1.0
3843640-2,3843640-6,0.65705436,1.0
4966802-1,6668535-1,0.57993484,0.0
3723473-1,6750286-1,0.23441432,0.0
3833898-1,4942540-1,0.35726714,0.0
4238274-1,4238274-2,0.8664646,1.0
2580766-1,4086542-3,0.090438,0.0
5245938-1,5245938-3,0.73807776,1.0
6107036-1,8107458-1,0.23616385,0.0
8428280-2,8428280-6,0.97519636,1.0
5912312-2,5912312-5,0.9830579,1.0
6799453-1,7335879-1,0.7574313,0.0
7607618-2,7607618-3,0.54278773,1.0
3459508-6,3638501-1,0.37933522,0.0
3556846-2,3556846-4,0.84958637,1.0
3119975-2,3119975-3,0.62275785,1.0
8155578-1,8155578-4,0.9404108,1.0
4581503-1,5551286-1,0.21488304,0.0
5574524-1,7802812-1,0.11791771,0.0
8436292-4,8436292-6,0.83402413,1.0
5510768-1,5510768-3,0.9395675,1.0
2984347-1,6694281-1,0.07254833,0.0
4158630-1,5992942-1,0.4260745,0.0
2984298-1,8325872-1,0.27561188,0.0
3652046-1,5322266-1,0.08546974,0.0
4763460-1,4763460-2,0.7776319,1.0
8383533-3,8383533-5,0.8125707,1.0
8611532-1,8611532-2,0.69343317,1.0
5769203-1,5769203-2,0.912607,1.0
3996884-1,3996884-2,0.9521995,1.0
5442073-1,6438837-1,0.6625764,0.0
4478336-2,4478336-3,0.6774395,1.0
4301858-1,8520584-1,0.025975991,0.0
3635147-1,6439376-1,0.94999087,0.0
8707017-1,8707017-4,0.49746737,1.0
5331254-1,5331254-2,0.91406125,1.0
8428707-1,8428707-3,0.22796881,1.0
7322111-1,7322111-2,0.92102605,1.0
3350090-1,3350090-2,0.8965727,1.0
3787645-1,7865033-1,0.049932953,0.0
4040073-1,5628183-1,0.89998806,1.0
7308791-2,7308791-3,0.3666557,1.0
8151272-4,8151272-7,0.8513997,1.0
4659948-1,5834851-1,0.19684388,0.0
2729252-2,2729252-4,0.6716677,1.0
3785901-1,6849054-1,0.64295495,0.0
5337774-1,7949625-1,0.7823546,0.0
4005095-1,4005095-2,0.84145427,1.0
6643316-1,6643316-8,0.5922511,1.0
3325621-1,3325621-2,0.82859033,1.0
2925369-1,8387078-1,0.16507089,0.0
4818801-1,6754877-1,0.086904086,0.0
3638522-1,6868727-1,0.65060836,0.0
5943729-2,5943729-7,0.969207,1.0
8422025-1,8422025-5,0.6452511,1.0
8158287-2,8158287-3,0.8653005,1.0
2804096-2,2804096-5,0.77738494,1.0
7199072-1,7199072-3,0.8694305,1.0
3692185-1,4023098-1,0.24143112,0.0
4290765-1,8299386-1,0.08445633,0.0
4272944-2,4272944-3,0.6483518,1.0
3876310-1,3942268-1,0.5046114,0.0
4228252-1,4296473-1,0.33662072,0.0
8077048-1,8077048-2,0.83343446,1.0
6275832-3,6275832-5,0.9428917,1.0
4177611-1,4177611-2,0.94982123,1.0
5615344-1,5615344-3,0.8469967,1.0
7367386-4,7367386-8,0.8807489,1.0
6921188-1,8132588-1,0.66835386,0.0
5603331-1,8674093-2,0.4053008,0.0
5399436-1,5399436-2,0.8333146,1.0
3919861-1,6440334-1,0.23700349,0.0
4560152-1,7888978-1,0.10748841,0.0
6897378-3,6897378-4,0.8306507,1.0
5756273-1,8269973-1,0.70878416,0.0
6939971-1,8364296-2,0.24937627,0.0
4427221-1,7548966-1,0.15567307,0.0
4437287-1,6681500-1,0.06801512,0.0
6180387-2,6180387-4,0.7885217,1.0
4846628-1,8477373-1,0.22100586,0.0
7011514-1,8440069-1,0.18239038,0.0
3298875-1,4247694-1,0.06926933,0.0
7584821-2,7584821-3,0.98218167,1.0
5422734-1,7117615-1,0.86576253,0.0
4487156-3,8180162-2,0.0443412,0.0
4493942-2,6825486-1,0.7504806,0.0
8296715-1,8296715-2,0.97018445,1.0
3724794-1,3724794-3,0.98528624,1.0
5084613-1,5084613-5,0.9468779,1.0
4173377-1,7709073-1,0.11135454,0.0
7360258-1,8647234-1,0.2576248,0.0
5019473-1,5019473-4,0.75464183,1.0
8055885-1,8055885-3,0.81049865,1.0
8391342-1,8391342-17,0.9203922,1.0
7292423-1,7292423-3,0.95237756,1.0
6311234-1,7253935-1,0.15047541,0.0
3778810-1,3778810-2,0.81143385,1.0
6040287-2,6040287-4,0.83174044,1.0
3500982-1,3500982-2,0.87791204,1.0
8201076-1,8201076-2,0.8940832,1.0
5909360-1,5909360-4,0.9852207,1.0
7077940-1,7360258-1,0.102126986,0.0
2759628-3,2759628-4,0.8053302,1.0
7646794-1,7646794-2,0.82180065,1.0
4086582-1,4086582-2,0.7062247,1.0
3697227-1,8263135-1,0.6929858,0.0
2880279-1,2880279-2,0.5281338,1.0
3495889-1,3495889-2,0.56694525,1.0
8632144-3,8632144-4,0.7803452,1.0
4855898-1,8645167-1,0.10104168,0.0
6813690-1,6813690-4,0.26409867,1.0
5649815-1,6502980-1,0.40239,0.0
3223146-1,3223146-5,0.72727674,1.0
4253700-1,4778215-1,0.90339595,1.0
4297807-1,4297807-2,0.75244063,1.0
8504303-2,8504303-4,0.79289514,1.0
4502249-1,4667239-1,0.19201733,0.0
5582424-1,5582424-3,0.9065815,1.0
5343645-2,5362702-1,0.6071656,0.0
6531118-1,6531118-3,0.89146477,1.0
2740062-1,3307458-1,0.3376309,0.0
4872566-3,5894316-2,0.18556346,0.0
4686635-3,4686635-4,0.9107568,1.0
7006440-1,7006440-7,0.8654015,1.0
7315662-1,7991103-1,0.06507443,0.0
5872398-1,7495872-1,0.22510001,0.0
6819293-1,8504680-1,0.04795498,0.0
3723473-1,6750286-1,0.23441432,0.0
6988727-1,7753272-1,0.15811683,0.0
5840715-1,8120279-1,0.15671986,0.0
6305099-1,7690554-1,0.6083809,0.0
7944014-1,7944014-2,0.49791348,1.0
7609214-1,7609214-5,0.8226738,1.0
8710561-1,8710561-3,0.9345735,1.0
7349802-3,7349802-4,0.89474064,1.0
6819293-1,8504680-1,0.04795498,0.0
4936984-1,5552637-1,0.31912327,0.0
6028159-1,8422015-1,0.1766362,0.0
6020266-2,6020266-7,0.64180076,1.0
4998851-2,4998851-7,0.7931673,1.0
6592301-1,6789400-1,0.7384771,0.0
2580766-1,4086542-3,0.090438,0.0
2667616-1,2667616-2,0.6793237,1.0
7403927-3,7724121-1,0.9050577,0.0
3514939-1,5930228-1,0.20654579,0.0
4327555-1,4327555-2,0.31948176,1.0
8391342-17,8391342-6,0.90838367,1.0
6997807-1,7887488-1,0.3081632,0.0
4323903-3,4323903-4,0.5151739,1.0
3345597-1,4173537-1,0.07291373,0.0
5758965-1,7904369-1,0.3301098,0.0
8186646-2,8229143-1,0.6920158,0.0
8646190-4,8646190-5,0.83795154,1.0
8409201-1,8409201-3,0.7638887,1.0
7521058-1,8424806-1,0.105554104,0.0
5080481-1,7216496-1,0.047049977,0.0
4081296-2,8694163-1,0.8335899,0.0
6847994-2,6847994-4,0.9830073,1.0
7952588-2,7952588-3,0.9308592,1.0
6173029-1,6173029-2,0.6734961,0.0
7828325-1,7828325-2,0.8070709,1.0
3063239-1,7440240-6,0.54637396,0.0
2889853-1,4421636-1,0.39809433,0.0
4498509-1,7492598-1,0.41108868,0.0
2693847-1,2693847-3,0.19876307,0.0
7241664-1,7506380-1,0.12892146,0.0
7574058-2,8362535-1,0.468343,0.0
3905562-1,5998278-1,0.50943273,0.0
3891978-1,7465744-1,0.47980577,0.0
7474563-1,7474563-2,0.8300778,1.0
3667321-1,3667321-2,0.8255801,1.0
6669189-1,8482093-1,0.53763634,0.0
6103365-1,6103365-3,0.8764112,1.0
4685866-7,4685866-8,0.96625316,1.0
6389012-1,6389012-2,0.80359364,1.0
4500871-2,5159176-1,0.68706346,0.0
3335562-1,4159905-1,0.2615946,0.0
6199400-1,6199400-2,0.22421569,1.0
4553663-1,4804603-1,0.30131832,0.0
4759308-1,6417322-1,0.6834319,0.0
4123504-3,4123504-6,0.95871365,1.0
8391342-17,8391342-6,0.90838367,1.0
7275946-1,8404617-1,0.16881397,0.0
7737526-1,7913009-1,0.22035037,0.0
2803872-1,4220613-1,0.23652549,0.0
5613706-1,6639706-1,0.18555294,0.0
4578058-2,8572329-2,0.19177563,0.0
4198592-1,5556895-1,0.046948977,0.0
8668032-1,8668032-3,0.9778705,1.0
5815714-4,8241266-3,0.07981051,0.0
6925373-3,8254450-5,0.30443248,0.0
3897898-1,3897898-2,0.6381111,1.0
8612008-1,8612008-2,0.49018306,1.0
5807679-1,6919393-1,0.3975197,0.0
6324149-1,6324149-2,0.9572263,1.0
3087490-1,7278298-1,0.41401598,0.0
7667327-2,7667327-3,0.2365784,0.0
1208925-1,4763460-1,0.04886149,0.0
3032245-1,8369656-1,0.07338813,0.0
5855496-1,5855496-2,0.77792376,1.0
7061685-2,7061685-5,0.9652441,1.0
6537356-3,6537356-4,0.6733071,1.0
4884233-1,8375329-3,0.27942747,0.0
5048704-3,5048704-7,0.9011388,1.0
4958707-2,5902111-1,0.41775265,0.0
5372808-1,7283930-1,0.10492834,0.0
7237229-2,7237229-4,0.9326215,1.0
8072080-2,8435096-2,0.59033966,0.0
6548214-1,8403247-1,0.6087262,0.0
6740024-1,7593212-1,0.9260555,0.0
2879730-2,2879730-4,0.9465362,1.0
6743228-1,6743228-2,0.7004256,1.0
3343397-2,7395399-1,0.7740669,0.0
3719039-4,3719039-5,0.9482,1.0
5031279-1,7720747-1,0.18145329,0.0
5662964-1,5662964-3,0.6655763,1.0
8343286-1,8343286-2,0.69166404,1.0
5201065-5,5201065-9,0.9196482,1.0
4816771-1,4816771-3,0.9651504,1.0
4153192-2,4153192-7,0.86652213,1.0
5654018-1,6449590-1,0.34165603,0.0
7656017-1,7773524-1,0.2590931,0.0
4569403-1,8052149-1,0.5486945,0.0
5670264-1,7394192-1,0.4550079,0.0
6526982-8,6526982-9,0.87146765,1.0
7240659-1,8611763-1,0.77576804,0.0
3072064-2,6489369-1,0.46722046,0.0
4033141-3,4033141-4,0.64687437,1.0
5880257-3,5880257-7,0.33238864,1.0
2684384-1,6559040-1,0.84751165,0.0
4532024-1,7911044-1,0.43949786,0.0
2659845-1,2873892-1,0.08687502,0.0
8436292-6,8436292-7,0.8734055,1.0
6232978-1,7322849-1,0.26479623,0.0
6159154-2,6159154-4,0.64630765,1.0
7265239-1,7265239-2,0.85468143,1.0
5865279-5,5865279-7,0.8558517,1.0
2772281-1,2772281-4,0.65125746,1.0
7665777-10,7665777-5,0.96417105,1.0
7883475-1,8226947-4,0.4363517,0.0
6256161-1,8263270-1,0.2413988,0.0
7248360-2,7248360-5,0.84479433,1.0
5010550-1,8020180-1,0.5769622,0.0
4508147-1,4508147-2,0.9266396,1.0
4313489-4,4313489-8,0.897091,1.0
8077172-19,8077172-7,0.87424815,1.0
6189630-1,8628776-5,0.33258942,0.0
4748919-1,6831809-1,0.019550541,0.0
6369346-6,6369346-8,0.75527245,1.0
4602630-3,4602630-5,0.73221034,1.0
4138489-2,4138489-4,0.632807,1.0
7904161-2,7904161-3,0.48485333,1.0
2988810-6,2988810-8,0.5851824,1.0
3276790-1,3354865-1,0.5896681,0.0
4776589-1,4776589-3,0.97937334,1.0
5048704-5,5048704-6,0.57673967,0.0
7102870-1,8672589-1,0.22736369,0.0
3484318-1,3484318-2,0.53488714,1.0
7784239-4,7784239-7,0.564389,1.0
6166908-1,6166908-2,0.8986899,1.0
4918480-3,4918480-8,0.9393458,1.0
4847499-4,7231770-2,0.65963525,0.0
3356592-1,5134245-1,0.26519924,0.0
6024489-2,8142781-1,0.5150897,0.0
6446325-1,7717722-1,0.034689594,0.0
6011568-1,6011568-2,0.83592474,1.0
2981764-1,5259598-1,0.2290256,0.0
7551866-1,7551866-3,0.7199836,1.0
7640421-1,7962156-1,0.139962,0.0
8242326-1,8242326-2,0.9980946,1.0
6205782-1,7725117-1,0.25941175,0.0
3271698-3,8664757-1,0.090910465,0.0
2659845-1,2873892-1,0.08687502,0.0
4846392-1,7669217-2,0.04852775,0.0
4406011-1,7155113-1,0.28524226,0.0
3356991-1,6688735-1,0.57626927,0.0
2655058-1,4743229-1,0.20623004,0.0
6038475-1,6038475-7,0.94560343,1.0
2847211-3,2847211-5,0.93437827,1.0
5134821-1,5134821-3,0.40748942,0.0
3623814-1,7026818-1,0.3638787,0.0
5532934-1,6788114-1,0.41846153,0.0
3804044-2,3804044-3,0.9068664,1.0
3935557-1,6440177-1,0.213562,0.0
4364005-2,7344136-1,0.19499068,0.0
8182236-2,8182236-4,0.80925894,1.0
5473084-1,8323314-1,0.41505322,0.0
7543135-2,7543135-4,0.5418375,1.0
2931402-1,4017508-1,0.07481452,0.0
3271498-1,4311362-3,0.0801609,0.0
6395427-10,6395427-3,0.58324885,1.0
2718140-2,2718140-3,0.38735056,1.0
4153863-1,4153863-2,0.9201451,1.0
4441244-2,4441244-3,0.8694332,1.0
7083246-1,7083246-3,0.5874864,1.0
8611551-2,8611551-4,0.5626025,1.0
5817795-1,5939026-1,0.13013959,0.0
3872386-1,8323577-1,0.8019774,0.0
2424062-1,3401493-1,0.79834974,0.0
7490445-1,8406827-1,0.2922575,0.0
3530226-2,7672747-1,0.42437646,0.0
6929121-3,8608632-1,0.9334628,0.0
5288912-2,5288912-4,0.71006393,1.0
5118859-1,5464515-9,0.2134824,0.0
5598299-1,8487248-1,0.10421223,0.0
5161513-2,5161513-7,0.618138,1.0
5078643-1,5078643-2,0.9023322,1.0
8171131-1,8171131-2,0.85421646,1.0
8395467-3,8395467-4,0.9352752,1.0
3932584-3,3932584-4,0.9549384,1.0
6795349-1,7079354-1,0.30032963,0.0
4660714-1,7251899-1,0.07388591,0.0
4353765-1,8387063-1,0.1815932,0.0
6438405-1,7482350-1,0.8484915,0.0
7908211-1,8259521-1,0.1556642,0.0
6984149-1,8045623-1,0.07039472,0.0
3804044-1,3804044-3,0.8949396,1.0
3195172-2,6976720-1,0.34410602,0.0
5828922-1,8036065-1,0.27893445,0.0
5414514-1,6290314-1,0.09932443,0.0
4345245-1,7218931-5,0.1125172,0.0
8483017-1,8636200-1,0.32570466,0.0
5564585-3,8457974-1,0.11875007,0.0
3590704-2,3590704-4,0.79308623,1.0
2933728-1,4541672-6,0.24738099,0.0
3099217-1,7398708-1,0.26856455,0.0
4270008-3,6820463-1,0.7119218,0.0
4094581-1,4094581-9,0.9459909,1.0
5710965-2,5710965-3,0.82115185,1.0
4819152-2,4819152-3,0.9465609,1.0
4484343-2,4484343-4,0.5466871,1.0
4346121-2,4346121-8,0.8479027,1.0
3878860-1,4488522-1,0.2652559,0.0
8083887-1,8083887-2,0.8604212,1.0
5752727-2,5752727-3,0.9234695,1.0
2791725-1,4821986-1,0.14030573,0.0
8602920-1,8602920-3,0.87900656,1.0
4260503-1,8169091-1,0.08549124,0.0
8258108-3,8258108-5,0.9545763,1.0
4888757-1,6387697-1,0.029110031,0.0
4182018-1,5215196-2,0.35305345,0.0
7314080-1,7314080-2,0.08457368,0.0
4162020-1,4162020-2,0.89016163,1.0
2903919-1,8390036-1,0.1771656,0.0
4691481-1,8247681-1,0.4602903,0.0
2934591-1,8565003-1,0.36519003,0.0
2612684-1,6861041-1,0.5240525,0.0
5686962-2,5686962-4,0.90560037,1.0
7350484-1,7350484-2,0.4359499,1.0
6291814-1,8516356-1,0.31311932,0.0
5963613-1,5963613-2,0.6045084,1.0
7335120-1,7335120-2,0.8523244,1.0
5965133-2,5965133-3,0.629265,1.0
4782530-1,4782530-2,0.6864722,1.0
5709011-1,5709011-2,0.6334964,1.0
3073952-1,7105784-2,0.16978845,0.0
3429833-1,8141523-1,0.14776158,0.0
3464342-1,5400459-1,0.09843167,0.0
2702050-1,6128997-3,0.29293537,0.0
4993416-2,4993416-3,0.6811377,1.0
3412246-1,8086762-1,0.1883338,0.0
3220159-1,5314846-1,0.58882964,0.0
3892021-1,4289217-1,0.33537224,0.0
4939175-1,8141750-1,0.02496391,0.0
4693336-1,4973067-1,0.040799934,0.0
6956559-2,6956559-3,0.56944597,1.0
2729252-4,4632558-1,0.45642653,0.0
5175060-1,8159338-1,0.07839019,0.0
5632852-1,8531930-1,0.4917655,0.0
7063221-1,7063221-7,0.9254257,1.0
3026341-5,3026341-9,0.062478904,0.0
7918022-1,7918022-3,0.96884704,1.0
7749935-6,7749935-8,0.8461823,1.0
6590633-2,6590633-3,0.98455405,1.0
4674614-1,7193347-1,0.37680703,0.0
4338667-1,5031857-1,0.116200216,0.0
3639158-1,3639158-16,0.7779389,1.0
5601035-1,5601035-2,0.8732045,1.0
6054085-1,6054085-2,0.57665247,1.0
5830324-1,7394077-2,0.13759881,0.0
3657462-2,3657462-3,0.8151447,1.0
7932833-2,7932833-3,0.9440312,1.0
4700638-5,4700638-6,0.7910187,0.0
3775673-1,6992716-3,0.23162778,0.0
7322092-1,7322092-2,0.9005756,1.0
5667698-1,6819644-1,0.13142183,0.0
3121716-1,7862149-1,0.68839884,0.0
8448394-1,8448394-4,0.47153622,1.0
6885689-1,6885689-2,0.86140835,1.0
7536489-3,8691999-1,0.7499235,0.0
4009207-1,6555996-1,0.16597264,0.0
4260503-1,8169091-1,0.08549124,0.0
6257738-1,6257738-2,0.9218356,1.0
7184854-1,7184854-3,0.60187876,1.0
3276785-1,3276785-2,0.83459795,1.0
2913817-1,2913817-2,0.81344914,1.0
5222630-1,6957031-1,0.07926673,0.0
3830790-1,7420727-1,0.27281243,0.0
2713839-1,7765866-1,0.13309091,0.0
7901714-1,8256994-1,0.15547217,0.0
5237504-1,7328963-1,0.22048897,0.0
7311546-12,7311546-7,0.98205423,1.0
5112358-2,5112358-3,0.8146923,1.0
7158957-1,8455660-3,0.2288488,0.0
6636068-1,8270715-2,0.7486706,0.0
8109047-1,8109047-2,0.87838703,1.0
3310745-1,3310745-2,0.76169974,1.0
8436292-3,8436292-7,0.822146,1.0
5815717-2,5815717-4,0.5737926,1.0
3078545-1,3078545-2,0.6684552,1.0
5360045-1,7952668-1,0.07020609,0.0
4466787-1,7850036-1,0.29530996,0.0
1884161-1,5295570-1,0.23883297,0.0
5591132-2,5591132-3,0.6708213,1.0
4575794-2,5148816-1,0.50476456,0.0
3965928-1,6899330-1,0.52655345,0.0
5055933-3,5380242-1,0.57914007,0.0
3219887-2,7417128-1,0.332091,0.0
6711615-1,7922450-1,0.13018255,0.0
3140672-1,5729248-1,0.083027385,0.0
4840810-1,4840810-2,0.48862967,1.0
3775671-6,3775671-7,0.9803641,1.0
7239988-6,7316439-1,0.515403,0.0
8536866-1,8536866-2,0.8904503,1.0
8155578-1,8155578-4,0.9404108,1.0
3459784-4,3459784-5,0.37096968,1.0
8634069-4,8634069-5,0.9114977,1.0
4174715-3,4174715-5,0.85612196,1.0
3639158-1,3639158-8,0.8584173,1.0
7778360-1,8365009-1,0.11993033,0.0
5295539-1,5733959-1,0.33020985,0.0
7523046-1,7523046-3,0.8431652,1.0
3836937-1,4369927-1,0.4370038,0.0
5998940-1,8464357-1,0.2974332,0.0
5304564-1,7874336-1,0.09196149,0.0
8464303-2,8464303-3,0.5991577,0.0
3777313-1,4098887-1,0.18513958,0.0
6713097-2,7004259-1,0.8416591,0.0
4617089-1,4617089-2,0.87249905,1.0
4603113-5,4603113-7,0.5585496,1.0
5615344-1,5615344-3,0.8469967,1.0
3705847-1,3705847-2,0.9225451,1.0
2858852-1,5971287-1,0.025292033,0.0
7695072-2,8281787-1,0.34843644,0.0
5473002-1,5473002-2,0.8808322,1.0
4611983-1,6343326-1,0.1803396,0.0
5943729-6,5943729-9,0.97177327,1.0
2983082-1,2983082-2,0.6447274,1.0
5982156-3,5982156-4,0.98349625,1.0
2930635-1,6498289-1,0.24831246,0.0
3938365-1,3938365-2,0.7914034,1.0
8383554-3,8383554-4,0.9680913,1.0
4835739-1,5723965-1,0.52005655,0.0
7072995-1,7072995-2,0.9275607,1.0
5582565-1,5719915-1,0.6401395,0.0
4641175-1,7386129-1,0.07258976,0.0
6446032-1,6446032-2,0.894759,1.0
4103488-1,7872479-1,0.59136426,0.0
8081857-1,8081857-2,0.8141236,1.0
3161678-1,4971302-1,0.21145493,0.0
6525217-1,6819534-2,0.36492965,0.0
4091000-1,6395019-1,0.35851967,0.0
8391342-17,8391342-8,0.85939705,1.0
7234342-1,7234342-2,0.37183365,1.0
2989003-1,2989003-2,0.9070577,1.0
7408727-1,7408727-3,0.2924149,1.0
2936317-2,2936317-3,0.9252482,1.0
3810491-1,8710360-1,0.5648636,0.0
3022785-1,3022785-2,0.8390097,1.0
8499496-1,8499496-3,0.87211347,1.0
2246138-1,5799975-1,0.15221195,0.0
2908355-1,7576745-1,0.5744817,0.0
6502106-1,6502106-2,0.8765225,1.0
2822157-2,7418552-1,0.68719834,0.0
3695805-1,5649295-2,0.40638912,0.0
7970079-1,7970079-2,0.9256312,1.0
6476008-1,6476008-2,0.8936025,1.0
3438427-1,8294997-1,0.056521542,0.0
7168954-1,7168954-3,0.6470708,1.0
8124580-3,8124580-7,0.92800623,1.0
3631795-1,4377806-1,0.11207848,0.0
3298519-1,3298519-2,0.9504499,1.0
3113994-2,8629690-1,0.5040689,0.0
4320515-1,4573614-1,0.52928305,0.0
3724794-1,3724794-2,0.92894286,1.0
7011274-1,7011274-4,0.76645756,1.0
4479598-1,4479598-3,0.98603886,1.0
4842903-2,4842903-3,0.8368161,1.0
4281397-4,5437434-1,0.800455,0.0
4976152-1,8416638-1,0.23453574,0.0
3193785-1,6392561-1,0.3221588,0.0
8710561-3,8710561-7,0.7982095,1.0
6531118-1,6531118-3,0.89146477,1.0
3822414-3,3822414-5,0.60159427,1.0
2627235-1,7220086-1,0.64029384,0.0
8096473-1,8364615-4,0.18311383,0.0
6847994-2,6847994-4,0.9830073,1.0
4310487-3,8396422-1,0.9146222,0.0
7784239-2,7784239-6,0.64776224,1.0
4045234-1,7710430-1,0.21663214,0.0
7830173-2,7830173-3,0.97921854,1.0
4493364-1,4493364-2,0.9786182,1.0
8077172-11,8077172-4,0.8966522,1.0
4649734-2,4649734-3,0.8636701,1.0
5586844-1,5624261-1,0.31285152,0.0
8611567-2,8611567-3,0.69818485,1.0
5649805-8,5649805-9,0.89400965,1.0
5469888-3,5567904-1,0.79517424,0.0
4685075-1,4685075-3,0.26967272,1.0
3935557-1,6440177-1,0.213562,0.0
2817495-2,2817495-3,0.44017527,1.0
3686641-1,3686641-2,0.7987681,1.0
6372864-3,6507051-1,0.1585127,0.0
4617421-1,7139628-1,0.5069602,0.0
6382493-1,6382493-3,0.88711417,1.0
5051124-1,5051124-3,0.66327673,1.0
3958573-1,4014828-1,0.30992123,0.0
7367573-1,7367573-2,0.8753638,1.0
3659888-1,3659888-2,0.82653344,1.0
5340050-1,7641488-1,0.17912999,0.0
4415178-1,4415178-4,0.91882163,1.0
2822157-2,7418552-1,0.68719834,0.0
3129090-1,6032763-1,0.029383047,0.0
5912077-1,5949551-3,0.62151146,0.0
2791725-1,4821986-1,0.14030573,0.0
7035086-1,7745862-1,0.27797145,0.0
5042895-3,7846074-1,0.63995034,0.0
7175583-1,7175583-2,0.650886,1.0
3853897-1,5966374-1,0.38395223,0.0
4461742-1,6625230-2,0.43990555,0.0
6393903-1,8360226-1,0.10857578,0.0
2667616-1,2667616-2,0.6793237,1.0
8075760-1,8075760-5,0.85411125,1.0
3678183-3,8716131-1,0.64513004,0.0
4925988-1,4925988-3,0.9320822,1.0
5981586-1,6618195-1,0.11062928,0.0
4637517-1,7575315-1,0.035351366,0.0
6156949-4,6156949-5,0.77730227,1.0
6038475-1,6038475-7,0.94560343,1.0
8391342-8,8391342-9,0.9847119,1.0
5649805-8,5649805-9,0.89400965,1.0
3633231-2,8454244-1,0.09795573,0.0
2740230-1,8298240-1,0.8980203,1.0
6149306-1,6149306-5,0.8862116,1.0
4989581-1,7050183-1,0.09690185,0.0
4766635-1,8238620-1,0.13115503,0.0
5367777-1,5367777-4,0.73593444,1.0
6847994-3,6847994-5,0.8410796,1.0
4037678-1,4847499-3,0.14938746,0.0
4793556-1,6836415-1,0.22473212,0.0
7063329-1,7063329-2,0.18550083,0.0
6925859-1,6925859-2,0.7908112,1.0
2330027-1,2330027-2,0.78312445,1.0
8371642-1,8371642-2,0.9172844,1.0
6802603-1,6802603-3,0.7176149,1.0
5390845-2,6011329-1,0.14783499,0.0
6919950-1,6919950-3,0.5936114,1.0
6645912-1,7939179-1,0.24809435,0.0
5853069-1,5853069-4,0.98502475,1.0
5215207-2,5215207-3,0.85982,1.0
6160050-3,6160050-7,0.8969345,1.0
7265914-1,7265914-3,0.68335813,1.0
5582565-1,5719915-1,0.6401395,0.0
2518134-2,2518134-6,0.40907806,1.0
3771407-1,3970361-1,0.084840074,0.0
8391342-1,8391342-17,0.9203922,1.0
4095838-1,7265467-1,0.10763524,0.0
3813587-1,8081994-1,0.10777055,0.0
3580363-1,4959579-1,0.84891325,0.0
7799191-4,7799191-5,0.8203183,1.0
7544249-1,7544249-3,0.15869246,1.0
5095500-1,8314556-1,0.06916015,0.0
4673761-2,4673761-3,0.9662307,1.0
5615803-1,7276596-1,0.17825633,0.0
5904767-1,5904767-3,0.8450619,1.0
2526494-1,6464482-1,0.49242935,0.0
4556711-2,4556711-4,0.8766049,1.0
3443651-1,5925185-2,0.04571717,0.0
3972411-1,4688317-1,0.078446425,0.0
5613318-1,7923699-3,0.114069216,0.0
2767148-1,4129584-1,0.13011181,0.0
3286781-1,5898115-2,0.5929113,0.0
8084795-1,8084795-2,0.77641356,1.0
4279969-1,4279969-2,0.85746694,1.0
7511846-5,8439401-1,0.15306105,0.0
6158977-1,8653749-3,0.12530653,0.0
6710848-1,7506268-1,0.019811591,0.0
3764961-1,6625149-2,0.07820557,0.0
3446021-1,3905351-1,0.44037524,0.0
7871723-1,8065519-2,0.21581626,0.0
3667440-2,3667440-3,0.67347,1.0
5413249-1,5413249-2,0.6118673,1.0
4398927-4,4398927-5,0.45875937,1.0
8611554-1,8611554-3,0.90834856,1.0
3039827-1,5846865-1,0.05712145,0.0
6031991-2,6326137-1,0.34769526,0.0
3341744-1,8411108-1,0.11221639,0.0
7819403-2,7819403-3,0.9774745,1.0
3623814-1,7026818-1,0.3638787,0.0
5294357-1,5939034-1,0.31064758,0.0
2803854-1,4799239-1,0.12916218,0.0
4290765-1,8299386-1,0.08445633,0.0
2572046-1,2856403-1,0.73960286,0.0
6453618-1,6453618-2,0.7207107,1.0
6158900-1,6694600-1,0.77757454,0.0
5009641-1,7784344-1,0.03835971,0.0
6956960-1,8255699-1,0.21764062,0.0
4129602-2,4129602-4,0.907646,1.0
4925988-1,4925988-3,0.9320822,1.0
3667317-1,8157604-3,0.8006638,0.0
8028151-1,8028151-6,0.87963593,1.0
5803979-1,5803979-3,0.7184602,1.0
8290849-2,8514746-3,0.2180528,0.0
8408424-1,8408424-2,0.18485063,1.0
5898585-2,5898585-3,0.6928199,1.0
5679770-6,5679770-7,0.78297305,1.0
7306525-1,7341436-1,0.18819518,0.0
3394863-2,3394863-3,0.7443448,1.0
2965913-1,8656308-1,0.10069509,0.0
6903879-1,7571954-1,0.17375968,0.0
6942777-1,6942777-2,0.9392597,1.0
4316910-1,6142756-1,0.07547412,0.0
7306636-1,7813066-1,0.33825636,0.0
6180816-1,7960044-1,0.05097134,0.0
5308046-1,7171607-5,0.12200065,0.0
7599017-1,8166387-1,0.43138343,0.0
8460922-3,8460922-4,0.962657,1.0
6529843-1,7507594-6,0.33443,0.0
4738659-2,4738659-3,0.75350744,1.0
7322487-2,7322487-3,0.7780584,1.0
5017632-3,7996811-3,0.12106591,0.0
4682019-1,6366372-1,0.27182966,0.0
8158287-1,8158287-4,0.8423725,1.0
3835991-1,7607050-1,0.17661448,0.0
5788510-1,6504752-1,0.20100535,0.0
5611712-1,5611712-4,0.5746643,1.0
8391342-11,8391342-12,0.95966244,1.0
7135847-1,8007480-1,0.42831954,0.0
2800011-1,3159937-1,0.90788263,1.0
2890504-1,8447050-1,0.6202651,0.0
5435833-1,5435833-2,0.42752367,1.0
8075760-1,8075760-3,0.86021656,1.0
8438938-1,8438938-2,0.37245247,1.0
5742471-1,5742471-3,0.78323877,1.0
5865279-1,5865279-12,0.709219,1.0
4516082-1,6293141-1,0.23370102,0.0
3216882-1,6332565-1,0.15011527,0.0
5442331-1,8241246-1,0.74564135,0.0
2902014-2,7286408-1,0.67389107,0.0
6752274-2,7667625-1,0.42812115,0.0
3373999-1,3412107-1,0.59821254,0.0
6042488-6,6042488-8,0.9491686,1.0
3458969-1,3458969-4,0.83694094,1.0
7872057-2,7872057-6,0.9072011,1.0
5688867-1,5688867-2,0.83432883,1.0
529263-1,529263-6,0.8322109,1.0
7035525-1,7035525-3,0.66241276,1.0
3994694-1,3994694-2,0.93480057,1.0
4105945-1,6349972-1,0.5506207,0.0
5540467-1,7305484-3,0.17700666,0.0
3901553-1,4808525-1,0.021518515,0.0
3358600-1,5412970-1,0.043756507,0.0
3877481-1,8167473-1,0.37668172,0.0
2803854-1,4799239-1,0.12916218,0.0
6743382-3,8237764-1,0.49889442,0.0
5745586-5,5745586-6,0.5517374,1.0
7772757-1,7784239-11,0.2404148,0.0
2772275-2,2772275-3,0.88897467,1.0
5621271-1,5996655-1,0.22786061,0.0
2596173-1,7310891-1,0.04659326,0.0
8082285-1,8107456-1,0.564791,0.0
7201478-1,7201478-2,0.8135318,1.0
3779413-1,3779413-2,0.9567918,1.0
3289491-1,3866317-1,0.15485752,0.0
3145560-1,5815717-2,0.5419957,0.0
3183736-1,3183736-2,0.81954193,1.0
1904453-1,7704158-1,0.36781636,0.0
3896856-1,6095932-1,0.5766783,0.0
3883268-1,5392909-1,0.06546378,0.0
3848848-1,4284497-1,0.19987643,0.0
3213717-1,5731098-1,0.3300259,0.0
8296937-1,8296937-3,0.93399215,1.0
6109530-1,6109530-4,0.7365307,1.0
7867306-1,7867306-5,0.7459312,1.0
7890704-1,7890704-5,0.88347375,1.0
4678475-6,4678475-8,0.9419911,1.0
5345890-2,5345890-4,0.7402685,1.0
7607618-1,7607618-2,0.16060035,1.0
3846999-1,5704856-1,0.52697414,0.0
514615-1,7214555-1,0.13506268,0.0
6533989-1,6533989-2,0.8461113,1.0
6754653-1,6754653-2,0.95959264,1.0
7772024-1,7772024-2,0.7558179,1.0
7171607-2,7171607-3,0.9766726,1.0
3875126-2,7691707-1,0.43859705,0.0
8399375-4,8399375-8,0.9378113,1.0
4924409-1,4924409-2,0.26327497,1.0
4314661-1,4314661-3,0.98540896,1.0
4206015-1,4756176-1,0.14608313,0.0
6968535-1,7373105-1,0.26704028,0.0
4529966-1,6510563-1,0.35302588,0.0
5765119-2,5765119-3,0.90366614,1.0
4490611-1,7206957-1,0.5973539,0.0
5863859-1,6101556-1,0.21165617,0.0
3072501-1,6626640-1,0.61592764,0.0
3745295-1,4927538-1,0.3455927,0.0
6317215-1,6317215-3,0.8861889,1.0
3574999-8,3574999-9,0.7064927,1.0
4627117-1,4627117-3,0.86486244,1.0
8279693-1,8279693-3,0.43967,1.0
4966213-1,6042172-1,0.15935722,0.0
5702779-2,5702779-3,0.9500742,1.0
5040579-1,5824901-1,0.15834165,0.0
3113994-2,8629690-1,0.5040689,0.0
3927300-1,3927300-2,0.71609426,1.0
6211148-1,6211148-2,0.9071256,1.0
4889805-1,4889805-2,0.73361504,1.0
2846673-4,2846673-5,0.9289701,1.0
3425032-1,7837355-1,0.8348101,0.0
6157985-1,6157985-2,0.8023655,1.0
7443826-2,7443826-8,0.9013695,1.0
8476614-2,8476614-3,0.9815471,1.0
4016666-1,4456747-2,0.009405981,0.0
3350304-1,6874281-1,0.054021,0.0
4311034-1,8711864-1,0.3966083,0.0
6643316-4,6643316-8,0.43996832,1.0
2631594-1,2700442-1,0.7056424,0.0
4372914-2,4372914-3,0.09525472,1.0
6657174-1,7785502-1,0.39555588,0.0
3178776-1,6210665-1,0.5074024,0.0
4681080-1,7784112-1,0.3364511,0.0
7607606-4,8504235-5,0.32884726,0.0
8069347-1,8069347-2,0.81814593,1.0
8516334-1,8516334-2,0.7940008,1.0
4792615-2,7852651-1,0.31230742,0.0
4177828-1,5050349-1,0.5292631,0.0
8550277-3,8550277-4,0.765302,1.0
4840810-1,4840810-2,0.48862967,1.0
7335120-1,7335120-2,0.8523244,1.0
4765255-2,4765255-4,0.83718336,1.0
3747622-1,6174779-2,0.0923609,0.0
2840790-1,3177914-1,0.23778756,0.0
2430565-1,2430565-6,0.8084566,0.0
5294357-1,5939034-1,0.31064758,0.0
5496301-2,7154251-1,0.56289524,0.0
4717387-1,4717387-5,0.8013766,1.0
4684858-1,6751855-1,0.07558764,0.0
5616001-1,8026828-1,0.08828233,0.0
3205378-1,4298924-1,0.49256015,0.0
3482756-1,4735251-1,0.20350945,0.0
3835511-2,3835511-7,0.8946151,1.0
6257534-1,6257534-4,0.98708284,1.0
5294926-1,8077048-6,0.66158086,0.0
3519269-2,6778327-1,0.47388312,0.0
4083769-1,8294895-1,0.47108668,0.0
4905968-2,6963280-2,0.6810655,0.0
8611532-1,8611532-6,0.6659582,1.0
6211912-1,6211912-2,0.59249985,1.0
2890620-1,3130473-1,0.4492709,0.0
7534152-1,7534152-2,0.3702048,1.0
2474644-1,8488421-1,0.20284365,0.0
8388796-2,8388796-5,0.51581246,1.0
5471581-1,7220350-1,0.16562195,0.0
4129924-1,6426094-1,0.19854766,0.0
4313489-4,4313489-8,0.897091,1.0
8190610-1,8190610-3,0.5209115,1.0
8237419-1,8237419-3,0.99295247,1.0
7988206-12,7988206-3,0.8980307,1.0
5746636-1,5746636-3,0.94765043,1.0
3874335-1,6938728-1,0.034497533,0.0
5704783-1,5704783-2,0.8987535,1.0
5347305-1,6736565-1,0.6492976,1.0
7586420-2,7586420-3,0.97507215,1.0
2767148-1,3335668-1,0.2783108,0.0
5207297-1,8346777-2,0.48351875,0.0
3483684-1,4273540-1,0.24888225,0.0
3373999-1,3412107-1,0.59821254,0.0
6515778-1,8706098-1,0.06374187,0.0
3168024-1,3168024-2,0.15414344,1.0
5774734-1,7358080-1,0.34894606,0.0
7364074-1,8491327-2,0.07097986,0.0
3465888-1,5318607-1,0.5258225,0.0
4560322-1,8040591-1,0.076797575,0.0
4502249-1,4667239-1,0.19201733,0.0
4931809-1,7780870-2,0.2281346,0.0
4523995-1,6146114-1,0.66550857,1.0
3791364-2,7871729-1,0.29012594,0.0
5799854-1,5799854-2,0.44686267,1.0
8633604-1,8633604-2,0.22686757,1.0
4209267-1,4209267-5,0.89167684,1.0
7889795-1,8510634-1,0.26635903,0.0
8569136-1,8569136-4,0.9045469,1.0
5591132-3,6877974-3,0.09915707,0.0
3117683-1,8011348-1,0.51814204,0.0
7020314-1,7423822-2,0.34611183,0.0
3728039-1,7793034-1,0.21120368,0.0
5634570-1,7524921-1,0.044062838,0.0
5306982-1,5351264-1,0.30652848,0.0
4500843-1,8005229-1,0.4097617,0.0
3511956-1,5914224-1,0.1678728,0.0
3922193-1,3922193-4,0.9373735,1.0
4553663-1,4804603-1,0.30131832,0.0
4319353-3,4319353-4,0.6737036,1.0
4089230-1,5114198-2,0.41871998,0.0
8131961-1,8131961-2,0.6456058,1.0
2726533-2,2726533-4,0.98061365,1.0
4397422-1,4901810-1,0.5955964,0.0
4387824-1,8273158-1,0.58701175,0.0
4216332-1,5496301-2,0.2961581,0.0
4456892-1,8243089-2,0.29479954,0.0
4315064-1,6413600-1,0.46409836,0.0
6738168-1,6738168-2,0.56678116,1.0
3628252-4,6719491-3,0.83081543,0.0
7527012-1,7527012-2,0.28204417,1.0
4906065-2,4906065-3,0.871182,1.0
5801678-1,6503788-1,0.1877394,0.0
5939009-1,7154239-1,0.11035231,0.0
8531158-3,8531158-8,0.77079445,1.0
5025422-1,5025422-4,0.65321314,1.0
8177776-1,8177776-2,0.9076707,1.0
8177776-1,8177776-2,0.9076707,1.0
7981707-1,7981707-5,0.71885425,1.0
6135158-1,7568610-1,0.07455398,0.0
5263879-6,5263879-7,0.6976252,1.0
2737786-1,2737786-3,0.50584906,1.0
4123504-4,4123504-7,0.98070025,1.0
4204775-1,5965110-1,0.3203295,0.0
6305571-1,8107913-1,0.38704357,0.0
4685866-4,4685866-5,0.397965,1.0
7140078-1,7140078-3,0.7680851,1.0
8528572-1,8528572-4,0.6575433,1.0
4748557-1,7536520-1,0.2754356,0.0
4689080-1,6929121-5,0.9440635,0.0
4439748-1,7213836-1,0.18215877,0.0
4973717-1,7364491-6,0.83304775,1.0
2846345-1,7758736-10,0.28015313,0.0
4184659-2,8255708-1,0.6231375,0.0
4706881-1,4706881-2,0.20626476,1.0
8710561-5,8710561-6,0.93446094,1.0
3465887-1,4578058-2,0.55287844,0.0
5433411-1,7085154-1,0.059706435,0.0
4271281-3,4271281-4,0.9373314,1.0
7526997-1,7526997-2,0.908014,1.0
5334173-1,8606326-1,0.2754395,0.0
5476656-3,5476656-7,0.46521834,1.0
6197948-1,7535011-1,0.02094692,0.0
4323511-1,5093178-1,0.19087979,0.0
6217881-1,6217881-4,0.87124884,1.0
6168519-1,6168519-2,0.89886963,1.0
3803128-1,4506145-1,0.014045523,0.0
8151272-4,8151272-7,0.8513997,1.0
5828042-1,7315262-1,0.4429905,0.0
3902577-2,4330492-1,0.43380758,0.0
4807951-1,6018289-1,0.025014885,0.0
5725403-1,5725403-2,0.91536164,1.0
5525297-1,7423228-1,0.2019021,0.0
4560152-1,7888978-1,0.10748841,0.0
3996636-1,3996636-3,0.8102576,1.0
8155578-2,8155578-3,0.7681828,1.0
4302118-3,7780065-3,0.19961618,0.0
3349586-1,4228594-1,0.3873867,0.0
6272042-1,6272042-2,0.5031912,1.0
3830332-2,7282360-1,0.17938143,0.0
3705847-1,3705847-2,0.9225451,1.0
2278152-1,8141366-1,0.09680864,0.0
4323986-1,7077340-3,0.48610532,0.0
3310787-1,6635170-1,0.7443532,0.0
3390102-2,7934024-1,0.66742784,0.0
7409414-3,7409414-4,0.8553953,1.0
6003790-1,6003790-9,0.43999162,1.0
5266844-1,5266844-2,0.83014846,1.0
4398927-1,4398927-2,0.76560867,1.0
4374093-1,6786383-1,0.15511811,0.0
3123009-1,4884855-1,0.84843683,0.0
4043557-1,7585967-1,0.45084074,0.0
6395427-4,6395427-8,0.83466536,1.0
7569616-1,8084778-3,0.3809741,0.0
2992922-1,2992922-4,0.9658411,1.0
8236763-1,8362859-1,0.18752797,0.0
3195172-2,6976720-1,0.34410602,0.0
3128896-1,7773290-1,0.80922306,0.0
4618745-1,8467833-1,0.6011865,0.0
8028151-10,8028151-4,0.7165797,1.0
4040646-1,8107657-1,0.41555774,0.0
6603818-1,6708964-3,0.60284466,0.0
5610706-1,5862080-1,0.1356187,0.0
2862513-1,2862513-2,0.72789294,1.0
3423035-1,5113927-6,0.2631252,0.0
8569136-3,8569136-8,0.9627285,1.0
2967013-1,8353083-7,0.20746338,0.0
7856932-2,7856932-3,0.9911164,1.0
8710844-3,8710844-4,0.9122132,1.0
3830248-1,7425835-2,0.090597406,0.0
3502223-2,3502223-6,0.9572181,1.0
3624739-1,3624739-3,0.9833131,1.0
4182018-1,7591671-1,0.06362433,0.0
4239760-1,7723702-1,0.2759459,0.0
2840962-1,3934617-1,0.14969726,0.0
3335817-2,3335817-3,0.6948739,1.0
5434259-1,7511512-1,0.15989546,0.0
7013118-1,8369553-1,0.2231001,0.0
3195389-1,4887828-1,0.38562393,0.0
6925859-1,6925859-2,0.7908112,1.0
7737761-1,7737761-2,0.91910475,1.0
8383440-1,8405401-1,0.21077657,0.0
2640403-5,2640403-7,0.46729824,1.0
6332555-1,6332555-6,0.74822396,1.0
2931402-1,4017508-1,0.07481452,0.0
6525217-1,6819534-2,0.36492965,0.0
7383351-1,8132458-3,0.52295226,0.0
6159302-2,6159302-4,0.90407956,1.0
3843926-1,3843926-3,0.27340442,1.0
5845586-4,5845586-5,0.6458282,1.0
2387154-1,2804001-1,0.5960065,0.0
6066702-1,6955030-1,0.09392905,0.0
2241597-1,6370060-2,0.091673724,0.0
8709039-1,8709039-2,0.5685497,1.0
6180891-1,6380150-1,0.28086874,0.0
4331824-1,4331824-4,0.89871776,1.0
5530460-2,5530460-5,0.95728403,1.0
8391342-30,8391342-31,0.21132068,0.0
5434259-1,7511512-1,0.15989546,0.0
8084681-1,8084681-3,0.53492653,1.0
3986960-1,5728764-1,0.8957723,0.0
4616402-1,4760059-2,0.28244978,0.0
6081802-1,7321742-1,0.11332571,0.0
3272560-1,7147685-1,0.16677393,0.0
5217005-2,8473938-11,0.62992656,0.0
3872386-1,8323577-1,0.8019774,0.0
5989519-1,7251434-4,0.4148193,0.0
3388577-1,3888852-1,0.05607111,0.0
8436623-3,8436623-4,0.82860386,1.0
3881380-1,3881380-3,0.6099043,1.0
6585518-1,7789270-1,0.50079787,0.0
4062205-1,4664843-1,0.11764739,0.0
6076956-3,6593952-1,0.81002563,1.0
3862222-1,4407325-1,0.065633595,0.0
2925369-1,8387078-1,0.16507089,0.0
6505230-1,8710844-2,0.17757635,0.0
3895529-1,3895529-2,0.40674263,1.0
4393473-1,8015738-1,0.31204024,0.0
3209596-1,4376921-1,0.43572178,0.0
4535012-1,6750314-1,0.11127711,0.0
4123504-3,4123504-4,0.80934995,1.0
4633544-1,8559640-2,0.43138796,0.0
6105112-1,6105112-2,0.9080212,1.0
7644295-1,8144523-1,0.09988179,0.0
2092435-1,8138395-2,0.6257873,0.0
5681756-2,5681756-4,0.9469696,1.0
7569537-3,7569537-4,0.87732065,1.0
6682246-1,7412888-1,0.18354063,0.0
8260478-3,8260478-5,0.5638971,1.0
3195172-2,6976720-1,0.34410602,0.0
3483317-1,3483317-2,0.84209865,1.0
4233051-1,4233051-2,0.5938996,1.0
7990443-1,7990443-6,0.8552582,1.0
6819293-1,8504680-1,0.04795498,0.0
2631530-1,5818763-1,0.33201554,0.0
3109841-1,4049709-1,0.3889458,0.0
7962471-1,7962471-2,0.6973581,1.0
4192805-1,4586912-1,0.052149996,0.0
7962471-1,7962471-2,0.6973581,1.0
6299528-4,6299528-9,0.9072849,1.0
6755299-1,8663740-1,0.5047669,0.0
2988810-3,2988810-8,0.94180304,1.0
5368924-2,5368924-6,0.9285173,1.0
5686962-2,5686962-4,0.90560037,1.0
6142793-1,6142793-3,0.8425466,1.0
5901399-1,5901399-5,0.4879662,1.0
6547447-4,8330607-1,0.81746584,0.0
4832259-2,8145651-1,0.11470828,0.0
8436292-3,8436292-7,0.822146,1.0
2740115-1,2770807-4,0.40664452,0.0
4998851-2,4998851-4,0.87607616,1.0
7149416-3,7149416-4,0.7583675,1.0
4531435-2,5934517-1,0.35043156,0.0
3707324-2,3707324-3,0.92175245,1.0
6284393-4,6284393-5,0.9010357,1.0
6637358-4,6637358-6,0.6580474,1.0
7376885-1,8391342-4,0.43959197,0.0
3607783-1,7125463-1,0.39674628,0.0
7676773-1,8608521-1,0.69173574,0.0
4323511-1,5093178-1,0.19087979,0.0
1939918-1,4600539-1,0.50264436,0.0
6951266-1,6951266-2,0.925302,1.0
8371642-1,8371642-2,0.9172844,1.0
5030204-1,5030204-2,0.662712,1.0
6616899-2,6616899-3,0.57687724,1.0
7349802-3,7349802-4,0.89474064,1.0
3657350-1,3657350-3,0.97463614,1.0
4860231-1,4943058-1,0.026488151,0.0
5682741-2,5682741-5,0.8180323,1.0
6004815-2,6004815-6,0.60089016,1.0
6198602-1,6357919-1,0.13401064,0.0
7534152-1,7534152-2,0.3702048,1.0
5761507-1,7758532-1,0.06510131,0.0
8191643-1,8191643-2,0.6954919,1.0
6600498-2,6600498-3,0.7232471,1.0
5748310-1,7372947-2,0.21464771,0.0
4308088-2,4308088-9,0.8711474,1.0
8279693-1,8279693-3,0.43967,1.0
5048704-2,5048704-4,0.93003345,1.0
4300035-1,4506145-1,0.53181964,0.0
4371621-1,5898118-1,0.7577325,1.0
7219985-1,7606916-2,0.08625682,0.0
3883399-1,5324991-1,0.046742175,0.0
4676252-2,4676252-3,0.8862043,1.0
4342155-1,7539112-1,0.62472683,0.0
8435653-1,8435653-2,0.7786734,1.0
7219985-1,7606916-2,0.08625682,0.0
6042488-5,6042488-7,0.8975331,1.0
4852974-1,6709293-2,0.5827143,0.0
6211148-1,6211148-2,0.9071256,1.0
4699197-2,4699197-3,0.95442593,1.0
3326751-1,3912635-2,0.19064248,0.0
3522339-5,3522339-9,0.869431,1.0
2709968-1,6775712-1,0.053785335,0.0
4174715-3,4174715-5,0.85612196,1.0
4278090-1,4278090-4,0.9610108,1.0
7847481-2,7847481-3,0.74800014,1.0
7559181-2,7559181-3,0.95197415,1.0
4564668-1,4564668-3,0.93460464,1.0
3077506-1,5704870-1,0.09787323,0.0
3785901-1,3785901-2,0.75163877,1.0
3810491-1,8710360-1,0.5648636,0.0
7749929-1,7749929-2,0.9353953,1.0
2993985-1,5733975-3,0.10486136,0.0
3116130-3,4463226-1,0.21820106,0.0
8428280-1,8428280-7,0.7674656,1.0
6327474-1,6784619-1,0.17877908,0.0
4093735-1,8557174-1,0.3124177,0.0
3826010-1,5906759-1,0.24840946,0.0
7040398-1,8525259-1,0.46467316,0.0
3521819-1,5541649-2,0.034571737,0.0
5083266-2,5083266-3,0.5311947,1.0
5530451-1,7302649-1,0.1117372,0.0
1804271-1,3980093-1,0.09474094,0.0
5854745-5,5854745-6,0.9717835,1.0
7171607-2,7171607-5,0.9186466,1.0
5601035-1,5601035-2,0.8732045,1.0
5981592-1,8602087-1,0.27013406,0.0
3842732-1,5441140-1,0.037884813,0.0
6942777-1,6942777-2,0.9392597,1.0
5946425-1,5989544-1,0.17503563,0.0
3591061-1,3591061-2,0.6511421,1.0
3634723-1,7930656-1,0.31021845,0.0
3834874-1,3834874-2,0.6193653,1.0
5299170-1,5303287-3,0.35760093,0.0
3005640-1,6744737-2,0.6552587,0.0
2740046-1,3959345-1,0.08437489,0.0
7409414-3,7409414-4,0.8553953,1.0
5126028-2,5126028-3,0.69189304,1.0
6688890-1,7436837-1,0.5985364,0.0
8643187-1,8643187-4,0.88567877,1.0
6257534-1,6257534-4,0.98708284,1.0
2740046-1,3959345-1,0.08437489,0.0
5692993-1,6459065-1,0.11665373,0.0
8569136-1,8569136-4,0.9045469,1.0
7147292-2,7275959-1,0.093247846,0.0
4936179-1,6671888-1,0.18234758,0.0
3545244-1,4604645-1,0.6477176,0.0
3800618-1,3800618-2,0.96085536,1.0
3862222-1,4407325-1,0.065633595,0.0
5061933-1,8045623-6,0.68301183,0.0
3876770-1,3876770-2,0.7130199,1.0
6751439-1,6751439-3,0.8422395,1.0
8513946-3,8513946-4,0.25567085,0.0
4308088-2,4308088-5,0.688622,1.0
7819202-3,7875034-1,0.91958076,1.0
5791447-1,6768263-1,0.04516984,0.0
5000538-1,7952637-3,0.20222893,0.0
3220159-1,5314846-1,0.58882964,0.0
7455599-1,7598250-1,0.080446966,0.0
7644292-1,7644292-2,0.27128425,0.0
8383533-1,8383533-5,0.85919523,1.0
2718140-2,2718140-3,0.38735056,1.0
6696846-1,8663995-1,0.17272153,0.0
5463103-1,7670377-1,0.16222802,0.0
5569547-1,6167580-1,0.037094954,0.0
4421382-1,7602521-3,0.5055098,0.0
3813499-1,5804999-1,0.93261564,0.0
7191691-1,7191691-2,0.37520334,1.0
5113927-6,8305423-1,0.2827828,0.0
8569136-10,8569136-8,0.97278416,1.0
4049687-1,6702980-1,0.13110363,0.0
6343558-1,7552318-1,0.66564053,0.0
4944366-2,4944366-7,0.7638621,1.0
4405312-4,4405312-5,0.8262543,1.0
6291379-1,6291379-2,0.7655897,1.0
3530248-1,5733119-2,0.1982966,0.0
3970350-1,7581029-1,0.075872816,0.0
5540391-1,6257534-6,0.308867,0.0
6824397-4,6824397-6,0.74214274,1.0
4347730-1,6320170-1,0.12899154,0.0
3318093-1,5649238-1,0.28853548,0.0
4777948-1,4777948-4,0.61064553,1.0
8428511-1,8428511-5,0.6644324,1.0
2100043-1,6601221-1,0.24015103,0.0
2553079-1,7656040-1,0.2553639,0.0
7585963-1,8209712-1,0.303646,0.0
4307636-1,6900885-2,0.29640627,0.0
4676252-2,4676252-3,0.8862043,1.0
2278152-1,8141366-1,0.09680864,0.0
6135158-1,7568610-1,0.07455398,0.0
4792615-2,7852651-1,0.31230742,0.0
3132910-1,3132910-2,0.9590306,1.0
7385574-1,7385574-2,0.9644589,1.0
2174438-1,2816289-1,0.21996874,0.0
6293546-1,7891291-1,0.16922447,0.0
5963613-1,5963613-2,0.6045084,1.0
6945338-2,6945338-3,0.7785673,1.0
4244116-1,6663045-1,0.21361767,0.0
8269075-1,8714042-1,0.16221476,0.0
5417264-2,5429124-1,0.6741853,1.0
4441241-1,7886462-2,0.42464048,0.0
8042546-1,8042546-2,0.1924063,1.0
4027671-1,5902113-1,0.32731915,0.0
3891025-2,7717458-1,0.6930717,0.0
3464797-1,3731973-1,0.04932061,0.0
6419825-1,8489654-1,0.17050025,0.0
3999730-1,4337351-2,0.05507459,0.0
6754653-1,6754653-2,0.95959264,1.0
6862365-3,6862365-5,0.40023035,1.0
6060766-3,6060766-6,0.8509581,1.0
2635979-1,2635979-2,0.9451577,1.0
4535012-1,6750314-1,0.11127711,0.0
4898338-1,5408541-1,0.29795656,0.0
7649461-1,7649461-5,0.9622036,1.0
5266367-1,5266367-6,0.89582884,1.0
4760030-1,5404631-1,0.2382737,0.0
8361508-1,8717938-1,0.20850077,0.0
5894289-1,7415109-1,0.17528117,0.0
4944366-5,4944366-6,0.94522583,1.0
5627466-1,6362872-1,0.29218265,0.0
7255656-1,8102744-1,0.39557478,0.0
4946133-1,7440356-1,0.21670173,0.0
4574179-1,4784625-1,0.07002153,0.0
4966406-1,6136232-1,0.21736203,0.0
8464303-1,8464303-2,0.89440125,1.0
8133044-1,8133044-7,0.9596283,1.0
2749194-1,2749194-3,0.37408528,1.0
4028916-1,6162351-1,0.2774497,0.0
7410159-1,7569547-2,0.0657129,0.0
8155578-4,8155578-5,0.69439155,1.0
4130002-2,4130002-3,0.35640165,1.0
3671523-3,3835996-1,0.4826841,0.0
2174500-2,6188732-1,0.3555978,0.0
2740115-1,2770807-4,0.40664452,0.0
4337100-1,7534061-1,0.12411917,0.0
3645620-4,3645620-6,0.4220838,1.0
2783120-1,6504752-1,0.24819072,0.0
4060387-1,7364136-1,0.31080708,0.0
8494847-1,8494847-2,0.9552902,1.0
6702856-1,6702856-2,0.86657554,1.0
7792539-2,7792539-4,0.55888045,1.0
7526955-1,7526955-2,0.990992,1.0
4147648-1,6018257-4,0.29742953,0.0
4499620-1,7936921-1,0.405106,0.0
4289971-1,5968291-1,0.5006872,0.0
4683507-1,6566482-1,0.9182908,0.0
7507594-5,7507594-6,0.70025206,1.0
6126305-4,6126305-5,0.6852897,1.0
4955467-3,4977809-1,0.3443865,0.0
7546245-1,7546245-2,0.5670778,1.0
6906734-1,8123259-1,0.049209215,0.0
7758736-10,7758736-5,0.86867756,1.0
6275824-1,6275824-4,0.8426176,1.0
4958707-2,5902111-1,0.41775265,0.0
5556877-2,5556877-3,0.8662059,1.0
4094743-3,4094743-5,0.8427836,1.0
4549739-1,5215251-2,0.16205326,0.0
5566028-1,6855496-1,0.13764551,0.0
3293089-1,3293089-2,0.8609174,1.0
5508403-1,5508403-2,0.904902,1.0
5540391-1,6257534-6,0.308867,0.0
4636740-1,6439386-1,0.06603013,0.0
4832259-2,8145651-1,0.11470828,0.0
7045945-1,7045945-3,0.9064745,1.0
8460487-4,8460487-5,0.66899437,1.0
4745280-1,6558365-4,0.5328217,0.0
3141708-1,6185941-1,0.24743092,0.0
3843917-1,8550050-4,0.5422629,0.0
3599747-1,3599747-2,0.989989,1.0
5582424-1,5582424-3,0.9065815,1.0
6595694-1,6826334-1,0.19898511,0.0
6028424-1,6028424-2,0.8595035,1.0
7071887-1,7071887-4,0.7281706,1.0
3909042-1,3909042-2,0.295391,1.0
2989003-1,2989003-2,0.9070577,1.0
4055542-6,4055542-7,0.70837843,1.0
3057253-1,6816536-1,0.17225939,0.0
8365843-1,8365843-3,0.044182993,1.0
7505619-1,8258411-1,0.06333328,0.0
2740124-1,3080807-1,0.54860556,0.0
6446101-1,7493377-1,0.2506858,0.0
2909789-1,5968313-2,0.42008314,0.0
3806560-3,7876803-1,0.28308874,0.0
3518178-1,7437810-1,0.29831266,0.0
4596050-1,7719191-1,0.19307087,0.0
4918135-5,4918135-6,0.46213657,1.0
7534175-4,8138176-1,0.92715657,0.0
7607618-1,7607618-2,0.16060035,1.0
6601167-1,6958646-1,0.3941631,0.0
7201630-1,8196506-1,0.087961346,0.0
7850410-1,7850410-2,0.42335767,1.0
6452196-3,6452196-4,0.868044,1.0
2936317-2,2936317-3,0.9252482,1.0
4359697-1,8452862-1,0.48384935,0.0
4158630-1,5992942-1,0.4260745,0.0
5909360-2,5909360-4,0.86239004,1.0
4346121-2,4346121-8,0.8479027,1.0
4494188-1,7703702-1,0.16000015,0.0
4302118-3,7780065-3,0.19961618,0.0
4327550-1,7824834-2,0.21698749,0.0
5055933-3,5380242-1,0.57914007,0.0
6329029-1,7586178-1,0.8828258,0.0
4633544-1,8559640-2,0.43138796,0.0
4062205-1,4664843-1,0.11764739,0.0
3183319-2,3183319-3,0.8032523,1.0
3026341-5,3026341-9,0.062478904,0.0
5851261-2,5851261-4,0.9022288,1.0
3755418-1,5412761-1,0.5561006,0.0
8408294-1,8408294-2,0.6199031,1.0
6951125-1,6951125-2,0.86775357,1.0
6275832-3,6275832-5,0.9428917,1.0
5893346-3,5893346-6,0.96445316,1.0
5613049-1,5613049-2,0.8575053,1.0
3866672-1,3866672-2,0.92260617,1.0
6118110-1,6230366-1,0.18235135,0.0
5541649-1,5541649-2,0.9304109,1.0
5387823-2,5387823-3,0.66115886,1.0
5394300-1,6393095-1,0.5560346,0.0
6929121-1,6929121-3,0.8818181,1.0
5836259-1,6698314-1,0.012573329,0.0
2546414-1,4623183-1,0.21222386,0.0
5587134-1,5587134-5,0.8534862,1.0
2904264-1,7294531-1,0.45199198,0.0
7556219-1,7556219-2,0.8661504,1.0
6919333-2,7262721-1,0.081455514,0.0
2596173-1,7310891-1,0.04659326,0.0
2902014-2,7286408-1,0.67389107,0.0
2409333-1,4439693-1,0.23354983,0.0
4754271-2,4754271-3,0.9282442,1.0
6908544-1,6908544-3,0.9482186,1.0
7171607-1,7171607-2,0.7686136,1.0
4492330-1,5494060-1,0.30638805,0.0
5682741-4,5682741-5,0.94362044,1.0
3313757-1,4857866-1,0.24291676,0.0
4245924-7,8122203-1,0.22258323,0.0
7792539-2,7792539-4,0.55888045,1.0
8326455-3,8326455-5,0.8802002,1.0
6350341-1,6350341-2,0.4745341,1.0
2938629-1,3311090-1,0.24114832,0.0
4800921-1,6109194-2,0.07646523,0.0
7286403-5,7286403-6,0.8163146,1.0
7364411-1,8145494-3,0.27689782,0.0
4947710-3,5624249-1,0.862736,0.0
7132175-2,7132175-3,0.5420214,1.0
4177611-1,4177611-2,0.94982123,1.0
4466787-1,7850036-1,0.29530996,0.0
6890352-1,7265717-1,0.06876061,0.0
7604707-2,8567533-1,0.3419633,0.0
1764004-1,4123267-1,0.13812013,0.0
8061403-4,8061403-6,0.93641233,1.0
6249143-1,6249143-3,0.78270686,1.0
6053882-2,6053882-4,0.49364793,1.0
2967013-1,8353083-7,0.20746338,0.0
3620691-1,4552135-1,0.2829622,0.0
2117016-1,3519746-1,0.095358536,0.0
7519859-1,7903283-2,0.57482636,0.0
4166964-1,4333544-1,0.1591566,0.0
3570283-1,3596587-1,0.15955886,0.0
2800875-1,2800875-2,0.9030727,1.0
6011142-1,7723034-1,0.29429775,0.0
8077172-1,8077172-10,0.9184936,1.0
6645598-3,6645598-5,0.78584963,1.0
6713375-1,7834037-1,0.37369138,0.0
8603360-1,8603360-4,0.8691388,1.0
6218349-4,6218349-5,0.82772094,1.0
4963987-1,6865345-1,0.7547613,0.0
4560124-1,4560124-2,0.91198224,1.0
3732667-1,7678230-2,0.47927976,0.0
3364685-1,6156069-1,0.2306824,0.0
3249945-2,3249945-4,0.87816226,1.0
7336759-1,7336759-4,0.94378996,1.0
2804097-1,6450595-1,0.2886417,0.0
7132571-1,7132571-2,0.963755,1.0
8075760-1,8075760-5,0.85411125,1.0
3220070-1,8396245-1,0.18394716,0.0
6350920-1,6350920-2,0.7690296,1.0
6452196-2,6452196-4,0.5275489,1.0
7218296-1,7218296-2,0.74199,1.0
3843917-1,3843917-2,0.7434852,1.0
6452480-1,6457075-1,0.015607073,0.0
3524032-1,8131148-1,0.24796915,1.0
8705528-1,8705528-11,0.650153,1.0
6515123-1,8267040-2,0.44838417,0.0
7523853-1,7523853-2,0.102729335,1.0
6477962-1,6477962-3,0.9293613,1.0
3976921-1,7558373-1,0.2307382,0.0
4421556-1,8180396-1,0.12075703,0.0
6826298-1,6826298-2,0.77280194,1.0
8042811-2,8042811-5,0.6717076,1.0
5421160-6,5421160-8,0.76748794,1.0
3522339-1,3522339-10,0.9601356,1.0
6679892-1,8173629-1,0.1280139,0.0
3667321-1,3667321-2,0.8255801,1.0
8536191-1,8536191-3,0.4601201,0.0
5650010-1,5650010-2,0.6749325,1.0
4573076-1,5094012-1,0.48610902,0.0
8326013-1,8326013-3,0.95354104,1.0
7098346-1,8405206-2,0.14233458,0.0
4013344-1,4013344-2,0.8716604,1.0
3341744-1,8411108-1,0.11221639,0.0
6257534-3,6257534-4,0.7679746,1.0
6813699-2,6813699-5,0.9638579,1.0
1564184-1,4722517-1,0.03617264,0.0
3166681-1,5029257-2,0.37418047,0.0
3271297-1,4156995-2,0.12109131,0.0
7199841-1,7199841-4,0.8285092,1.0
5885347-1,5885347-3,0.20465712,1.0
3733041-4,7847177-1,0.38445956,0.0
4761595-3,8496000-1,0.74557215,0.0
5965133-1,5965133-3,0.8944734,1.0
7294179-1,7515696-2,0.08160394,0.0
3883382-1,6779957-1,0.09805404,0.0
4611948-1,5565389-1,0.12674816,0.0
3198484-2,3198484-4,0.51607436,1.0
4065464-1,5336392-1,0.13989674,0.0
8249843-2,8249843-3,0.95365953,1.0
2780987-1,7943416-1,0.26188588,0.0
3209596-1,4376921-1,0.43572178,0.0
2636107-1,6057286-1,0.023872552,0.0
5486553-4,5486553-5,0.9414087,1.0
6437917-1,8565710-1,0.46280754,0.0
5965133-1,5965133-3,0.8944734,1.0
7248360-2,7248360-5,0.84479433,1.0
3162782-1,4465713-1,0.5826659,0.0
3640228-1,3640228-2,0.75625306,1.0
7254669-1,7254669-2,0.9883163,1.0
3488388-1,4385322-4,0.39017004,0.0
5435471-1,6996166-3,0.071897745,0.0
8674554-1,8674554-2,0.8695314,1.0
6968900-3,6968900-5,0.61813813,1.0
7292423-4,7319832-1,0.8809077,0.0
6820961-1,7674746-1,0.11013727,0.0
6612390-1,7031458-1,0.32517838,0.0
4955432-1,7160720-1,0.3481678,0.0
3190012-1,6485866-1,0.34221706,0.0
6880481-1,8420832-1,0.09520294,0.0
4282173-2,4282173-3,0.9061089,1.0
4843071-1,5843968-1,0.227283,0.0
4055826-1,5680667-1,0.17442983,0.0
2783122-1,4700638-3,0.049342435,0.0
4544560-2,4745617-1,0.37223682,0.0
3483875-1,3483875-2,0.24953674,1.0
5610665-1,8628230-1,0.4445453,0.0
6332814-5,6332814-7,0.8333287,1.0
5593448-1,5593448-3,0.7523672,1.0
6482601-2,7827464-1,0.2148063,0.0
4170659-1,4170659-4,0.82297575,1.0
7772757-1,7784239-11,0.2404148,0.0
5056220-1,5056220-3,0.9918912,1.0
2559826-2,4929368-1,0.65437657,0.0
8563620-1,8563620-7,0.84146863,1.0
2117016-1,3519746-1,0.095358536,0.0
4761595-3,8496000-1,0.74557215,0.0
4077640-1,4998414-1,0.42402923,0.0
5726710-2,6970103-1,0.6126949,0.0
7604966-1,7604966-5,0.8655773,1.0
4135108-1,4135108-3,0.9230854,1.0
5506090-1,5506090-3,0.919387,1.0
2640348-1,6416752-2,0.25228587,0.0
3770022-1,3770022-2,0.75949895,1.0
4812083-1,4812083-2,0.8563286,1.0
4594215-1,5734472-1,0.12986974,0.0
5042891-1,7315059-1,0.049146775,0.0
3318202-1,4958684-1,0.7099767,0.0
3745102-1,3786388-1,0.0501775,0.0
3667308-1,8647373-1,0.5343697,0.0
6251240-1,7193879-1,0.08456612,0.0
6533989-1,6533989-2,0.8461113,1.0
8189301-1,8477820-1,0.33229563,0.0
6421387-1,7452954-1,0.14067695,0.0
4353272-5,6371746-7,0.6390149,0.0
6064627-1,6631397-1,0.21932976,0.0
6260670-1,6260670-2,0.8685119,1.0
6708993-1,6708993-3,0.75183654,1.0
7644292-1,7644292-2,0.27128425,0.0
6344064-1,6368206-1,0.14778253,0.0
3785594-4,7869745-1,0.2274444,0.0
5345890-2,5345890-4,0.7402685,1.0
4094743-3,4094743-4,0.9203044,1.0
2020471-1,7047887-2,0.23227145,0.0
3690703-1,4107623-1,0.07658293,0.0
4338667-1,5031857-1,0.116200216,0.0
4779833-1,8142312-1,0.096342854,0.0
7700296-2,7700296-6,0.9529566,1.0
7609214-2,7609214-3,0.9043196,1.0
3312686-1,6000749-1,0.0660886,0.0
4107223-2,4107223-3,0.988948,1.0
6050776-1,6050776-2,0.06976778,1.0
6520783-2,7424162-1,0.75347793,0.0
3961218-1,8411738-1,0.21269418,0.0
4442002-1,5761908-1,0.12328971,0.0
2882084-1,3723003-1,0.39198327,0.0
7020314-1,7423822-2,0.34611183,0.0
6236582-2,6236582-3,0.91142756,1.0
3715973-1,6056531-2,0.65735936,0.0
8391342-28,8391342-29,0.9519762,1.0
5853048-1,5853048-2,0.9064751,1.0
3162799-2,5727644-1,0.610399,0.0
7276577-2,7276577-3,0.95433176,1.0
3438306-1,3657432-1,0.21714605,0.0
3555570-3,3555570-6,0.029408483,0.0
6113842-1,6113842-2,0.22693308,1.0
5968651-2,5968651-3,0.8360828,1.0
6119787-1,7098333-1,0.23882861,0.0
4955044-1,4955044-3,0.9080306,1.0
7442991-1,8387541-1,0.01679074,0.0
8674165-3,8674165-7,0.9276783,1.0
3193785-1,6392561-1,0.3221588,0.0
4722521-1,7682940-1,0.44137207,0.0
2278152-1,8141366-1,0.09680864,0.0
3804044-2,3804044-3,0.9068664,1.0
3420097-1,6194638-1,0.53917545,0.0
4978092-1,5674801-1,0.32468155,0.0
2964793-1,4693350-1,0.45309106,0.0
3214566-1,5461669-1,0.2890482,0.0
3129090-1,7712585-1,0.02135426,0.0
4009207-1,6555996-1,0.16597264,0.0
4495700-1,6441667-1,0.6002886,0.0
3388577-1,3888852-1,0.05607111,0.0
3352641-1,6259523-1,0.27406886,0.0
3424779-2,4195897-1,0.1857533,0.0
5228664-1,5228664-3,0.76154286,1.0
7373970-1,7373970-3,0.9273244,1.0
6421788-1,6421788-2,0.8636814,1.0
7497165-1,8577476-1,0.17816596,0.0
3129060-1,3817789-1,0.1556659,0.0
6236112-4,6236112-6,0.9478339,1.0
6878928-3,6878928-4,0.76763695,1.0
4582463-1,4582463-7,0.86993635,1.0
2939409-1,3841599-2,0.6792291,0.0
8611606-3,8611606-4,0.9852075,1.0
5705885-1,7335125-1,0.32812858,0.0
7663930-3,7663930-6,0.8027909,1.0
2840962-1,3934617-1,0.14969726,0.0
4993416-2,4993416-3,0.6811377,1.0
5650010-1,5650010-2,0.6749325,1.0
5237176-1,5237176-4,0.47845432,1.0
4812638-1,5982477-1,0.117296726,0.0
3830790-1,7420727-1,0.27281243,0.0
5729414-1,7727031-1,0.12369841,0.0
4359729-1,4359729-2,0.85315627,1.0
2713839-1,7765866-1,0.13309091,0.0
8404422-1,8515065-1,0.41179463,0.0
3639082-1,3639082-2,0.8203463,1.0
4057620-1,4057620-3,0.648153,1.0
8393241-8,8393241-9,0.94831675,1.0
6052760-1,6052760-2,0.8989059,1.0
4773548-1,4773548-2,0.9343675,1.0
5613267-1,7443826-3,0.25340417,0.0
4310487-3,8396422-1,0.9146222,0.0
5586864-1,5586864-3,0.86466265,1.0
7569616-1,8084778-3,0.3809741,0.0
8391342-20,8391342-8,0.6927498,1.0
3143099-1,3541200-1,0.026990036,0.0
4616569-1,4616569-6,0.8531391,1.0
3278635-1,7402443-1,0.22616842,0.0
5368377-1,5368377-2,0.78489435,1.0
6426764-3,6426764-6,0.70898,1.0
7473607-1,7726363-1,0.2754382,0.0
6693393-1,6940036-4,0.05915608,0.0
6830498-3,6830498-4,0.86033803,1.0
1906806-3,1906806-6,0.8159753,1.0
6900415-1,6900415-9,0.9639351,1.0
4616569-2,4616569-6,0.35326827,1.0
1906806-2,1906806-6,0.87272877,1.0
4209267-1,4209267-5,0.89167684,1.0
5322711-1,6937978-1,0.12969677,0.0
2821391-1,2821391-3,0.93676174,1.0
7431202-1,7431202-2,0.9788316,1.0
4005095-1,4005095-2,0.84145427,1.0
7892226-1,7892226-2,0.46069854,1.0
5697583-1,5894579-1,0.4528909,0.0
1702536-4,1702536-5,0.797056,1.0
3853465-1,3853465-4,0.7452577,1.0
4966213-1,6042172-1,0.15935722,0.0
2938629-1,3311090-1,0.24114832,0.0
2913817-1,2913817-2,0.81344914,1.0
7559181-2,7559181-3,0.95197415,1.0
4428228-1,4660503-1,0.5895136,0.0
7294179-1,7515696-2,0.08160394,0.0
6598598-6,6598598-9,0.79261255,1.0
3364654-1,3999575-1,0.44146153,0.0
6095652-2,6095652-4,0.7637803,1.0
3822421-1,6357366-1,0.40502137,0.0
4384320-1,4384320-2,0.8966122,1.0
8214417-1,8214417-2,0.5332323,1.0
4247011-1,4683505-2,0.31442636,0.0
6900415-6,6900415-8,0.4359932,1.0
6609309-1,6837833-2,0.56149244,0.0
3877610-1,8297428-1,0.1781271,0.0
3056317-1,3855171-1,0.03707667,0.0
4563056-1,4563056-3,0.8087856,1.0
5407778-1,5407778-3,0.676344,1.0
2938629-1,3311090-1,0.24114832,0.0
6945338-2,6945338-3,0.7785673,1.0
3935506-1,3935506-2,0.44510022,0.0
5043170-3,5043170-5,0.7410191,1.0
2726522-1,3484303-1,0.23924066,0.0
3858807-2,8383648-1,0.21538629,0.0
3116130-1,3116130-5,0.9719158,1.0
7042143-1,7042143-4,0.9116581,1.0
8077172-4,8077172-5,0.443889,1.0
7220005-2,7220005-5,0.81747794,1.0
3304601-2,8053136-1,0.13083978,0.0
6113765-1,6504019-1,0.3213702,0.0
7305575-1,8232500-3,0.3783673,0.0
4567244-1,7818764-1,0.054233495,0.0
3183035-1,3183035-3,0.94578034,1.0
2776156-2,2776156-3,0.9073842,1.0
5809810-3,8638056-1,0.48707905,0.0
3209597-1,4247509-1,0.39975578,0.0
3399346-2,3399346-4,0.95090455,1.0
4441244-2,4441244-3,0.8694332,1.0
4100275-1,4100275-3,0.5691524,1.0
4886413-1,6368983-1,0.6382793,0.0
4038867-2,4038867-3,0.21191484,0.0
6713097-2,6713097-6,0.9890539,1.0
3919721-2,3919721-6,0.9889393,1.0
8674165-3,8674165-7,0.9276783,1.0
4863789-1,4863789-2,0.40624174,1.0
2880967-1,7739235-1,0.14886783,0.0
4793788-1,8648134-1,0.15138975,0.0
5167315-1,7358953-1,0.2158302,0.0
7886293-1,7886293-2,0.7934465,1.0
548304-1,7469333-1,0.63683647,1.0
4140119-1,4140119-2,0.94063026,1.0
4166339-1,5138465-2,0.24102004,0.0
6717609-1,6821047-1,0.41625726,0.0
3829227-3,8572347-1,0.60037595,0.0
2902476-1,2902476-3,0.7534645,1.0
7012558-1,7012558-3,0.87756985,1.0
7273174-3,7273174-4,0.88406235,1.0
6962411-1,6962411-3,0.71526504,1.0
5190044-2,7079263-1,0.21822348,0.0
1634748-1,8554414-1,0.27873898,0.0
1079877-1,1079877-2,0.60897416,1.0
6942777-1,6942777-2,0.9392597,1.0
7449621-1,7449621-3,0.42194608,1.0
3976085-1,5834850-1,0.17168584,0.0
4100447-3,4100447-5,0.8672184,1.0
5446369-10,5446369-6,0.9781574,1.0
4346121-2,4346121-8,0.8479027,1.0
8611532-1,8611532-3,0.6329367,1.0
6159118-1,7006440-5,0.4541616,0.0
4165033-3,4417469-1,0.24161747,0.0
8440084-1,8440084-4,0.91490585,1.0
4812638-1,5982477-1,0.117296726,0.0
7055463-4,7057106-2,0.87927324,0.0
4510828-1,8007117-1,0.029851757,0.0
3295846-1,4546785-2,0.2893358,0.0
7013298-2,7013298-4,0.48232764,1.0
7244733-2,8505801-2,0.63958067,0.0
6007433-1,6788312-1,0.73481834,0.0
6713097-2,7004259-1,0.8416591,0.0
7943385-3,7943385-4,0.73889834,1.0
7700776-1,8295969-1,0.11857328,0.0
4560314-1,4602450-1,0.061681204,0.0
4686635-1,8573193-1,0.36457288,0.0
5372944-1,6037711-1,0.67669374,0.0
6520636-1,7143194-1,0.31155524,0.0
7273174-1,7273174-4,0.99071914,1.0
4408654-1,6186876-1,0.30530122,0.0
6119787-1,7098333-1,0.23882861,0.0
2821391-1,2821391-3,0.93676174,1.0
3209596-1,4376921-1,0.43572178,0.0
6159118-1,7006440-5,0.4541616,0.0
8544915-2,8544915-3,0.8245557,1.0
4251391-1,4251391-2,0.9184656,1.0
4515470-1,6023324-3,0.33485192,0.0
6051123-1,6875172-1,0.69272524,0.0
2887894-1,3356594-1,0.051394153,0.0
8007555-1,8339477-2,0.027315047,0.0
8611567-2,8611567-3,0.69818485,1.0
2409333-1,4439693-1,0.23354983,0.0
4611067-2,4611067-5,0.9295899,1.0
7218296-1,7218296-2,0.74199,1.0
5471581-1,7220350-1,0.16562195,0.0
4616376-2,4877775-1,0.46052527,0.0
7063329-1,7063329-2,0.18550083,0.0
5725403-1,5725403-2,0.91536164,1.0
4508147-1,4508147-2,0.9266396,1.0
4286787-1,6839322-1,0.1808335,0.0
7008770-2,7008770-3,0.95005643,1.0
7752735-1,8136465-1,0.6321656,0.0
5704783-1,5704783-2,0.8987535,1.0
5360033-2,5360033-3,0.97217816,1.0
3049979-1,6984774-1,0.33317697,0.0
8071213-2,8071213-3,0.78092015,1.0
7273174-3,7273174-4,0.88406235,1.0
4534750-1,7153818-1,0.47895417,0.0
4277033-2,4277033-5,0.9828919,1.0
4273476-1,4273476-3,0.8670365,1.0
2806860-1,6329243-1,0.19661325,0.0
5842736-1,5842736-2,0.53635424,1.0
3163399-1,4391425-1,0.29320458,0.0
4003725-1,4999640-1,0.1088834,0.0
6702865-2,6702865-3,0.95485073,1.0
6683567-2,6683567-4,0.729918,1.0
6421383-2,6571332-1,0.3687548,0.0
4375774-1,6006626-1,0.03790006,0.0
8474637-1,8474637-4,0.8904109,1.0
5901399-3,5901399-6,0.8984388,1.0
5593448-1,5593448-4,0.8317977,1.0
3530248-1,5733119-2,0.1982966,0.0
3918532-1,3918532-2,0.9868466,1.0
7394093-1,7394093-3,0.9177034,1.0
6436364-3,6436364-6,0.7765545,1.0
4302118-2,4302118-7,0.8366316,1.0
7834562-1,7839265-1,0.20459132,0.0
3633290-1,7923707-1,0.22646049,0.0
5803979-2,5803979-3,0.9853244,1.0
4392864-1,5116499-1,0.09830277,0.0
3265699-1,3265699-3,0.876727,1.0
6650185-1,7760432-1,0.12377828,0.0
2769433-1,4719736-2,0.2845978,0.0
3996354-3,3996354-4,0.79125935,1.0
3927262-2,3927262-3,0.2512606,1.0
7990443-1,7990443-6,0.8552582,1.0
6898878-1,6898878-2,0.9454059,1.0
8044528-1,8044528-3,0.4764097,1.0
5585840-1,7821746-1,0.10099169,0.0
5776002-1,5984462-1,0.5441255,0.0
6290221-1,8614051-1,0.05371229,0.0
5698993-1,7285567-1,0.33929393,0.0
3391801-1,5894559-1,0.5458558,0.0
5422758-1,6657478-1,0.3563782,0.0
2915398-1,2915398-2,0.41592473,1.0
6304711-2,6304711-3,0.87981683,1.0
2740062-1,3307458-1,0.3376309,0.0
6969380-1,8131091-1,0.9168828,0.0
7983582-1,8281416-1,0.0689088,0.0
4465165-5,4465165-6,0.9882877,1.0
3963350-2,5760075-1,0.4089075,0.0
8104983-1,8104983-2,0.8483627,1.0
4283393-1,5409946-1,0.390838,0.0
4586006-1,5582228-1,0.20938434,0.0
4604288-4,4604288-5,0.93224055,1.0
4255922-1,8294413-3,0.7825671,0.0
6530164-1,8313357-1,0.44737953,0.0
4458945-1,5405889-1,0.54747456,0.0
4301858-1,8520584-1,0.025975991,0.0
5648094-1,5648094-2,0.6812195,1.0
3669470-1,4244719-1,0.94253093,1.0
6332978-1,7484740-1,0.053455237,0.0
5010374-1,6177674-3,0.37787807,0.0
6446568-1,6446568-4,0.8882871,1.0
7988206-11,7988206-3,0.5427839,1.0
7335056-1,7335056-2,0.50985587,1.0
7695266-10,7695266-6,0.97558933,1.0
5109769-1,5109769-2,0.71804494,1.0
3529929-1,7426660-1,0.2758632,0.0
7218296-1,7218296-2,0.74199,1.0
5405905-1,8387585-1,0.04330411,0.0
4518634-1,4932008-1,0.55183464,0.0
6676810-2,6676810-3,0.92651296,1.0
2628085-1,2628085-7,0.8641762,1.0
2955342-1,2955342-3,0.93034834,1.0
5393143-1,8421232-1,0.3094314,0.0
3981230-1,8567520-1,0.27327853,0.0
3399346-1,3399346-3,0.5654821,1.0
3569403-1,3569403-2,0.94721556,1.0
8531180-3,8531180-4,0.5609675,1.0
8391342-27,8391342-4,0.8982112,1.0
5921541-2,5921541-4,0.8819544,1.0
6683483-1,7138425-1,0.76931167,0.0
4010737-3,6592203-1,0.33602226,0.0
4719265-1,6323364-1,0.17590329,0.0
4706881-1,4706881-2,0.20626476,1.0
7535648-2,7535648-3,0.81404763,1.0
6311248-1,6510002-1,0.31050834,0.0
5039991-1,7746127-1,0.03243732,0.0
7071887-1,7071887-4,0.7281706,1.0
6925859-1,6925859-2,0.7908112,1.0
3479818-1,8046441-1,0.20554528,0.0
2817825-4,2817825-5,0.86391145,1.0
4660716-1,8166483-1,0.22622031,0.0
5864775-1,6300969-1,0.20758417,0.0
6676009-1,6683380-1,0.24990119,0.0
3847183-3,3847183-4,0.98813766,1.0
6236582-2,6236582-3,0.91142756,1.0
3842732-1,5441140-1,0.037884813,0.0
4135106-1,8637990-1,0.05405917,0.0
7237059-1,7297554-1,0.4186789,0.0
4302118-2,4302118-3,0.4979085,1.0
3742567-3,7669407-1,0.25970238,0.0
3522321-1,3522321-4,0.8784753,1.0
4602880-1,6098899-1,0.32455465,0.0
2783113-1,2783113-2,0.91009367,1.0
3497577-1,6688735-2,0.41367027,0.0
7286403-5,7286403-6,0.8163146,1.0
4660492-1,4660492-3,0.97488546,1.0
5051138-3,5051138-4,0.9253983,1.0
4601450-1,6360613-1,0.90172833,0.0
2630301-1,3467138-1,0.9128585,0.0
2816289-1,6340231-1,0.27893645,0.0
4208436-1,7495868-1,0.13478602,0.0
4024625-2,4024625-3,0.94120914,1.0
4273476-3,4502187-1,0.022449365,0.0
4458292-1,6069027-3,0.19735809,0.0
4147648-1,6018257-4,0.29742953,0.0
3283526-2,7609150-4,0.06330198,0.0
3438266-1,6100443-1,0.51687914,0.0
8140372-1,8140372-2,0.82903785,1.0
7150566-1,7150566-2,0.42921683,1.0
8105697-1,8105697-4,0.6620613,1.0
2531126-1,7850656-1,0.320969,0.0
2846345-1,7758736-10,0.28015313,0.0
8137075-1,8614176-1,0.5714136,0.0
5320044-1,5320044-2,0.88485974,1.0
5346920-1,7066495-2,0.17479372,0.0
5885127-2,5885127-3,0.36030638,1.0
2938636-1,6015694-1,0.6127159,0.0
4533573-1,4533573-2,0.8257168,1.0
4816771-1,4816771-2,0.91454214,1.0
2910292-1,2910292-2,0.866776,1.0
8131327-2,8131327-6,0.8064267,1.0
7239032-1,7239032-3,0.98322,1.0
4464593-1,6825499-1,0.6759213,0.0
2789959-1,5370478-1,0.18347953,0.0
7988206-11,7988206-8,0.9695565,1.0
1906806-10,1906806-2,0.95771146,1.0
4268617-1,7749956-1,0.0060884375,0.0
2164940-1,4904584-1,0.44471785,0.0
3479817-2,3479817-3,0.75621957,1.0
7988206-5,7988206-9,0.8018594,1.0
8061522-2,8061522-4,0.6974412,1.0
5137971-2,5137971-4,0.88044155,1.0
7060531-1,7569279-1,0.26835972,0.0
8129005-1,8129005-3,0.522441,1.0
3741979-3,4114602-1,0.40873578,0.0
3145886-1,5598866-1,0.109666914,0.0
2667616-1,2667616-2,0.6793237,1.0
5315218-1,5315218-4,0.949107,1.0
6291379-1,6291379-2,0.7655897,1.0
1413535-1,6109557-1,0.15034746,0.0
7641057-1,8299428-1,0.10488414,0.0
6095652-2,6095652-4,0.7637803,1.0
4778215-1,4778215-2,0.94041616,1.0
3355351-2,3355351-5,0.48730862,1.0
4955044-1,4955044-3,0.9080306,1.0
5000566-2,5444672-1,0.8999556,0.0
3070676-1,7186106-1,0.5313732,0.0
6716331-2,6716331-4,0.9709714,1.0
2827085-4,4662030-1,0.41427252,0.0
5479100-1,5479100-2,0.8441257,1.0
3263266-1,3263266-3,0.9761081,1.0
6301448-1,7526997-1,0.46230432,0.0
4529966-1,6510563-1,0.35302588,0.0
4765255-4,4765255-5,0.76787776,1.0
1192795-1,7268049-1,0.022453582,0.0
8077172-12,8077172-2,0.96629244,1.0
8628278-1,8628278-5,0.7845869,1.0
5992936-1,5992936-3,0.8716373,1.0
7275443-2,7275443-3,0.6466156,1.0
4448248-1,6340412-1,0.2875946,0.0
3116130-1,3116130-5,0.9719158,1.0
4837780-1,5921307-1,0.051919848,0.0
7489448-1,8673679-2,0.5990854,0.0
5318534-4,5318534-5,0.89002395,1.0
5407778-3,5407778-4,0.92342657,1.0
2813577-2,2813577-4,0.940838,1.0
2988051-1,7591986-1,0.28436002,0.0
3017876-1,3017876-4,0.91186607,1.0
5912312-1,5912312-4,0.38813996,1.0
4027691-1,4782655-1,0.35261297,0.0
8399375-1,8399375-4,0.9316576,1.0
8544915-2,8544915-3,0.8245557,1.0
7220005-3,7220005-5,0.90061355,1.0
6898878-1,6898878-2,0.9454059,1.0
3968895-7,7824660-1,0.44667485,0.0
4590181-1,6047557-1,0.4123771,0.0
1867809-3,6288569-1,0.8897137,0.0
5586034-2,5586034-4,0.6464648,1.0
8391342-25,8391342-7,0.895279,1.0
8026326-2,8529000-1,0.18761918,0.0
8359534-2,8359534-5,0.50118667,1.0
5634570-1,7524921-1,0.044062838,0.0
3354801-1,8471370-1,0.32944268,0.0
3412558-1,4029459-2,0.10983613,0.0
3785594-4,7869745-1,0.2274444,0.0
5112358-2,5112358-3,0.8146923,1.0
3000840-1,6517487-2,0.06396501,0.0
5047021-1,5832135-1,0.40437806,0.0
3817136-1,3817136-7,0.7070659,1.0
2626702-1,8058662-1,0.2691683,0.0
7459979-2,7459979-5,0.8748143,1.0
8230156-1,8230156-2,0.9148254,1.0
4150647-1,4839800-1,0.38425153,0.0
6230641-2,8102176-1,0.035341494,0.0
3097561-1,3614810-1,0.7137081,0.0
3354865-1,7896672-1,0.12726863,0.0
5965386-1,8515538-5,0.12116716,0.0
2873457-1,7220015-1,0.14212428,0.0
3514939-1,5930228-1,0.20654579,0.0
3712821-1,4555932-1,0.340072,0.0
4214487-1,5498975-1,0.27524665,0.0
7376584-2,7376584-3,0.8560589,1.0
3843917-1,8550050-4,0.5422629,0.0
8529193-1,8529193-4,0.96056217,1.0
5813443-1,5813443-2,0.6845129,1.0
6360200-2,8240598-1,0.3507171,0.0
3793316-1,8237923-1,0.3397861,0.0
6108165-1,7588235-1,0.6223381,0.0
7665777-10,7665777-5,0.96417105,1.0
2749185-1,2749185-2,0.8822247,1.0
4037410-1,6380528-1,0.86777073,0.0
3630292-1,4739214-1,0.045471054,0.0
5764217-1,8387062-1,0.6729581,0.0
4761595-3,8496000-1,0.74557215,0.0
3972411-1,4688317-1,0.078446425,0.0
3343251-1,3343251-2,0.9006388,1.0
5747772-1,6159285-1,0.980655,1.0
5504811-1,6547240-1,0.6727889,0.0
6590633-2,6590633-3,0.98455405,1.0
2847211-1,8428625-1,0.48164263,0.0
5192310-1,8133146-1,0.20356631,0.0
8383554-3,8383554-4,0.9680913,1.0
6388817-2,6388817-3,0.22795722,1.0
3199017-1,8541753-1,0.25013894,0.0
7929054-1,7929054-2,0.991719,1.0
5588294-1,8172003-1,0.561794,0.0
7712266-2,7712266-4,0.9011977,1.0
6157201-1,8699918-1,0.69833404,0.0
4852783-2,4852783-5,0.7916545,1.0
6664587-1,7303870-2,0.47178444,0.0
4623192-1,4623192-2,0.95281655,1.0
7083183-1,8142272-1,0.64305305,0.0
2628018-3,2628018-4,0.8758371,1.0
2995998-1,3623462-1,0.14287047,0.0
5008561-1,6194714-1,0.1465107,0.0
3402005-2,3402005-3,0.9676339,1.0
6951266-1,6951266-2,0.925302,1.0
7737542-1,8645975-1,0.0327634,0.0
5407778-3,5407778-4,0.92342657,1.0
4246994-1,6054368-1,0.46740347,0.0
4296220-1,8507155-1,0.16735223,0.0
7983550-1,7983550-2,0.5245175,1.0
3051892-2,3051892-3,0.8264698,1.0
3972859-1,4531603-1,0.2187037,0.0
7706373-1,8610930-1,0.061324775,0.0
2803813-1,7325297-1,0.3025066,0.0
8203267-1,8240129-1,0.15931262,0.0
6176975-1,7520241-1,0.28586298,0.0
5951146-1,5951146-4,0.65267366,1.0
2890504-1,8447050-1,0.6202651,0.0
2614950-1,6615206-1,0.574925,0.0
7240175-1,7240175-2,0.95571864,1.0
6109022-1,6109022-2,0.7960929,1.0
8391342-18,8391342-19,0.8960831,1.0
5596068-1,7520779-1,0.22519067,0.0
4087859-1,7902498-1,0.40389943,0.0
4355643-1,4635580-1,0.71940887,1.0
3304601-2,8053136-1,0.13083978,0.0
7981696-1,7981696-3,0.84432256,1.0
6788842-1,8355822-1,0.120698966,0.0
4162020-1,4162020-2,0.89016163,1.0
5289268-3,5289268-4,0.58659846,1.0
2435111-1,2435111-2,0.8684496,1.0
4584512-1,7395378-1,0.31915265,0.0
4500871-2,5159176-1,0.68706346,0.0
4129602-2,4129602-4,0.907646,1.0
7962158-1,7962158-4,0.88284785,1.0
5854745-6,5854745-7,0.9211225,1.0
8105697-2,8105697-7,0.8586175,1.0
4315802-6,4504631-1,0.5465664,0.0
3459508-5,4244744-1,0.6752325,0.0
6636068-1,8270715-2,0.7486706,0.0
8274453-1,8274453-2,0.78345746,1.0
4855418-1,5443128-1,0.3551704,0.0
4208499-2,4208499-3,0.74076176,1.0
5652128-1,5652128-2,0.8418478,1.0
6027823-1,6922572-1,0.309695,0.0
7294899-1,7294899-2,0.8697535,1.0
7927549-3,7927549-7,0.89314467,1.0
7474560-2,7474560-3,0.96715575,1.0
4881626-4,4881626-8,0.8659757,1.0
3810058-1,4276615-1,0.37525466,0.0
8406395-2,8406395-3,0.81155777,1.0
4899403-1,7506276-1,0.11349222,0.0
8705528-10,8705528-2,0.7266459,1.0
4159969-1,6982483-1,0.12697102,0.0
4511337-1,8721406-1,0.31300735,0.0
4475514-1,4475514-2,0.67049575,1.0
6434444-6,6434444-8,0.7459284,1.0
1087841-5,1087841-6,0.8617586,1.0
8362581-1,8362581-2,0.7859176,1.0
6792944-3,6792944-4,0.9333019,1.0
5747772-1,6159285-1,0.980655,1.0
4423146-1,4625882-1,0.8359442,0.0
5749100-2,5845715-1,0.10433926,0.0
4447152-1,4447152-2,0.7781557,1.0
5585840-1,7821746-1,0.10099169,0.0
5836194-1,5836194-3,0.16124018,0.0
6708964-1,6708964-2,0.8789887,1.0
5940681-2,5940681-4,0.95554423,1.0
8395467-1,8395467-5,0.7938055,1.0
5532777-1,8432426-1,0.3636337,0.0
2956951-1,6485539-1,0.54939044,0.0
7665777-2,7665777-8,0.97703856,1.0
8124580-2,8124580-3,0.842227,1.0
7587992-6,7587992-7,0.95808053,1.0
7253871-1,7326677-1,0.38783807,0.0
7306366-2,7306366-3,0.8796634,1.0
5610706-1,5862080-1,0.1356187,0.0
5569547-1,6167580-1,0.037094954,0.0
4627117-1,4627117-3,0.86486244,1.0
3504259-1,5372272-3,0.10945135,0.0
3446124-3,3446124-4,0.9874959,1.0
5836259-1,6698314-1,0.012573329,0.0
5512414-1,5832401-1,0.3240968,0.0
6776213-2,6967357-1,0.36103928,0.0
7463145-2,7463145-3,0.43650836,0.0
7468093-4,7468093-6,0.71274483,1.0
6822671-1,8343286-2,0.39140832,0.0
5806333-2,5806333-5,0.9735349,1.0
6217881-1,6217881-4,0.87124884,1.0
7383746-1,7383746-4,0.7619677,1.0
6752274-2,7667625-1,0.42812115,0.0
8388796-2,8388796-5,0.51581246,1.0
6703052-1,7868097-3,0.073659934,0.0
6485719-1,8183750-1,0.8195195,0.0
5266367-1,5266367-6,0.89582884,1.0
3157088-1,4832809-1,0.7597849,0.0
6520636-1,7143194-1,0.31155524,0.0
3556532-2,3556532-3,0.88291746,1.0
3272533-1,7667327-5,0.0766907,0.0
8406563-2,8406563-3,0.8177806,1.0
3510916-1,5343649-1,0.7498565,0.0
5346454-10,8497279-1,0.16900113,0.0
8565020-1,8565020-3,0.59780544,1.0
6275832-3,6275832-5,0.9428917,1.0
3952286-1,7892279-1,0.471607,0.0
4304165-1,8327140-1,0.12152371,0.0
5518118-2,7688456-1,0.53450996,0.0
4865706-1,4865706-5,0.9720197,1.0
3590353-1,5409948-1,0.17384754,0.0
3162267-1,3162267-3,0.96438986,1.0
6451804-1,7035525-4,0.22003122,0.0
6280275-1,7970076-1,0.50408834,0.0
8460922-3,8460922-4,0.962657,1.0
8611606-1,8611606-6,0.9919961,1.0
2646691-1,8640110-1,0.040139318,0.0
8674165-2,8674165-3,0.6145453,1.0
7581838-2,7581838-4,0.9203459,1.0
3461287-1,3841957-1,0.1891487,0.0
5153530-2,6311234-1,0.8135288,0.0
5612750-1,5612750-3,0.8932775,1.0
3102883-1,4333549-1,0.8143239,0.0
3868701-1,8191651-1,0.7500551,0.0
6217881-1,6217881-4,0.87124884,1.0
7105417-1,7254168-1,0.122777954,0.0
3005640-1,6744737-2,0.6552587,0.0
3667440-4,3667440-5,0.6754258,0.0
8623195-1,8623195-4,0.9568963,1.0
3870631-2,6221740-1,0.028556893,0.0
4438352-2,8548719-2,0.44782376,0.0
7305484-3,7305484-4,0.8611991,1.0
5451758-1,7431938-1,0.49218535,0.0
3459711-2,3459711-3,0.7904503,1.0
4949203-1,6647250-1,0.097872265,0.0
5987393-2,6330970-1,0.82841796,0.0
5336209-3,5336209-5,0.98120964,1.0
8541328-1,8541328-3,0.84278643,1.0
5586864-1,5586864-3,0.86466265,1.0
6355664-1,8565714-1,0.525193,0.0
4528866-1,6549525-1,0.08843742,0.0
7793325-1,7793325-7,0.8465677,1.0
7014659-2,7014659-3,0.9055564,1.0
8391342-17,8391342-8,0.85939705,1.0
3873319-1,3873319-4,0.706965,1.0
6011142-1,7723034-1,0.29429775,0.0
8133774-1,8133774-2,0.87798595,1.0
7905731-1,8191851-1,0.263468,0.0
7847481-2,7847481-3,0.74800014,1.0
8195896-1,8195896-2,0.8913303,1.0
5144530-2,5144530-4,0.58879256,1.0
2854446-3,4834741-1,0.89645964,0.0
3521952-1,6510567-1,0.025896482,0.0
6498274-1,7954966-1,0.095462084,0.0
8391342-1,8391342-2,0.50122327,1.0
8383533-4,8383533-5,0.7511789,1.0
4275753-1,8350112-1,0.42426777,0.0
7045536-1,7045536-2,0.4054691,1.0
8046688-1,8186916-1,0.2721449,0.0
3724794-1,3724794-3,0.98528624,1.0
7012558-1,7012558-3,0.87756985,1.0
3502833-1,5997605-1,0.40062052,0.0
8646190-6,8646190-9,0.7627597,1.0
4553182-1,6220407-1,0.1604129,0.0
7714405-1,7714405-3,0.82497096,1.0
6293945-3,8592773-1,0.42394271,0.0
7569537-1,7569537-3,0.63716656,1.0
3928346-1,6784672-1,0.61534464,0.0
8179565-1,8179565-2,0.9172058,1.0
3590353-1,5409948-1,0.17384754,0.0
2989003-1,2989003-2,0.9070577,1.0
4897205-1,5107665-1,0.45868602,0.0
8077172-11,8077172-8,0.7903901,1.0
4357407-1,6395427-8,0.44218898,0.0
4732258-1,8515538-4,0.14222087,0.0
4828895-1,4828895-2,0.8713918,1.0
8688786-1,8688786-2,0.88522327,1.0
6332995-1,6332995-2,0.8131536,1.0
7716112-1,7716112-2,0.88429236,1.0
4677723-1,4677723-2,0.8456781,1.0
3099207-1,4664839-1,0.2012158,0.0
6177049-1,8624037-1,0.18520486,0.0
5124705-1,5124705-3,0.831574,1.0
3423044-1,3423044-2,0.65269786,1.0
4776590-1,4776590-2,0.91785336,1.0
4108142-1,4108142-3,0.56218517,1.0
6601173-2,6601173-4,0.8727441,1.0
6888207-2,6888207-3,0.8699987,1.0
8522136-1,8522136-2,0.6463629,1.0
8236468-2,8236468-3,0.24807663,1.0
5749100-5,7026588-1,0.29131037,0.0
2740291-2,2740291-4,0.76721704,1.0
8504303-1,8504303-4,0.62747395,1.0
4327550-1,7824834-2,0.21698749,0.0
6898878-1,6898878-2,0.9454059,1.0
8416436-1,8416436-2,0.7273109,1.0
4224235-1,6485883-1,0.31694147,0.0
3429988-1,3806668-1,0.37824804,0.0
4295261-2,8193653-1,0.7064834,0.0
2740326-1,4841560-1,0.07764413,0.0
6713097-4,8189935-1,0.2854221,0.0
6919333-2,7262721-1,0.081455514,0.0
3519130-1,6693030-1,0.111757055,0.0
4043557-1,7585967-1,0.45084074,0.0
3983534-1,5040588-1,0.11787393,0.0
4815553-2,7372620-1,0.7273469,0.0
7779730-1,8490660-2,0.049162865,0.0
6263613-1,6536236-1,0.41095608,0.0
8611532-1,8611532-5,0.62541175,1.0
3544906-4,3544906-9,0.89068455,1.0
7271245-1,7271245-2,0.90527886,1.0
7390426-1,7390426-2,0.9889157,1.0
7385574-1,7385574-2,0.9644589,1.0
4345234-1,8275140-1,0.23088934,0.0
8077172-16,8077172-7,0.85082877,1.0
4452865-1,4452865-2,0.97384197,1.0
4973717-1,8281434-1,0.25928932,0.0
3719039-4,3719039-5,0.9482,1.0
7031900-1,7337468-1,0.03217801,0.0
3830296-1,4392555-1,0.022994878,0.0
4077640-1,4998414-1,0.42402923,0.0
4765015-1,4765015-2,0.99665064,1.0
8634069-4,8634069-5,0.9114977,1.0
6374803-1,7713019-1,0.06218512,0.0
7306670-2,7306670-4,0.62351894,1.0
8622899-1,8622899-6,0.6510963,1.0
3627455-1,8012176-1,0.2798109,0.0
5306977-1,5306977-2,0.43998092,1.0
6656669-2,8478475-1,0.17602825,0.0
4299425-1,4299425-2,0.9332091,1.0
4616573-1,7506085-3,0.4967638,0.0
2678828-1,3968620-3,0.1128645,0.0
8044528-1,8044528-2,0.8512661,1.0
3408276-2,7320729-1,0.92651373,0.0
4386675-1,7315195-1,0.33675697,0.0
2008203-1,7302682-1,0.16336246,0.0
5932826-1,5932826-6,0.9637706,1.0
7954929-1,8358632-1,0.3108664,0.0
3737622-2,3737622-4,0.9430337,1.0
7515799-2,7515799-4,0.7137462,1.0
5627820-1,7099753-2,0.20897447,0.0
6933982-1,6933982-2,0.34641957,1.0
8214898-1,8214898-2,0.11525711,1.0
6724307-1,7330014-1,0.13219845,0.0
6951159-1,8094050-2,0.011988653,0.0
8369283-1,8369283-5,0.8794929,1.0
4998851-3,4998851-5,0.691704,1.0
5819108-10,5819108-9,0.88160825,1.0
5047992-1,7212738-1,0.2955297,0.0
7640421-1,7962156-1,0.139962,0.0
3961218-1,8411738-1,0.21269418,0.0
8225171-1,8225171-5,0.8091282,1.0
4094958-6,4094958-8,0.29602522,1.0
5083266-2,5083266-3,0.5311947,1.0
2648950-1,2648950-2,0.39955378,1.0
4460201-1,5641859-1,0.39716125,0.0
3336230-1,7006328-1,0.10147352,0.0
4513055-1,6200547-1,0.48839024,0.0
6682377-1,7477153-1,0.37955555,0.0
5398372-1,5398372-2,0.8819281,1.0
3840787-1,5440613-1,0.2492666,0.0
4663301-2,7461323-1,0.2612306,0.0
3529929-1,7426660-1,0.2758632,0.0
4418101-1,7771832-1,0.4278612,0.0
6900415-1,6900415-9,0.9639351,1.0
4549539-1,7535648-1,0.31323296,0.0
4717387-1,4717387-5,0.8013766,1.0
4429945-1,4429945-2,0.5260465,1.0
3227429-1,6458862-3,0.09363125,0.0
7607618-2,7607618-3,0.54278773,1.0
5898130-1,5898130-3,0.8646565,1.0
5027309-3,5027309-4,0.872386,1.0
3017876-2,3017876-4,0.48055288,1.0
6561526-1,8054923-1,0.270333,0.0
3785348-2,3785348-3,0.66309756,1.0
4439748-1,7213836-1,0.18215877,0.0
5045678-1,6562613-1,0.22276,0.0
8603360-1,8603360-4,0.8691388,1.0
5557522-1,8059998-1,0.4681649,0.0
6935495-3,6935495-4,0.94386303,1.0
7299656-10,7299656-5,0.9933982,1.0
3507074-1,5858849-1,0.45314708,0.0
8448394-1,8448394-4,0.47153622,1.0
2740291-2,2740291-4,0.76721704,1.0
5266844-1,5266844-2,0.83014846,1.0
3699915-2,3699915-4,0.95993114,1.0
3764887-1,6119284-1,0.4805942,0.0
6526982-3,6526982-7,0.88679004,1.0
3229059-1,4115357-1,0.043085825,0.0
6028424-1,6028424-2,0.8595035,1.0
3267057-1,6477493-1,0.18069917,0.0
5225327-2,5225327-4,0.86843044,1.0
2966751-2,2966751-3,0.5387015,1.0
6533970-3,6533970-4,0.84276235,1.0
6215614-1,8204692-2,0.31454352,0.0
7711629-4,7711629-7,0.8884707,1.0
4531193-1,7292088-1,0.7015069,0.0
3586573-1,6337783-1,0.088691175,0.0
7350952-1,7350952-2,0.96766233,1.0
5968651-2,5968651-3,0.8360828,1.0
6710848-1,8587683-1,0.3526323,0.0
4881626-1,4881626-3,0.98889756,1.0
6275832-3,6275832-5,0.9428917,1.0
5329676-2,7175762-2,0.41092762,0.0
3658297-1,3658297-2,0.6629463,1.0
6376547-1,6376547-2,0.52998596,1.0
8628278-1,8628278-5,0.7845869,1.0
8383623-3,8383623-4,0.8987934,1.0
4918135-1,4918135-2,0.63125634,1.0
7012740-1,7012740-2,0.62848866,1.0
7737761-1,7737761-2,0.91910475,1.0
8377065-4,8377065-6,0.5084375,1.0
6446101-1,7493377-1,0.2506858,0.0
8042811-2,8042811-5,0.6717076,1.0
4967634-1,5651601-1,0.39700451,0.0
2852076-1,3420491-1,0.45736402,0.0
5761908-1,5761908-3,0.6779907,1.0
6593935-2,7971269-1,0.44852835,0.0
3928261-1,7657372-1,0.16811675,0.0
7695072-2,8281787-1,0.34843644,0.0
5479100-1,5479100-2,0.8441257,1.0
4704474-4,4704474-5,0.9497839,1.0
7683446-1,7846890-1,0.18113323,0.0
2772281-7,8663811-1,0.45416683,0.0
3757259-1,5674737-1,0.29015604,0.0
2629953-1,2629953-2,0.3945227,1.0
1413535-1,6109557-1,0.15034746,0.0
2788137-1,3462718-1,0.10691433,0.0
5815648-1,7023736-1,0.28165877,0.0
4188469-1,4350873-1,0.013892512,0.0
7063221-1,7063221-7,0.9254257,1.0
6710881-1,7961707-2,0.31429407,1.0
4114614-1,4114614-2,0.89126724,1.0
5320317-1,6637575-1,0.39957812,0.0
4852025-1,7480756-1,0.27677235,0.0
3796393-1,8489774-1,0.70714086,0.0
8424655-1,8424655-2,0.69233143,1.0
6593541-4,6593541-6,0.9374626,1.0
3957457-1,6048844-1,0.1665129,0.0
3673848-1,3673848-2,0.9586708,1.0
4688324-2,4688324-3,0.77411443,1.0
5390126-1,5390126-4,0.51059586,1.0
3177918-4,3177918-5,0.75980836,1.0
4114614-1,4114614-2,0.89126724,1.0
8279281-1,8372668-1,0.5150195,0.0
4238183-1,6402861-3,0.19046704,0.0
8544915-2,8544915-3,0.8245557,1.0
4346121-2,4346121-8,0.8479027,1.0
5481954-1,5481954-2,0.88891596,1.0
8428280-7,8428280-9,0.95687276,1.0
7140078-1,7140078-3,0.7680851,1.0
7711629-4,7711629-7,0.8884707,1.0
4736906-1,4736906-2,0.8554285,1.0
4256527-1,8054933-1,0.14933132,0.0
6180816-1,7960044-1,0.05097134,0.0
3312794-3,4451783-1,0.5190832,0.0
5603331-1,8674093-2,0.4053008,0.0
3058185-1,8047970-1,0.76738906,0.0
2636015-1,2636015-2,0.83760774,1.0
5518118-2,7688456-1,0.53450996,0.0
7779730-1,8490660-2,0.049162865,0.0
7417091-2,7417091-3,0.65700203,1.0
8046688-1,8186916-1,0.2721449,0.0
5549419-1,8256020-1,0.6414288,0.0
8504030-5,8504030-9,0.54399997,1.0
3639802-1,3639802-3,0.8536998,1.0
6691767-1,6691767-4,0.88507307,1.0
5968738-2,5968738-3,0.9428742,1.0
4423146-1,4625882-1,0.8359442,0.0
5480102-1,6639934-1,0.20383137,0.0
8483877-1,8483877-2,0.9747296,1.0
2631530-1,5818763-1,0.33201554,0.0
4421342-1,4421342-2,0.57664436,1.0
7649103-2,7649103-8,0.9150806,1.0
4353272-5,6371746-7,0.6390149,0.0
5853069-2,5853069-5,0.88563824,1.0
8611606-4,8611606-8,0.7255995,1.0
7872057-2,7872057-6,0.9072011,1.0
4337168-1,6453619-1,0.24373326,0.0
3644791-1,7674319-1,0.7667274,0.0
7105417-1,7254168-1,0.122777954,0.0
5769203-4,7141734-1,0.4439409,0.0
2916110-1,8453400-1,0.7277701,0.0
5219584-1,5219584-2,0.9742801,1.0
4746979-1,7870256-1,0.25289893,0.0
3173382-1,5682640-1,0.32667455,0.0
7319819-1,7319819-4,0.9760938,1.0
3996171-1,3996171-2,0.5512689,1.0
7667327-2,7667327-3,0.2365784,0.0
7775944-2,7775944-4,0.9796993,1.0
4105945-1,6349972-1,0.5506207,0.0
7014704-1,7014704-2,0.5616729,1.0
5053003-1,5053003-3,0.8658937,1.0
6822881-2,6822881-3,0.8698918,1.0
8092089-4,8092089-5,0.896359,1.0
6650185-1,7760432-1,0.12377828,0.0
5696734-1,5709899-1,0.32361048,0.0
8191643-1,8191643-2,0.6954919,1.0
3808072-1,7437123-5,0.8173251,0.0
4307668-1,4307668-3,0.7797274,0.0
8088146-1,8088146-2,0.6913392,1.0
2981764-2,2981764-3,0.47671512,1.0
6251240-1,7193879-1,0.08456612,0.0
5000538-1,7952637-3,0.20222893,0.0
3987999-3,7521157-1,0.47802067,0.0
4300035-1,4506145-1,0.53181964,0.0
2245961-2,2245961-3,0.90390843,1.0
7072995-1,7072995-2,0.9275607,1.0
5101515-1,7274261-2,0.81882215,0.0
6426764-3,6426764-6,0.70898,1.0
7485476-4,7485476-8,0.7491485,1.0
8476614-2,8476614-3,0.9815471,1.0
3280069-1,8184519-1,0.41162804,0.0
6052760-1,6052760-2,0.8989059,1.0
4425244-5,7779988-1,0.6453972,0.0
6023324-2,6023324-4,0.78458506,1.0
3385805-1,8247731-1,0.5849827,0.0
5134821-1,5134821-3,0.40748942,0.0
6120175-1,8507946-1,0.51395214,1.0
6556287-1,8702120-1,0.6342231,0.0
4752811-1,7085831-1,0.039651446,0.0
6020502-1,8543741-1,0.14780992,0.0
8155605-1,8155605-2,0.77875966,1.0
3204234-2,3204234-3,0.84641916,1.0
3464342-1,5400459-1,0.09843167,0.0
8515176-1,8515176-5,0.4757541,1.0
4289971-1,5968291-1,0.5006872,0.0
7422691-1,7422691-5,0.7596861,1.0
7437123-4,7437123-5,0.6935718,1.0
8046688-1,8186916-1,0.2721449,0.0
6037803-2,6037803-3,0.5140893,1.0
eir personal data.\nConclusion: Appearances are often deceptive” is a popular proverb that emphasises the importance of analysing things thoroughly before arriving at a conclusion. Silent calculus presenting at the tip of glans is an extremely rare entity. High index of suspicion is hence required to rule out this uncommon presentation.\nBackground: Transfusion of blood and blood products which is considered as lifesaving modality, to evaluate the trends over the years Jan 2015- July 2019.\nMethods: Blood units collected from all eligible blood donors who donated Whole Blood were subjected to mandatory screening by ELISA for antibodies to HCV. Data was retrieved from Jan 2015- July 2019 and total number of donors who were reactive for anti-HCV was noted. Descriptive statistics was used to estimate prevalence.\nResults: Out of 54991 blood donor samples screened,0.8884351,1.0
7146196-1,7146196-3,0.73570305,1.0
6024489-1,6024489-3,0.6957054,1.0
3529426-1,4738668-1,0.6463114,0.0
2771796-1,3512476-1,0.1870659,0.0
4281442-1,5590770-1,0.25162783,0.0
7383225-1,7383225-6,0.7035442,1.0
8391342-8,8391342-9,0.9847119,1.0
8211030-1,8211030-3,0.46591213,1.0
4857859-1,7595935-2,0.072132505,0.0
4574179-1,4784625-1,0.07002153,0.0
5791447-1,6768263-1,0.04516984,0.0
3249945-2,3249945-4,0.87816226,1.0
4789813-3,4789813-4,0.5989896,1.0
7533180-3,7533180-5,0.8365899,1.0
7819403-2,7819403-3,0.9774745,1.0
8439402-1,8439402-2,0.50055313,1.0
8710561-1,8710561-3,0.9345735,1.0
7216518-1,8452834-1,0.21442653,0.0
7167419-1,8395433-1,0.08896317,0.0
3143099-1,3541200-1,0.026990036,0.0
4900302-1,6058556-1,0.4086894,0.0
8236763-1,8362859-1,0.18752797,0.0
2687548-10,2687548-4,0.84103,1.0
4806760-1,4806760-2,0.44362423,1.0
5467348-1,8007176-3,0.29533973,0.0
5649815-1,6502980-1,0.40239,0.0
2890620-1,3130473-1,0.4492709,0.0
5398110-1,6802343-2,0.08953824,0.0
3525284-1,3746232-1,0.20285308,0.0
4560314-1,4602450-1,0.061681204,0.0
4134861-2,5609445-1,0.22114068,0.0
4140119-2,5473132-1,0.5497014,0.0
3372806-1,8016592-1,0.13961586,0.0
3728605-1,7872745-1,0.41455314,0.0
5642131-13,5642131-5,0.68375057,1.0
4738133-1,4738133-2,0.8109129,1.0
3968977-1,3968977-2,0.93930846,1.0
5328445-2,5328445-3,0.74289215,1.0
4304504-1,4304504-2,0.54776263,1.0
6582561-1,6582561-2,0.9376582,1.0
7000928-2,7000928-5,0.2901158,1.0
3350215-1,7849111-1,0.04041555,0.0
4617071-2,8236776-1,0.97566336,1.0
5571603-4,5571603-5,0.9827816,1.0
5865279-12,5865279-8,0.58949953,1.0
2659845-1,2873892-1,0.08687502,0.0
4541672-5,4541672-7,0.728037,1.0
2930635-1,6498289-1,0.24831246,0.0
6624786-1,6624786-3,0.83215386,1.0
4984831-1,8571254-1,0.22909795,0.0
6854088-1,6854088-2,0.6136515,1.0
5819130-1,6540546-1,0.12754531,0.0
7581128-3,7886462-1,0.5019792,0.0
3125664-1,4294151-2,0.15534882,0.0
6275824-1,6275824-3,0.9570161,1.0
4822278-5,5322519-1,0.18236205,0.0
2729474-1,6558365-2,0.27806336,0.0
4065275-1,4065275-2,0.5775801,1.0
4773548-1,4773548-2,0.9343675,1.0
6754653-1,6754653-2,0.95959264,1.0
2873457-1,7220015-1,0.14212428,0.0
6177682-1,6177682-2,0.2168243,1.0
4153863-1,4153863-3,0.85545903,1.0
6796684-4,6796684-5,0.51073235,1.0
5865279-1,5865279-7,0.60270745,1.0
3738031-1,4365146-1,0.06942582,0.0
3738493-1,3738493-2,0.81882924,1.0
6464439-1,6464439-5,0.588161,1.0
4434493-2,4434493-4,0.31694052,1.0
3829261-1,6475846-1,0.35063934,0.0
7032884-1,7032884-2,0.9769706,1.0
7014659-2,7014659-3,0.9055564,1.0
3931271-1,5396424-1,0.095199555,0.0
4496068-1,6126179-1,0.39260885,0.0
4832259-2,8145651-1,0.11470828,0.0
4145547-2,8442218-1,0.725329,0.0
6350341-2,6350341-3,0.628883,1.0
3356592-1,5134245-1,0.26519924,0.0
5569547-1,6167580-1,0.037094954,0.0
2831607-1,3747430-1,0.69575274,0.0
5981144-2,5981144-4,0.5444531,1.0
2824640-1,6125265-1,0.25230882,0.0
8035701-1,8643209-1,0.03527155,0.0
2984347-1,6694281-1,0.07254833,0.0
4641175-1,7386129-1,0.07258976,0.0
7419387-3,8202394-2,0.41469175,0.0
3580347-3,3580347-5,0.8184812,1.0
4345245-1,7218931-5,0.1125172,0.0
3984805-1,3984805-2,0.49771246,1.0
3794648-3,7813032-1,0.3179697,0.0
4684858-1,6751855-1,0.07558764,0.0
2561035-1,5991562-3,0.19754048,0.0
5457574-1,6555907-1,0.2698699,0.0
7584821-2,7584821-3,0.98218167,1.0
2854726-2,2854726-5,0.7828661,1.0
2627816-2,2627816-3,0.8306397,1.0
3174121-1,7033050-1,0.17213753,0.0
6548214-1,8403247-1,0.6087262,0.0
3056793-1,6507645-1,0.15148672,0.0
5359129-1,6898723-2,0.027615875,0.0
2590610-1,5526306-2,0.051075745,0.0
4432823-1,5031298-2,0.41904148,0.0
7490445-1,8406827-1,0.2922575,0.0
3687156-1,5992757-1,0.5866587,0.0
6249143-1,6249143-3,0.78270686,1.0
5393143-1,8421232-1,0.3094314,0.0
4659983-2,4659983-3,0.9673556,1.0
8391342-8,8391342-9,0.9847119,1.0
8609241-3,8609241-5,0.98027354,1.0
6481116-1,6864317-1,0.42397135,0.0
3409950-1,3878525-1,0.15696275,0.0
5044737-1,6726804-1,0.48671135,0.0
7677352-1,7677352-3,0.69573826,1.0
8652111-2,8652111-3,0.9872464,1.0
3844387-1,6159014-1,0.7979887,0.0
3785593-3,7020719-1,0.07220508,0.0
6896379-2,6896379-3,0.7576404,1.0
3744717-1,3744717-2,0.33011124,1.0
5854745-4,5854745-5,0.7823052,1.0
7431202-1,7431202-4,0.653326,1.0
5759668-1,5787680-1,0.6548963,0.0
4155887-1,4155887-3,0.71335113,1.0
7721074-3,7721074-4,0.8177281,1.0
4010044-1,4214711-2,0.082772285,0.0
8504303-2,8504303-4,0.79289514,1.0
5304564-1,7874336-1,0.09196149,0.0
8391342-25,8391342-7,0.895279,1.0
7367573-1,7367573-2,0.8753638,1.0
5649805-10,5649805-4,0.78409207,1.0
3685644-1,8155807-1,0.046420857,0.0
4313489-5,4313489-8,0.98656243,1.0
3240800-1,3240800-5,0.6076964,1.0
4720496-1,6451252-1,0.1641743,0.0
5688187-4,5688187-5,0.9006279,1.0
3162799-2,5727644-1,0.610399,0.0
3738031-1,4365146-1,0.06942582,0.0
3486995-1,6743166-1,0.60566086,0.0
3785597-2,3785597-3,0.93859285,1.0
3141718-1,6504317-1,0.18581544,0.0
8326455-3,8326455-5,0.8802002,1.0
5414514-1,6290314-1,0.09932443,0.0
4685866-7,4685866-8,0.96625316,1.0
7861059-2,7861059-5,0.86280406,1.0
5309417-1,7717955-1,0.50273955,0.0
2932991-3,2932991-4,0.90711534,1.0
4415178-1,4415178-4,0.91882163,1.0
4523650-1,7837857-1,0.89064616,0.0
3049979-1,6984774-1,0.33317697,0.0
4454193-1,4454193-2,0.7829874,1.0
3444535-1,7679833-1,0.1733161,0.0
8578920-1,8578920-3,0.7763935,1.0
4534593-1,6743662-1,0.39052203,0.0
4812638-1,5982477-1,0.117296726,0.0
8501706-1,8501706-2,0.6686987,1.0
4582463-1,4582463-2,0.9455525,1.0
5853069-2,5853069-5,0.88563824,1.0
6506424-2,8215346-1,0.39475036,0.0
3507068-1,5075308-1,0.3739496,0.0
7780873-4,7780873-5,0.5436895,1.0
3026341-4,3026341-6,0.9634393,1.0
8460922-3,8460922-4,0.962657,1.0
3853575-4,3853575-6,0.9004194,1.0
4913998-1,4913998-3,0.77127177,1.0
5553467-1,5553467-2,0.95554537,1.0
6366379-1,6366379-3,0.8597143,1.0
4192832-1,5015569-1,0.5113102,0.0
3079085-1,3173924-4,0.034787383,0.0
5360045-1,7952668-1,0.07020609,0.0
2857477-1,7505946-1,0.4981459,0.0
6839064-1,6839064-2,0.6978215,1.0
3116130-3,4463226-1,0.21820106,0.0
5367760-1,5468554-1,0.55502725,0.0
3298519-1,3298519-2,0.9504499,1.0
7311546-11,7311546-6,0.92547166,1.0
4437613-2,4697079-3,0.15256934,0.0
3227238-1,5887274-1,0.6552163,0.0
6802603-1,6802603-2,0.58343416,1.0
5122605-2,8147490-1,0.38169572,0.0
4873987-1,6407372-2,0.9459418,1.0
2684435-3,7798182-1,0.609879,0.0
7318102-2,7318102-3,0.96737325,1.0
4580704-1,5591105-1,0.0128243845,0.0
8700649-2,8700649-4,0.8477353,1.0
6520783-2,7424162-1,0.75347793,0.0
3995150-1,4468993-1,0.6116223,0.0
4500871-2,5159176-1,0.68706346,0.0
3659888-1,3659888-2,0.82653344,1.0
3877610-1,8297428-1,0.1781271,0.0
4375774-1,6006626-1,0.03790006,0.0
4722564-1,6194572-1,0.5557535,0.0
6172893-1,6172893-2,0.8122547,1.0
7367386-4,7367386-8,0.8807489,1.0
6757016-3,6757016-5,0.4624028,1.0
4611068-1,6615017-1,0.34647384,0.0
4010024-1,8357521-1,0.17342818,0.0
8388796-3,8388796-8,0.8728768,1.0
3524190-2,7063189-1,0.54355526,0.0
8384448-2,8384448-3,0.8900654,1.0
4623192-1,4623192-2,0.95281655,1.0
7265469-1,7522133-1,0.77806437,0.0
4374093-1,6786383-1,0.15511811,0.0
3570192-3,3570192-4,0.89924306,1.0
4502249-1,4667239-1,0.19201733,0.0
3712820-1,6238377-1,0.57191354,0.0
4772557-4,7443985-1,0.27161187,0.0
4533788-1,4533788-2,0.5102136,1.0
3399346-1,3399346-3,0.5654821,1.0
6824397-6,7352146-1,0.3248669,0.0
6452484-1,6593925-1,0.12678559,0.0
7056328-1,7056328-2,0.94857824,1.0
5556841-1,7758586-1,0.34566277,0.0
4736596-1,5786248-1,0.30534592,0.0
7992912-1,8388796-7,0.6122894,0.0
4763460-1,4763460-2,0.7776319,1.0
3508535-1,6940116-1,0.9455467,1.0
7874292-3,8191185-1,0.4182786,0.0
6852754-2,6852754-4,0.9575091,1.0
7201478-1,7201478-2,0.8135318,1.0
8346514-2,8346514-3,0.9764954,1.0
7583703-3,7583703-5,0.9718559,1.0
4192805-1,4586912-1,0.052149996,0.0
6411342-1,6411342-2,0.8711319,1.0
2933728-1,4541672-6,0.24738099,0.0
2702054-1,5329764-1,0.114111066,0.0
8026326-2,8529000-1,0.18761918,0.0
4140119-1,4140119-2,0.94063026,1.0
2991705-3,8565686-1,0.6233574,0.0
2396657-1,8206537-2,0.29465884,0.0
8569136-3,8569136-8,0.9627285,1.0
6437917-1,8565710-1,0.46280754,0.0
7485476-2,7485476-5,0.87722665,1.0
3410294-2,7235428-5,0.69671136,0.0
7244733-2,8505801-2,0.63958067,0.0
4893879-1,8627985-1,0.120003015,0.0
1199590-1,4602606-1,0.095101945,0.0
2855477-1,5953511-1,0.699043,0.0
5817795-1,5939026-1,0.13013959,0.0
6052517-1,8610878-1,0.102819845,0.0
8645492-1,8645492-2,0.39820915,1.0
6299528-1,6299528-5,0.9711705,1.0
4522049-1,4522049-2,0.42603344,1.0
4630066-1,4630066-4,0.9694857,1.0
3870132-1,8491323-2,0.019583873,0.0
3220111-1,7053655-7,0.3674169,0.0
8092089-2,8092089-5,0.9507512,1.0
3758994-2,7493239-1,0.83546376,0.0
6003800-1,6003800-2,0.752841,1.0
3829261-1,6475846-1,0.35063934,0.0
3677972-1,4686639-1,0.09186617,0.0
3519269-1,5731184-1,0.84130245,0.0
3438427-1,8294997-1,0.056521542,0.0
5339933-1,6357285-1,0.5117397,0.0
5649805-10,5649805-2,0.94466335,1.0
5064303-1,6326102-2,0.06560775,0.0
8161816-2,8161816-3,0.67526084,1.0
8716159-1,8716159-2,0.6967301,1.0
7963417-2,7963417-7,0.8725561,1.0
4033901-1,4033901-3,0.60761535,1.0
5733438-1,5733438-2,0.8666983,1.0
8549330-1,8549330-2,0.4124231,1.0
4228210-1,6392620-1,0.34013435,0.0
3040089-1,5643278-1,0.7869265,0.0
3524190-2,7063189-1,0.54355526,0.0
5320317-1,6637575-1,0.39957812,0.0
5729414-1,7727031-1,0.12369841,0.0
6416752-1,6416752-2,0.97580504,1.0
2944857-4,2944857-5,0.95791906,1.0
2930656-2,2930656-5,0.72030914,1.0
2930166-1,3354468-1,0.29124472,0.0
6796738-1,6796738-2,0.6518022,1.0
4962498-1,4962498-3,0.8665788,1.0
6813699-2,6813699-5,0.9638579,1.0
4304165-1,8327140-1,0.12152371,0.0
7826043-1,7826043-3,0.74474376,1.0
6537356-3,6537356-4,0.6733071,1.0
3498670-1,3498670-3,0.57637715,1.0
7380784-2,7380784-3,0.8407081,1.0
3819895-1,5546070-1,0.29396483,0.0
7711629-4,7711629-7,0.8884707,1.0
4721169-1,6311759-1,0.68668735,0.0
8396188-1,8396188-3,0.8962567,1.0
3063926-1,3063926-2,0.8305019,1.0
3833898-1,4942540-1,0.35726714,0.0
3687867-2,7596435-1,0.31815124,0.0
5712115-2,5712115-6,0.97295165,1.0
6029987-1,7233718-1,0.51325214,0.0
6126242-2,6126242-3,0.57966626,1.0
4881631-1,6089065-1,0.4897083,0.0
7321844-4,8695659-1,0.18596484,0.0
4291005-1,7758736-5,0.43684614,0.0
7474563-1,7474563-2,0.8300778,1.0
4475532-1,6159116-3,0.2739342,0.0
7328963-2,7328963-3,0.94473535,1.0
5806580-1,5806580-2,0.8248079,1.0
6890896-2,7396098-1,0.028443117,0.0
3968977-1,3968977-2,0.93930846,1.0
5042895-3,7846074-1,0.63995034,0.0
4292135-1,4336167-1,0.12327556,0.0
2742518-1,4569806-1,0.024719954,0.0
2020471-1,7047887-2,0.23227145,0.0
6311234-1,7253935-1,0.15047541,0.0
8103283-3,8103283-5,0.6721224,1.0
2737771-1,4738830-1,0.49045563,0.0
6022295-2,6022295-3,0.92369515,1.0
4136409-1,5429156-1,0.43434733,0.0
6304711-1,6304711-7,0.99704605,1.0
4038693-1,4506839-1,0.1672261,0.0
6038475-1,6038475-5,0.6486129,1.0
3760260-1,5412867-1,0.4356048,0.0
5066581-1,6206910-3,0.28515336,0.0
4943815-4,4943815-5,0.6359179,1.0
7541246-4,7541246-5,0.6936084,1.0
3959541-1,7405752-2,0.25840604,0.0
8531269-1,8531269-4,0.7468168,1.0
8673864-2,8673864-4,0.46049455,1.0
6198447-2,6198447-3,0.46161255,1.0
4269538-1,7666621-1,0.9315749,0.0
8436623-3,8436623-4,0.82860386,1.0
2965708-1,4750265-1,0.056827176,0.0
7568094-3,7568094-5,0.7309942,1.0
6635142-1,6635142-4,0.92689216,1.0
5378862-2,5378862-3,0.8181611,1.0
3817136-1,3817136-5,0.8158258,1.0
5463103-1,7670377-1,0.16222802,0.0
4720199-2,7586353-1,0.11441585,0.0
3407032-1,3407032-4,0.48143965,1.0
7729179-3,7729179-4,0.73839766,1.0
7238787-1,7238787-3,0.8773926,1.0
4302118-3,7780065-3,0.19961618,0.0
8673864-2,8673864-3,0.8576767,1.0
2765188-1,7606407-3,0.44392392,0.0
4745143-1,4745143-3,0.45306203,1.0
3500982-1,4208581-1,0.3864038,0.0
7248360-3,7248360-4,0.95244724,1.0
3667327-1,7850374-1,0.43558875,0.0
7558676-1,7558676-2,0.74410796,1.0
2241597-1,6370060-2,0.091673724,0.0
8162322-4,8162322-5,0.94678676,1.0
3785901-1,6849054-1,0.64295495,0.0
4278090-1,4278090-4,0.9610108,1.0
7299656-4,7299656-6,0.9843678,1.0
8432416-1,8432416-3,0.9444969,1.0
3148996-1,7021241-1,0.3345159,0.0
4626627-1,7729390-3,0.21631789,0.0
8186920-2,8186920-3,0.8125647,1.0
3249300-1,4216673-1,0.22955446,0.0
7585963-1,8209712-1,0.303646,0.0
6389012-1,6389012-2,0.80359364,1.0
7727127-1,8675570-1,0.18429102,0.0
7839804-1,7839804-2,0.9857839,1.0
6875521-1,8419424-1,0.049364626,0.0
2561035-1,5991562-3,0.19754048,0.0
6374538-1,7747391-1,0.16241568,0.0
3017876-1,3017876-4,0.91186607,1.0
4447152-1,4447152-2,0.7781557,1.0
5445197-1,5984937-1,0.5142994,0.0
4881626-1,4881626-3,0.98889756,1.0
3794648-1,4967432-1,0.51790816,0.0
3873319-6,3873319-7,0.723106,1.0
7720338-1,7720338-2,0.7882763,1.0
4782467-1,4782467-3,0.68810517,1.0
3928346-1,6784672-1,0.61534464,0.0
2821391-1,2821391-3,0.93676174,1.0
5094544-1,5094544-2,0.957979,1.0
8143821-1,8143821-2,0.8718399,1.0
3848791-1,8097641-1,0.45785865,0.0
3638522-1,6868727-1,0.65060836,0.0
4421263-1,8627933-2,0.7197748,0.0
2740199-1,7549995-1,0.7875966,0.0
3607989-1,3607989-2,0.6952932,1.0
3671523-1,3671523-3,0.73665035,1.0
7364491-1,7364491-5,0.8798647,1.0
2821391-1,2821391-3,0.93676174,1.0
3639802-2,3639802-5,0.80960435,1.0
6332978-1,7484740-1,0.053455237,0.0
3304208-1,3304208-3,0.44241315,1.0
5690749-1,5690749-2,0.7679175,1.0
4567365-1,4996839-1,0.6499016,0.0
1687152-1,8015043-1,0.35761186,0.0
4998961-1,7414370-1,0.13497466,0.0
7036117-1,8573490-1,0.21608056,0.0
7863254-4,7863254-5,0.8911274,1.0
8290849-1,8290849-2,0.93376124,1.0
8669740-1,8669740-2,0.7115201,1.0
4925988-1,4925988-3,0.9320822,1.0
3480777-1,4574176-1,0.028043656,0.0
5372944-1,6037711-1,0.67669374,0.0
2769317-1,3982338-1,0.14407344,0.0
4881626-4,4881626-5,0.4681749,1.0
4275753-1,8350112-1,0.42426777,0.0
6788313-1,6788313-3,0.9650441,1.0
7669359-1,7669359-3,0.68041736,1.0
6314796-1,6314796-2,0.7471983,1.0
4745913-1,5458407-1,0.170749,0.0
4437287-1,6681500-1,0.06801512,0.0
2740326-1,4841560-1,0.07764413,0.0
7963417-2,7963417-7,0.8725561,1.0
6669189-1,8482093-1,0.53763634,0.0
3490117-1,5892293-1,0.30458048,0.0
4377042-2,4377042-3,0.8565602,1.0
6466910-1,6466910-2,0.9475493,1.0
8367389-3,8367389-4,0.9008258,1.0
7396112-1,7396112-3,0.86689955,1.0
3667308-1,8647373-1,0.5343697,0.0
2507719-1,6712609-4,0.6775839,0.0
3863527-1,5987487-1,0.54998726,0.0
6887611-1,7430863-1,0.18824299,0.0
3822414-4,3822414-6,0.93752086,1.0
3963350-2,5760075-1,0.4089075,0.0
6208086-2,6208086-3,0.86684626,1.0
4736596-1,5786248-1,0.30534592,0.0
2693557-1,4929363-2,0.12560943,0.0
7506038-1,7506038-3,0.9269611,1.0
7784239-6,7784239-7,0.9796508,1.0
8674165-5,8674165-6,0.7949422,1.0
3840787-1,5440613-1,0.2492666,0.0
7706375-1,7909161-1,0.38251293,0.0
3678443-1,4438357-2,0.018799804,0.0
4245924-1,4245924-8,0.7568017,1.0
2809462-1,2809462-3,0.9758527,1.0
5690429-3,6717351-1,0.28029826,1.0
7735055-1,7735055-2,0.88549316,1.0
3927090-1,3927090-2,0.91631633,1.0
4033901-2,4033901-3,0.5874925,1.0
3891165-1,4273471-1,0.5363885,0.0
7360258-1,8647234-1,0.2576248,0.0
4333894-1,4899596-1,0.16184285,0.0
3594910-1,4058268-1,0.23310332,0.0
3302995-1,3302995-3,0.73476446,1.0
3434429-1,6452447-1,0.30321577,0.0
5055948-1,5055948-3,0.6528022,1.0
3872158-1,7225848-1,0.5515546,0.0
8611532-1,8611532-5,0.62541175,1.0
6506424-2,6506424-3,0.8520831,1.0
8523288-2,8523288-3,0.68961585,1.0
5865279-10,5865279-6,0.56792253,1.0
7419425-1,7419425-2,0.25349444,1.0
7780436-1,7780436-4,0.94248605,1.0
8077172-5,8077172-6,0.9554164,1.0
5875408-1,5875408-2,0.7794677,1.0
7725582-1,8571962-1,0.39256206,0.0
7781983-1,7781983-3,0.767007,1.0
5913999-1,5913999-2,0.9318944,1.0
6360827-1,8134852-1,0.503019,0.0
4421974-10,4421974-9,0.8080482,1.0
2921143-1,2921143-3,0.76041925,1.0
8649573-5,8649573-6,0.904702,1.0
4777948-4,4777948-6,0.9126663,1.0
5624659-2,5624659-3,0.93143785,1.0
5473084-1,8323314-1,0.41505322,0.0
5216238-1,8393765-1,0.19540459,0.0
5228659-2,5228659-3,0.744855,1.0
2636015-1,2636015-2,0.83760774,1.0
6890352-1,7265717-1,0.06876061,0.0
3878478-1,3878478-3,0.91321844,1.0
6392553-1,6677044-1,0.24343753,0.0
3677003-1,3915162-2,0.28995758,0.0
6142793-1,6142793-3,0.8425466,1.0
6744737-1,6744737-2,0.9630823,1.0
3902577-2,4330492-1,0.43380758,0.0
7292423-1,7292423-3,0.95237756,1.0
2800875-1,2800875-2,0.9030727,1.0
4045234-1,7710430-1,0.21663214,0.0
7853432-1,7853432-2,0.9137728,1.0
3183720-1,6624950-1,0.26916897,0.0
5998193-1,8473938-8,0.22889997,0.0
4138773-1,6884880-2,0.5912554,0.0
2526092-1,3068105-1,0.18747951,0.0
6159245-1,6159245-2,0.89828044,1.0
6182283-1,7282364-1,0.90611434,0.0
1361803-1,1361803-2,0.5978676,1.0
4777948-4,4777948-6,0.9126663,1.0
8669740-2,8669740-3,0.54641527,1.0
2887894-1,3356594-1,0.051394153,0.0
7541246-3,7541246-4,0.86442924,1.0
4940884-1,4940884-2,0.6548428,1.0
3883382-1,6779957-1,0.09805404,0.0
4127703-1,4127703-2,0.44628286,1.0
6813699-2,6813699-5,0.9638579,1.0
3741975-1,3741975-3,0.79765457,1.0
4777981-1,4777981-7,0.8430321,1.0
4058595-1,8442335-1,0.5306359,0.0
5523898-2,5523898-3,0.9390426,1.0
4304151-1,6530031-1,0.49031433,0.0
5502503-1,5502503-2,0.7664292,1.0
7944014-1,7944014-2,0.49791348,1.0
3440936-1,7847594-1,0.46162057,0.0
5912312-2,5912312-6,0.8675676,1.0
6504238-2,6504238-3,0.77557707,1.0
7385046-1,7385046-2,0.5107526,1.0
4637965-1,4818585-1,0.8234421,0.0
8096473-1,8364615-4,0.18311383,0.0
4438352-2,8548719-2,0.44782376,0.0
3500982-1,4208581-1,0.3864038,0.0
7856844-1,8323146-1,0.19669864,0.0
3407125-3,3407125-5,0.89689124,1.0
2693828-1,4225066-1,0.22399259,0.0
2740257-1,5833207-1,0.69310516,0.0
7941918-2,7941918-5,0.72295105,1.0
1702536-1,1702536-3,0.6641848,1.0
3630292-1,4739214-1,0.045471054,0.0
8028151-1,8028151-6,0.87963593,1.0
8628095-1,8628095-2,0.24559365,1.0
8088146-1,8088146-2,0.6913392,1.0
2908822-1,4949336-1,0.2367811,0.0
6079216-1,8285789-3,0.45642307,0.0
5469202-1,8316880-1,0.4643092,0.0
8531269-1,8531269-2,0.6832293,1.0
5939176-3,8494175-3,0.08378868,0.0
3848791-1,3848791-3,0.9097045,1.0
4314887-1,4330020-1,0.6670759,0.0
4119910-3,4938959-1,0.7671238,0.0
5662981-1,5662981-2,0.8390914,1.0
6347353-1,6547447-5,0.34232607,0.0
6702865-2,6702865-3,0.95485073,1.0
4611895-1,4611895-2,0.28033575,1.0
4414386-1,4414386-2,0.97707105,1.0
3627713-1,8360748-1,0.0695469,0.0
4544560-2,4745617-1,0.37223682,0.0
8391342-18,8391342-30,0.9729364,1.0
2435111-1,2435111-2,0.8684496,1.0
4282173-2,4282173-3,0.9061089,1.0
7020314-1,7423822-2,0.34611183,0.0
4121941-1,5502345-1,0.5474235,0.0
3026341-5,3026341-6,0.81547785,1.0
3860664-1,7931599-1,0.6324827,0.0
3793316-1,8237923-1,0.3397861,0.0
2827085-4,4662030-1,0.41427252,0.0
3463145-1,3463145-2,0.93244886,1.0
8081124-1,8531511-3,0.49771866,0.0
4916828-1,5742438-1,0.16354455,0.0
8084738-1,8084738-2,0.3503934,1.0
8391342-18,8391342-34,0.90956146,1.0
6384044-1,8458727-1,0.15371458,0.0
3737622-2,3737622-4,0.9430337,1.0
5215196-1,5215196-3,0.21093571,1.0
3083330-6,3083330-7,0.45611224,1.0
3968977-2,3968977-3,0.8943038,1.0
7543102-1,7543102-4,0.85893255,1.0
3891978-1,7465744-1,0.47980577,0.0
3163772-1,7803169-1,0.12874281,0.0
3463145-1,3463145-2,0.93244886,1.0
7775944-2,7775944-4,0.9796993,1.0
3032245-1,8369656-1,0.07338813,0.0
7383746-2,7383746-8,0.7999879,1.0
8669739-1,8669739-2,0.6904836,1.0
5593448-1,5593448-4,0.8317977,1.0
8436632-1,8436632-3,0.61330384,1.0
3490117-1,5892293-1,0.30458048,0.0
3140672-1,5729248-1,0.083027385,0.0
8056374-2,8056374-6,0.96238977,1.0
5529623-4,5529623-5,0.72101516,1.0
4544474-1,4544474-2,0.89542973,1.0
7649461-1,7649461-5,0.9622036,1.0
2734018-1,4073452-1,0.1159068,0.0
4391156-1,6364371-1,0.19788538,0.0
3546249-1,5819108-3,0.25716874,0.0
6038475-1,6038475-7,0.94560343,1.0
4310127-1,4765299-4,0.29419225,0.0
7306366-2,8272363-1,0.5977858,0.0
4886413-1,6368983-1,0.6382793,0.0
4060408-1,4060408-3,0.94597596,1.0
4555936-1,6823590-1,0.21713567,0.0
3695805-1,5649295-2,0.40638912,0.0
4322482-1,4322482-2,0.9651714,1.0
7996811-5,7996811-6,0.96850026,1.0
7663930-3,7663930-6,0.8027909,1.0
6593541-1,6593541-2,0.85056347,1.0
6208253-3,6208253-4,0.8458479,1.0
8415640-4,8415640-5,0.6975473,1.0
4326292-1,4413529-1,0.038619436,0.0
7325412-1,8557646-1,0.44254032,0.0
5051175-1,6859411-2,0.0738102,0.0
6585663-1,8645586-1,0.75254285,0.0
3437074-2,6337964-1,0.30653894,0.0
3261412-1,7714748-1,0.19623907,0.0
2767153-1,6744752-1,0.24599071,0.0
5572848-1,6898921-1,0.733333,0.0
3633290-1,7923707-1,0.22646049,0.0
5962620-2,5962620-4,0.709587,1.0
3717022-1,7944653-2,0.5393636,0.0
3214048-2,4006608-1,0.5385926,0.0
2944193-1,3533611-1,0.03891961,0.0
6657174-1,7785502-1,0.39555588,0.0
3634204-1,7198083-1,0.6489214,0.0
4278097-1,4278097-2,0.97958827,1.0
6477505-1,6477505-2,0.5413756,1.0
2995998-1,3623462-1,0.14287047,0.0
7376584-2,7376584-3,0.8560589,1.0
3518961-3,7520403-1,0.7815641,0.0
7734470-1,7734470-2,0.9270405,1.0
2829594-1,8115194-1,0.0799523,0.0
4770648-2,7784812-1,0.41810364,0.0
7981696-1,7981696-3,0.84432256,1.0
7271245-1,7271245-2,0.90527886,1.0
5917864-1,5917864-2,0.4044659,1.0
4826924-1,6473094-1,0.68556195,0.0
6317215-1,6317215-2,0.55560696,1.0
3789302-2,3789302-3,0.9437625,1.0
4792615-1,4792615-2,0.9868408,1.0
6300953-1,6300953-4,0.6318793,1.0
4752811-1,7085831-1,0.039651446,0.0
5417292-1,5417292-2,0.7465653,1.0
4881626-4,4881626-8,0.8659757,1.0
4100447-3,4100447-5,0.8672184,1.0
3580363-1,4959579-1,0.84891325,0.0
4200134-2,5108126-1,0.79778695,0.0
3667317-1,8157604-3,0.8006638,0.0
8569136-1,8569136-4,0.9045469,1.0
4641175-1,7386129-1,0.07258976,0.0
8647055-1,8647055-2,0.7811337,1.0
4314994-1,5623277-1,0.15174614,0.0
5552653-2,5552653-6,0.6045364,1.0
4939672-1,7325214-1,0.18043002,0.0
8428280-2,8428280-9,0.81567097,1.0
5054641-1,5799649-1,0.24254505,0.0
4255969-1,6588903-1,0.7839798,0.0
4637517-1,7575315-1,0.035351366,0.0
7243444-1,7243444-2,0.83616173,1.0
7886293-1,7886293-2,0.7934465,1.0
7455533-1,7455533-2,0.97551805,1.0
7573973-4,8082284-1,0.50818425,0.0
5288912-2,5288912-4,0.71006393,1.0
2483951-1,6939799-1,0.14124359,0.0
4083712-1,7952297-2,0.1197895,0.0
5397814-1,5397814-2,0.7113222,1.0
2737771-1,4738830-1,0.49045563,0.0
8391342-11,8391342-12,0.95966244,1.0
6728788-1,6728788-3,0.960269,1.0
3490117-1,5892293-1,0.30458048,0.0
7978395-1,8137005-2,0.8211119,0.0
4689839-1,4689839-3,0.89144784,1.0
6558454-1,6558454-3,0.87208444,1.0
2914738-1,4788674-5,0.018656,0.0
7315091-2,8613452-1,0.4576555,0.0
8140542-2,8140542-4,0.3997435,1.0
4685075-1,4685075-2,0.54565746,1.0
8124580-3,8124580-7,0.92800623,1.0
4639334-1,4639334-2,0.7769779,1.0
2740025-4,2740025-5,0.87543696,1.0
7915259-3,7915259-9,0.95361745,1.0
2789949-1,3759312-1,0.3387752,0.0
4508147-1,4508147-2,0.9266396,1.0
5887590-1,7899914-1,0.22506945,0.0
7012558-1,7012558-3,0.87756985,1.0
4338636-1,8343010-2,0.11041021,0.0
5153464-1,8452165-1,0.094717905,0.0
5821967-1,6537290-1,0.36010587,0.0
3506511-1,8200488-1,0.64563274,0.0
3922991-1,6413608-1,0.08441192,0.0
7321844-3,7321844-5,0.5061917,1.0
3857263-1,3863829-1,0.49057493,0.0
7323262-1,7323262-2,0.13152407,0.0
4535005-1,4535005-2,0.54038703,1.0
6011134-1,6887609-1,0.27314615,0.0
8017932-4,8017932-6,0.9300614,1.0
8494175-1,8494175-2,0.9553137,1.0
4897027-1,8477088-1,0.5579279,0.0
3339676-1,8652111-3,0.060106017,0.0
4313489-4,4313489-5,0.7167669,1.0
5605694-1,5605694-2,0.77414787,1.0
3582077-1,5056910-1,0.028278086,0.0
7649103-1,7649103-9,0.80707186,1.0
7382652-1,7382652-3,0.28200537,0.0
5835379-2,7015833-1,0.6566059,0.0
8123257-6,8123257-7,0.7341059,1.0
3757813-1,4684858-1,0.12907688,0.0
5715253-1,8257447-1,0.99284613,1.0
4508633-1,7556097-1,0.83387554,0.0
2759628-3,2759628-4,0.8053302,1.0
4918021-1,8664402-1,0.33725238,0.0
4318868-1,5051311-2,0.16238385,0.0
6159245-1,6159245-2,0.89828044,1.0
2854726-2,2854726-5,0.7828661,1.0
3162267-2,3162267-4,0.6165871,1.0
6520783-2,7424162-1,0.75347793,0.0
7431202-1,7431202-2,0.9788316,1.0
4934112-1,8279986-1,0.06697085,0.0
2518134-3,2518134-6,0.43714413,1.0
6298014-1,6598598-8,0.5331848,0.0
3141725-1,546198-2,0.06561331,0.0
3111127-4,5074022-2,0.07881832,0.0
4374200-1,6434759-1,0.11926329,0.0
4307725-2,4307725-3,0.78474617,1.0
7269882-1,7269882-2,0.76362586,1.0
5465520-1,8270060-1,0.34888417,0.0
5591132-3,6877974-3,0.09915707,0.0
3983534-1,5040588-1,0.11787393,0.0
2868038-1,2868038-3,0.92127126,1.0
5853069-1,5853069-2,0.9848474,1.0
7585506-3,7585506-4,0.988772,1.0
8416436-1,8416436-2,0.7273109,1.0
8142767-1,8142767-2,0.6564684,1.0
5759073-3,5759073-7,0.8250451,1.0
6368138-1,8046466-3,0.69160765,0.0
3479817-2,3479817-3,0.75621957,1.0
8084795-1,8084795-2,0.77641356,1.0
7056328-1,7056328-2,0.94857824,1.0
4901834-1,7437135-2,0.053826883,0.0
3446003-1,4456891-1,0.030190215,0.0
2590613-1,3675308-1,0.19892941,0.0
2813577-2,2813577-4,0.940838,1.0
6011134-1,6887609-1,0.27314615,0.0
5088671-1,5088671-2,0.9228492,1.0
4544474-1,4544474-2,0.89542973,1.0
5457574-1,6555907-1,0.2698699,0.0
4939684-1,5084397-2,0.061746743,0.0
8129005-1,8129005-3,0.522441,1.0
3827920-1,3827920-2,0.16226904,1.0
5331254-1,5331254-2,0.91406125,1.0
6593712-1,6593712-2,0.98260903,1.0
4203878-1,6619473-1,0.5172055,0.0
4683507-1,6566482-1,0.9182908,0.0
4630066-1,4630066-4,0.9694857,1.0
3097563-1,7127889-1,0.35254934,0.0
4750307-1,4750307-2,0.5663903,1.0
3380669-1,3380669-5,0.89692396,1.0
6060766-1,6060766-3,0.9096549,1.0
6831242-2,6831242-3,0.85980344,1.0
1794225-1,6464439-1,0.22484565,0.0
5516313-3,7105072-3,0.35423005,0.0
6001686-1,7369691-3,0.45629674,0.0
6426014-1,6688888-1,0.11029943,0.0
2965708-1,4750265-1,0.056827176,0.0
5932826-2,5932826-6,0.9071649,1.0
2910292-1,2910292-2,0.866776,1.0
6751439-1,6751439-3,0.8422395,1.0
3555570-5,3555570-7,0.97596836,1.0
8386154-4,8386154-9,0.8469958,1.0
3468793-1,3468793-2,0.5847303,0.0
6498924-2,6498924-3,0.8775004,1.0
3870644-1,6393136-1,0.6106136,0.0
5820868-1,8255278-1,0.02168493,0.0
8654339-2,8654339-4,0.82881314,1.0
4176990-1,5126613-1,0.177294,0.0
7474560-2,7474560-3,0.96715575,1.0
2626575-3,2626575-4,0.68573016,1.0
6176975-1,7520241-1,0.28586298,0.0
8489597-2,8530793-3,0.21755402,0.0
4450489-1,5421492-1,0.17240155,0.0
7543135-1,7543135-3,0.67350656,1.0
3836937-1,4369927-1,0.4370038,0.0
4026847-1,6794398-1,0.097794466,0.0
3841631-3,8699977-3,0.46553576,0.0
4944366-4,6854420-1,0.5410027,0.0
7583703-3,7583703-5,0.9718559,1.0
4779351-1,7220631-1,0.11667685,0.0
6311773-2,6311773-7,0.13885455,1.0
3220260-1,3220260-2,0.81245565,1.0
6615256-2,6615256-4,0.91198224,1.0
5827903-1,8338201-1,0.05743144,0.0
4898337-1,5803689-3,0.49918792,0.0
5469202-1,8316880-1,0.4643092,0.0
4304535-1,4592900-1,0.33039504,0.0
5845586-4,5845586-5,0.6458282,1.0
1794225-1,6464439-1,0.22484565,0.0
3354792-1,3354792-3,0.9466699,1.0
1388246-1,6095652-2,0.27903128,0.0
8214417-1,8214417-2,0.5332323,1.0
4423018-1,8598109-1,0.44347474,0.0
7990443-1,7990443-5,0.9685019,1.0
7952588-1,7952588-2,0.44378358,1.0
4855898-1,8645167-1,0.10104168,0.0
8077172-16,8077172-7,0.85082877,1.0
8218350-1,8218350-2,0.78495604,1.0
6643316-1,6643316-8,0.5922511,1.0
6728788-1,6728788-3,0.960269,1.0
7391092-1,8147749-1,0.51278085,0.0
4626628-2,6066629-1,0.61750096,0.0
6852754-2,6852754-4,0.9575091,1.0
7580395-1,7580395-2,0.12423499,1.0
6824397-4,6824397-6,0.74214274,1.0
5946352-1,8707017-2,0.4530328,0.0
3601281-1,3601281-3,0.68837285,1.0
3920611-1,3920611-5,0.8434621,1.0
6580405-1,6692986-1,0.8222682,0.0
5804639-1,7780312-1,0.13694918,0.0
8422455-2,8422455-3,0.97794574,1.0
3483317-1,3483317-2,0.84209865,1.0
4779351-1,7220631-1,0.11667685,0.0
6843603-5,6887600-1,0.38739124,0.0
3121001-1,7771393-1,0.06832804,0.0
5378862-2,5378862-3,0.8181611,1.0
3740663-1,8087350-1,0.30631024,0.0
4639957-3,6520477-1,0.70595646,0.0
1913058-2,4112643-2,0.8575967,0.0
4153245-1,6624868-2,0.5267549,0.0
4362603-1,6968790-1,0.29454538,0.0
3667307-1,3667307-5,0.88186073,1.0
5819108-2,5819108-4,0.90736747,1.0
8201691-1,8201691-2,0.39009386,1.0
4174714-1,4849313-1,0.11735832,0.0
4086573-2,4086573-3,0.88207394,1.0
5900559-1,5900559-4,0.5689487,1.0
2546414-1,4623183-1,0.21222386,0.0
4310127-1,4765299-4,0.29419225,0.0
7119018-1,8186315-1,0.0620316,0.0
2854446-1,7592631-1,0.19820787,0.0
4408654-1,6186876-1,0.30530122,0.0
4760030-1,5404631-1,0.2382737,0.0
3741472-1,8634112-1,0.03761926,0.0
4173630-1,4173630-2,0.16623926,1.0
3276871-1,4534062-1,0.14658813,0.0
8464672-1,8464672-2,0.6228478,1.0
6163764-1,6163764-5,0.82965827,1.0
2872666-3,4592716-1,0.48648474,0.0
4860435-1,6076191-4,0.20195821,0.0
6389012-1,6389012-2,0.80359364,1.0
5315218-1,5315218-4,0.949107,1.0
6236112-2,6236112-8,0.8351901,1.0
5591132-3,6877974-3,0.09915707,0.0
4060387-1,7364136-1,0.31080708,0.0
7754281-1,7754281-5,0.8807009,1.0
4073465-1,4533581-1,0.33407494,0.0
6504238-2,6504238-3,0.77557707,1.0
2518134-2,2518134-6,0.40907806,1.0
7006440-1,7006440-7,0.8654015,1.0
7669394-2,7669394-3,0.7213617,1.0
6344925-1,6625246-1,0.460822,0.0
6696846-1,8663995-1,0.17272153,0.0
1797050-1,1797050-3,0.6606929,1.0
5081500-1,5081500-2,0.7636372,1.0
8330605-4,8330605-7,0.96792614,1.0
3173620-2,3806233-1,0.9606778,0.0
3927090-1,3927090-2,0.91631633,1.0
6984358-1,7011579-1,0.053961076,0.0
3263702-1,3263702-3,0.88948303,1.0
6095652-2,6095652-4,0.7637803,1.0
7295558-1,7295558-2,0.87936497,1.0
3479417-1,6775712-1,0.07973035,0.0
5410684-1,6230594-1,0.32063147,0.0
6449466-2,6449466-3,0.92175335,1.0
8674554-1,8674554-2,0.8695314,1.0
7440256-1,7440256-2,0.8078852,1.0
6014571-1,6014571-2,0.94439846,1.0
3883471-1,5786228-3,0.2731871,0.0
5398111-1,7265705-1,0.58111846,0.0
8286377-4,8286377-5,0.6863328,1.0
8395467-5,8688783-1,0.75629616,0.0
6235640-1,7869405-1,0.45807227,0.0
5369260-1,7584303-1,0.0957536,0.0
4208436-1,7495868-1,0.13478602,0.0
6820961-1,7674746-1,0.11013727,0.0
5949202-2,5949202-3,0.64793295,1.0
4132206-1,4132206-2,0.93787104,1.0
5005527-1,5538079-1,0.35976452,0.0
6667808-1,7769494-1,0.47602013,0.0
6703052-1,7868097-3,0.073659934,0.0
4899403-1,7506276-1,0.11349222,0.0
6288509-1,6341272-1,0.31487024,0.0
3667328-1,6367833-1,0.26857507,0.0
7451160-1,7451160-3,0.6537489,1.0
5669530-1,8044563-1,0.48373425,0.0
5263879-2,5263879-4,0.8828867,1.0
7970079-1,7970079-2,0.9256312,1.0
4421974-3,4421974-8,0.61359495,1.0
3227429-1,6458862-3,0.09363125,0.0
3021899-1,8422947-1,0.18571202,0.0
2729301-1,4302552-1,0.48508447,0.0
7322111-1,7322111-2,0.92102605,1.0
5047021-1,5832135-1,0.40437806,0.0
6311045-2,6311045-6,0.9680388,1.0
4100840-3,4898337-1,0.16476183,0.0
4868816-1,8171351-1,0.32728663,0.0
6062773-1,8613576-1,0.54211247,0.0
3683444-1,3683444-2,0.3293624,1.0
4849312-1,4849312-2,0.61600506,1.0
3546214-2,3546214-3,0.7959004,1.0
4868919-1,4972880-1,0.16336586,0.0
4239760-1,7723702-1,0.2759459,0.0
4677723-1,4677723-2,0.8456781,1.0
3969703-1,4579195-1,0.16355698,0.0
3764695-1,5110930-1,0.4954231,0.0
4582463-1,4582463-2,0.9455525,1.0
5947929-1,8667288-1,0.108502015,0.0
3459706-1,8362994-1,0.11810462,0.0
7434251-2,7434251-3,0.9072423,1.0
5980456-3,5980456-4,0.9171403,1.0
7459382-1,8276599-1,0.3269862,0.0
2553054-1,8530043-1,0.9068095,0.0
3600330-1,5088476-3,0.15594818,0.0
4611983-1,6343326-1,0.1803396,0.0
2713839-1,7765866-1,0.13309091,0.0
5960851-1,6849054-1,0.17982744,0.0
3842730-2,3842730-3,0.9622224,1.0
5417292-1,7059473-1,0.41223782,0.0
3336228-1,8138075-1,0.24472564,0.0
4819152-3,5083268-1,0.25762185,0.0
3644771-1,3644771-3,0.88027835,1.0
4852974-1,6709293-2,0.5827143,0.0
3670628-1,4570758-1,0.5941606,0.0
8105452-1,8105452-2,0.5128296,1.0
3198616-2,3198616-6,0.9389122,1.0
3696247-1,8322605-1,0.14837912,0.0
4302118-1,4302118-2,0.92720425,1.0
3546445-1,7545050-1,0.2764201,0.0
5654074-2,5654074-4,0.7806713,1.0
5808087-1,5836209-1,0.5387976,0.0
5897987-1,5897987-2,0.22174825,1.0
2831607-1,3747430-1,0.69575274,0.0
3183319-2,3183319-3,0.8032523,1.0
5486553-6,5486553-7,0.7906945,1.0
7534175-4,8138176-1,0.92715657,0.0
2740326-1,4841560-1,0.07764413,0.0
6011134-1,6887609-1,0.27314615,0.0
2742518-1,4569806-1,0.024719954,0.0
2526450-1,4604288-3,0.18949108,0.0
5100168-2,5100168-3,0.85008293,1.0
7819403-2,7819403-3,0.9774745,1.0
4966802-1,6668535-1,0.57993484,0.0
7585363-1,7585363-2,0.57375324,1.0
6360827-1,8134852-1,0.503019,0.0
8391342-27,8391342-29,0.8590216,1.0
4845488-1,8102130-1,0.32711092,0.0
7308791-1,7308791-3,0.53054667,1.0
8137005-1,8137005-3,0.62567794,1.0
6105112-1,6105112-2,0.9080212,1.0
6713375-1,7834037-1,0.37369138,0.0
8709964-1,8709964-4,0.59706503,0.0
6712609-1,6712609-4,0.97351885,1.0
5984346-1,6351429-1,0.2599048,0.0
5901399-3,5901399-6,0.8984388,1.0
7700296-3,7700296-6,0.8607192,1.0
3111127-4,5074022-2,0.07881832,0.0
4550000-3,6790035-1,0.6316924,0.0
8504303-2,8504303-4,0.79289514,1.0
4812219-2,7327389-1,0.4312379,0.0
6867963-1,7220083-1,0.123424046,0.0
8017932-12,8017932-9,0.9277946,1.0
6796684-2,6796684-3,0.93378514,1.0
5982496-1,8504045-4,0.29728046,0.0
3639082-1,3639082-2,0.8203463,1.0
8570371-1,8570371-2,0.2326563,1.0
4098887-1,8101683-1,0.10229637,0.0
3930819-1,3930819-2,0.7836878,1.0
6676810-2,6676810-3,0.92651296,1.0
4434495-1,7720389-1,0.1308475,0.0
6109530-1,6109530-4,0.7365307,1.0
8611532-1,8611532-2,0.69343317,1.0
5977079-3,5977079-6,0.96347344,1.0
3313757-1,4857866-1,0.24291676,0.0
4750307-2,4750307-6,0.97806656,0.0
2868038-4,2868038-5,0.8866649,1.0
3830360-1,4745599-1,0.1257614,0.0
3209596-1,4376921-1,0.43572178,0.0
5397814-1,5397814-2,0.7113222,1.0
5009641-1,7784344-1,0.03835971,0.0
3987999-3,3987999-4,0.8697999,1.0
3129090-1,7712585-1,0.02135426,0.0
3856155-1,7999680-1,0.19790034,0.0
3984805-1,3984805-2,0.49771246,1.0
2769433-1,4719736-2,0.2845978,0.0
8113413-5,8113413-7,0.87124187,1.0
2580766-1,4086542-3,0.090438,0.0
5749100-5,7026588-1,0.29131037,0.0
7519586-1,8076735-1,0.8817418,1.0
6700539-1,8180324-1,0.48933583,0.0
3304190-1,7562863-1,0.11573391,0.0
4320805-1,7332503-1,0.8850717,0.0
3741924-1,8528636-2,0.4234321,0.0
4109169-1,8225958-1,0.6751004,0.0
7455599-1,7598250-1,0.080446966,0.0
2245961-2,2245961-3,0.90390843,1.0
3883382-1,6779957-1,0.09805404,0.0
6275832-1,6275832-2,0.97659147,1.0
5556877-2,5556877-3,0.8662059,1.0
8581691-1,8581691-2,0.9312123,1.0
7838119-1,8503597-2,0.52856237,0.0
4299425-1,4299425-2,0.9332091,1.0
4430642-1,4430642-4,0.95002073,1.0
8365843-1,8365843-2,0.9252194,1.0
3380669-1,3380669-2,0.8263051,1.0
5745586-2,5745586-3,0.9687411,1.0
5646945-1,5646945-3,0.41611773,1.0
7773689-1,7773689-3,0.9627579,1.0
8652111-2,8652111-3,0.9872464,1.0
5681756-1,5681756-2,0.7058723,1.0
4663301-2,7461323-1,0.2612306,0.0
7199841-1,7199841-4,0.8285092,1.0
3190012-1,6485866-1,0.34221706,0.0
6205782-1,7023760-1,0.04594878,0.0
8123257-2,8123257-8,0.6297945,1.0
7488542-2,7488542-4,0.82895863,1.0
3667307-4,5864518-1,0.15826412,0.0
4816771-1,4816771-3,0.9651504,1.0
6369346-6,6369346-8,0.75527245,1.0
4843571-1,7581127-1,0.6243854,0.0
7006440-1,7006440-6,0.9638669,1.0
4397422-1,4901810-1,0.5955964,0.0
3500013-1,3500013-2,0.24052742,1.0
5836194-3,5836194-4,0.97714657,1.0
3414006-1,5795860-2,0.43189028,0.0
6494213-1,8015447-1,0.20014629,0.0
5016501-1,7758563-1,0.100077435,0.0
4393636-1,4775775-2,0.098223425,0.0
6019244-1,8459802-1,0.80735177,0.0
2800011-1,3159937-1,0.90788263,1.0
4602630-3,4602630-5,0.73221034,1.0
5758965-1,7904369-1,0.3301098,0.0
6571265-1,8524807-1,0.13542633,0.0
4127703-1,4127703-2,0.44628286,1.0
4090844-3,4090844-4,0.9706617,1.0
4480301-1,4480301-3,0.8463022,1.0
2241597-1,6370060-2,0.091673724,0.0
4616569-6,4616569-8,0.87848705,1.0
4024936-1,4719720-1,0.20120269,0.0
8669739-1,8669739-2,0.6904836,1.0
7808748-1,7808748-2,0.15309502,0.0
4245924-7,8122203-1,0.22258323,0.0
6028159-1,8422015-1,0.1766362,0.0
3590704-1,3590704-2,0.93449736,1.0
5337234-4,5337234-9,0.8671514,1.0
8393241-10,8393241-8,0.5631352,1.0
8531269-1,8531269-2,0.6832293,1.0
8386154-2,8386154-3,0.7752153,1.0
2475604-2,8655243-1,0.50577563,0.0
4784632-1,4784632-2,0.88531303,1.0
3372806-1,8016592-1,0.13961586,0.0
6357504-1,6357504-2,0.6231675,1.0
3640228-1,7241960-3,0.30026788,0.0
6424550-1,7501890-1,0.0508354,0.0
3479818-1,8046441-1,0.20554528,0.0
4239373-1,5950186-1,0.8807595,0.0
8077172-11,8077172-4,0.8966522,1.0
4075715-1,4158641-1,0.5861077,0.0
5264488-1,5264488-2,0.7269554,1.0
4720199-2,4720199-5,0.60267276,1.0
5473084-1,8323314-1,0.41505322,0.0
4060408-2,4060408-3,0.9227967,1.0
5768481-4,6292349-1,0.17609906,0.0
3549590-1,3549590-4,0.928044,1.0
4364005-2,7344136-1,0.19499068,0.0
3467885-1,6342138-1,0.1934059,0.0
4716737-1,4716737-2,0.9888699,1.0
5853069-2,5853069-5,0.88563824,1.0
3138412-2,5912312-6,0.20145302,0.0
4765255-2,4765255-6,0.7201756,1.0
6344925-1,6625246-1,0.460822,0.0
3675438-2,3675438-5,0.8532525,1.0
7561635-1,7847093-4,0.29200205,0.0
4460230-1,5989148-1,0.2990154,0.0
3129060-1,3817789-1,0.1556659,0.0
5452558-1,5830851-1,0.19054513,0.0
4845624-1,4845624-2,0.64415205,1.0
7819202-3,7875034-1,0.91958076,1.0
5201065-4,5201065-5,0.5224157,1.0
7119018-1,8186315-1,0.0620316,0.0
7322111-1,7322111-2,0.92102605,1.0
4847322-1,8343437-2,0.027750388,0.0
6157201-1,8699918-1,0.69833404,0.0
7011274-1,7011274-2,0.46583098,1.0
4134554-1,4273586-1,0.66958576,0.0
5932891-1,8324066-2,0.11976789,0.0
4313001-1,4313001-2,0.7377149,1.0
3177882-1,5766086-3,0.43340456,0.0
8504303-3,8504303-6,0.546503,1.0
5671838-1,8131857-1,0.26363945,0.0
6176846-1,7322230-1,0.19624434,0.0
8391342-18,8391342-30,0.9729364,1.0
4813076-2,4813076-3,0.9227442,1.0
4153278-2,4153278-3,0.8558935,1.0
5358137-1,7154249-1,0.2822471,0.0
2443370-1,7372392-1,0.4118942,0.0
3569403-1,3569403-2,0.94721556,1.0
3198627-1,5899006-1,0.14593722,0.0
4639957-3,6520477-1,0.70595646,0.0
8211030-1,8211030-2,0.53562886,1.0
4804666-1,7508131-1,0.54310566,0.0
5820011-1,6791391-1,0.26685208,0.0
5337234-2,5337234-4,0.79841006,1.0
4849704-1,5422731-2,0.3202292,0.0
2925357-1,6849017-1,0.92670226,0.0
5586844-1,5624261-1,0.31285152,0.0
7168954-2,8695476-1,0.6423922,0.0
5494519-1,5494519-3,0.28427377,1.0
8015663-3,8015663-4,0.9869936,1.0
4947865-5,4947865-7,0.9075367,1.0
4430159-1,5582226-1,0.93417317,0.0
3313757-1,4857866-1,0.24291676,0.0
3280044-1,3280044-3,0.5268276,1.0
7851455-7,7851455-8,0.99438745,1.0
6119787-1,7098333-1,0.23882861,0.0
2729474-1,6558365-2,0.27806336,0.0
4024625-2,4024625-3,0.94120914,1.0
3785345-2,3785345-4,0.72644126,1.0
4083769-1,8294895-1,0.47108668,0.0
2944122-1,7160902-2,0.33655426,0.0
2659845-1,2873892-1,0.08687502,0.0
5971512-2,5971512-3,0.90192735,1.0
8082285-1,8107456-1,0.564791,0.0
4518176-1,8575279-2,0.2143897,0.0
1388246-1,6095652-2,0.27903128,0.0
5486553-4,5486553-5,0.9414087,1.0
3830914-1,8378593-1,0.18285951,0.0
5630340-3,8056711-1,0.5144784,0.0
8500461-3,8500461-6,0.8547468,1.0
8083887-1,8083887-2,0.8604212,1.0
6248870-1,6248870-4,0.5318587,1.0
7268154-1,7268154-2,0.27969715,1.0
3313754-1,6511183-2,0.19448669,0.0
2659845-1,2873892-1,0.08687502,0.0
5308046-1,6057701-1,0.2390402,0.0
7667327-2,7667327-3,0.2365784,0.0
5484628-2,5484628-3,0.8049096,1.0
2993985-1,5733975-3,0.10486136,0.0
4515855-1,4922241-1,0.60418344,0.0
7548147-1,8305662-1,0.11286724,0.0
3862296-1,6611857-2,0.5474647,0.0
3987999-3,3987999-4,0.8697999,1.0
7829630-6,7829630-7,0.9589142,1.0
2529260-1,4601425-1,0.09202612,0.0
6299528-5,6299528-6,0.46900544,0.0
4318868-1,5051311-2,0.16238385,0.0
6332814-1,6332814-6,0.44225547,1.0
3198616-5,3198616-6,0.9437959,1.0
4447152-1,4447152-2,0.7781557,1.0
7277936-1,7277936-2,0.6416204,1.0
8563620-1,8563620-10,0.84887505,1.0
3097756-1,4568619-1,0.434081,0.0
5325025-1,6698274-1,0.2511942,0.0
6113765-1,6504019-1,0.3213702,0.0
5368377-1,5368377-2,0.78489435,1.0
5216238-1,8393765-1,0.19540459,0.0
5405905-1,8387585-1,0.04330411,0.0
6617653-1,7034466-2,0.12849139,0.0
8091771-1,8116470-1,0.077380024,0.0
4054067-1,4054067-3,0.88891727,1.0
5484628-2,5484628-3,0.8049096,1.0
3563701-1,5857148-5,0.12382656,0.0
7016445-1,7265701-1,0.39797118,0.0
3968895-7,7824660-1,0.44667485,0.0
5175060-1,8159338-1,0.07839019,0.0
8666976-3,8666976-5,0.6882784,1.0
5180438-2,5731268-1,0.12288034,0.0
6344064-1,6368206-1,0.14778253,0.0
5960851-1,6849054-1,0.17982744,0.0
8440084-1,8440084-4,0.91490585,1.0
4008070-1,7426976-1,0.27729562,0.0
8674165-5,8674165-6,0.7949422,1.0
3484558-1,6742871-1,0.25270465,0.0
3786919-1,3786919-2,0.76660925,1.0
2174500-2,6188732-1,0.3555978,0.0
4553364-1,7050623-2,0.28618702,0.0
8391342-11,8391342-12,0.95966244,1.0
6419825-1,8489654-1,0.17050025,0.0
3283526-1,3283526-3,0.7512768,1.0
6485719-1,8183750-1,0.8195195,0.0
2500042-1,3509928-1,0.3516265,0.0
7604707-2,8567533-1,0.3419633,0.0
5757412-1,8240573-1,0.22942133,0.0
4092188-1,4747966-1,0.49586976,0.0
3639158-16,3639158-3,0.9539767,1.0
4884233-1,8375329-3,0.27942747,0.0
4745143-1,4745143-3,0.45306203,1.0
6304711-1,6304711-6,0.7127654,1.0
3141707-6,3141707-8,0.98790854,1.0
3857263-1,3863829-1,0.49057493,0.0
5398110-1,6802343-2,0.08953824,0.0
2879827-1,2879827-2,0.7277981,1.0
3361822-1,5682697-1,0.2771841,0.0
5854745-5,5854745-6,0.9717835,1.0
3657462-2,3657462-3,0.8151447,1.0
3205368-2,6970377-2,0.10507637,0.0
6711615-1,7922450-1,0.13018255,0.0
4274852-4,5825047-1,0.54621804,0.0
7254079-1,8173944-2,0.625694,0.0
6701085-1,6701085-3,0.70785296,1.0
5784682-1,5784682-4,0.885388,1.0
3121001-1,7771393-1,0.06832804,0.0
6885689-1,6885689-4,0.68796617,1.0
5042622-1,5042622-3,0.7504506,1.0
7554384-2,7554384-6,0.9810587,1.0
6712609-1,6712609-4,0.97351885,1.0
2698088-2,2698088-3,0.9190524,1.0
7489448-1,8673679-2,0.5990854,0.0
8699863-2,8699863-6,0.9311147,1.0
2988810-1,2988810-7,0.6315145,1.0
6712609-1,6712609-4,0.97351885,1.0
8515176-2,8515176-4,0.8953935,1.0
2518134-3,2518134-5,0.5275147,1.0
3580347-1,3580347-5,0.7573076,1.0
4611067-2,4611067-4,0.99113685,1.0
7554384-2,7554384-6,0.9810587,1.0
8195896-1,8195896-2,0.8913303,1.0
5412439-1,5412439-3,0.64636075,1.0
3881380-1,3881380-3,0.6099043,1.0
5432727-2,5432727-4,0.5597517,1.0
5968651-2,5968651-3,0.8360828,1.0
6506424-2,6506424-3,0.8520831,1.0
6816128-1,7262705-1,0.066043705,0.0
5473002-1,5473002-2,0.8808322,1.0
3271470-1,7249642-1,0.8947868,0.0
3394863-2,3394863-3,0.7443448,1.0
5506090-1,5506090-3,0.919387,1.0
2628870-1,8589910-3,0.3782522,0.0
7729179-3,7729179-7,0.49736637,1.0
2610659-1,2610659-2,0.8987223,1.0
4134554-1,4273586-1,0.66958576,0.0
4432823-1,5031298-2,0.41904148,0.0
8133044-4,8133044-6,0.9464545,1.0
4289164-1,4289164-4,0.96294844,1.0
3161678-1,4971302-1,0.21145493,0.0
3740663-1,8087350-1,0.30631024,0.0
6039084-1,6039084-2,0.4199747,1.0
2783120-1,6504752-1,0.24819072,0.0
6616899-2,6616899-3,0.57687724,1.0
5758965-1,7904369-1,0.3301098,0.0
4653751-2,4653751-3,0.7855276,1.0
8155578-2,8155578-3,0.7681828,1.0
4689030-1,4689030-3,0.81834483,1.0
7722635-1,8281630-2,0.12338459,0.0
4958445-1,4958445-2,0.678765,1.0
6820961-1,7674746-1,0.11013727,0.0
3177882-1,5766086-3,0.43340456,0.0
4319353-3,4319353-4,0.6737036,1.0
4166964-1,4333544-1,0.1591566,0.0
3678544-2,3678544-3,0.49273562,1.0
4086573-2,4086573-3,0.88207394,1.0
6935669-2,6935669-3,0.9199733,1.0
3873319-6,3873319-7,0.723106,1.0
8649573-1,8649573-6,0.8314311,1.0
7585363-1,7585363-2,0.57375324,1.0
4400552-1,8641989-1,0.35183498,0.0
7427972-1,7427972-2,0.8448151,1.0
7383746-8,7383746-9,0.9498307,1.0
7773689-1,7773689-3,0.9627579,1.0
6594285-1,6728653-1,0.6290248,0.0
4978092-1,5674801-1,0.32468155,0.0
8218350-1,8218350-2,0.78495604,1.0
8273519-1,8273519-3,0.594478,1.0
4616569-2,4616569-5,0.7784656,1.0
2909206-1,4860440-1,0.3688365,0.0
8325209-1,8325209-4,0.8703767,1.0
7174277-1,7174277-2,0.84181,1.0
2927433-4,2927433-5,0.7991466,1.0
4009207-1,6555996-1,0.16597264,0.0
6498959-2,6498959-5,0.41798425,1.0
4407315-1,8352636-1,0.25737858,0.0
4013303-1,6476142-1,0.24475296,0.0
5135402-1,5415788-1,0.2140036,0.0
5312644-1,8180395-2,0.49534917,0.0
6038475-1,6038475-7,0.94560343,1.0
8391342-8,8391342-9,0.9847119,1.0
2878411-1,2878411-2,0.8818342,1.0
2566578-1,4988024-1,0.16009851,0.0
8383533-4,8383533-5,0.7511789,1.0
7476797-3,7476797-5,0.7108097,1.0
4016666-1,4456747-2,0.009405981,0.0
3599747-1,3599747-2,0.989989,1.0
3364643-2,3364643-4,0.8766763,1.0
3206442-1,7764537-1,0.21373203,0.0
5547087-1,5547087-2,0.8733622,1.0
8272497-2,8272497-3,0.8251206,1.0
7253871-1,7326677-1,0.38783807,0.0
4842903-2,4842903-3,0.8368161,1.0
4455125-3,8264871-1,0.7679964,0.0
4885181-2,4885181-5,0.48522452,1.0
5494519-2,5494519-3,0.61991626,1.0
5667698-1,6819644-1,0.13142183,0.0
4998961-1,7414370-1,0.13497466,0.0
5968738-2,5968738-3,0.9428742,1.0
2908797-1,8004176-8,0.047873233,0.0
7199072-1,7199072-3,0.8694305,1.0
4306070-1,4306070-2,0.8514092,1.0
7061685-2,7061685-5,0.9652441,1.0
4868816-1,8171351-1,0.32728663,0.0
6147009-1,7768578-1,0.17863162,0.0
3957457-1,6048844-1,0.1665129,0.0
7311546-12,7311546-7,0.98205423,1.0
8391342-21,8391342-33,0.8598223,1.0
3818699-1,3818699-3,0.9732251,1.0
7006440-1,7006440-7,0.8654015,1.0
5346454-2,5346454-9,0.92141944,1.0
8077172-19,8077172-7,0.87424815,1.0
5530460-2,5530460-5,0.95728403,1.0
6601687-1,7972206-1,0.33002433,0.0
7874292-3,8191185-1,0.4182786,0.0
8553533-1,8553533-2,0.6610315,1.0
8529193-1,8529193-4,0.96056217,1.0
6426764-5,6426764-6,0.8791491,1.0
5670526-1,8217994-1,0.3459993,0.0
5299218-2,5299218-3,0.9719104,1.0
3733704-3,3733704-4,0.64966184,1.0
6745135-1,6745135-4,0.79574895,1.0
3690638-1,3877479-1,0.47839874,0.0
3341186-1,4280760-1,0.3582294,0.0
6393903-1,8360226-1,0.10857578,0.0
4558752-1,6731007-1,0.40805405,0.0
6815487-1,6815487-2,0.8611067,1.0
5486553-4,5486553-5,0.9414087,1.0
5909360-2,5909360-4,0.86239004,1.0
4617973-1,4617973-2,0.70863533,1.0
6091145-1,7219992-1,0.40384144,1.0
8440817-2,8440817-3,0.58498836,1.0
6829919-1,8612008-1,0.21121939,0.0
3026341-1,3026341-3,0.9338293,1.0
3214513-1,6476616-1,0.41075516,0.0
2854446-1,7592631-1,0.19820787,0.0
6424550-1,7501890-1,0.0508354,0.0
3525284-1,3746232-1,0.20285308,0.0
5510981-1,7851003-1,0.644241,0.0
7472508-2,7472508-4,0.7813538,1.0
7391590-1,7391590-3,0.8875796,1.0
8096473-1,8364615-4,0.18311383,0.0
5725403-1,5725403-2,0.91536164,1.0
8090807-1,8090807-2,0.8177284,1.0
3521819-1,5541649-2,0.034571737,0.0
3614665-1,3614665-2,0.7288381,1.0
6426764-3,6426764-6,0.70898,1.0
8133044-13,8133044-8,0.66366774,1.0
7735055-1,7735055-2,0.88549316,1.0
5314260-1,6389040-4,0.21988598,0.0
2615296-1,8407026-1,0.26411602,0.0
6050410-1,8145585-1,0.39049006,0.0
6417333-1,6417333-3,0.8151328,1.0
3229059-1,4115357-1,0.043085825,0.0
2995939-1,7511067-1,0.12251705,0.0
3935303-1,5444672-1,0.26195502,0.0
4934108-1,6834095-1,0.08523279,0.0
6603818-1,6603818-2,0.72393286,1.0
6600094-1,6600094-2,0.88474,1.0
3178020-1,3220812-1,0.7913037,0.0
4913998-1,4913998-3,0.77127177,1.0
8342471-1,8342471-3,0.39739683,1.0
4936179-1,6671888-1,0.18234758,0.0
3459706-1,8362994-1,0.11810462,0.0
6434444-4,6434444-5,0.9864356,1.0
6968900-3,6968900-5,0.61813813,1.0
7575294-2,7575294-4,0.8883863,1.0
4233061-1,4675478-1,0.18374147,0.0
6390234-1,7879493-2,0.25010052,0.0
3862222-1,4407325-1,0.065633595,0.0
6824788-1,6824788-2,0.9377214,1.0
6081802-1,7321742-1,0.11332571,0.0
7396112-1,7396112-3,0.86689955,1.0
4720275-1,4720275-2,0.9651188,1.0
4978092-1,5674801-1,0.32468155,0.0
6593935-2,7971269-1,0.44852835,0.0
7593724-3,7593724-5,0.65170735,1.0
3800333-1,5782843-1,0.16173406,0.0
5480102-1,6639934-1,0.20383137,0.0
4778330-1,8221656-1,0.3660781,0.0
4028528-1,5610409-1,0.3204346,0.0
4819152-2,4819152-3,0.9465609,1.0
6257534-3,6257534-4,0.7679746,1.0
3738493-1,3738493-2,0.81882924,1.0
4269622-5,4269622-6,0.8955942,1.0
7527865-2,7592682-3,0.4719076,0.0
3248588-1,7690134-1,0.03670982,0.0
5985621-1,8257035-1,0.7837702,0.0
4058595-1,8442335-1,0.5306359,0.0
3785593-3,7020719-1,0.07220508,0.0
4153863-1,4153863-2,0.9201451,1.0
4124143-3,5965111-1,0.23362544,0.0
7538799-1,8362537-1,0.19098838,0.0
6852754-2,6852754-4,0.9575091,1.0
4166646-1,4166646-2,0.7104221,1.0
2918630-2,2918630-3,0.79252213,1.0
2737758-1,4063594-1,0.51411605,0.0
2626575-3,2626575-4,0.68573016,1.0
5791447-1,6768263-1,0.04516984,0.0
3872241-1,3934774-1,0.2062176,0.0
7941918-2,7941918-4,0.91011256,1.0
7609899-5,7609899-6,0.8086998,1.0
4235191-1,7678883-1,0.81048167,0.0
3600192-1,3600192-3,0.44979763,1.0
7164551-1,8714046-1,0.52568096,0.0
4955432-1,7160720-1,0.3481678,0.0
5547862-1,5547862-3,0.95840544,1.0
4545786-1,7642573-1,0.57810813,0.0
7649103-1,7649103-9,0.80707186,1.0
3394863-2,3394863-3,0.7443448,1.0
4450489-1,5421492-1,0.17240155,0.0
3169495-1,4321076-1,0.13166535,0.0
8499496-1,8499496-3,0.87211347,1.0
8072659-1,8072659-2,0.7296972,1.0
8079768-1,8079768-2,0.91242737,1.0
3737622-4,3737622-5,0.9116099,1.0
1794225-1,6464439-1,0.22484565,0.0
7066540-7,7066540-8,0.75967944,1.0
7406011-1,8340512-1,0.6907458,0.0
3072501-1,6626640-1,0.61592764,0.0
4154284-1,7001429-1,0.45303857,0.0
7828325-1,7828325-2,0.8070709,1.0
4124786-2,4124786-3,0.3330069,1.0
3361817-1,7472156-1,0.13036864,0.0
2783155-1,6046149-1,0.25193173,0.0
6341312-1,7008287-2,0.5797394,0.0
4971313-1,8493990-2,0.1944919,0.0
5783215-1,5783215-2,0.775134,1.0
7941918-4,7941918-5,0.7344665,1.0
3667307-1,3667307-5,0.88186073,1.0
3870132-1,8491323-2,0.019583873,0.0
7981696-1,7981696-3,0.84432256,1.0
6167653-1,6167653-2,0.81315386,1.0
8123389-1,8123389-4,0.970744,1.0
8527556-2,8527556-4,0.5939359,1.0
2722051-1,3874988-1,0.63870025,0.0
6636700-1,7218456-1,0.12779638,0.0
3110468-1,3110468-2,0.8684604,1.0
5769203-4,7141734-1,0.4439409,0.0
6086918-1,6446957-1,0.16412134,0.0
6796684-4,6796684-5,0.51073235,1.0
5437993-1,5437993-2,0.7019626,1.0
3692154-1,4020496-2,0.28653723,0.0
3751073-1,5578588-1,0.65108824,0.0
6903879-1,7571954-1,0.17375968,0.0
5893346-3,5893346-6,0.96445316,1.0
6694504-1,6826275-1,0.11020185,0.0
8428280-1,8428280-3,0.9583237,1.0
4177611-1,4177611-2,0.94982123,1.0
7500736-1,7500736-2,0.6524514,1.0
6159118-1,7006440-5,0.4541616,0.0
3522328-2,3522328-4,0.92480844,1.0
5569391-2,5569391-3,0.96111435,1.0
8406563-2,8406563-3,0.8177806,1.0
3529929-1,7426660-1,0.2758632,0.0
8395467-5,8688783-1,0.75629616,0.0
4813076-1,4813076-3,0.8680845,1.0
2827140-2,2827140-5,0.48036104,1.0
6257534-1,6257534-4,0.98708284,1.0
4262882-1,4612547-1,0.04849423,0.0
8312765-2,8312765-4,0.8344067,1.0
7789137-1,7789137-5,0.93002033,1.0
6438405-1,7482350-1,0.8484915,0.0
7461343-1,7813980-1,0.21179962,0.0
3968977-2,3968977-3,0.8943038,1.0
6783228-2,6783228-6,0.6609929,1.0
3407696-2,3730474-1,0.05599158,0.0
3201580-1,3201580-2,0.8601908,1.0
3631795-1,4377806-1,0.11207848,0.0
6022295-2,6022295-3,0.92369515,1.0
6314796-1,6314796-2,0.7471983,1.0
7729179-3,7729179-4,0.73839766,1.0
4124143-3,5965111-1,0.23362544,0.0
5484628-2,5484628-3,0.8049096,1.0
4290765-1,8299386-1,0.08445633,0.0
2989003-1,2989003-2,0.9070577,1.0
4524749-1,4524749-3,0.8901879,1.0
5976963-1,8022680-1,0.03078934,0.0
5960165-1,6065136-1,0.5090628,0.0
5977483-1,5977483-3,0.6115873,1.0
8047717-2,8047717-4,0.73084193,1.0
3540710-1,4492332-1,0.21361825,0.0
4010028-1,6950699-1,0.8113971,1.0
3312686-1,6000749-1,0.0660886,0.0
8423165-3,8423165-5,0.79035366,1.0
3140672-1,5729248-1,0.083027385,0.0
3884113-2,3884113-3,0.600046,1.0
8077172-11,8077172-4,0.8966522,1.0
2759628-3,2759628-4,0.8053302,1.0
6370578-2,6370578-3,0.9531477,1.0
5965386-1,8515538-5,0.12116716,0.0
4871960-1,6426094-1,0.026288457,0.0
8504303-1,8504303-4,0.62747395,1.0
6109530-1,6109530-4,0.7365307,1.0
4479598-1,4479598-3,0.98603886,1.0
4144222-1,6601156-2,0.35205758,0.0
6796684-2,6796684-3,0.93378514,1.0
8391342-17,8391342-3,0.7417294,1.0
2829594-1,8115194-1,0.0799523,0.0
6601193-2,6601193-3,0.8022204,1.0
4028528-1,5610409-1,0.3204346,0.0
4991159-1,8349918-1,0.13895187,0.0
3138412-2,5912312-6,0.20145302,0.0
8129005-1,8129005-3,0.522441,1.0
2564909-1,7853432-1,0.12836547,0.0
7323262-1,7323262-2,0.13152407,0.0
6157985-1,6157985-2,0.8023655,1.0
3347490-1,3347490-2,0.9283295,1.0
6047112-1,6047112-2,0.9917071,1.0
3639158-1,3639158-8,0.8584173,1.0
2697057-1,5583973-1,0.8215346,0.0
2854446-1,7592631-1,0.19820787,0.0
4375745-2,4375745-5,0.6214004,1.0
6791275-1,6791275-2,0.77232754,1.0
2713849-1,3471248-1,0.0714118,0.0
2966983-1,7511076-1,0.06953527,0.0
2245961-2,2245961-3,0.90390843,1.0
3830245-1,6402165-4,0.20354372,0.0
4271393-1,7500185-1,0.43821302,0.0
2772281-1,2772281-3,0.5821208,1.0
7813077-1,7813077-4,0.9045722,1.0
4402186-1,5353397-1,0.591062,0.0
3527347-1,7870111-1,0.019722175,0.0
3095553-1,6837609-1,0.48226637,0.0
5042622-1,5042622-3,0.7504506,1.0
2740062-1,3307458-1,0.3376309,0.0
3660495-1,7294899-2,0.95561004,1.0
3549408-1,3549408-2,0.77317876,1.0
6293546-1,7891291-1,0.16922447,0.0
5655631-1,5838924-1,0.5145256,0.0
8242322-1,8242322-2,0.6223284,1.0
4967634-1,5651601-1,0.39700451,0.0
4902214-1,6109837-2,0.16574208,0.0
4494188-1,8425135-1,0.58733547,0.0
7826043-1,7826043-6,0.86613005,1.0
5892070-1,5892070-3,0.98435843,1.0
5075602-1,5075602-2,0.63992363,1.0
4934552-1,8575683-1,0.17358524,0.0
4501144-1,6639585-1,0.458386,0.0
6920394-1,7924091-1,0.032996178,0.0
6590510-2,6590510-3,0.91959816,1.0
2927790-1,4856911-2,0.87444824,0.0
7008770-2,7008770-3,0.95005643,1.0
2526979-1,2726518-1,0.77863836,0.0
7710341-1,8514910-1,0.11794658,0.0
2854355-1,8702016-1,0.3379601,0.0
4915886-1,6491668-1,0.25794405,0.0
6447420-1,6447420-3,0.9081525,1.0
6380751-1,7879370-1,0.21255885,0.0
3461287-1,3841957-1,0.1891487,0.0
5912312-2,5912312-6,0.8675676,1.0
4322482-1,4322482-2,0.9651714,1.0
4816771-1,4816771-2,0.91454214,1.0
5558416-2,7316440-1,0.39797303,0.0
6018315-1,6704680-3,0.3265759,0.0
8531158-3,8531158-8,0.77079445,1.0
2740198-1,8236782-1,0.84719044,0.0
5829721-2,5829721-3,0.87857497,1.0
5405905-1,8387585-1,0.04330411,0.0
3914224-1,3914224-2,0.5905768,1.0
6395427-4,6395427-8,0.83466536,1.0
8611606-4,8611606-7,0.8979854,1.0
4279969-1,4279969-4,0.6568099,1.0
8361508-1,8717938-1,0.20850077,0.0
8105452-1,8105452-2,0.5128296,1.0
3858807-1,5557159-1,0.4415835,0.0
3589229-1,3589229-2,0.8826378,1.0
4847509-1,4847509-3,0.43940532,1.0
3556846-2,3556846-4,0.84958637,1.0
7851455-4,7851455-6,0.9059477,1.0
2562358-2,2562358-4,0.82983875,1.0
8353083-2,8353083-5,0.8488515,1.0
4318868-1,5051311-2,0.16238385,0.0
7695266-3,7695266-5,0.7849643,1.0
7604707-1,8001350-2,0.5491317,0.0
4498857-1,4498857-2,0.59474903,1.0
7735012-1,7735012-3,0.6918565,1.0
3186893-1,3698308-1,0.11554893,0.0
4965527-1,6637670-1,0.4641441,0.0
2938508-1,3475881-1,0.9670742,0.0
7396272-3,7396272-4,0.809063,1.0
2848321-1,8281394-1,0.10159398,0.0
7645293-1,7645293-2,0.7359568,1.0
5066581-1,6206910-3,0.28515336,0.0
3421104-1,7711629-7,0.24093944,0.0
7489718-1,8490061-1,0.80913347,0.0
4812219-2,7327389-1,0.4312379,0.0
7455599-1,7598250-1,0.080446966,0.0
7714405-1,7714405-3,0.82497096,1.0
6829824-1,8361549-1,0.60975885,0.0
8407674-1,8407674-2,0.9476066,1.0
4593990-1,4593990-2,0.98310405,1.0
3275945-1,6370013-1,0.05064961,0.0
5691872-2,5691872-3,0.46551567,1.0
7558676-1,7558676-2,0.74410796,1.0
6006723-1,6243525-1,0.0787048,0.0
3249945-2,3249945-4,0.87816226,1.0
3970037-1,5102616-1,0.16126053,0.0
3467925-1,3467925-2,0.70282066,1.0
8343286-1,8343286-2,0.69166404,1.0
3686641-1,6717324-1,0.53847194,0.0
7389435-1,7527010-1,0.25583836,0.0
3777329-1,8492135-1,0.20347145,0.0
3223957-1,3223957-2,0.21077347,1.0
7903083-1,8632216-1,0.40654618,0.0
3350036-1,7535559-1,0.37895983,0.0
2772281-1,2772281-3,0.5821208,1.0
8428280-2,8428280-9,0.81567097,1.0
3639158-4,3639158-5,0.8387462,1.0
526771-1,8104315-1,0.2627693,0.0
4717387-1,4717387-5,0.8013766,1.0
6501228-1,7304265-1,0.46762475,0.0
3981990-1,6350430-1,0.05138571,0.0
7218296-1,7218296-2,0.74199,1.0
5853048-1,5853048-2,0.9064751,1.0
1906806-5,1906806-7,0.7340035,1.0
5759073-3,5759073-7,0.8250451,1.0
5869374-1,5869374-2,0.9734126,1.0
5749100-2,5845715-1,0.10433926,0.0
7482455-1,8087369-2,0.26122186,0.0
4662665-1,7188982-1,0.30662462,0.0
3238371-1,3238371-2,0.5994766,1.0
4553663-1,4804603-1,0.30131832,0.0
4792615-1,4792615-2,0.9868408,1.0
3418013-1,5817294-1,0.26005793,0.0
4550991-1,8167627-1,0.06616919,0.0
7061516-1,7061516-2,0.59728694,1.0
4601450-1,6360613-1,0.90172833,0.0
7658305-1,7658305-2,0.8660206,1.0
4346931-1,4346931-2,0.5725314,1.0
4456892-1,8243089-2,0.29479954,0.0
3190012-1,6485866-1,0.34221706,0.0
3601281-1,3601281-2,0.9487433,1.0
3199429-2,3199429-4,0.846585,1.0
6393903-1,8360226-1,0.10857578,0.0
4460242-1,6458812-1,0.26591372,0.0
7440240-3,7440240-6,0.7576611,1.0
8077048-1,8077048-2,0.83343446,1.0
3145886-1,5598866-1,0.109666914,0.0
7695266-4,7695266-5,0.9446326,1.0
6062666-1,7312278-1,0.068925306,0.0
6676009-1,6683380-1,0.24990119,0.0
6624786-1,6624786-3,0.83215386,1.0
3544061-1,5797261-1,0.34505123,0.0
6173903-1,6173903-2,0.6374283,1.0
5486794-1,5486794-3,0.88674694,1.0
4345240-4,4345240-5,0.9737302,1.0
7006440-1,7006440-6,0.9638669,1.0
6426764-5,6426764-6,0.8791491,1.0
3667328-1,6367833-1,0.26857507,0.0
7852210-1,8668032-2,0.025229586,0.0
8531158-3,8531158-8,0.77079445,1.0
7763274-2,7763274-4,0.66336155,1.0
2729301-1,4302552-1,0.48508447,0.0
8007555-1,8339477-2,0.027315047,0.0
5991051-1,6456155-1,0.66567856,0.0
6081802-1,7321742-1,0.11332571,0.0
8702258-1,8702258-2,0.7883742,1.0
4024625-2,4024625-3,0.94120914,1.0
3458969-1,3458969-2,0.9852409,1.0
6011134-1,6887609-1,0.27314615,0.0
6147009-1,7768578-1,0.17863162,0.0
2776156-1,2776156-4,0.57040846,1.0
7473607-1,7726363-1,0.2754382,0.0
6984193-4,6984193-5,0.27147272,1.0
5215207-2,5215207-3,0.85982,1.0
3040089-1,3040089-4,0.5728344,1.0
7385614-3,7385614-4,0.5266053,1.0
5483845-2,7369677-1,0.46871877,0.0
4976167-1,8666948-1,0.096144184,0.0
4054063-1,6460898-1,0.058248393,0.0
7113199-1,7113199-6,0.75068706,1.0
4603113-3,4603113-6,0.9210437,1.0
5624261-1,7925058-1,0.14736627,0.0
3068068-1,5966698-1,0.16601211,0.0
3586573-1,6337783-1,0.088691175,0.0
6925373-3,8254450-5,0.30443248,0.0
5553475-2,5553475-4,0.9362521,1.0
7734470-1,7734470-2,0.9270405,1.0
5572848-1,6898921-1,0.733333,0.0
8684541-1,8684541-4,0.6381062,1.0
3114581-1,3114581-3,0.34819177,1.0
5442030-1,5442030-3,0.8473714,1.0
5466218-1,5803715-1,0.41668805,0.0
6966363-1,8549577-3,0.43871334,0.0
5627466-1,6362872-1,0.29218265,0.0
7670619-2,7670619-3,0.8935229,1.0
7711629-4,7711629-9,0.69157946,1.0
4425244-4,4425244-6,0.7753913,1.0
2957226-1,8203365-1,0.25258297,0.0
7997683-1,7997683-2,0.843625,1.0
8563620-13,8563620-7,0.6680259,1.0
7053655-1,7053655-7,0.77798927,1.0
5393143-1,8421232-1,0.3094314,0.0
3223146-1,3223146-5,0.72727674,1.0
8569136-1,8569136-4,0.9045469,1.0
5175060-1,8159338-1,0.07839019,0.0
4241302-1,8629683-1,0.17775169,0.0
5248450-1,5984270-1,0.45078453,0.0
3661972-1,7676770-1,0.16374986,0.0
8077172-15,8077172-16,0.97248244,1.0
4136409-1,5429156-1,0.43434733,0.0
3860153-1,4294453-1,0.590441,1.0
3354801-1,8471370-1,0.32944268,0.0
7473607-2,7473607-3,0.7825625,1.0
7105784-2,7105784-3,0.5824445,1.0
4515470-1,6023324-3,0.33485192,0.0
8611606-3,8611606-7,0.98148793,1.0
6261630-1,6261630-3,0.29649737,1.0
8218035-1,8218035-2,0.7608785,1.0
6643316-1,6643316-3,0.8349933,1.0
5892070-1,5892070-3,0.98435843,1.0
5586130-2,5586130-3,0.98026216,1.0
4123504-4,4123504-7,0.98070025,1.0
4094880-1,5525600-1,0.26304057,0.0
5337234-11,5337234-9,0.92717785,1.0
7105417-1,7254168-1,0.122777954,0.0
5757412-1,8240573-1,0.22942133,0.0
4575794-2,5148816-1,0.50476456,0.0
8202535-1,8202535-3,0.65512395,1.0
7079483-1,7733434-1,0.51781,0.0
8008131-2,8008131-3,0.34111872,1.0
4541803-1,7896685-1,0.3288131,0.0
7189886-1,8091626-1,0.04507277,0.0
6715557-1,8693695-1,0.022198522,0.0
5382461-1,6857580-1,0.06365896,0.0
2840790-1,3177914-1,0.23778756,0.0
3935898-1,6113842-2,0.3948988,0.0
5192293-1,5192293-2,0.65046793,1.0
7775944-2,7775944-4,0.9796993,1.0
8133044-1,8133044-7,0.9596283,1.0
5547087-1,5547087-2,0.8733622,1.0
4155769-1,6131847-1,0.43342024,0.0
3459784-4,3459784-5,0.37096968,1.0
7695266-7,7695266-9,0.9915839,1.0
8654339-2,8654339-4,0.82881314,1.0
8577550-1,8577550-2,0.6328278,1.0
6027823-1,6922572-1,0.309695,0.0
3390432-1,3390432-2,0.5065652,1.0
5498934-1,5498934-2,0.97192603,1.0
5854318-1,5960523-1,0.22498256,0.0
4010024-1,8357521-1,0.17342818,0.0
5266367-1,5266367-6,0.89582884,1.0
3467885-1,6342138-1,0.1934059,0.0
7513650-1,7649945-1,0.024350557,0.0
4879227-1,7590699-1,0.21952626,0.0
6749096-1,8547566-1,0.11718484,0.0
5688867-1,5688867-2,0.83432883,1.0
3972411-1,4688317-1,0.078446425,0.0
5588374-1,6453844-1,0.7719219,0.0
4036833-3,7711629-9,0.18516564,0.0
3518961-3,7520403-1,0.7815641,0.0
7489606-1,8354941-1,0.9466029,1.0
4278096-1,8077672-1,0.25233898,0.0
3701835-3,5891952-1,0.36749396,0.0
5469888-3,5567904-1,0.79517424,0.0
3877580-1,6904911-1,0.45834312,0.0
2647167-1,2647167-2,0.9268795,1.0
4695652-1,7034751-1,0.45843992,0.0
4374304-1,6844161-1,0.22557913,0.0
8432127-1,8432127-3,0.6373496,1.0
2952784-1,7550959-1,0.54681975,0.0
6617653-1,7034466-2,0.12849139,0.0
3968895-7,7824660-1,0.44667485,0.0
4153245-1,6624868-2,0.5267549,0.0
6816128-1,7262705-1,0.066043705,0.0
4318868-1,5051311-2,0.16238385,0.0
6319526-1,6319526-4,0.77066714,1.0
6882583-1,6882583-2,0.82225126,1.0
1794493-2,1794493-5,0.972317,1.0
3800334-1,4142935-1,0.11360194,0.0
6225725-1,6856497-2,0.5563904,0.0
7059724-1,7769722-1,0.4270705,0.0
7829275-1,7829275-2,0.8711854,1.0
4660492-4,4660492-5,0.9451442,1.0
3955309-3,6935202-1,0.38364762,0.0
4934552-1,8575683-1,0.17358524,0.0
4337180-2,6320563-1,0.12819418,0.0
7527865-6,7527865-7,0.7286402,1.0
8162322-4,8162322-5,0.94678676,1.0
7011274-1,7011274-4,0.76645756,1.0
7335480-4,7335480-5,0.88900185,1.0
2887894-1,3356594-1,0.051394153,0.0
7239988-6,7316439-1,0.515403,0.0
4208436-1,7495868-1,0.13478602,0.0
3162799-2,5727644-1,0.610399,0.0
3354861-1,3354861-2,0.81981075,1.0
3352641-1,6259523-1,0.27406886,0.0
5774734-1,7358080-1,0.34894606,0.0
4440474-1,4440474-2,0.97295755,1.0
4410540-1,5890000-1,0.07723983,0.0
6788313-3,6788313-4,0.83216345,1.0
8326013-1,8326013-3,0.95354104,1.0
4243476-1,4243476-2,0.39432046,1.0
3356991-1,6688735-1,0.57626927,0.0
2858852-1,5971287-1,0.025292033,0.0
4816024-1,7370676-1,0.4097461,0.0
5144530-2,5144530-4,0.58879256,1.0
7799191-4,7799191-5,0.8203183,1.0
7383746-8,7383746-9,0.9498307,1.0
7683446-1,7846890-1,0.18113323,0.0
5586864-1,5586864-3,0.86466265,1.0
6858974-1,6858974-3,0.6908043,1.0
2749194-3,2749194-4,0.7283643,1.0
3919721-2,3919721-6,0.9889393,1.0
7007484-2,7007484-3,0.98876536,1.0
4140119-1,4140119-2,0.94063026,1.0
5988756-10,5988756-2,0.8087501,1.0
6040287-2,6040287-4,0.83174044,1.0
3199411-1,4940515-1,0.80094534,0.0
2769338-1,6744741-1,0.23607162,0.0
5498952-1,7708205-1,0.19776413,0.0
7852210-1,8668032-2,0.025229586,0.0
5378862-2,5378862-3,0.8181611,1.0
3313754-1,6511183-2,0.19448669,0.0
7947317-4,7947317-5,0.5563809,1.0
3638551-1,8265109-1,0.30639642,0.0
6506424-2,6506424-3,0.8520831,1.0
5683985-1,5902078-1,0.05123555,0.0
6541118-1,6746911-1,0.19022675,0.0
7040871-1,7040871-2,0.6661646,1.0
8610431-1,8610431-2,0.85011107,1.0
3667314-1,5498116-1,0.8657851,0.0
7527899-2,7527899-3,0.850208,1.0
8155578-2,8155578-3,0.7681828,1.0
8004358-2,8004358-3,0.78345984,1.0
3920611-5,3920611-6,0.99186504,1.0
5749547-2,5749547-4,0.685817,1.0
4863789-4,8244243-1,0.67985797,0.0
3539892-1,3539892-2,0.76274306,1.0
4196524-1,4196524-2,0.25728285,1.0
7204337-1,7509544-1,0.40244138,0.0
6147009-1,7768578-1,0.17863162,0.0
5121555-1,5422832-1,0.32313812,0.0
5337234-10,5337234-9,0.81041336,1.0
8499496-1,8499496-3,0.87211347,1.0
5972309-1,5972309-2,0.38265303,1.0
5612750-1,5612750-3,0.8932775,1.0
5156880-1,7474559-1,0.16168803,0.0
3220111-1,7053655-7,0.3674169,0.0
4429393-1,4772574-1,0.08108332,0.0
6802603-1,6802603-2,0.58343416,1.0
7749935-3,7749935-8,0.7896933,1.0
3350215-1,7849111-1,0.04041555,0.0
8515176-1,8515176-5,0.4757541,1.0
2810579-2,5965164-1,0.52031726,0.0
2507719-1,6712609-4,0.6775839,0.0
4260503-1,8169091-1,0.08549124,0.0
3996354-3,4000642-1,0.29069775,0.0
5320044-1,5320044-2,0.88485974,1.0
3014854-1,5089230-1,0.2743779,0.0
5290791-1,5290791-3,0.8445878,1.0
8391342-27,8391342-4,0.8982112,1.0
5715600-1,7327387-1,0.43982175,0.0
5460656-1,5460656-6,0.7095455,1.0
4772458-1,4772458-2,0.57373613,1.0
5604601-2,5604601-4,0.37037656,1.0
7175764-3,7175764-4,0.9643873,1.0
7135847-1,8007480-1,0.42831954,0.0
4748557-3,4748557-4,0.98388624,1.0
3070676-1,7186106-1,0.5313732,0.0
4647800-2,7991702-1,0.8664334,0.0
3121716-1,7862149-1,0.68839884,0.0
6384041-1,6384041-3,0.8620805,1.0
7433066-1,7510479-1,0.8263172,1.0
2967013-1,8353083-7,0.20746338,0.0
4010026-1,8356265-1,0.11422571,0.0
6085930-1,6085930-2,0.4008185,1.0
6210852-3,6210852-4,0.8686879,1.0
2702054-1,5329764-1,0.114111066,0.0
8361508-1,8717938-1,0.20850077,0.0
7519989-1,8148337-1,0.3254532,0.0
8002986-1,8002986-2,0.80726045,1.0
4192805-1,4586912-1,0.052149996,0.0
8388796-3,8388796-8,0.8728768,1.0
4206930-1,8052521-1,0.10126556,0.0
5613049-1,5613049-2,0.8575053,1.0
4266761-1,4276327-1,0.08658895,0.0
8077172-12,8077172-2,0.96629244,1.0
5846702-1,7752577-1,0.21772327,0.0
3675438-2,3675438-5,0.8532525,1.0
4792615-2,7852651-1,0.31230742,0.0
4592502-1,5798104-1,0.5360834,0.0
4578058-2,8572329-2,0.19177563,0.0
6611857-10,6611857-2,0.95648986,1.0
7722336-1,7722336-5,0.81306404,1.0
7485476-1,7485476-8,0.7006366,1.0
8260478-3,8260478-5,0.5638971,1.0
7649476-3,7769750-1,0.11474928,0.0
4959818-1,4959818-3,0.8094393,1.0
4021265-1,6120333-1,0.46450424,0.0
4765255-2,4765255-4,0.83718336,1.0
3364643-2,3364643-4,0.8766763,1.0
3504259-1,5372272-3,0.10945135,0.0
3275535-2,3275535-3,0.75418353,1.0
7035086-1,7745862-1,0.27797145,0.0
7505515-1,7505515-2,0.44813937,1.0
8684541-2,8684541-3,0.37497914,1.0
4839252-1,5841118-2,0.29088297,0.0
7391106-1,8283217-1,0.06793933,0.0
3937210-1,3937210-4,0.3609153,1.0
4777948-4,4777948-6,0.9126663,1.0
7042143-1,7042143-4,0.9116581,1.0
7963417-2,7963417-7,0.8725561,1.0
7465739-1,7465739-3,0.17764889,1.0
6694504-1,6826275-1,0.11020185,0.0
3219887-2,7417128-1,0.332091,0.0
4947865-5,4947865-7,0.9075367,1.0
5436421-1,7385463-1,0.31041044,0.0
5538099-1,7789270-1,0.59956753,0.0
4448067-1,4448067-3,0.39411107,1.0
8090807-1,8090807-2,0.8177284,1.0
3034078-1,8702295-1,0.2444951,0.0
2800018-1,2800018-2,0.6342186,1.0
7055463-3,7055463-5,0.6328668,1.0
3817136-3,3817136-4,0.96978,1.0
3737622-2,3737622-4,0.9430337,1.0
4175871-1,4506839-1,0.5200949,0.0
8578920-1,8578920-4,0.5923451,1.0
5308046-1,6057701-1,0.2390402,0.0
3842732-1,5441140-1,0.037884813,0.0
3819729-1,8046551-1,0.31294468,0.0
4576891-1,4576891-2,0.93134654,1.0
8432127-1,8432127-3,0.6373496,1.0
5492922-1,5492922-2,0.718331,1.0
5220607-1,5220607-2,0.8853207,1.0
3920611-4,3920611-5,0.41441947,1.0
3339798-1,5446369-6,0.062419932,0.0
3877481-1,8284719-1,0.07940657,0.0
6696846-1,8663995-1,0.17272153,0.0
7700296-2,7700296-6,0.9529566,1.0
7941918-3,7941918-4,0.65397125,0.0
8504030-1,8504030-10,0.8400483,0.0
8611606-3,8611606-9,0.70685744,1.0
4660492-1,4660492-3,0.97488546,1.0
6069660-1,6069660-2,0.9760015,1.0
6022295-2,6022295-3,0.92369515,1.0
4596050-1,7719191-1,0.19307087,0.0
3345597-1,4173537-1,0.07291373,0.0
3102884-2,7250374-1,0.28439322,0.0
5485294-1,7989559-1,0.37743336,0.0
5815714-4,8241266-3,0.07981051,0.0
4047698-1,6145046-5,0.20600726,0.0
6452480-1,6457075-1,0.015607073,0.0
3280044-2,3280044-5,0.87491405,1.0
4010026-1,8356265-1,0.11422571,0.0
2169208-1,4173535-1,0.23647365,0.0
2890701-1,3358938-1,0.6593462,0.0
3952613-1,7590457-1,0.20208791,0.0
2713839-1,7765866-1,0.13309091,0.0
5234559-1,6881936-1,0.45388943,0.0
4789584-2,4789584-3,0.86204284,1.0
4901834-1,7437135-2,0.053826883,0.0
5298516-1,8290849-1,0.16070372,0.0
6475530-2,6475530-3,0.526809,1.0
3886368-1,4431022-1,0.39819685,0.0
3521819-1,5541649-2,0.034571737,0.0
3355697-1,6484571-1,0.14491469,0.0
5120383-2,8283584-1,0.5923275,0.0
3813728-1,5298907-1,0.24027392,0.0
4881626-1,4881626-3,0.98889756,1.0
3878478-1,3878478-3,0.91321844,1.0
4270645-1,4417273-1,0.1397728,0.0
7337482-2,7337482-3,0.5597679,1.0
3822415-1,6295176-1,0.5825641,0.0
3033104-1,5104844-2,0.40318194,0.0
5550529-2,5550529-3,0.6259029,1.0
5005527-1,5538079-1,0.35976452,0.0
8395467-1,8395467-3,0.91822135,1.0
5508403-1,5508403-2,0.904902,1.0
8042546-1,8042546-3,0.559165,1.0
3884113-2,3884113-3,0.600046,1.0
4846392-1,7669217-2,0.04852775,0.0
5988756-2,5988756-5,0.8878733,1.0
2628085-1,2628085-7,0.8641762,1.0
2843666-1,8084685-1,0.20656782,0.0
6395427-10,6395427-3,0.58324885,1.0
3678684-1,5965109-1,0.19335876,0.0
3899623-1,3899623-4,0.83887565,1.0
2862044-1,7758257-1,0.10840961,0.0
3712245-2,7945658-1,0.31381205,0.0
7756575-2,8645975-3,0.1135131,0.0
3969682-1,4767087-1,0.7065255,0.0
2584089-1,3512224-1,0.15534726,0.0
7243444-1,7243444-2,0.83616173,1.0
6023325-1,6023325-2,0.8900918,1.0
5943729-2,5943729-7,0.969207,1.0
7519586-1,8076735-1,0.8817418,1.0
7384027-3,7384027-4,0.8943776,1.0
4157506-1,5106230-1,0.55778086,0.0
3666435-1,7292057-1,0.19552699,0.0
8179565-1,8179565-2,0.9172058,1.0
3712245-1,3712245-2,0.8415079,1.0
7213832-1,8298106-1,0.219304,0.0
5749100-2,5845715-1,0.10433926,0.0
7559672-2,8540014-1,0.6721089,0.0
6159302-2,6159302-4,0.90407956,1.0
5687541-4,5687541-5,0.8376434,1.0
4794841-2,5745210-1,0.34606418,0.0
4745613-1,4745613-2,0.6618185,1.0
8145494-1,8145494-3,0.900143,1.0
5745971-2,6637352-1,0.198622,0.0
8411108-1,8411108-3,0.8524388,1.0
5940616-1,5940616-3,0.68748677,1.0
7780873-4,7780873-5,0.5436895,1.0
5102997-1,5102997-2,0.9574111,1.0
8075760-1,8075760-3,0.86021656,1.0
8419807-1,8419807-2,0.2204248,1.0
6919333-2,7262721-1,0.081455514,0.0
7500095-1,7500095-2,0.7352433,1.0
4233061-1,4675478-1,0.18374147,0.0
3521952-1,6510567-1,0.025896482,0.0
6898878-1,6898878-2,0.9454059,1.0
4310103-1,4877876-1,0.3985743,0.0
4888695-1,4926545-1,0.13038568,0.0
3996636-1,3996636-3,0.8102576,1.0
2749185-2,7006051-1,0.086664915,0.0
4147648-1,6018257-4,0.29742953,0.0
6524313-2,6712912-1,0.3925338,0.0
3570192-3,3570192-4,0.89924306,1.0
3361784-1,4923530-1,0.05313491,0.0
3017876-1,3017876-3,0.8029065,1.0
4006567-1,8140414-1,0.5068716,0.0
2628000-1,4182779-1,0.518678,0.0
6712628-1,6735318-1,0.56919646,0.0
1950478-1,8682950-4,0.5980873,1.0
4353765-1,8387063-1,0.1815932,0.0
8611554-1,8611554-3,0.90834856,1.0
6327829-1,6327829-3,0.95573854,1.0
3919721-2,3919721-6,0.9889393,1.0
7988206-12,7988206-3,0.8980307,1.0
2904264-1,7294531-1,0.45199198,0.0
7538799-1,8362537-1,0.19098838,0.0
7485476-2,7485476-4,0.587929,1.0
4934108-1,6834095-1,0.08523279,0.0
5996656-1,7053684-1,0.5200113,0.0
4410506-2,8622799-1,0.41946602,0.0
7001130-1,8189572-1,0.21270952,0.0
8365843-1,8365843-2,0.9252194,1.0
5692993-1,6459065-1,0.11665373,0.0
5898109-1,7360218-1,0.78749627,0.0
4278090-1,4278090-4,0.9610108,1.0
3267069-1,7779183-2,0.4518166,0.0
4820630-1,4820630-2,0.8924967,1.0
7844909-1,8360356-1,0.8464509,1.0
5015253-1,5015253-2,0.64573336,1.0
4427221-1,7548966-1,0.15567307,0.0
4660492-1,4660492-3,0.97488546,1.0
5546652-1,6939972-2,0.3306261,0.0
8077172-15,8077172-16,0.97248244,1.0
6942777-1,6942777-2,0.9392597,1.0
5009641-1,7784344-1,0.03835971,0.0
3072064-2,6489369-1,0.46722046,0.0
6238561-1,6238561-2,0.73367697,1.0
1464149-1,5294776-1,0.83755744,0.0
8504030-1,8504030-10,0.8400483,0.0
3654626-1,8173402-1,0.32022467,0.0
5808087-3,5808087-4,0.6101715,1.0
7773299-2,7773299-3,0.8090963,1.0
3599747-1,3599747-2,0.989989,1.0
6406196-1,8149899-1,0.16717784,0.0
6460601-1,7461323-1,0.5947833,0.0
4966406-1,6136232-1,0.21736203,0.0
5733438-1,5733438-2,0.8666983,1.0
5289268-5,5289268-6,0.9941067,1.0
1906806-1,1906806-6,0.87877595,1.0
4722559-1,8560458-1,0.8025279,0.0
3025820-1,3025820-2,0.8666502,1.0
6617653-1,7034466-2,0.12849139,0.0
5299177-1,5666216-1,0.3528319,0.0
4005186-1,8032976-1,0.48185754,0.0
7667327-2,7667327-3,0.2365784,0.0
4217061-1,4217061-2,0.9689381,1.0
3906877-1,7567849-1,0.56335527,0.0
1087841-4,7672393-1,0.31852344,0.0
7305484-3,7305484-4,0.8611991,1.0
7444143-2,7444143-3,0.9420986,1.0
6311248-1,6510002-1,0.31050834,0.0
6176846-1,7322230-1,0.19624434,0.0
4292058-1,6862880-1,0.1262199,0.0
6526994-1,6526994-3,0.78681856,1.0
2672125-1,7802127-1,0.83093536,0.0
4308088-2,4308088-7,0.65926874,1.0
8326779-1,8626963-1,0.7440186,0.0
8531158-4,8531158-7,0.77753484,1.0
3075397-1,3075397-2,0.27521294,1.0
6232978-1,7322849-1,0.26479623,0.0
3994706-1,6813375-1,0.5205933,0.0
2856528-1,2856528-5,0.8755543,1.0
7299570-1,7299570-4,0.931158,1.0
3983534-1,5040588-1,0.11787393,0.0
7302719-2,7302719-4,0.97351176,1.0
5399436-1,5399436-2,0.8333146,1.0
7449561-1,7785353-1,0.5519054,0.0
6788313-1,6788313-3,0.9650441,1.0
3141725-1,546198-2,0.06561331,0.0
4699197-2,4699197-3,0.95442593,1.0
4135106-1,8637990-1,0.05405917,0.0
3280044-2,3280044-5,0.87491405,1.0
8360323-1,8360323-2,0.8313697,1.0
6324859-6,6324859-7,0.8232963,1.0
4475514-1,4475514-2,0.67049575,1.0
7981707-1,7981707-5,0.71885425,1.0
5868889-2,5868889-3,0.500542,1.0
3800618-1,3800618-2,0.96085536,1.0
6498274-1,7954966-1,0.095462084,0.0
8536191-1,8536191-3,0.4601201,0.0
2194709-1,3993037-1,0.3693012,0.0
3284018-1,3976550-1,0.33592224,0.0
4881626-4,4881626-8,0.8659757,1.0
7299656-1,7299656-9,0.9571835,1.0
5047021-1,5832135-1,0.40437806,0.0
4060408-1,4060408-3,0.94597596,1.0
4210738-1,6706647-1,0.18639015,0.0
3670647-2,7925162-1,0.8149567,0.0
7856844-1,8323146-1,0.19669864,0.0
2709968-1,6775712-1,0.053785335,0.0
7993048-1,7993048-6,0.7326035,1.0
8168801-2,8168801-4,0.65904784,1.0
4392864-1,5116499-1,0.09830277,0.0
3352641-1,6259523-1,0.27406886,0.0
8179565-1,8179565-2,0.9172058,1.0
3407696-2,3730474-1,0.05599158,0.0
8213934-2,8213934-3,0.8381167,1.0
7983550-1,7983550-2,0.5245175,1.0
3639802-1,3639802-5,0.966384,1.0
4678475-4,4678475-9,0.9131796,1.0
8154820-1,8325963-1,0.13567069,0.0
3302995-1,3302995-3,0.73476446,1.0
8391342-22,8391342-30,0.954038,1.0
3624739-1,3624739-2,0.71887946,1.0
4593990-1,4593990-2,0.98310405,1.0
4857304-1,4857304-2,0.12551336,1.0
5290631-1,5290631-3,0.8867235,1.0
6420325-1,8500458-1,0.23313563,0.0
2429901-1,3038954-1,0.21846797,0.0
4345245-1,7218931-5,0.1125172,0.0
3254849-1,5640565-3,0.96344626,1.0
7758736-7,7758736-8,0.96703327,1.0
8051170-1,8371642-2,0.22977729,0.0
7244733-2,8505801-2,0.63958067,0.0
2092435-1,8138395-2,0.6257873,0.0
4812219-2,7327389-1,0.4312379,0.0
6095652-2,6095652-4,0.7637803,1.0
6280275-1,7970076-1,0.50408834,0.0
8391342-20,8391342-21,0.9963269,1.0
4503585-1,8165777-1,0.03601017,0.0
6798500-1,8690437-2,0.18365525,0.0
4582463-1,4582463-7,0.86993635,1.0
8439402-1,8439402-2,0.50055313,1.0
7645293-1,7645293-2,0.7359568,1.0
5690749-1,5690749-2,0.7679175,1.0
6040249-1,6040249-2,0.9444804,1.0
3628218-1,4575993-1,0.12190751,0.0
3782680-1,7707119-1,0.1957556,0.0
4905968-2,6963280-2,0.6810655,0.0
2801516-1,8613957-1,0.28774977,0.0
8218350-1,8218350-2,0.78495604,1.0
8360293-1,8360293-5,0.98321664,1.0
5415937-1,5763207-1,0.097975865,0.0
2821771-1,7152526-1,0.53507197,0.0
6880481-1,8420832-1,0.09520294,0.0
4450489-1,5421492-1,0.17240155,0.0
7063329-1,7063329-2,0.18550083,0.0
6421557-1,6421557-2,0.780218,1.0
6962411-1,6962411-3,0.71526504,1.0
3173709-1,8377531-1,0.36721468,0.0
2769433-1,4719736-2,0.2845978,0.0
3987316-1,4148739-2,0.056845378,0.0
7515799-2,7515799-4,0.7137462,1.0
6611857-10,6611857-2,0.95648986,1.0
3483705-1,4904588-1,0.77190214,0.0
3443651-1,5925185-2,0.04571717,0.0
3354792-1,3354792-3,0.9466699,1.0
6247437-1,6247437-3,0.8660482,1.0
2611977-1,7497766-1,0.8465759,0.0
7473607-1,7726363-1,0.2754382,0.0
5360045-1,7952668-1,0.07020609,0.0
6580405-1,6692986-1,0.8222682,0.0
7988206-11,7988206-2,0.20116164,1.0
8155422-1,8155422-4,0.7881927,1.0
8069347-1,8069347-2,0.81814593,1.0
2737776-1,8415956-1,0.8820056,1.0
3891421-2,5485294-1,0.9348411,0.0
4421951-1,4421951-2,0.37420475,1.0
6230411-2,6230411-4,0.61810917,1.0
8028151-1,8028151-6,0.87963593,1.0
8527556-1,8527556-3,0.9559555,1.0
4738133-3,8330202-2,0.6653216,0.0
7482455-1,8087369-2,0.26122186,0.0
6434444-4,6434444-5,0.9864356,1.0
7184854-1,7184854-3,0.60187876,1.0
7916987-1,7916987-3,0.92453796,1.0
4214439-1,7220022-1,0.05200904,0.0
6643316-1,6643316-3,0.8349933,1.0
3594901-1,7513476-4,0.18060954,0.0
4617089-1,4617089-2,0.87249905,1.0
4958625-2,4958625-4,0.40944648,1.0
7645293-1,7645293-2,0.7359568,1.0
5051666-1,5298907-1,0.38832203,0.0
3817136-1,3817136-7,0.7070659,1.0
3502835-1,7962324-3,0.12870695,0.0
2890504-1,8447050-1,0.6202651,0.0
3141718-1,6504317-1,0.18581544,0.0
6360200-2,8240598-1,0.3507171,0.0
2726128-2,2726128-7,0.84419554,1.0
4377485-3,7825471-1,0.38845202,0.0
5556788-1,5556788-3,0.66055036,1.0
3141707-6,3141707-8,0.98790854,1.0
6509929-1,6509929-3,0.5779817,1.0
8193993-1,8193993-2,0.26784986,1.0
1821026-1,4800938-1,0.056898475,0.0
8682950-1,8682950-3,0.9599044,1.0
6327474-1,6784619-1,0.17877908,0.0
4495700-1,6441667-1,0.6002886,0.0
8436292-3,8436292-7,0.822146,1.0
6426764-2,6426764-6,0.75549406,1.0
2740230-1,8298240-1,0.8980203,1.0
3555570-5,3555570-7,0.97596836,1.0
4400552-1,8641989-1,0.35183498,0.0
6158900-1,6694600-1,0.77757454,0.0
5480074-1,6369391-1,0.70544624,0.0
8721730-1,8721730-2,0.84763396,1.0
2566578-1,4988024-1,0.16009851,0.0
5405907-1,5961273-1,0.5183346,0.0
5819108-2,5819108-4,0.90736747,1.0
2628085-1,2628085-7,0.8641762,1.0
5340050-1,7641488-1,0.17912999,0.0
4993830-1,7559758-1,0.92445165,0.0
3965955-2,3965955-3,0.9583153,1.0
3178776-1,6210665-1,0.5074024,0.0
7372225-1,7529543-1,0.043903727,0.0
4913998-1,4913998-3,0.77127177,1.0
3723993-2,8021310-1,0.5994656,0.0
3423063-1,8569136-4,0.057872638,0.0
4090655-2,8226401-1,0.31106043,0.0
3335562-1,4159905-1,0.2615946,0.0
7066540-7,7066540-8,0.75967944,1.0
3785593-3,7020719-1,0.07220508,0.0
4553660-1,4553660-2,0.8434892,1.0
3673319-1,5221483-1,0.6231836,0.0
8211030-3,8211030-5,0.60406387,1.0
3657246-1,4049773-2,0.09003469,0.0
4737748-1,5789617-3,0.74584913,0.0
6460601-1,7461323-1,0.5947833,0.0
3527052-2,3527052-3,0.81982887,1.0
2687548-3,2687548-5,0.99042803,1.0
5088671-1,5088671-2,0.9228492,1.0
3276803-2,3276803-3,0.9773107,1.0
5909360-1,5909360-4,0.9852207,1.0
6166908-1,6166908-2,0.8986899,1.0
6142793-1,6142793-3,0.8425466,1.0
5201065-1,5201065-4,0.8814162,1.0
6299528-4,6299528-9,0.9072849,1.0
4153278-1,4153278-6,0.7587498,1.0
4329938-1,8523476-1,0.075363114,0.0
6349569-1,6349569-2,0.7280375,1.0
8038897-1,8427021-1,0.037763223,0.0
4075213-3,4075213-5,0.9763954,1.0
4937698-1,7459979-2,0.7564876,0.0
8301378-1,8301378-5,0.8283683,1.0
7265518-2,7448493-1,0.17051066,0.0
6275824-1,6275824-4,0.8426176,1.0
4216112-3,8312307-1,0.90765405,0.0
6505230-1,8710844-2,0.17757635,0.0
7440240-3,7440240-6,0.7576611,1.0
6450233-1,6670194-1,0.032631427,0.0
6019244-1,8459802-1,0.80735177,0.0
5806580-2,5806580-3,0.50785834,1.0
2759628-3,2759628-4,0.8053302,1.0
514615-1,7214555-1,0.13506268,0.0
3894443-2,4832896-1,0.36338627,0.0
6048239-1,6226587-1,0.0961272,0.0
4553291-1,4553291-2,0.7528335,1.0
7251434-3,7251434-4,0.94695616,1.0
6336730-1,6336730-7,0.3051102,1.0
3816041-1,4421282-1,0.24173738,0.0
4203675-1,7533407-1,0.81410193,1.0
3667308-1,8647373-1,0.5343697,0.0
3284869-1,5471772-1,0.15833864,0.0
3483657-1,4977740-1,0.17105013,0.0
6712609-3,6712609-6,0.8635632,1.0
6728788-1,6728788-3,0.960269,1.0
7962471-1,7962471-2,0.6973581,1.0
4086582-3,4086582-4,0.39949968,1.0
3298519-1,3298519-2,0.9504499,1.0
8286409-1,8286409-2,0.7179273,1.0
4389472-1,8255285-1,0.1929049,0.0
4639334-1,4639334-2,0.7769779,1.0
3433557-1,8093766-1,0.3517812,0.0
7061535-1,7580308-1,0.49184197,1.0
4958707-2,5902111-1,0.41775265,0.0
8259403-1,8259403-4,0.9390253,1.0
7006440-1,7006440-7,0.8654015,1.0
1660560-1,1660560-2,0.96877307,1.0
8500051-1,8500051-2,0.7659771,1.0
7147292-2,7275959-1,0.093247846,0.0
6103365-1,6103365-5,0.8893769,1.0
6205315-1,6205315-2,0.5059337,1.0
3683465-1,5646313-1,0.02798015,0.0
7577788-1,7577788-2,0.9744613,1.0
5405907-1,5961273-1,0.5183346,0.0
3425250-1,3425250-2,0.76927215,1.0
6852677-3,6852677-4,0.55962336,1.0
4155769-1,6131847-1,0.43342024,0.0
5084613-1,5084613-5,0.9468779,1.0
7700776-1,8295969-1,0.11857328,0.0
5107858-1,5107858-2,0.8135449,1.0
2633341-1,7768392-4,0.19370772,0.0
7992724-2,7992724-3,0.92253107,1.0
3361854-1,3361854-2,0.8584336,1.0
7220740-1,7220740-2,0.17778534,1.0
6397731-1,7083191-1,0.47605947,0.0
6027691-1,6027691-3,0.99254525,1.0
3005640-1,6744737-2,0.6552587,0.0
5649805-2,5649805-7,0.7103936,1.0
7323262-1,7323262-2,0.13152407,0.0
5798141-1,7780566-1,0.25189894,0.0
8047295-4,8047295-5,0.9629015,1.0
3214811-1,6215988-1,0.42290416,0.0
8391342-18,8391342-19,0.8960831,1.0
7031900-1,7337468-1,0.03217801,0.0
5207297-1,8346777-2,0.48351875,0.0
6567768-1,8136328-1,0.6345208,0.0
8526613-2,8526613-3,0.8921406,1.0
4998851-1,4998851-7,0.6261524,1.0
4857301-1,6032555-1,0.035387717,0.0
4553364-1,7050623-2,0.28618702,0.0
4421382-1,7602521-3,0.5055098,0.0
3568885-1,6314718-1,0.79332584,0.0
2432066-1,7588683-1,0.3509152,0.0
4226926-1,4230753-1,0.18583535,0.0
2840960-1,7512028-1,0.24911575,0.0
3051892-2,3051892-3,0.8264698,1.0
2879730-2,2879730-4,0.9465362,1.0
7393473-2,7393473-3,0.7495822,1.0
4307220-1,6167081-3,0.21753235,0.0
6311234-1,7253935-1,0.15047541,0.0
7963417-2,7963417-7,0.8725561,1.0
8684541-1,8684541-4,0.6381062,1.0
8077172-11,8077172-4,0.8966522,1.0
8391342-28,8391342-29,0.9519762,1.0
5299218-2,5299218-3,0.9719104,1.0
4137638-1,7684991-1,0.083188646,0.0
6371746-4,6371746-6,0.58288264,1.0
2955342-1,2955342-3,0.93034834,1.0
5015253-1,5015253-2,0.64573336,1.0
4765015-1,4765015-2,0.99665064,1.0
5962620-1,7234965-1,0.46044943,0.0
3213717-1,5731098-1,0.3300259,0.0
5581415-1,5581415-4,0.90097606,1.0
6042488-2,6042488-3,0.6214533,1.0
8448394-1,8448394-4,0.47153622,1.0
3500982-1,3500982-2,0.87791204,1.0
4955461-1,7983607-1,0.054608546,0.0
8123257-2,8123257-8,0.6297945,1.0
8046440-1,8046440-2,0.9481685,1.0
6968883-1,8230156-1,0.1798689,0.0
8294413-2,8294413-5,0.88536286,1.0
6552571-2,6552571-3,0.8983874,1.0
5624261-1,7925058-1,0.14736627,0.0
7529487-1,7529487-3,0.91064036,1.0
5118859-1,5464515-9,0.2134824,0.0
2923780-1,4214435-1,0.070244625,0.0
2726533-2,2726533-4,0.98061365,1.0
5813420-1,6160050-9,0.51307875,0.0
5201065-2,5201065-9,0.9331397,1.0
3022561-1,6367946-1,0.022363296,0.0
3271498-1,4311362-3,0.0801609,0.0
4158769-1,5471753-1,0.23169012,0.0
7710456-1,8383586-1,0.53932536,0.0
5438834-1,8214399-1,0.70507705,0.0
3145886-1,5598866-1,0.109666914,0.0
5017632-3,7996811-3,0.12106591,0.0
4009207-1,6555996-1,0.16597264,0.0
7829630-6,7829630-7,0.9589142,1.0
6935495-3,6935495-4,0.94386303,1.0
6786171-4,6786171-6,0.86317235,1.0
4195264-1,4195264-2,0.5059229,1.0
4268508-1,7989822-1,0.2793604,0.0
4302515-1,4302515-3,0.79859954,1.0
1526717-1,6106746-1,0.04333659,0.0
4415556-1,4415556-2,0.9045754,1.0
3142843-1,3808859-1,0.70286286,0.0
4228210-1,6392620-1,0.34013435,0.0
4888757-1,6387697-1,0.029110031,0.0
6360730-1,8485263-1,0.6261178,0.0
4170659-3,4170659-8,0.44851348,1.0
3639158-15,3639158-16,0.62918305,1.0
7768392-5,7768392-8,0.96579635,1.0
7561635-1,7847093-4,0.29200205,0.0
4405969-1,4405969-3,0.58864206,1.0
7455599-1,7598250-1,0.080446966,0.0
6295374-1,6295374-2,0.419394,1.0
4676493-2,4676493-3,0.736464,1.0
8238287-1,8480130-2,0.85266006,0.0
4958707-2,5902111-1,0.41775265,0.0
6428001-1,7383197-1,0.25780192,0.0
2631494-1,6179102-1,0.25897986,0.0
3214566-1,5461669-1,0.2890482,0.0
6197948-1,7535011-1,0.02094692,0.0
7176025-1,7176025-2,0.5137936,1.0
6712784-2,6712784-4,0.86788964,1.0
3051892-2,3051892-3,0.8264698,1.0
3573018-1,4824360-1,0.6117545,0.0
3746149-1,6693792-1,0.17220405,0.0
7451169-6,7552537-1,0.66867673,0.0
8569136-12,8569136-9,0.99193573,1.0
3253408-1,6784639-1,0.15072975,0.0
4829397-1,8089452-1,0.7462399,0.0
4602778-1,4602778-2,0.2900802,1.0
6738168-1,6738168-2,0.56678116,1.0
5678687-1,5755244-2,0.2285196,0.0
4047694-1,4047694-4,0.7517259,1.0
4241042-1,6146672-1,0.21849439,0.0
7735012-1,7735012-3,0.6918565,1.0
5635179-1,7489675-1,0.39012814,0.0
3116130-1,3116130-5,0.9719158,1.0
4054591-1,4054591-2,0.94196856,1.0
6701085-1,6701085-3,0.70785296,1.0
7754281-1,7754281-2,0.9570372,1.0
4359729-1,4359729-2,0.85315627,1.0
2804096-2,2804096-4,0.9122227,1.0
8383623-1,8383623-2,0.96487087,1.0
5985057-1,5985057-5,0.61849374,1.0
2687548-10,2687548-4,0.84103,1.0
4564668-1,4564668-3,0.93460464,1.0
5022210-1,6008761-1,0.39476854,0.0
1564177-2,1564177-4,0.44755864,1.0
7071887-1,7071887-4,0.7281706,1.0
6275832-3,6275832-5,0.9428917,1.0
7455599-1,7598250-1,0.080446966,0.0
6145046-1,6145046-4,0.5552042,1.0
3264539-1,8647707-1,0.52061313,0.0
3140672-1,5729248-1,0.083027385,0.0
6611857-1,6611857-2,0.83196837,1.0
3483875-1,3483875-2,0.24953674,1.0
3968977-2,3968977-3,0.8943038,1.0
5352878-1,5352878-3,0.87526596,1.0
5155483-1,6883883-1,0.65701693,0.0
3469180-1,8439022-1,0.028565655,0.0
5054504-1,6600103-1,0.11780812,0.0
6106975-1,6676831-1,0.5853022,0.0
3667440-2,3667440-3,0.67347,1.0
4569403-1,8052149-1,0.5486945,0.0
6858974-1,6858974-3,0.6908043,1.0
2803854-1,4799239-1,0.12916218,0.0
3168038-1,5960513-1,0.3330985,0.0
1906806-1,1906806-6,0.87877595,1.0
3263275-1,3263275-3,0.9293923,1.0
6447420-1,6447420-2,0.91068554,1.0
5776002-1,5984462-1,0.5441255,0.0
3701835-3,5891952-1,0.36749396,0.0
3698236-1,5799648-1,0.44358125,0.0
4881626-4,4881626-5,0.4681749,1.0
2577938-1,2577938-3,0.9572017,1.0
3380669-1,3380669-2,0.8263051,1.0
8392756-2,8392756-3,0.7276572,1.0
1797050-1,3084168-1,0.2892144,0.0
6882683-1,6882683-2,0.6754619,1.0
6745135-1,6745135-4,0.79574895,1.0
4371621-1,5898118-1,0.7577325,1.0
7863254-4,7863254-5,0.8911274,1.0
6537047-1,6537047-5,0.5119642,1.0
5337234-9,8304346-1,0.8474113,0.0
8415640-2,8415640-5,0.85219115,1.0
2737770-1,3683167-1,0.065020025,0.0
6133394-1,6133394-2,0.5610488,1.0
3702654-3,7476338-2,0.7275121,0.0
3678855-1,5803962-1,0.531194,0.0
5248450-1,6284872-1,0.6880284,0.0
2080628-1,4288837-1,0.0215781,0.0
6178332-2,6178332-5,0.84713733,1.0
5065333-1,5065333-2,0.1981224,1.0
8109047-2,8109047-3,0.97074234,1.0
4721167-1,4747941-1,0.46781272,0.0
8071213-2,8071213-3,0.78092015,1.0
2529260-1,4601425-1,0.09202612,0.0
3005640-1,6744737-2,0.6552587,0.0
6160050-4,6160050-5,0.8232337,1.0
2858852-1,5971287-1,0.025292033,0.0
7585506-3,7585506-4,0.988772,1.0
2693830-1,4333530-1,0.05313666,0.0
7898562-2,8102661-1,0.5240593,0.0
7189886-1,8091626-1,0.04507277,0.0
5946425-1,5989544-1,0.17503563,0.0
4916828-1,5742438-1,0.16354455,0.0
5642131-10,5642131-9,0.96951586,1.0
5630053-1,8437584-2,0.75133646,0.0
4463788-1,5750497-1,0.029989656,0.0
4717387-3,4717387-5,0.9821339,1.0
6759615-1,7673274-1,0.1021839,0.0
3518713-1,5426015-1,0.77456117,0.0
3800334-1,4142935-1,0.11360194,0.0
8699863-2,8699863-6,0.9311147,1.0
7006440-1,7006440-7,0.8654015,1.0
7318102-2,7318102-3,0.96737325,1.0
8391342-13,8391342-14,0.20900638,1.0
3275504-1,3502413-2,0.19930063,0.0
6847994-2,6847994-4,0.9830073,1.0
3757259-1,5674737-1,0.29015604,0.0
7147292-2,7275959-1,0.093247846,0.0
6824788-1,6824788-2,0.9377214,1.0
3474966-1,8557518-1,0.20918968,0.0
2526450-1,4604288-3,0.18949108,0.0
3017876-2,3017876-4,0.48055288,1.0
8528572-1,8528572-4,0.6575433,1.0
8531180-3,8531180-4,0.5609675,1.0
8383533-4,8383533-5,0.7511789,1.0
2693828-1,4225066-1,0.22399259,0.0
2804096-2,2804096-4,0.9122227,1.0
8626173-1,8626173-3,0.92461294,1.0
6624786-1,6624786-3,0.83215386,1.0
5678687-1,5755244-2,0.2285196,0.0
7253536-1,7253536-2,0.43380085,1.0
3653244-1,4898119-1,0.04354492,0.0
3511952-1,3654119-1,0.27177766,0.0
2765188-1,7606407-3,0.44392392,0.0
6036831-1,7325579-2,0.26389533,0.0
5372497-1,5372497-2,0.6444427,1.0
4005186-1,8032976-1,0.48185754,0.0
7649492-1,7649492-2,0.65792364,1.0
4009207-1,6555996-1,0.16597264,0.0
4772557-4,7443985-1,0.27161187,0.0
5315218-1,5315218-4,0.949107,1.0
4461739-1,6177674-1,0.64441705,0.0
3538185-1,6831224-1,0.132415,0.0
5836194-3,5836194-4,0.97714657,1.0
3214513-1,6476616-1,0.41075516,0.0
5613318-1,7923699-3,0.114069216,0.0
5056286-1,7773109-1,0.74917686,0.0
3216882-1,6332565-1,0.15011527,0.0
2879827-1,2879827-2,0.7277981,1.0
5421160-6,5421160-8,0.76748794,1.0
3961933-1,4239754-1,0.38580188,0.0
6384041-1,6384041-3,0.8620805,1.0
7337025-2,7337025-3,0.96333385,1.0
4375774-1,6006626-1,0.03790006,0.0
7695266-10,7695266-7,0.6318499,1.0
5451758-1,7431938-1,0.49218535,0.0
7726239-1,7726239-2,0.8695869,1.0
7649792-1,7649792-2,0.6067003,1.0
3599747-1,3599747-2,0.989989,1.0
8585856-1,8638050-1,0.07934417,0.0
8411108-1,8411108-3,0.8524388,1.0
5488070-1,8255753-1,0.032570984,0.0
8278647-1,8278647-3,0.43112272,1.0
2858852-1,5971287-1,0.025292033,0.0
3191478-1,6006902-1,0.4223611,0.0
8077172-5,8231184-1,0.9740597,0.0
7450561-3,7450561-4,0.95516545,1.0
2995998-1,5405127-1,0.17108923,0.0
5124455-1,5124455-3,0.9550238,1.0
4364005-2,7344136-1,0.19499068,0.0
3420097-1,6194638-1,0.53917545,0.0
8151272-3,8151272-4,0.7817016,1.0
2913817-1,2913817-2,0.81344914,1.0
6176314-1,8202387-2,0.04631753,0.0
7575294-2,7575294-4,0.8883863,1.0
5502503-1,5502503-2,0.7664292,1.0
3336230-1,7006328-1,0.10147352,0.0
6702865-2,6702865-3,0.95485073,1.0
3126734-1,3126734-5,0.9678928,1.0
6791392-1,6791392-2,0.7116475,1.0
3143102-1,4567365-1,0.52824724,0.0
3874988-3,7761291-1,0.24431685,0.0
4245924-7,8122203-1,0.22258323,0.0
3671523-1,3671523-2,0.9007614,1.0
3391621-1,5642479-3,0.9379604,0.0
5613267-1,7443826-3,0.25340417,0.0
5968295-1,5968295-2,0.4395427,1.0
3979793-1,3979793-2,0.9639166,1.0
4765255-4,4765255-5,0.76787776,1.0
7882755-3,7882755-5,0.59031624,1.0
6601193-2,6601193-3,0.8022204,1.0
2934585-1,8631373-1,0.53635216,0.0
1564184-1,4722517-1,0.03617264,0.0
7319819-1,7319819-4,0.9760938,1.0
3890227-1,4431013-1,0.17786895,0.0
8393241-8,8393241-9,0.94831675,1.0
6558134-1,6558134-4,0.7999931,1.0
4660716-1,8166483-1,0.22622031,0.0
3957503-1,3957503-2,0.6923208,1.0
3843640-5,3843640-6,0.95358765,1.0
5042625-1,5042625-2,0.37286615,1.0
6700539-1,8180324-1,0.48933583,0.0
8492880-3,8492880-4,0.8141491,1.0
7784239-3,7784239-8,0.7697301,1.0
6257534-1,6257534-4,0.98708284,1.0
7349802-3,7349802-4,0.89474064,1.0
6715557-1,8693695-1,0.022198522,0.0
6906647-2,7416831-1,0.3881537,0.0
1382255-1,4469136-1,0.6045193,0.0
7714405-1,7714405-2,0.9967002,1.0
7586420-2,7586420-3,0.97507215,1.0
4251001-1,5282937-1,0.14896631,0.0
3437272-1,3437272-2,0.8136846,1.0
5320317-1,6637575-1,0.39957812,0.0
7353707-2,7353707-4,0.9145252,1.0
5237193-3,5237193-4,0.80777895,1.0
5222632-2,5525505-1,0.59757906,0.0
4857363-1,4857363-2,0.5530777,1.0
8626173-1,8626173-3,0.92461294,1.0
3178776-1,6210665-1,0.5074024,0.0
4217061-1,4217061-2,0.9689381,1.0
5828042-1,7315262-1,0.4429905,0.0
6332995-1,6332995-2,0.8131536,1.0
6370578-1,6370578-4,0.97767234,1.0
3057253-1,6816536-1,0.17225939,0.0
4429388-1,4438191-1,0.16241665,0.0
3304208-2,3304208-3,0.61083996,1.0
4384320-1,4384320-2,0.8966122,1.0
3633293-1,3633293-3,0.8618445,1.0
8611606-3,8611606-7,0.98148793,1.0
3644771-1,3644771-3,0.88027835,1.0
5137971-2,5137971-7,0.6489697,1.0
3183720-1,6624950-1,0.26916897,0.0
4865644-2,4865644-3,0.9347757,1.0
3437074-2,6337964-1,0.30653894,0.0
8415956-1,8415956-2,0.6581099,1.0
6122645-1,7296883-1,0.6705641,0.0
8028151-10,8028151-4,0.7165797,1.0
3283526-2,7609150-4,0.06330198,0.0
7012558-1,7012558-3,0.87756985,1.0
5965133-1,5965133-2,0.73283875,1.0
5604601-2,5604601-4,0.37037656,1.0
4198563-1,4198563-5,0.61332834,1.0
7992724-2,7992724-3,0.92253107,1.0
7431202-1,7431202-3,0.96567154,1.0
5376402-1,8415306-1,0.5476874,0.0
5422738-1,8665562-1,0.3494435,0.0
5460409-1,8605449-4,0.055970382,0.0
4251001-1,5282937-1,0.14896631,0.0
4500871-1,4500871-2,0.8658289,1.0
2815756-10,2815756-3,0.8615512,1.0
5981144-2,5981144-4,0.5444531,1.0
3891421-2,5485294-1,0.9348411,0.0
8531158-3,8531158-5,0.65706414,1.0
6376547-1,6376547-2,0.52998596,1.0
3249300-1,4216673-1,0.22955446,0.0
5469888-1,5469888-2,0.6143415,1.0
5416792-1,8607350-1,0.45531842,0.0
6236112-2,6236112-5,0.9909548,1.0
2841809-1,7415228-1,0.31734276,0.0
7872057-5,7872057-7,0.8874256,1.0
6287128-1,6287128-2,0.76236,1.0
5988756-2,5988756-4,0.9730685,1.0
2729301-1,4302552-1,0.48508447,0.0
6852754-2,6852754-4,0.9575091,1.0
4157488-1,4157488-2,0.7058692,1.0
7308791-1,7308791-3,0.53054667,1.0
4529966-1,6510563-1,0.35302588,0.0
3927005-1,7685842-1,0.112119645,0.0
7322111-1,7322111-2,0.92102605,1.0
7322092-1,7322092-2,0.9005756,1.0
5914151-1,5914151-2,0.9621906,1.0
4129602-2,4129602-4,0.907646,1.0
5496301-2,7154251-1,0.56289524,0.0
5561421-1,8043518-1,0.25817814,0.0
3089823-1,6154823-1,0.1827282,0.0
3077507-1,6515748-1,0.7640847,0.0
8529193-1,8529193-4,0.96056217,1.0
7520762-2,7520762-5,0.82764214,1.0
5838759-1,8357521-1,0.5256518,1.0
5125193-1,5125193-2,0.4414385,1.0
8129005-2,8129005-3,0.8970456,1.0
4717387-1,4717387-5,0.8013766,1.0
4377485-2,4377485-3,0.96621674,1.0
8569136-3,8569136-8,0.9627285,1.0
4195264-1,4195264-2,0.5059229,1.0
5320317-1,6637575-1,0.39957812,0.0
3653244-1,4898119-1,0.04354492,0.0
6205782-1,7725117-1,0.25941175,0.0
6615421-1,7568822-4,0.5754231,0.0
8242326-1,8242326-2,0.9980946,1.0
3080302-2,3080302-3,0.8568443,1.0
4338636-1,8343010-2,0.11041021,0.0
7505619-1,8258411-1,0.06333328,0.0
2859224-1,5499883-1,0.20612091,0.0
3965928-1,6899330-1,0.52655345,0.0
4053581-1,4053581-2,0.74829006,1.0
4460242-1,6458812-1,0.26591372,0.0
3286309-1,3286309-4,0.85559744,1.0
3509421-1,4400448-1,0.66866136,0.0
4269622-5,4269622-6,0.8955942,1.0
6528436-2,6528436-3,0.78515,1.0
4215971-1,7532873-1,0.046933595,0.0
3349473-1,8093108-1,0.18507369,0.0
8391342-30,8391342-6,0.26124138,0.0
4522049-1,4522049-2,0.42603344,1.0
7366761-2,7366761-4,0.9549095,1.0
7656017-1,7773524-1,0.2590931,0.0
4327550-1,7824834-2,0.21698749,0.0
4359697-1,8452862-1,0.48384935,0.0
6371506-1,6559182-1,0.42715544,0.0
3479818-1,8046441-1,0.20554528,0.0
8445133-2,8687796-1,0.9037892,0.0
5390126-1,5390126-3,0.755607,1.0
8293387-3,8293387-4,0.9434913,1.0
6302382-1,7082866-2,0.20514216,0.0
4367114-1,4850250-1,0.20835719,0.0
3339080-1,3339080-2,0.9265211,1.0
5248450-1,5984270-1,0.45078453,0.0
4140119-1,4140119-2,0.94063026,1.0
5819108-1,5819108-4,0.9165122,1.0
6884946-1,6884946-2,0.5308387,1.0
6466910-1,6466910-2,0.9475493,1.0
3177918-4,3177918-5,0.75980836,1.0
6046101-1,6046101-3,0.49079502,1.0
3283526-2,7609150-4,0.06330198,0.0
4955475-2,4955475-4,0.7352567,1.0
2800011-1,3159937-1,0.90788263,1.0
4604288-2,4604288-5,0.7534348,1.0
8393737-1,8393737-2,0.7539551,1.0
539248-1,6310527-1,0.28893414,0.0
7060531-1,7569279-1,0.26835972,0.0
4541672-1,4541672-5,0.95653087,1.0
6530164-1,8313357-1,0.44737953,0.0
6713097-1,6713097-2,0.97685325,1.0
5653679-1,5653679-2,0.92403895,1.0
8391342-27,8391342-4,0.8982112,1.0
1199590-1,4602606-1,0.095101945,0.0
4389382-3,4389382-4,0.9197636,1.0
3867874-1,8324390-1,0.08089779,0.0
7856932-2,7856932-3,0.9911164,1.0
3497577-1,6688735-2,0.41367027,0.0
6492330-1,6826083-1,0.08980869,0.0
7328963-2,7328963-3,0.94473535,1.0
6831242-1,6831242-2,0.96789396,1.0
3186895-1,8070069-1,0.5836294,0.0
4636727-1,6324896-1,0.7708954,0.0
7829275-1,7829275-2,0.8711854,1.0
8527556-2,8527556-4,0.5939359,1.0
5506090-1,5506090-3,0.919387,1.0
7006440-1,7006440-7,0.8654015,1.0
4336678-3,4336678-4,0.115822844,1.0
4198592-1,5556895-1,0.046948977,0.0
4217299-1,7182974-1,0.2404864,0.0
8367389-3,8367389-4,0.9008258,1.0
5481954-1,7924160-3,0.22543181,0.0
8155605-2,8606088-1,0.41378585,0.0
2910292-1,2910292-2,0.866776,1.0
3504291-1,5485284-1,0.8633469,0.0
6691767-1,6691767-4,0.88507307,1.0
4905968-2,6963280-2,0.6810655,0.0
7008770-1,7008770-2,0.67462146,1.0
3421943-1,3937490-1,0.3160457,0.0
3267372-1,3267372-4,0.7575862,1.0
7844909-1,8360356-1,0.8464509,1.0
7006440-8,7006440-9,0.6375289,1.0
7082866-1,7082866-2,0.911737,1.0
5122605-2,8147490-1,0.38169572,0.0
7653752-1,7653752-2,0.59686685,1.0
8202334-1,8202334-2,0.8807627,1.0
2526448-1,3812853-1,0.14803779,0.0
6318083-1,6318083-3,0.7582905,1.0
8077172-19,8077172-3,0.7600982,1.0
5005694-1,5045696-1,0.08354602,0.0
6434444-6,6434444-8,0.7459284,1.0
6636574-1,7440168-1,0.36039323,0.0
3591061-1,3591061-2,0.6511421,1.0
3049879-1,6315145-1,0.3017242,0.0
3871035-2,3871035-3,0.45989594,1.0
2884459-1,6925888-1,0.26987106,0.0
5029321-1,8192795-1,0.12988484,0.0
4325202-2,5858840-1,0.15081865,0.0
8360323-1,8360323-2,0.8313697,1.0
3116130-3,4463226-1,0.21820106,0.0
4145480-3,5649119-2,0.13202448,0.0
3261412-1,7714748-1,0.19623907,0.0
3479417-1,6775712-1,0.07973035,0.0
4770648-1,7529493-1,0.45430633,0.0
2845144-2,2845144-4,0.6310369,1.0
6196253-1,6196253-2,0.6339297,1.0
4813076-1,4813076-3,0.8680845,1.0
5217005-2,8473938-11,0.62992656,0.0
3458969-2,3458969-4,0.6513326,1.0
6875521-1,8419424-1,0.049364626,0.0
8088476-1,8088476-2,0.7656956,1.0
6344923-1,6350341-1,0.31653026,0.0
5571603-4,5571603-5,0.9827816,1.0
3968625-1,4839247-1,0.2287292,0.0
5503666-1,8682950-1,0.020567797,0.0
7909218-2,7909218-3,0.7431369,1.0
4660716-1,8166483-1,0.22622031,0.0
8055885-1,8055885-3,0.81049865,1.0
3884113-2,3884113-3,0.600046,1.0
8056374-2,8056374-6,0.96238977,1.0
6713097-1,6713097-5,0.79818726,1.0
8178924-1,8610879-1,0.049692646,0.0
2995998-1,5405127-1,0.17108923,0.0
8326146-1,8326146-2,0.64289445,1.0
5360045-1,7952668-1,0.07020609,0.0
3072537-1,3072537-2,0.6894782,1.0
6047546-1,7752548-1,0.6089767,0.0
3312019-1,5036190-1,0.2891902,0.0
4005095-1,4005095-2,0.84145427,1.0
8086418-1,8283598-1,0.033449553,0.0
3345597-1,6144602-1,0.1675921,0.0
4810902-1,4810902-2,0.7670571,1.0
6615256-2,6615256-4,0.91198224,1.0
7276577-2,7276577-3,0.95433176,1.0
7119018-1,8186315-1,0.0620316,0.0
7477961-4,7477961-5,0.5453152,1.0
4900332-1,4900332-3,0.52994996,1.0
8045356-1,8045356-4,0.28127274,1.0
3170099-1,3170099-3,0.96313214,1.0
3026341-1,3026341-3,0.9338293,1.0
5670526-1,8217994-1,0.3459993,0.0
2840960-1,7512028-1,0.24911575,0.0
7219985-1,7606916-2,0.08625682,0.0
3414796-2,6218347-2,0.2788831,0.0
3121064-1,5991225-1,0.1113692,0.0
7061685-2,7061685-5,0.9652441,1.0
8710561-10,8710561-7,0.302133,1.0
5556707-1,5556707-2,0.8568818,1.0
3530754-1,6186323-2,0.07636894,0.0
7737761-2,8578242-2,0.57904613,0.0
6113765-1,6504019-1,0.3213702,0.0
6213664-4,6213664-5,0.7225679,1.0
7520787-1,7846429-1,0.1995382,0.0
3223957-1,3223957-2,0.21077347,1.0
4136959-1,4136959-4,0.971524,1.0
3848791-1,3848791-3,0.9097045,1.0
2882084-1,3723003-1,0.39198327,0.0
8615408-1,8615408-2,0.7077654,1.0
3660495-1,7294899-2,0.95561004,1.0
3108944-1,4962887-1,0.107449956,0.0
5288423-3,5288423-7,0.94843626,1.0
3209597-1,4247509-1,0.39975578,0.0
7856932-2,7856932-3,0.9911164,1.0
6816128-1,7262705-1,0.066043705,0.0
5988756-2,5988756-5,0.8878733,1.0
5715253-1,8257447-1,0.99284613,1.0
2931397-1,8360259-2,0.5688733,0.0
3293089-1,3293089-2,0.8609174,1.0
6612332-1,6635142-1,0.23136394,0.0
8007227-1,8007227-2,0.56510806,1.0
3517965-1,5358156-1,0.5025265,0.0
5702700-1,7455761-1,0.52749366,0.0
3108944-1,4962887-1,0.107449956,0.0
2995939-1,7511067-1,0.12251705,0.0
3974743-1,3974743-2,0.98202366,1.0
3376880-1,4772568-1,0.32742453,0.0
4549487-1,8635639-1,0.08401237,0.0
4602778-1,4602778-2,0.2900802,1.0
4247011-1,4683505-2,0.31442636,0.0
8391342-15,8391342-8,0.61852044,1.0
3770888-1,3770888-3,0.6026996,1.0
3874335-1,6938728-1,0.034497533,0.0
7784239-5,7784239-9,0.46123984,1.0
5593448-1,5593448-3,0.7523672,1.0
6149306-1,6149306-5,0.8862116,1.0
7295558-1,7295558-2,0.87936497,1.0
3339080-1,3339080-2,0.9265211,1.0
7457301-1,8154941-1,0.32671994,0.0
7738107-1,7738107-2,0.39966455,1.0
7029340-1,8552420-1,0.5213736,0.0
5965767-1,6134406-1,0.2985475,0.0
3110468-1,3110468-2,0.8684604,1.0
3395165-1,4653751-2,0.4280691,0.0
5248450-1,5984270-1,0.45078453,0.0
3975209-1,3975209-2,0.7676834,1.0
6436465-1,6436465-3,0.8612475,1.0
3796393-1,8489774-1,0.70714086,0.0
5642424-1,6720358-1,0.10348053,0.0
8186578-4,8186578-7,0.85880315,1.0
8388796-5,8388796-8,0.45739728,1.0
4037678-1,4847499-3,0.14938746,0.0
3639158-11,3639158-15,0.6381111,1.0
6702865-2,6702865-3,0.95485073,1.0
5367597-1,5367597-2,0.13159288,1.0
6060766-2,6060766-6,0.78237873,1.0
6682246-1,7412888-1,0.18354063,0.0
8393241-1,8393241-4,0.8736293,1.0
3514939-1,5930228-1,0.20654579,0.0
6829831-1,6829831-2,0.8369438,1.0
8611478-1,8611478-4,0.5007125,1.0
6159302-2,6159302-4,0.90407956,1.0
4107223-2,4107223-3,0.988948,1.0
3556532-2,3556532-4,0.9732986,1.0
4304165-1,8327140-1,0.12152371,0.0
6006723-1,6243525-1,0.0787048,0.0
3440936-1,7847594-1,0.46162057,0.0
4145547-2,8442218-1,0.725329,0.0
7874292-3,8191185-1,0.4182786,0.0
8353083-2,8353083-5,0.8488515,1.0
8261160-1,8261160-2,0.50883,1.0
4947757-3,4947757-4,0.5688446,1.0
4034504-1,4034504-3,0.5155358,1.0
8186578-3,8186578-5,0.77421516,1.0
8123389-1,8123389-4,0.970744,1.0
2845143-1,4398782-1,0.91099036,0.0
6757016-3,6757016-5,0.4624028,1.0
4189240-1,5568184-1,0.12738739,0.0
8428511-1,8428511-5,0.6644324,1.0
4363960-1,8628920-1,0.29135033,0.0
3132910-1,3132910-2,0.9590306,1.0
7700296-4,7700296-5,0.9151144,1.0
4686708-1,8542344-1,0.10457527,0.0
4208499-2,4208499-3,0.74076176,1.0
4026806-1,7144777-1,0.46292776,0.0
3354861-1,8358769-1,0.22489567,0.0
8583680-1,8583680-2,0.8583072,1.0
4442263-3,5706404-1,0.15887986,0.0
6978972-1,7810099-1,0.33245996,0.0
5221483-1,5221483-2,0.6358121,1.0
7475778-1,8326098-2,0.29741323,0.0
7587992-5,7587992-8,0.9923363,1.0
3635220-1,7297480-1,0.7425294,0.0
4746979-1,7870256-1,0.25289893,0.0
1906806-10,1906806-2,0.95771146,1.0
6350920-1,6350920-2,0.7690296,1.0
4891829-1,6113835-1,0.57717323,0.0
5698201-1,5698201-2,0.9814073,1.0
4663799-2,4663799-3,0.7643195,1.0
3664473-1,7751069-3,0.371952,0.0
2856400-2,2856400-4,0.46349618,1.0
3421919-1,5289124-2,0.6257938,0.0
3400881-1,6018445-1,0.2382291,0.0
5865279-5,5865279-9,0.97788614,1.0
3373999-1,3412107-1,0.59821254,0.0
4275753-1,8350112-1,0.42426777,0.0
5048704-3,5048704-7,0.9011388,1.0
6619461-1,8275449-1,0.0625062,0.0
4040387-2,4119338-1,0.47327322,0.0
7673048-1,7920567-1,0.5243463,0.0
4049013-1,5838879-1,0.3704367,0.0
2628018-3,2628018-4,0.8758371,1.0
3740606-1,3740606-3,0.97648203,1.0
7745691-1,7745691-6,0.9859319,1.0
7981696-1,7981696-3,0.84432256,1.0
8603360-1,8603360-4,0.8691388,1.0
7045945-1,7045945-3,0.9064745,1.0
2726128-2,2726128-7,0.84419554,1.0
7798182-4,7798182-5,0.54281634,0.0
6526982-2,6526982-3,0.6816047,1.0
4602880-1,6098899-1,0.32455465,0.0
8643187-2,8643187-3,0.83837813,1.0
3378439-1,4980826-1,0.3718155,0.0
7556219-1,7556219-2,0.8661504,1.0
6796684-4,6796684-5,0.51073235,1.0
3894443-2,4832896-1,0.36338627,0.0
1361803-2,4989396-1,0.6025052,0.0
1906806-10,1906806-2,0.95771146,1.0
8393241-8,8393241-9,0.94831675,1.0
6138539-2,7836026-1,0.48938745,0.0
3044576-1,5965108-1,0.32896224,0.0
3697985-3,3697985-4,0.91832775,1.0
3150839-1,3150839-4,0.417181,1.0
3671523-1,3671523-2,0.9007614,1.0
4033141-3,4033141-4,0.64687437,1.0
4421974-1,4421974-2,0.64925224,1.0
3677624-1,3677624-2,0.5306738,1.0
2776156-2,2776156-7,0.99553776,1.0
4287898-4,6057532-1,0.37645286,0.0
2934591-1,8565003-1,0.36519003,0.0
5113927-5,5113927-8,0.83358604,1.0
2586017-1,6196664-1,0.066296436,0.0
8623195-1,8623195-4,0.9568963,1.0
5988756-4,5988756-6,0.33643517,1.0
7527865-2,7527865-3,0.860606,1.0
5865279-2,5865279-6,0.31950364,1.0
4925988-1,4925988-3,0.9320822,1.0
8353083-4,8353083-5,0.7282685,1.0
3978081-1,7256736-5,0.15142953,0.0
6434444-6,6434444-9,0.98504305,1.0
3250606-1,8579559-1,0.4155394,0.0
3174121-1,7033050-1,0.17213753,0.0
2734012-1,2796233-1,0.5112362,0.0
3545244-1,4604645-1,0.6477176,0.0
7700776-1,8295969-1,0.11857328,0.0
7014659-2,7014659-3,0.9055564,1.0
6464990-1,8454250-1,0.080379896,0.0
3874988-3,7761291-1,0.24431685,0.0
7163239-1,7163239-3,0.94112915,1.0
3877481-1,8284719-1,0.07940657,0.0
7485476-10,7485476-5,0.5819248,1.0
4783484-1,6667806-3,0.5741141,0.0
5538244-1,8078440-1,0.16282234,0.0
3479818-1,8046441-1,0.20554528,0.0
6580405-1,6580405-2,0.7431335,1.0
5044740-1,7583703-5,0.39506403,0.0
2930656-2,2930656-5,0.72030914,1.0
7754281-1,7754281-5,0.8807009,1.0
4662040-1,4662040-2,0.74146783,1.0
2769370-1,6120049-4,0.3667616,0.0
4281442-1,5590770-1,0.25162783,0.0
3724794-4,3724794-8,0.9466544,1.0
3429988-1,3806668-1,0.37824804,0.0
7440236-1,7440236-2,0.7381681,1.0
6004815-1,6004815-3,0.25945714,1.0
3868147-1,4921218-1,0.011149701,0.0
6236112-2,6236112-5,0.9909548,1.0
5728802-1,7805505-1,0.32606474,0.0
5488070-1,8255753-1,0.032570984,0.0
529263-2,529263-6,0.6884134,1.0
6593915-1,6593915-7,0.9264581,1.0
7045536-1,7045536-2,0.4054691,1.0
3399346-2,3399346-4,0.95090455,1.0
4604288-4,4604288-5,0.93224055,1.0
2276236-1,3296432-2,0.63141966,0.0
8636697-1,8636697-2,0.6159879,1.0
2873454-1,6240271-1,0.4112014,0.0
5492922-1,5492922-2,0.718331,1.0
3216882-1,6332565-1,0.15011527,0.0
7868555-1,8050179-2,0.3381537,0.0
7708753-2,7708753-3,0.8588748,1.0
6475699-1,8614090-1,0.10937526,0.0
7584299-1,8530181-4,0.1309817,0.0
5201065-1,5201065-4,0.8814162,1.0
3354431-1,7911169-1,0.029616974,0.0
8502507-1,8502507-2,0.35553482,1.0
7423211-3,7423211-8,0.9389547,1.0
3868147-1,4921218-1,0.011149701,0.0
6384041-1,6384041-3,0.8620805,1.0
4396542-2,5809600-1,0.3046068,0.0
4660492-1,4660492-3,0.97488546,1.0
5588791-1,7718669-1,0.11044508,0.0
5982496-1,8504045-4,0.29728046,0.0
6600094-1,6600094-2,0.88474,1.0
5366995-3,7067576-1,0.06201645,0.0
5313358-5,5313358-6,0.5670038,1.0
6213664-4,6213664-5,0.7225679,1.0
6925373-3,8254450-5,0.30443248,0.0
7035095-1,7522393-1,0.95897895,1.0
7367573-1,7367573-2,0.8753638,1.0
2740124-1,3080807-1,0.54860556,0.0
7829973-1,7829973-3,0.5599665,1.0
2952784-1,7550959-1,0.54681975,0.0
514615-1,7214555-1,0.13506268,0.0
6159299-1,7904161-1,0.2400393,0.0
4663301-2,7461323-1,0.2612306,0.0
5733438-1,5733438-2,0.8666983,1.0
6446032-1,6446032-2,0.894759,1.0
8650527-1,8650527-2,0.34508866,1.0
4593990-1,4593990-2,0.98310405,1.0
5332170-1,5332170-2,0.4923009,1.0
3996354-3,3996354-4,0.79125935,1.0
5597899-1,6018880-1,0.0558347,0.0
5447937-1,5447937-4,0.70582664,1.0
8531158-3,8531158-4,0.8734891,1.0
1687152-1,8015043-1,0.35761186,0.0
5516313-3,7105072-3,0.35423005,0.0
7106567-2,7106567-3,0.8862366,1.0
7850410-1,7850410-2,0.42335767,1.0
2330027-1,2330027-2,0.78312445,1.0
3349473-1,8093108-1,0.18507369,0.0
6862365-3,6862365-5,0.40023035,1.0
6745135-1,6745135-4,0.79574895,1.0
7768392-1,7768392-3,0.18847665,1.0
1804271-1,3980093-1,0.09474094,0.0
4458945-1,5405889-1,0.54747456,0.0
8516334-1,8516334-2,0.7940008,1.0
5466218-1,5803715-1,0.41668805,0.0
5108850-2,5108850-3,0.65978265,1.0
5962620-1,7234965-1,0.46044943,0.0
6452196-2,6452196-4,0.5275489,1.0
8455221-2,8455221-4,0.70362115,1.0
6704680-4,6946535-1,0.023219934,0.0
3754402-2,3754402-3,0.8012444,1.0
5108850-2,5108850-3,0.65978265,1.0
4026847-1,6794398-1,0.097794466,0.0
8343286-1,8343286-2,0.69166404,1.0
3849750-1,4940323-1,0.83265847,0.0
7875032-1,8371666-2,0.5677987,0.0
8610431-1,8610431-2,0.85011107,1.0
8646190-3,8646190-9,0.9006765,1.0
4245354-1,5298916-1,0.17961167,0.0
5005527-1,5538079-1,0.35976452,0.0
3109841-1,4049709-1,0.3889458,0.0
8301378-1,8301378-5,0.8283683,1.0
2635059-3,3555596-1,0.6990341,0.0
7004750-3,7470205-1,0.060824662,0.0
8015628-1,8015628-2,0.868156,1.0
5192293-1,5192293-2,0.65046793,1.0
3544906-10,3544906-12,0.8858559,1.0
2889853-1,4421636-1,0.39809433,0.0
2631494-1,6179102-1,0.25897986,0.0
4901834-1,7437135-2,0.053826883,0.0
3177918-4,3177918-5,0.75980836,1.0
3848848-1,4284497-1,0.19987643,0.0
6037803-1,6037803-4,0.61818284,1.0
3502223-2,3502223-6,0.9572181,1.0
2854355-1,8702016-1,0.3379601,0.0
4611983-1,6343326-1,0.1803396,0.0
5047992-1,7212738-1,0.2955297,0.0
2729474-1,6558365-2,0.27806336,0.0
4692029-1,4692029-3,0.8175228,1.0
8391342-18,8391342-7,0.9520124,1.0
6257534-3,6257534-6,0.7840708,1.0
8428280-2,8428280-9,0.81567097,1.0
4294462-1,7984890-1,0.2915327,0.0
4008251-1,5872262-3,0.5897709,0.0
2892662-1,7255555-1,0.16327883,0.0
7034466-1,7034466-3,0.67125607,1.0
5161513-2,5161513-7,0.618138,1.0
6130330-1,7276394-1,0.40704146,0.0
2913817-1,2913817-2,0.81344914,1.0
8055885-1,8055885-3,0.81049865,1.0
8436292-6,8436292-7,0.8734055,1.0
6988727-1,7753272-1,0.15811683,0.0
2629953-1,2629953-2,0.3945227,1.0
3275945-1,6370013-1,0.05064961,0.0
4140119-2,5473132-1,0.5497014,0.0
3152183-1,3152183-2,0.56472206,1.0
4282173-2,4282173-3,0.9061089,1.0
8211030-3,8211030-5,0.60406387,1.0
6076956-3,6593952-1,0.81002563,1.0
5968295-1,5968295-2,0.4395427,1.0
3758994-2,7493239-1,0.83546376,0.0
2577938-1,2577938-3,0.9572017,1.0
3978052-1,3978052-2,0.9782885,1.0
4256527-1,8054933-1,0.14933132,0.0
3183319-1,5806580-6,0.47016004,0.0
2649865-1,3447637-1,0.062926814,0.0
4782467-1,4782467-3,0.68810517,1.0
3280044-2,3280044-5,0.87491405,1.0
6799453-1,7335879-1,0.7574313,0.0
4837780-1,5921307-1,0.051919848,0.0
3391635-1,4536835-2,0.45386124,0.0
3168038-1,5960513-1,0.3330985,0.0
7331860-2,7331860-3,0.9148359,1.0
4716737-1,4716737-2,0.9888699,1.0
8406395-2,8406395-3,0.81155777,1.0
3817136-2,3817136-7,0.9155327,1.0
4410506-2,8622799-1,0.41946602,0.0
5643991-4,7294878-1,0.09277162,0.0
3540695-1,4327555-2,0.529423,0.0
7099753-3,7099753-4,0.9480167,1.0
3848621-1,6360888-1,0.12419422,0.0
4216332-1,5496301-2,0.2961581,0.0
4564668-1,4564668-3,0.93460464,1.0
7367386-6,7367386-9,0.66931874,1.0
7716585-3,7716585-4,0.8784525,1.0
4582463-1,4582463-2,0.9455525,1.0
3817060-1,3817060-2,0.94754004,1.0
3575003-2,3942612-1,0.34331384,0.0
6956559-2,6956559-3,0.56944597,1.0
4362994-1,4676217-1,0.38505074,0.0
3017876-1,3017876-3,0.8029065,1.0
3506073-1,8238592-1,0.07618404,0.0
8225171-1,8225171-5,0.8091282,1.0
6862365-1,6862365-5,0.98268366,1.0
7819403-2,7819403-3,0.9774745,1.0
5325004-1,6409157-1,0.051423874,0.0
6907201-2,6907201-3,0.7091659,1.0
6582561-1,6582561-2,0.9376582,1.0
6309162-1,6309162-2,0.98237133,1.0
6890896-2,7396098-1,0.028443117,0.0
7189886-1,8091626-1,0.04507277,0.0
8569136-10,8569136-8,0.97278416,1.0
5769203-4,7141734-1,0.4439409,0.0
5054641-1,5799649-1,0.24254505,0.0
4639334-1,4639334-2,0.7769779,1.0
3836937-1,4369927-1,0.4370038,0.0
6952720-2,6952720-3,0.83221126,1.0
3002418-1,6712354-2,0.36972064,0.0
7263007-1,7430073-1,0.11573171,0.0
6086918-1,6446957-1,0.16412134,0.0
3780548-1,4327960-1,0.31334266,0.0
6257534-3,6257534-6,0.7840708,1.0
5552653-3,6020266-3,0.34619457,0.0
8391342-31,8391342-9,0.8274828,1.0
6465686-1,6465686-3,0.89246136,1.0
4944366-4,6854420-1,0.5410027,0.0
7153685-1,7153685-2,0.71709305,1.0
3263275-1,3263275-3,0.9293923,1.0
5821967-1,6537290-1,0.36010587,0.0
4792615-1,4792615-2,0.9868408,1.0
4304151-1,6530031-1,0.49031433,0.0
2726539-1,4022786-1,0.0421034,0.0
5512414-1,5832401-1,0.3240968,0.0
7663930-3,7663930-6,0.8027909,1.0
6833933-1,8422252-1,0.22690393,0.0
7915259-3,7915259-9,0.95361745,1.0
6607705-2,6607705-3,0.9435565,1.0
4282173-2,4282173-3,0.9061089,1.0
5818707-1,6343251-1,0.9422594,0.0
3724794-3,3724794-5,0.7239264,1.0
3504291-1,5485284-1,0.8633469,0.0
6325285-1,8606980-1,0.525179,0.0
8569136-5,8569136-6,0.9823126,1.0
6258717-3,6258717-4,0.8934552,1.0
4918480-3,4918480-8,0.9393458,1.0
3874335-1,6938728-1,0.034497533,0.0
5483845-2,7369677-1,0.46871877,0.0
3979793-1,3979793-2,0.9639166,1.0
3195172-2,6976720-1,0.34410602,0.0
3730158-1,6443108-1,0.029868064,0.0
7711629-4,7711629-8,0.6746177,1.0
6481216-1,6481216-4,0.8347983,1.0
3052619-1,8685962-1,0.8660541,0.0
6803736-1,6803736-2,0.8120608,1.0
4472661-1,4472661-3,0.75232655,1.0
7193214-1,8186093-3,0.34439412,0.0
3500081-1,3500081-3,0.46760362,1.0
6357654-1,6928473-1,0.16084056,0.0
7240175-1,7240175-2,0.95571864,1.0
8017932-11,8017932-3,0.9877575,1.0
4720199-4,6734601-1,0.6208987,0.0
8288805-1,8288805-2,0.8319815,1.0
4616569-1,4616569-6,0.8531391,1.0
5017963-1,5017963-2,0.92337286,1.0
4136959-1,4136959-4,0.971524,1.0
6452484-1,6593925-1,0.12678559,0.0
3356991-1,6688735-1,0.57626927,0.0
2553054-1,8530043-1,0.9068095,0.0
4295338-1,8650131-1,0.2272618,0.0
7720338-1,7720338-2,0.7882763,1.0
3758170-1,5103332-1,0.50418895,0.0
2587464-1,4359866-2,0.42551595,0.0
6713097-4,6713097-7,0.90167934,1.0
5571603-1,5571603-2,0.9320915,1.0
3228381-1,5318534-5,0.45057487,0.0
4392491-3,7252754-1,0.6072168,0.0
4413978-1,7904673-2,0.28248057,0.0
6892140-1,7826043-7,0.22901651,0.0
3423063-1,8569136-4,0.057872638,0.0
7700776-1,8295969-1,0.11857328,0.0
7365046-1,8364993-1,0.3005186,0.0
7440256-1,7440256-2,0.8078852,1.0
4341035-2,4341035-3,0.5846797,1.0
4678475-4,4678475-9,0.9131796,1.0
6708711-1,7059379-1,0.028098559,0.0
8071213-2,8071213-3,0.78092015,1.0
6429643-1,7150691-1,0.30755237,0.0
5447937-1,5447937-4,0.70582664,1.0
2387154-1,2804001-1,0.5960065,0.0
2813577-2,2813577-4,0.940838,1.0
7004578-1,7004578-2,0.9642593,1.0
3728605-1,7872745-1,0.41455314,0.0
4995769-1,8653863-1,0.64504504,0.0
4323986-1,7077340-3,0.48610532,0.0
7188262-3,7188262-4,0.89795184,1.0
5869374-1,5869374-2,0.9734126,1.0
4414950-1,4603812-1,0.55921036,0.0
6159843-3,6159843-4,0.88638884,1.0
3751626-1,4242491-1,0.44539094,0.0
4316981-1,6031951-1,0.5074014,0.0
5749100-2,5845715-1,0.10433926,0.0
4232833-1,8621951-1,0.4578489,0.0
4311034-1,8711864-1,0.3966083,0.0
6453618-1,6453618-2,0.7207107,1.0
3569567-1,7879247-1,0.25319067,0.0
5894289-1,7415109-1,0.17528117,0.0
5048704-2,5048704-4,0.93003345,1.0
6347353-2,6347353-3,0.5500777,0.0
7006440-4,7006440-5,0.6868831,1.0
4962498-2,7220358-1,0.54636484,0.0
3446003-1,4456891-1,0.030190215,0.0
6884965-4,6884965-5,0.18981145,1.0
7463145-2,7463145-4,0.8447109,1.0
6475699-1,8614090-1,0.10937526,0.0
3905562-1,5998278-1,0.50943273,0.0
5893346-3,5893346-6,0.96445316,1.0
8654339-2,8654339-4,0.82881314,1.0
4079404-1,8664298-1,0.13967982,0.0
8015162-3,8015162-4,0.47758445,1.0
7905731-1,8191851-1,0.263468,0.0
3707324-2,3707324-3,0.92175245,1.0
3034936-1,3276019-1,0.64266914,0.0
3932602-1,3932602-2,0.3168713,0.0
6590132-2,6590132-3,0.8972397,1.0
4136409-1,5429156-1,0.43434733,0.0
6858974-1,6858974-3,0.6908043,1.0
2840962-1,3934617-1,0.14969726,0.0
3785901-1,3785901-2,0.75163877,1.0
3690703-1,4107623-1,0.07658293,0.0
4192832-1,5015569-1,0.5113102,0.0
4688324-2,4688324-3,0.77411443,1.0
8028151-3,8028151-6,0.67963123,1.0
2821771-1,7152526-1,0.53507197,0.0
6498924-4,8299274-1,0.5048382,0.0
3354431-1,7911169-1,0.029616974,0.0
8585856-1,8638050-1,0.07934417,0.0
5367760-1,5468554-1,0.55502725,0.0
6635142-1,6635142-4,0.92689216,1.0
4922238-1,6475703-1,0.91623545,0.0
4955044-1,4955044-3,0.9080306,1.0
4498857-1,4498857-2,0.59474903,1.0
3915190-2,5383748-1,0.21944126,0.0
5584713-1,5584713-2,0.9768258,1.0
3446909-2,5401827-1,0.33877674,0.0
5749547-4,7481371-1,0.50922513,0.0
6875521-1,8419424-1,0.049364626,0.0
5515190-1,5515190-2,0.51577824,1.0
5290716-1,6988727-1,0.511617,0.0
5363092-1,7896674-1,0.39314044,0.0
7898215-1,7898215-3,0.4325068,1.0
2813646-3,2813646-4,0.7404555,1.0
5414514-1,6290314-1,0.09932443,0.0
5932522-2,5932522-4,0.96099967,1.0
3670521-3,3670521-4,0.8429411,1.0
5972596-1,5972596-3,0.4667128,1.0
3601282-1,3665239-1,0.23770839,0.0
6712609-3,6712609-6,0.8635632,1.0
6598598-2,6598598-4,0.3363195,1.0
4782403-2,8670129-1,0.14083925,0.0
2740193-1,4971273-1,0.10822719,0.0
3099207-1,4664839-1,0.2012158,0.0
6048239-1,6226587-1,0.0961272,0.0
6300953-1,6300953-4,0.6318793,1.0
5473002-1,5473002-2,0.8808322,1.0
4154155-1,8387073-1,0.46767518,0.0
3862222-1,4407325-1,0.065633595,0.0
3418041-1,7000441-3,0.60258496,0.0
4338636-1,8343010-2,0.11041021,0.0
8391686-1,8671071-2,0.070173055,0.0
3639802-2,3639802-5,0.80960435,1.0
4245924-7,4245924-8,0.48420036,1.0
3518178-1,7437810-1,0.29831266,0.0
7269882-1,7269882-2,0.76362586,1.0
3525284-1,3746232-1,0.20285308,0.0
6498938-1,6536047-1,0.019838838,0.0
5417292-1,7059473-1,0.41223782,0.0
3853897-1,5966374-1,0.38395223,0.0
4789584-2,4789584-3,0.86204284,1.0
5490117-1,5946589-1,0.025055222,0.0
6660059-1,8495172-1,0.13457821,0.0
4257951-1,8310905-1,0.690336,0.0
6552571-2,6552571-3,0.8983874,1.0
7350484-1,7350484-2,0.4359499,1.0
3961027-1,7078106-1,0.6053442,0.0
5490117-1,5946589-1,0.025055222,0.0
3775324-1,3775324-2,0.4767427,1.0
4024625-2,4024625-3,0.94120914,1.0
4271385-1,5910607-1,0.012906439,0.0
5728775-1,8697958-1,0.04138401,0.0
8526613-2,8526613-3,0.8921406,1.0
8531158-3,8531158-4,0.8734891,1.0
3793311-1,5139849-1,0.6541086,0.0
6330528-2,7036577-1,0.081552185,0.0
4504868-1,4587881-1,0.4657848,0.0
8300667-1,8300667-2,0.5533458,1.0
4759308-1,6856500-1,0.111387484,0.0
4454733-1,7443681-1,0.33607426,0.0
6829824-1,8361549-1,0.60975885,0.0
3116544-1,3424898-1,0.18132487,0.0
4931820-1,4931820-3,0.83378667,1.0
2729252-2,2729252-4,0.6716677,1.0
7850398-1,7850398-2,0.76150364,1.0
3822414-4,3822414-6,0.93752086,1.0
3928261-1,7657372-1,0.16811675,0.0
3884113-2,3884113-3,0.600046,1.0
2409333-1,4439693-1,0.23354983,0.0
8294413-2,8294413-5,0.88536286,1.0
3120280-1,6707803-1,0.6304443,0.0
2808661-1,3296411-1,0.3972711,0.0
6887804-1,8450015-1,0.16751592,0.0
8609241-3,8609241-5,0.98027354,1.0
7561635-1,7847093-4,0.29200205,0.0
3271498-1,4311362-3,0.0801609,0.0
3922398-1,6100339-1,0.8505814,0.0
4336678-1,4336678-4,0.57806087,1.0
7440240-3,7440240-6,0.7576611,1.0
2931408-1,3708819-3,0.44716087,0.0
4502249-1,4667239-1,0.19201733,0.0
4857301-1,6032555-1,0.035387717,0.0
3336230-1,7006328-1,0.10147352,0.0
3465893-1,5903073-1,0.9454822,0.0
3848791-1,3848791-3,0.9097045,1.0
6702821-2,6702821-3,0.97166145,1.0
8077172-3,8077172-6,0.8249727,1.0
8326146-1,8326146-2,0.64289445,1.0
3121064-1,5991225-1,0.1113692,0.0
7071686-1,8410986-1,0.38874498,0.0
5442030-1,5442030-3,0.8473714,1.0
5660978-1,7981621-1,0.52661747,0.0
4976414-1,6610913-1,0.56821346,0.0
3087232-1,7385614-3,0.19815403,0.0
4860435-1,6076191-4,0.20195821,0.0
3897091-1,3897091-4,0.9394938,1.0
4665860-1,4665860-3,0.95508474,1.0
3580346-2,3580346-4,0.9563129,1.0
3686605-2,3686605-4,0.7436254,1.0
6692984-1,6963659-1,0.057350494,0.0
2700584-1,4635960-3,0.49856254,0.0
3345597-1,4173537-1,0.07291373,0.0
4245350-1,7558904-1,0.12819782,0.0
3785593-3,7020719-1,0.07220508,0.0
7990443-1,7990443-6,0.8552582,1.0
5888831-2,6767797-1,0.64418846,0.0
6101515-1,6922397-1,0.47770518,0.0
3125656-1,7367320-1,0.48916438,0.0
6332978-1,7484740-1,0.053455237,0.0
3304190-1,7562863-1,0.11573391,0.0
3853575-4,3853575-6,0.9004194,1.0
5325025-1,6698274-1,0.2511942,0.0
6286717-1,6766145-1,0.26825196,0.0
4147648-1,6018257-4,0.29742953,0.0
3055833-1,7417184-1,0.054247256,0.0
6908544-1,6908544-3,0.9482186,1.0
7393473-1,7393473-2,0.54878944,1.0
8406563-2,8406563-3,0.8177806,1.0
7789137-2,7789137-3,0.8030039,1.0
8473938-3,8473938-4,0.63859266,1.0
6590510-2,6590510-3,0.91959816,1.0
2841382-1,7649897-1,0.44721803,0.0
5353837-1,8281404-3,0.58186406,0.0
7725582-1,8571962-1,0.39256206,0.0
7474563-1,7474563-2,0.8300778,1.0
5103477-1,5850760-3,0.09376243,0.0
3847183-3,3847183-4,0.98813766,1.0
4515470-1,6023324-3,0.33485192,0.0
6080074-1,7251491-1,0.26420152,0.0
7237229-2,7237229-4,0.9326215,1.0
3063926-1,3063926-2,0.8305019,1.0
6370578-1,6370578-4,0.97767234,1.0
7431496-1,8200779-1,0.09115286,0.0
2722008-1,4316802-1,0.6430969,0.0
6421480-1,7758797-1,0.29292166,0.0
8354677-2,8354677-4,0.80030805,1.0
7506038-1,7506038-3,0.9269611,1.0
7322177-1,7322177-2,0.8973538,1.0
2590610-1,5526306-2,0.051075745,0.0
7050957-1,7050957-2,0.5475566,1.0
3521819-1,5541649-2,0.034571737,0.0
6996166-2,6996166-3,0.82354486,1.0
6438405-1,7482350-1,0.8484915,0.0
6159299-1,7904161-1,0.2400393,0.0
4392491-3,7252754-1,0.6072168,0.0
5892321-1,6219324-1,0.7676687,0.0
5846181-4,5846181-5,0.9648328,1.0
8669740-1,8669740-2,0.7115201,1.0
8147995-1,8147995-2,0.90819657,1.0
8046688-1,8186916-1,0.2721449,0.0
4584436-1,6824397-9,0.2351202,0.0
5574251-1,8374996-1,0.8680166,1.0
3860153-1,4294453-1,0.590441,1.0
4279969-1,4279969-2,0.85746694,1.0
2857477-1,7505946-1,0.4981459,0.0
3021899-1,8422947-1,0.18571202,0.0
3667308-1,8647373-1,0.5343697,0.0
8075677-1,8425027-1,0.047194794,0.0
4513410-1,4513410-2,0.9858409,1.0
6251325-1,8525266-1,0.045759037,0.0
2806860-1,6329243-1,0.19661325,0.0
6351509-1,6351509-3,0.83502835,1.0
6120411-1,8573194-1,0.69722736,0.0
6395072-1,7665777-4,0.49382237,0.0
3116546-1,4906586-1,0.04123017,0.0
3851705-1,4537717-1,0.6803664,0.0
3186893-1,3698308-1,0.11554893,0.0
8388796-3,8388796-8,0.8728768,1.0
8550277-3,8550277-4,0.765302,1.0
5498934-1,5498934-2,0.97192603,1.0
8140542-2,8140542-4,0.3997435,1.0
7292165-1,7305571-1,0.59599274,0.0
5435471-1,6996166-3,0.071897745,0.0
8705528-10,8705528-13,0.3661783,1.0
6425374-1,7380812-1,0.46441343,0.0
3973282-1,4421946-1,0.16196212,0.0
4153278-2,4153278-3,0.8558935,1.0
8077172-3,8077172-5,0.98397076,1.0
3276793-1,5778559-1,0.2921692,0.0
5512414-1,5832401-1,0.3240968,0.0
6713097-3,6713097-6,0.67514884,1.0
7491683-1,8458043-1,0.05388327,0.0
2636076-1,6524100-2,0.28056198,0.0
3912782-1,3912782-3,0.95888156,1.0
6150707-1,8354585-1,0.95388496,0.0
5972309-1,5972309-2,0.38265303,1.0
7598844-1,7598844-3,0.9133824,1.0
6106975-1,6676831-1,0.5853022,0.0
3126734-1,4595367-1,0.67326844,0.0
4958445-1,4958445-2,0.678765,1.0
8391342-18,8391342-31,0.90733606,1.0
4251001-1,5282937-1,0.14896631,0.0
8352886-1,8352886-2,0.40875384,1.0
3737456-1,3737456-3,0.90127975,1.0
3108944-1,4962887-1,0.107449956,0.0
4383130-1,4651644-1,0.5929461,0.0
3126734-1,3126734-5,0.9678928,1.0
3860664-1,7931599-1,0.6324827,0.0
1242107-1,5376154-1,0.3038392,0.0
2526450-1,4604288-3,0.18949108,0.0
4377042-2,4377042-3,0.8565602,1.0
2841809-1,7415228-1,0.31734276,0.0
8213934-3,8213934-4,0.6303164,1.0
7330531-2,7330531-3,0.6642246,1.0
8081124-1,8531511-3,0.49771866,0.0
3514151-3,3514151-4,0.9531407,1.0
3022561-1,6367946-1,0.022363296,0.0
8699863-2,8699863-6,0.9311147,1.0
5474923-1,7885142-1,0.3416134,0.0
5005326-1,5512412-1,0.67579174,0.0
4588780-1,4588780-2,0.6287655,1.0
3459508-6,3654115-1,0.15836644,0.0
7006440-1,7006440-6,0.9638669,1.0
4721169-1,6311759-1,0.68668735,0.0
4337180-2,6320563-1,0.12819418,0.0
5304997-1,5304997-2,0.2820257,1.0
6884946-1,6884946-2,0.5308387,1.0
4765255-2,4765255-4,0.83718336,1.0
4891832-1,5465657-1,0.47871375,0.0
6604203-1,7684991-1,0.54888475,0.0
4682019-1,6366372-1,0.27182966,0.0
3830790-1,7420727-1,0.27281243,0.0
6004815-1,6004815-3,0.25945714,1.0
7147292-2,7275959-1,0.093247846,0.0
3518961-3,7520403-1,0.7815641,0.0
8300667-1,8300667-2,0.5533458,1.0
2827129-1,4739748-1,0.03386237,0.0
5512938-4,8046436-1,0.2501954,0.0
4327550-1,7824834-2,0.21698749,0.0
6332814-1,6332814-6,0.44225547,1.0
5360033-2,5360033-3,0.97217816,1.0
3717022-1,7944653-2,0.5393636,0.0
5696734-1,5709899-1,0.32361048,0.0
2931397-1,6881874-1,0.34625787,0.0
5057447-1,5057447-2,0.75536025,1.0
4720199-2,4720199-5,0.60267276,1.0
4918135-5,4918135-6,0.46213657,1.0
3935557-1,6440177-1,0.213562,0.0
5422758-1,6657478-1,0.3563782,0.0
8709039-1,8709039-2,0.5685497,1.0
4251001-1,5282937-1,0.14896631,0.0
4162020-4,4162020-5,0.800529,1.0
2769299-1,3976774-1,0.60944515,0.0
8326779-1,8626963-1,0.7440186,0.0
6897378-3,6897378-4,0.8306507,1.0
4387824-1,8273158-1,0.58701175,0.0
2806860-1,6329243-1,0.19661325,0.0
4138773-1,6884880-2,0.5912554,0.0
3183041-3,3183041-4,0.9349047,1.0
3407646-1,7567306-1,0.08723666,0.0
2734018-1,4073452-1,0.1159068,0.0
3130473-5,3130473-6,0.37610528,1.0
6505230-1,8710844-2,0.17757635,0.0
5113927-5,5113927-8,0.83358604,1.0
4244720-1,4244720-3,0.034483496,1.0
8151272-4,8151272-7,0.8513997,1.0
4454732-1,8106184-1,0.53085905,0.0
4840810-2,4840810-3,0.7900006,1.0
3142843-1,3808859-1,0.70286286,0.0
6405358-1,6405358-2,0.8433403,1.0
4569403-1,8052149-1,0.5486945,0.0
8077172-19,8077172-9,0.9307888,1.0
5806333-2,5806333-5,0.9735349,1.0
6718029-1,6718029-2,0.18352312,1.0
5646945-1,5646945-3,0.41611773,1.0
3507068-1,5075308-1,0.3739496,0.0
6567695-1,7931113-2,0.71479934,0.0
7669394-2,7669394-3,0.7213617,1.0
3667327-1,7850374-1,0.43558875,0.0
6028424-1,6028424-2,0.8595035,1.0
3322208-1,4518717-1,0.040247418,0.0
4540993-1,7971718-1,0.062443182,0.0
6824397-4,6824397-6,0.74214274,1.0
4822278-1,4822278-2,0.2640256,1.0
4141667-1,4558815-1,0.5929636,0.0
6984358-1,7011579-1,0.053961076,0.0
5029321-1,8192795-1,0.12988484,0.0
7941918-3,7941918-4,0.65397125,0.0
8500461-3,8500461-6,0.8547468,1.0
7670026-1,7670026-2,0.6498378,1.0
3504292-1,3504292-2,0.46517712,1.0
2533001-1,4877980-1,0.27939218,0.0
4943815-4,4943815-5,0.6359179,1.0
4304151-1,6530031-1,0.49031433,0.0
3800381-6,3800381-7,0.1574709,0.0
1851966-1,8489599-1,0.06141435,0.0
6157985-1,6157985-2,0.8023655,1.0
3459508-5,4244744-1,0.6752325,0.0
3193822-1,6260550-1,0.077736974,0.0
5820018-1,5820018-3,0.8073198,1.0
4430159-1,6984027-1,0.5334589,0.0
3664473-1,7751069-3,0.371952,0.0
5652908-1,5652908-3,0.44023144,1.0
6088479-1,6088479-3,0.3702263,1.0
7689230-1,8613558-1,0.78443164,0.0
3529930-2,4023003-1,0.17949605,0.0
6344925-1,6625246-1,0.460822,0.0
4195264-1,4195264-2,0.5059229,1.0
7793325-1,7793325-7,0.8465677,1.0
4240190-1,4240190-2,0.32070008,1.0
6433453-1,8088595-1,0.41379157,0.0
7903083-1,8632216-1,0.40654618,0.0
4262882-1,4612547-1,0.04849423,0.0
4575440-1,4731256-1,0.08032219,0.0
7341056-3,7341056-6,0.8528782,1.0
6050556-1,7840355-1,0.7094211,0.0
7294179-1,7515696-2,0.08160394,0.0
7768392-1,7768392-3,0.18847665,1.0
7463145-4,7463145-5,0.69732857,1.0
4522430-1,7524967-1,0.5820194,0.0
7581838-2,7581838-4,0.9203459,1.0
4257951-4,4257951-5,0.8022991,1.0
3102884-2,7250374-1,0.28439322,0.0
3667440-2,3667440-3,0.67347,1.0
5846181-1,5846181-8,0.9358905,1.0
3879224-1,5848416-1,0.47915882,0.0
3159320-1,8250451-1,0.39584005,0.0
5613049-1,5613049-2,0.8575053,1.0
6323412-1,7285250-1,0.773231,0.0
4720199-2,7586353-1,0.11441585,0.0
6612390-1,7031458-1,0.32517838,0.0
8569136-10,8569136-8,0.97278416,1.0
3304208-1,3304208-3,0.44241315,1.0
4268617-1,7749956-1,0.0060884375,0.0
3886368-1,4431022-1,0.39819685,0.0
5367224-1,5485266-1,0.34940708,0.0
8563620-10,8563620-12,0.8477808,1.0
6302558-1,6738175-1,0.25973952,0.0
6137194-2,6137194-3,0.14947791,1.0
6057701-1,6313962-1,0.21162221,0.0
5201065-2,5201065-9,0.9331397,1.0
6062732-1,6062732-3,0.66433626,1.0
7337482-2,7337482-3,0.5597679,1.0
7593724-5,7593724-6,0.9682046,1.0
4386778-1,7387005-1,0.8700843,0.0
3481872-1,8144093-2,0.59323573,0.0
8044528-1,8044528-2,0.8512661,1.0
7402542-1,7402542-2,0.64049774,1.0
4847504-1,4847504-2,0.5775948,1.0
3742567-3,7669407-1,0.25970238,0.0
6284393-1,6284393-4,0.34231412,1.0
7039182-1,7039182-2,0.6868949,1.0
2631492-1,6766475-1,0.39437056,0.0
4083712-1,7952297-2,0.1197895,0.0
5368924-2,5368924-6,0.9285173,1.0
4515855-1,4922241-1,0.60418344,0.0
7029340-1,8552420-1,0.5213736,0.0
5962620-1,7234965-1,0.46044943,0.0
4153278-2,4153278-3,0.8558935,1.0
5322711-1,6937978-1,0.12969677,0.0
3657350-1,3657350-3,0.97463614,1.0
7909218-1,7909218-2,0.44264582,1.0
7574058-2,8362535-1,0.468343,0.0
8471443-1,8471443-2,0.58219,1.0
6749096-1,8547566-1,0.11718484,0.0
7364183-2,7685842-1,0.48892874,0.0
4748919-1,6831809-1,0.019550541,0.0
2854726-2,2854726-5,0.7828661,1.0
4754271-2,4754271-3,0.9282442,1.0
4918135-5,4918135-6,0.46213657,1.0
4212299-1,6951019-1,0.6053748,0.0
4726507-1,4726507-5,0.48611525,1.0
6503651-3,6503651-4,0.62603307,1.0
3529930-2,4023003-1,0.17949605,0.0
6051123-1,6875172-1,0.69272524,0.0
6046101-1,6046101-3,0.49079502,1.0
3686641-1,3686641-2,0.7987681,1.0
3069951-1,7912866-1,0.34754378,0.0
8140372-1,8140372-2,0.82903785,1.0
4893879-1,8627985-1,0.120003015,0.0
3600271-1,5848667-1,0.5460512,0.0
6702856-1,6702856-2,0.86657554,1.0
7421811-3,7421811-4,0.65130836,1.0
5909360-1,5909360-4,0.9852207,1.0
5288423-3,5288423-7,0.94843626,1.0
3827920-1,3827920-2,0.16226904,1.0
6318134-1,7398381-1,0.7346106,0.0
3737622-2,3737622-4,0.9430337,1.0
5943729-11,5943729-3,0.9286136,1.0
7372620-2,7372620-3,0.9656874,1.0
7871006-2,7871006-3,0.961164,1.0
4483619-1,4483619-3,0.60474724,1.0
8435921-4,8435921-7,0.110704914,1.0
6710848-1,8587683-1,0.3526323,0.0
8025327-1,8025327-4,0.5203267,1.0
3914169-1,5288423-3,0.20262069,0.0
6814334-1,6822667-1,0.5733453,0.0
7248360-2,7248360-5,0.84479433,1.0
2783120-1,6504752-1,0.24819072,0.0
3115888-1,7522847-2,0.31547165,0.0
7367413-1,7367413-2,0.96394324,1.0
8699499-2,8699499-3,0.59773225,1.0
7941918-3,7941918-4,0.65397125,0.0
4508633-1,7556097-1,0.83387554,0.0
5700606-1,7918020-1,0.08044877,0.0
4021265-1,6120333-1,0.46450424,0.0
6791392-1,6791392-2,0.7116475,1.0
8528572-1,8528572-4,0.6575433,1.0
5574524-1,7802812-1,0.11791771,0.0
4109169-1,8225958-1,0.6751004,0.0
7568139-1,7568139-2,0.15208957,1.0
3086330-1,4087858-1,0.4561402,0.0
5962620-4,5962620-6,0.16420794,1.0
2174438-1,2816289-1,0.21996874,0.0
7869650-1,8289685-1,0.16013561,0.0
4414386-1,4414386-2,0.97707105,1.0
7513650-1,7649945-1,0.024350557,0.0
6149306-1,6149306-5,0.8862116,1.0
8015901-2,8015901-3,0.887664,1.0
6935669-2,6935669-3,0.9199733,1.0
5639452-1,8532189-1,0.18914728,0.0
2933483-1,2933483-2,0.36604026,1.0
8279281-1,8372668-1,0.5150195,0.0
3819895-1,5546070-1,0.29396483,0.0
6906647-2,7416831-1,0.3881537,0.0
7691594-1,7691594-3,0.8762137,0.0
4777948-4,4777948-6,0.9126663,1.0
3220107-1,8052025-1,0.76473933,0.0
1950478-1,8682950-4,0.5980873,1.0
4754271-2,4754271-3,0.9282442,1.0
2740084-1,5462668-1,0.51302403,0.0
2930166-1,3354468-1,0.29124472,0.0
5180438-2,5731268-1,0.12288034,0.0
5418027-1,5418027-4,0.8891624,1.0
6897378-1,6897378-2,0.6090516,1.0
3423063-1,4020897-1,0.25345737,0.0
5556877-1,5556877-2,0.86179423,1.0
5012075-1,5012075-3,0.92191046,1.0
4296436-3,4296436-4,0.78061074,1.0
3483657-1,4977740-1,0.17105013,0.0
4037678-1,4847499-3,0.14938746,0.0
4436496-2,4436496-3,0.78171307,1.0
8075336-1,8075336-2,0.24195953,1.0
8607591-1,8607591-2,0.15886128,1.0
7051864-1,7568093-1,0.79483664,0.0
2822336-1,7991776-1,0.47137126,0.0
7947317-4,7947317-5,0.5563809,1.0
4746979-1,7870256-1,0.25289893,0.0
3888898-1,5126035-6,0.82489634,0.0
4569403-1,8052149-1,0.5486945,0.0
4934108-1,6834095-1,0.08523279,0.0
4688324-1,4688324-3,0.77983177,1.0
3914336-1,3914336-2,0.16281405,1.0
5991051-1,6456155-1,0.66567856,0.0
4607796-1,4607796-3,0.87607884,1.0
3935557-1,6440177-1,0.213562,0.0
3298519-1,3298519-2,0.9504499,1.0
7409414-3,7409414-4,0.8553953,1.0
3421920-1,7445108-1,0.9033405,0.0
4830712-1,4830712-5,0.8081223,1.0
8474637-3,8474637-4,0.9609498,1.0
2804096-2,2804096-5,0.77738494,1.0
8683277-3,8683277-4,0.50816345,1.0
3491237-1,8437203-1,0.77303666,0.0
3335562-1,4159905-1,0.2615946,0.0
1208925-1,4763460-1,0.04886149,0.0
4216664-2,6547321-1,0.9823278,1.0
6679892-1,8173629-1,0.1280139,0.0
6330528-2,7036577-1,0.081552185,0.0
2881009-1,4494631-1,0.033631578,0.0
5629837-1,5629837-3,0.12301936,0.0
4353272-5,4353272-7,0.8180486,1.0
8198063-1,8198063-2,0.5577066,1.0
2847991-1,2847991-2,0.882291,1.0
3400881-1,6018445-1,0.2382291,0.0
4113041-2,4113041-3,0.8779183,1.0
5492761-1,7988466-1,0.14354269,0.0
6004815-2,6004815-6,0.60089016,1.0
4027691-1,4782655-1,0.35261297,0.0
5442073-1,6438837-1,0.6625764,0.0
2737758-1,4063594-1,0.51411605,0.0
4881626-1,4881626-3,0.98889756,1.0
3861378-1,4224248-1,0.09031252,0.0
6611857-10,6611857-2,0.95648986,1.0
5537315-3,5846939-1,0.5272648,0.0
6688890-1,7436837-1,0.5985364,0.0
6639680-2,6639680-6,0.26302534,1.0
8684541-2,8684541-3,0.37497914,1.0
3141707-1,3141707-4,0.69605637,1.0
2628089-1,3977455-2,0.34139773,0.0
5120621-2,5120621-4,0.8176904,1.0
5005326-1,5512412-1,0.67579174,0.0
7712266-2,7712266-4,0.9011977,1.0
8243089-3,8243089-6,0.2536657,1.0
3038876-1,3038876-2,0.9234404,1.0
3198484-2,3198484-4,0.51607436,1.0
7251434-1,7251434-2,0.9562714,1.0
6702821-2,6702821-3,0.97166145,1.0
4361956-1,7840235-1,0.13429993,0.0
4657314-1,6350128-1,0.6130835,0.0
5005326-1,5512412-1,0.67579174,0.0
3162273-1,8077336-1,0.7298326,0.0
7306505-1,7306505-2,0.10285028,1.0
4395949-1,5134173-1,0.5553388,0.0
5854745-5,5854745-6,0.9717835,1.0
4969854-1,7192559-1,0.1607365,0.0
7036117-1,8573490-1,0.21608056,0.0
5025422-1,5025422-4,0.65321314,1.0
7551866-1,7551866-3,0.7199836,1.0
4144710-1,4144710-2,0.34713125,1.0
6903879-1,7571954-1,0.17375968,0.0
7421811-1,7421811-4,0.036591064,1.0
7983550-1,7983550-2,0.5245175,1.0
3214515-1,6695534-1,0.7964491,0.0
5813420-1,6160050-9,0.51307875,0.0
8359901-1,8359901-3,0.48812252,1.0
3687867-2,7596435-1,0.31815124,0.0
4528898-1,5623967-1,0.11856112,0.0
3119975-2,3119975-4,0.29646,1.0
3307027-1,4492648-2,0.9860939,0.0
7700296-2,7700296-6,0.9529566,1.0
3665217-1,4939210-1,0.20446922,0.0
6304711-1,6304711-6,0.7127654,1.0
8529193-1,8529193-4,0.96056217,1.0
2932991-1,2932991-3,0.6594286,1.0
1906806-1,1906806-5,0.9784605,1.0
3601282-1,3665239-1,0.23770839,0.0
6911660-1,6911660-4,0.4176096,1.0
5582227-1,8106472-1,0.7379772,0.0
7898070-2,8712239-1,0.75297016,0.0
7253536-1,7253536-2,0.43380085,1.0
4556711-2,4556711-4,0.8766049,1.0
8601830-1,8601830-4,0.71593684,1.0
6639485-2,6639485-3,0.53848606,1.0
3514939-1,5930228-1,0.20654579,0.0
5729129-2,6915043-1,0.44296816,0.0
3114563-2,3114563-3,0.88076824,1.0
4247717-1,6970299-1,0.13221116,0.0
1794225-1,6464439-1,0.22484565,0.0
4804602-1,8435476-1,0.02016902,0.0
4058595-1,8442335-1,0.5306359,0.0
3463145-1,5649707-1,0.86041176,0.0
2626702-1,8058662-1,0.2691683,0.0
2855477-1,5953511-1,0.699043,0.0
2916110-1,8453400-1,0.7277701,0.0
3546214-2,3546214-3,0.7959004,1.0
5888831-2,6767797-1,0.64418846,0.0
3858146-1,3858146-2,0.15034896,1.0
4659983-2,4659983-3,0.9673556,1.0
5340929-1,7535637-1,0.74415165,0.0
7772024-1,7772024-2,0.7558179,1.0
7981640-1,7981640-3,0.14221592,1.0
7306636-1,7813066-1,0.33825636,0.0
6830720-1,7013300-1,0.849522,0.0
8017932-11,8017932-3,0.9877575,1.0
2693557-1,4929363-2,0.12560943,0.0
8497133-1,8497133-2,0.31151593,1.0
5597972-2,5597972-3,0.66834855,1.0
5483845-3,5483845-4,0.5918643,1.0
4813076-1,4813076-3,0.8680845,1.0
5968651-1,5968651-2,0.6822037,1.0
4034504-1,4034504-3,0.5155358,1.0
4283393-1,5409946-1,0.390838,0.0
4494526-1,7192250-2,0.060329325,0.0
2628025-1,2628025-3,0.39967245,1.0
5692993-1,6459065-1,0.11665373,0.0
2904264-1,7294531-1,0.45199198,0.0
4891832-1,5465657-1,0.47871375,0.0
2988051-1,7591986-1,0.28436002,0.0
3796415-1,8185913-1,0.60964775,0.0
4357407-1,6395427-8,0.44218898,0.0
4318027-1,4318027-4,0.3858071,1.0
4166852-2,4166852-3,0.24742252,1.0
8191643-1,8191643-3,0.20588343,1.0
6299528-5,6299528-6,0.46900544,0.0
7990443-2,7990443-3,0.70046806,1.0
7475962-1,7932883-1,0.12299127,0.0
7314844-1,7314844-7,0.53444594,1.0
7695072-2,8281787-1,0.34843644,0.0
5306982-1,5351264-1,0.30652848,0.0
5394408-2,5394408-3,0.20981348,1.0
4448067-1,4448067-3,0.39411107,1.0
7709537-1,7709537-2,0.60418886,1.0
3920611-4,3920611-5,0.41441947,1.0
4789418-1,7549575-1,0.31591648,0.0
4700638-5,4700638-6,0.7910187,0.0
3223146-3,3223146-6,0.47803944,1.0
3862222-1,4407325-1,0.065633595,0.0
2629908-1,2629908-4,0.07718697,1.0
8553533-1,8553533-2,0.6610315,1.0
5729129-2,6915043-1,0.44296816,0.0
7826663-2,8011180-1,0.923405,0.0
3786831-1,4992788-1,0.1971661,0.0
7781983-1,7781983-3,0.767007,1.0
3521283-1,8352636-2,0.22026978,0.0
7102415-1,7102415-3,0.14326267,1.0
7665777-10,7665777-5,0.96417105,1.0
7535553-2,7535553-3,0.90779334,1.0
2249601-1,5791344-1,0.27504048,0.0
3097756-1,4568619-1,0.434081,0.0
3138412-2,5912312-6,0.20145302,0.0
5078643-1,5078643-2,0.9023322,1.0
2700444-1,8180332-1,0.10523565,0.0
6122623-1,6122623-2,0.74953204,1.0
3161678-1,4971302-1,0.21145493,0.0
8133044-1,8133044-7,0.9596283,1.0
6037803-2,6037803-3,0.5140893,1.0
7020598-1,7020598-2,0.4956844,1.0
7322092-1,7322092-2,0.9005756,1.0
2712707-1,2712707-2,0.7162259,1.0
8131327-2,8131327-6,0.8064267,1.0
4323608-1,4834819-1,0.21795474,0.0
7970079-1,7970079-2,0.9256312,1.0
6945338-2,6945338-3,0.7785673,1.0
6006870-1,6006870-3,0.3472834,1.0
8383533-3,8383533-5,0.8125707,1.0
5040526-2,5040526-3,0.4296809,1.0
6645598-5,6645598-6,0.6305955,1.0
8569136-12,8569136-9,0.99193573,1.0
8391342-15,8391342-32,0.7361737,1.0
4662665-1,7188982-1,0.30662462,0.0
6341312-1,7008287-2,0.5797394,0.0
4811243-1,6299518-1,0.53841674,0.0
4804602-1,8435476-1,0.02016902,0.0
2687639-4,3420572-1,0.19028114,0.0
3886368-1,4431022-1,0.39819685,0.0
2614950-1,6615206-1,0.574925,0.0
2850509-1,4845356-1,0.5722555,0.0
4372959-1,6177682-2,0.38519752,0.0
8686295-2,8686295-3,0.74753094,1.0
4860435-1,6076191-4,0.20195821,0.0
4307668-1,4307668-3,0.7797274,0.0
4215971-1,7532873-1,0.046933595,0.0
3864880-3,3864880-5,0.6669052,1.0
3930819-1,3930819-2,0.7836878,1.0
3474405-1,3474405-2,0.6486816,1.0
5433411-1,7085154-1,0.059706435,0.0
6120049-1,6120049-3,0.74421585,0.0
4460230-1,5989148-1,0.2990154,0.0
5215196-1,5215196-3,0.21093571,1.0
2584074-1,4357681-1,0.056150272,0.0
5422738-1,8665562-1,0.3494435,0.0
3897898-1,3897898-2,0.6381111,1.0
7674568-1,7674568-2,0.013272152,1.0
4836125-1,7766229-2,0.8806873,0.0
6843603-5,6887600-1,0.38739124,0.0
2815756-5,2815756-6,0.6081913,1.0
4037410-1,6380528-1,0.86777073,0.0
6524313-2,6712912-1,0.3925338,0.0
7700296-3,7700296-6,0.8607192,1.0
3310787-1,6635170-1,0.7443532,0.0
7866758-1,7866758-3,0.51618636,1.0
5702779-2,5702779-3,0.9500742,1.0
3354792-2,3354792-4,0.9745714,1.0
5422738-1,8665562-1,0.3494435,0.0
4302515-1,4302515-3,0.79859954,1.0
5798152-3,5798152-5,0.82082623,1.0
3349988-1,3349988-2,0.5345749,1.0
7241664-1,7506380-1,0.12892146,0.0
3777329-1,8492135-1,0.20347145,0.0
7763523-1,7763523-2,0.5990301,1.0
4393473-1,8015738-1,0.31204024,0.0
6537356-3,6537356-4,0.6733071,1.0
4037410-1,6380528-1,0.86777073,0.0
3945949-1,6344145-3,0.59580904,0.0
4033899-1,5331190-1,0.936311,0.0
4153863-1,4153863-2,0.9201451,1.0
4429388-1,4438191-1,0.16241665,0.0
7829275-1,7829275-2,0.8711854,1.0
8225171-1,8225171-5,0.8091282,1.0
4510828-1,8007117-1,0.029851757,0.0
7533036-1,8043607-1,0.26325405,0.0
6615911-1,7504832-1,0.025285648,0.0
3293089-1,3293089-2,0.8609174,1.0
3883333-1,4432418-1,0.50120866,0.0
5048704-2,5048704-4,0.93003345,1.0
7524933-2,7524933-3,0.5732852,1.0
2626786-1,5298529-1,0.25466666,0.0
2981764-1,5259598-1,0.2290256,0.0
4021265-1,6120333-1,0.46450424,0.0
5649746-1,6195983-3,0.35461062,0.0
8504030-5,8504030-9,0.54399997,1.0
8155422-1,8155422-4,0.7881927,1.0
6829831-1,6829831-2,0.8369438,1.0
7990443-5,7990443-6,0.91897297,1.0
6896594-1,6896594-4,0.5222787,1.0
6369346-5,6369346-7,0.9943324,1.0
3414796-2,6218347-2,0.2788831,0.0
6887804-1,8450015-1,0.16751592,0.0
5550529-2,5550529-3,0.6259029,1.0
4153863-1,4153863-2,0.9201451,1.0
8293387-3,8293387-4,0.9434913,1.0
6275832-2,6275832-4,0.93243104,1.0
5452558-1,5830851-1,0.19054513,0.0
5671838-1,8131857-1,0.26363945,0.0
8144799-1,8189805-1,0.58811104,0.0
8512623-1,8512623-2,0.40540522,1.0
7536469-1,8476203-1,0.37873396,0.0
3945949-1,6344145-3,0.59580904,0.0
4782403-2,8670129-1,0.14083925,0.0
3363060-1,8363435-1,0.34988838,0.0
3928844-1,4065667-2,0.066976786,0.0
6125267-1,6697460-1,0.13132061,0.0
3872386-2,7869389-1,0.22551113,0.0
8684541-2,8684541-3,0.37497914,1.0
3519269-2,6778327-1,0.47388312,0.0
4090655-2,8226401-1,0.31106043,0.0
3467925-1,3467925-2,0.70282066,1.0
6504755-1,6661518-1,0.1659966,0.0
3094293-1,5081261-1,0.7874885,0.0
4860435-1,6076191-4,0.20195821,0.0
4660492-1,4660492-3,0.97488546,1.0
6712628-1,6735318-1,0.56919646,0.0
3212971-1,3212971-2,0.9930982,1.0
4389099-1,7292116-1,0.4081414,0.0
3757841-1,7582061-1,0.6886714,0.0
1308872-1,5968243-1,0.7056842,0.0
7383746-10,7383746-7,0.8367805,1.0
7644292-1,7644292-2,0.27128425,0.0
7336759-1,7336759-4,0.94378996,1.0
4272944-2,4272944-3,0.6483518,1.0
7322413-1,8186193-1,0.6726307,0.0
8038897-1,8427021-1,0.037763223,0.0
4189521-1,4267925-1,0.25215256,0.0
7383225-1,7383225-6,0.7035442,1.0
5502503-1,5502503-2,0.7664292,1.0
7335480-4,7335480-5,0.88900185,1.0
4162020-3,4162020-4,0.9322973,1.0
3570283-1,3596587-1,0.15955886,0.0
2769299-1,3976774-1,0.60944515,0.0
7534175-3,7970074-1,0.9581479,0.0
4009207-1,6555996-1,0.16597264,0.0
3491339-3,3491339-4,0.91941273,1.0
2988810-2,2988810-4,0.9452563,1.0
7749935-6,7749935-8,0.8461823,1.0
3434429-1,6452447-1,0.30321577,0.0
7559672-2,8540014-1,0.6721089,0.0
3945949-1,6344145-3,0.59580904,0.0
5031828-1,8316786-1,0.1989318,0.0
7577353-1,8501704-1,0.63092893,0.0
7251434-3,7251434-4,0.94695616,1.0
4484343-2,4484343-4,0.5466871,1.0
4518390-1,6956975-2,0.59540874,0.0
6788313-3,6788313-4,0.83216345,1.0
7649103-2,7649103-8,0.9150806,1.0
8684541-2,8684541-3,0.37497914,1.0
5332170-1,5332170-2,0.4923009,1.0
4522049-1,4522049-2,0.42603344,1.0
2908654-2,2908654-3,0.3298089,1.0
7388669-1,7388669-2,0.64603096,1.0
8319722-1,8319722-2,0.45496327,1.0
6408453-1,7532242-1,0.5136674,0.0
3772751-1,7515150-1,0.6735318,0.0
4316863-1,5290493-1,0.7159528,0.0
4722559-1,8560458-1,0.8025279,0.0
4077557-4,4077557-9,0.96953624,1.0
6390234-1,7879493-2,0.25010052,0.0
5998940-1,8464357-1,0.2974332,0.0
8038423-1,8405177-1,0.10661497,0.0
7607618-1,7607618-2,0.16060035,1.0
5414514-1,6290314-1,0.09932443,0.0
7463145-1,7463145-2,0.9068729,1.0
4083769-1,8294895-1,0.47108668,0.0
4086582-3,4086582-4,0.39949968,1.0
4162020-4,4162020-5,0.800529,1.0
5717916-1,7028787-1,0.60362595,0.0
2640403-3,5253495-1,0.5889092,0.0
5051311-1,5051311-2,0.27750275,1.0
3318202-1,4958684-1,0.7099767,0.0
2628085-7,2628085-9,0.31696364,1.0
8513946-3,8513946-4,0.25567085,0.0
7581128-3,7886462-1,0.5019792,0.0
6177625-2,6324108-1,0.46779075,0.0
3463145-1,5649707-1,0.86041176,0.0
8038897-1,8427021-1,0.037763223,0.0
7879180-1,7879180-3,0.8351842,1.0
3510916-1,5343649-1,0.7498565,0.0
4555002-1,8408036-1,0.5106471,0.0
6593915-1,6593915-7,0.9264581,1.0
6106902-1,8563620-11,0.5751696,0.0
3657462-2,3657462-3,0.8151447,1.0
4357776-2,5266097-1,0.65726745,0.0
4257951-2,4257951-5,0.471882,1.0
6682246-1,7412888-1,0.18354063,0.0
4277033-2,4277033-5,0.9828919,1.0
4750307-2,4750307-6,0.97806656,0.0
6726812-1,8077709-1,0.47051483,0.0
7290120-1,8577335-1,0.5313266,0.0
6197948-1,7535011-1,0.02094692,0.0
8077172-5,8077172-6,0.9554164,1.0
5370308-1,6464489-1,0.5962825,0.0
8606994-1,8606994-2,0.017523557,1.0
3114563-2,3114563-3,0.88076824,1.0
4575794-2,5148816-1,0.50476456,0.0
3220159-1,5314846-1,0.58882964,0.0
2908355-1,7576745-1,0.5744817,0.0
4216332-1,5496301-2,0.2961581,0.0
2900107-1,4326210-1,0.38246754,0.0
3198616-5,3198616-6,0.9437959,1.0
7322487-2,7322487-3,0.7780584,1.0
6969380-1,8131091-1,0.9168828,0.0
4917947-1,4917947-2,0.97974944,1.0
3677972-1,4686639-1,0.09186617,0.0
2823151-2,2823151-3,0.5882369,1.0
3371475-1,6713245-1,0.14601037,0.0
8440817-2,8440817-3,0.58498836,1.0
3620045-1,4982345-1,0.061819337,0.0
8243089-3,8243089-6,0.2536657,1.0
6702856-1,6702856-2,0.86657554,1.0
5137971-4,5137971-8,0.86302924,1.0
3228381-1,5318534-5,0.45057487,0.0
2586017-1,6196664-1,0.066296436,0.0
6035448-1,6035448-3,0.8237232,1.0
6529843-1,7507594-6,0.33443,0.0
3835463-4,3835463-5,0.0937196,1.0
6744773-3,8326605-1,0.5817116,0.0
5965133-1,5965133-3,0.8944734,1.0
7491683-1,8458043-1,0.05388327,0.0
3961933-1,4239754-1,0.38580188,0.0
8406563-2,8406563-3,0.8177806,1.0
5263879-2,5263879-4,0.8828867,1.0
6099008-1,7382672-1,0.19772606,0.0
4209058-1,5412134-1,0.31574428,0.0
8088146-1,8088146-2,0.6913392,1.0
3872090-1,3872090-2,0.7903135,1.0
5042625-5,5042625-7,0.62363315,1.0
3065406-1,3065406-2,0.37828794,1.0
7350484-1,7350484-2,0.4359499,1.0
4174714-1,4849313-1,0.11735832,0.0
4195895-2,4195895-6,0.26368532,1.0
3723473-1,6750286-1,0.23441432,0.0
8235956-1,8235956-3,0.6676347,1.0
3639802-2,3639802-5,0.80960435,1.0
6425374-1,7380812-1,0.46441343,0.0
4719265-1,6323364-1,0.17590329,0.0
6089705-1,6259073-1,0.9046728,0.0
4003725-1,4999640-1,0.1088834,0.0
4001234-2,4001234-6,0.8832816,1.0
4540122-1,4540122-4,0.29898617,1.0
7793325-3,7793325-4,0.2914689,1.0
5624666-1,8121091-1,0.41099918,0.0
5788510-1,6504752-1,0.20100535,0.0
6189630-1,8628776-5,0.33258942,0.0
5367597-1,5367597-2,0.13159288,1.0
3830914-1,8378593-1,0.18285951,0.0
5704783-1,5704783-2,0.8987535,1.0
8020051-1,8610430-1,0.78310776,0.0
4607013-1,6018257-2,0.4062846,0.0
4913998-1,4913998-3,0.77127177,1.0
6773958-1,7802620-1,0.72439104,0.0
7367386-6,7367386-9,0.66931874,1.0
6719522-1,6719522-2,0.14165188,1.0
6260410-1,6260410-2,0.6570172,1.0
5313358-2,6587086-1,0.8666545,0.0
5113927-1,5113927-9,0.5460845,1.0
5394855-1,5394855-3,0.056498114,1.0
4857301-1,6032555-1,0.035387717,0.0
7180521-1,7180521-2,0.6380767,1.0
5449372-1,5898835-1,0.6151705,0.0
4207233-1,4207233-2,0.08265422,1.0
4581503-1,5551286-1,0.21488304,0.0
2820005-1,8563140-1,0.7595826,0.0
5449370-1,8610467-1,0.31737432,0.0
3047375-2,3047375-4,0.9399386,1.0
5933028-3,5933028-4,0.5671124,1.0
5827903-1,8338201-1,0.05743144,0.0
7098361-1,7292137-1,0.737172,0.0
7220740-1,7220740-6,0.85585296,1.0
3858807-1,5557159-1,0.4415835,0.0
4359729-1,4359729-2,0.85315627,1.0
7683200-2,7683200-3,0.57808924,1.0
5875408-1,5875408-2,0.7794677,1.0
3463145-1,3463145-2,0.93244886,1.0
5449307-3,8662187-3,0.700221,0.0
5655631-1,5838924-1,0.5145256,0.0
7431987-2,7431987-3,0.31677803,1.0
7385614-1,7385614-2,0.7508312,1.0
2672125-1,7802127-1,0.83093536,0.0
4931935-1,7519964-1,0.5029693,0.0
5467982-1,6440191-1,0.17515114,0.0
3856155-1,7999680-1,0.19790034,0.0
5996656-1,7053684-1,0.5200113,0.0
3420403-1,4584027-1,0.3383921,0.0
6097379-1,8689123-1,0.81039697,0.0
7299656-4,7299656-6,0.9843678,1.0
3640228-1,3640228-2,0.75625306,1.0
5219584-1,5219584-2,0.9742801,1.0
5298442-1,5298442-4,0.7662262,1.0
2740291-2,2740291-4,0.76721704,1.0
2783120-1,6504752-1,0.24819072,0.0
8705528-10,8705528-13,0.3661783,1.0
7676773-1,8608521-1,0.69173574,0.0
7029340-1,8552420-1,0.5213736,0.0
5829864-1,5829864-2,0.85555667,1.0
7286403-5,7286403-6,0.8163146,1.0
7187478-1,7417122-1,0.43001375,0.0
4719265-1,6323364-1,0.17590329,0.0
3522339-5,3522339-9,0.869431,1.0
3881444-1,8135628-1,0.84138215,0.0
6464439-1,6464439-5,0.588161,1.0
7784239-5,7784239-9,0.46123984,1.0
4315064-1,6413600-1,0.46409836,0.0
8267040-1,8267040-2,0.71728027,1.0
3936521-1,7060429-4,0.652002,0.0
4329938-1,8523476-1,0.075363114,0.0
6611857-1,6611857-2,0.83196837,1.0
5686962-3,5686962-5,0.9720986,1.0
3927091-1,5380210-1,0.51260984,0.0
5492922-1,5492922-2,0.718331,1.0
5017632-3,7996811-3,0.12106591,0.0
3502833-1,5997605-1,0.40062052,0.0
2742518-1,4569806-1,0.024719954,0.0
2627816-2,2627816-3,0.8306397,1.0
3569556-1,3741701-1,0.3287544,0.0
7176025-1,7176025-2,0.5137936,1.0
8500978-1,8500978-2,0.54396915,1.0
7726359-2,8343453-1,0.26819152,0.0
8107669-1,8107669-3,0.28746665,1.0
6160237-3,6160237-4,0.84267795,1.0
1199590-1,4602606-1,0.095101945,0.0
2879827-1,2879827-2,0.7277981,1.0
8324066-1,8324066-2,0.8082005,1.0
8202334-1,8202334-2,0.8807627,1.0
8395467-3,8395467-4,0.9352752,1.0
5731037-1,8593993-1,0.07065776,0.0
5930217-1,7064361-1,0.101469584,0.0
6974749-1,6974749-4,0.5353703,1.0
7336829-1,7336829-2,0.5797332,1.0
8432357-1,8432357-2,0.45810324,1.0
2913817-1,2913817-2,0.81344914,1.0
5361427-1,5361427-2,0.99180686,1.0
4894025-1,4894025-2,0.80454177,1.0
4999637-1,5564113-2,0.24948443,0.0
7544249-1,7544249-3,0.15869246,1.0
6299528-1,6299528-5,0.9711705,1.0
5487393-1,6378479-1,0.72211736,0.0
5337234-10,5337234-9,0.81041336,1.0
8358528-1,8499675-1,0.8479431,0.0
3433557-1,8093766-1,0.3517812,0.0
3275945-1,6370013-1,0.05064961,0.0
8623195-1,8623195-4,0.9568963,1.0
6371506-1,6559182-1,0.42715544,0.0
3412246-1,8086762-1,0.1883338,0.0
5564121-1,7676473-1,0.017329026,0.0
3723993-2,8021310-1,0.5994656,0.0
5492922-1,5492922-2,0.718331,1.0
6704680-4,6946535-1,0.023219934,0.0
4411725-1,4411725-2,0.038652204,1.0
5752727-1,5752727-3,0.7385797,0.0
5446369-10,5446369-6,0.9781574,1.0
7526997-1,7526997-2,0.908014,1.0
2752787-1,3580940-1,0.7181057,0.0
5423709-1,5423709-2,0.20200548,1.0
3655875-3,8180334-1,0.47531033,0.0
2974668-1,5147401-1,0.45837963,0.0
5921541-2,5921541-4,0.8819544,1.0
4154155-1,8387073-1,0.46767518,0.0
6813690-1,6813690-4,0.26409867,1.0
6371830-1,7057908-1,0.32040364,0.0
6738950-1,6738950-2,0.63763714,1.0
7329962-2,7329962-3,0.9734904,1.0
4555002-1,8408036-1,0.5106471,0.0
6426764-2,6426764-6,0.75549406,1.0
3221906-1,6426556-1,0.127048,0.0
7581838-2,7581838-4,0.9203459,1.0
4555002-1,8408036-1,0.5106471,0.0
2740257-1,5833207-1,0.69310516,0.0
2846345-1,7758736-10,0.28015313,0.0
4055826-1,5680667-1,0.17442983,0.0
