UID-1,UID-2,Shadow Prediction,Shadow Label
6023324-2,6023324-4,0.5175054,1.0
7421811-3,7421811-4,0.8479941,1.0
3556532-2,3556532-3,0.94197106,1.0
4656959-1,7908722-1,0.476131,0.0
3775321-1,4471754-1,0.211189,0.0
8513946-3,8513946-4,0.4114019,0.0
3989827-1,5253614-1,0.13394995,0.0
4438404-1,7904498-1,0.4938316,0.0
5234294-1,5234294-2,0.60469973,1.0
4995769-1,8653863-1,0.1613081,0.0
6708993-1,6708993-3,0.94588673,1.0
7383225-3,7383225-5,0.62158984,1.0
6419825-1,8489654-1,0.14133215,0.0
8324066-1,8324066-2,0.77646214,1.0
6028364-1,7125505-1,0.4816669,0.0
5820018-1,5820018-3,0.7126454,1.0
5288912-2,5288912-3,0.82620734,1.0
6798273-1,8044788-2,0.203918,0.0
6260410-1,6260410-2,0.24229273,1.0
2856528-1,2856528-5,0.25696626,1.0
4495801-1,4615979-2,0.4206662,0.0
6327820-1,6327820-2,0.7504113,1.0
7020314-1,7423822-2,0.3134528,0.0
2880279-1,2880279-2,0.2900087,1.0
3894443-2,4832896-1,0.26780075,0.0
5988756-11,5988756-9,0.82663995,1.0
5832407-1,7780062-1,0.1433082,0.0
4246490-1,6034130-1,0.44522014,0.0
8286186-2,8286186-5,0.7260183,1.0
8343286-1,8343286-2,0.56431407,1.0
4301882-1,4301882-2,0.55640393,1.0
4685984-1,7053670-1,0.2669003,0.0
3429833-1,8141523-1,0.2260012,0.0
7000928-1,7000928-5,0.8021835,1.0
3586467-1,3586467-2,0.4452324,1.0
6173029-1,6173029-2,0.51529855,0.0
4531931-1,8476880-1,0.5110026,0.0
6526994-1,6526994-3,0.7391225,1.0
5654018-1,6449590-1,0.33082312,0.0
4137619-1,4137619-2,0.44097096,1.0
3803119-1,3803119-3,0.7314386,1.0
4522451-2,6245774-1,0.40044126,0.0
7758736-7,7758736-8,0.8832089,1.0
7583703-3,7583703-5,0.7257995,1.0
8201076-1,8201076-2,0.25438973,1.0
3750249-1,3750249-2,0.8578225,1.0
4419812-2,8572031-1,0.525343,0.0
5654018-1,6449590-1,0.33082312,0.0
7321844-3,7321844-5,0.7567718,1.0
4659983-2,4659983-3,0.8297067,1.0
3522321-2,3522321-3,0.4831976,1.0
6531111-1,6531111-2,0.40527728,1.0
5962620-1,7234965-1,0.46356308,0.0
3887233-1,6288501-1,0.39782205,0.0
5909360-2,5909360-4,0.70725745,1.0
4737841-1,4737841-2,0.6682304,1.0
5451758-1,7431938-1,0.8141116,0.0
5215207-2,5215207-3,0.59638745,1.0
3978104-1,4949204-1,0.14637436,0.0
5295539-1,5733959-1,0.27910048,0.0
1906806-2,1906806-8,0.90103376,1.0
5043195-3,8435640-2,0.29040396,0.0
7669359-1,7669359-3,0.88126576,1.0
5885127-2,5885127-3,0.3381017,1.0
3745295-1,4927538-1,0.21504743,0.0
3630059-2,3630059-3,0.31019652,1.0
4090488-1,6691534-1,0.28512135,0.0
6694504-1,6826275-1,0.14068568,0.0
4209268-1,5518093-1,0.35505858,0.0
3804818-1,5295525-1,0.3156377,0.0
4374200-1,6434759-1,0.06242383,0.0
4693336-1,4973067-1,0.18668352,0.0
8383623-3,8383623-4,0.37969705,1.0
3205368-2,6970377-2,0.25717103,0.0
2840960-1,7512028-1,0.52366954,0.0
7459412-1,7459412-4,0.46523538,1.0
3996171-1,3996171-2,0.3690894,1.0
4931830-1,4931830-5,0.48401898,1.0
2430565-1,2430565-6,0.6295468,0.0
5201065-1,5201065-4,0.6282452,1.0
3927090-1,3927090-2,0.28036827,1.0
7369207-1,7369207-2,0.6511636,1.0
4993416-2,8445045-1,0.28886634,0.0
3446021-1,3905351-1,0.8446999,0.0
4037296-1,4037296-3,0.34916487,1.0
8017932-4,8017932-6,0.6463687,1.0
3670628-1,4570758-1,0.08061046,0.0
2999723-1,5224743-1,0.1284403,0.0
3481879-1,6120402-1,0.34440696,0.0
6344064-1,6368206-1,0.24452081,0.0
4847610-1,7434254-1,0.568305,0.0
8495066-4,8495066-5,0.69444484,1.0
6604203-1,7684991-1,0.61997217,0.0
8162322-4,8162322-5,0.8298223,1.0
3227238-1,5887274-1,0.69632995,0.0
4418103-1,4418103-4,0.42934126,1.0
4207600-1,7989559-1,0.7588427,0.0
4325394-1,6197536-1,0.3884499,0.0
3518961-3,7520403-1,0.707807,0.0
6601687-1,7972206-1,0.5971198,0.0
3810491-1,8710360-1,0.24419375,0.0
5421160-6,5421160-8,0.5132381,1.0
5662981-1,5662981-2,0.8261135,1.0
4047694-1,4047694-4,0.6331073,1.0
8096340-1,8096340-3,0.8171551,1.0
6324859-8,6324859-9,0.84368217,1.0
3875975-1,3875975-5,0.8360003,1.0
3878478-1,3878478-3,0.82509947,1.0
7497165-1,8577476-1,0.34806213,0.0
3742567-3,7669407-1,0.09943757,0.0
4330179-2,8383597-1,0.23211466,0.0
5932872-1,5932872-2,0.84001887,1.0
6047546-1,7752548-1,0.48860812,0.0
7253536-1,7253536-2,0.7887116,1.0
2904264-1,7294531-1,0.41611895,0.0
4674614-1,7193347-1,0.21846415,0.0
4392864-1,5116499-1,0.8010546,0.0
5450585-1,5450585-2,0.5930989,1.0
3352641-1,6259523-1,0.24586809,0.0
3601282-1,3665239-1,0.16013847,0.0
7533036-1,8043607-1,0.28333375,0.0
3814995-1,6132149-1,0.81630015,1.0
6526982-3,6526982-7,0.75851935,1.0
6524313-2,6712912-1,0.24611384,0.0
7729179-3,7729179-7,0.63274866,1.0
4318027-1,4318027-2,0.8440146,1.0
2769306-1,7063557-1,0.64673364,0.0
6898878-1,6898878-2,0.48719212,1.0
6043705-2,6043705-5,0.71256846,1.0
5161513-2,5161513-7,0.5827175,1.0
3309234-1,4878231-1,0.33894643,0.0
2740245-1,6779149-1,0.28313905,0.0
3539876-1,4112722-1,0.34785774,0.0
2733967-1,2733967-2,0.5654869,1.0
5414514-1,6290314-1,0.33346236,0.0
3556532-2,3556532-4,0.9191036,1.0
4660716-1,8166483-1,0.3513408,0.0
8038897-1,8427021-1,0.07819764,0.0
6824397-6,7352146-1,0.17957173,0.0
7802837-3,7802837-4,0.10185149,1.0
7359153-2,8474819-1,0.7102006,0.0
7754281-1,7754281-5,0.8278982,1.0
3350195-1,5736504-1,0.25259864,0.0
4736596-1,5786248-1,0.14822707,0.0
5650010-1,5650010-2,0.4612991,1.0
5813420-1,6160050-9,0.25177014,0.0
7045536-1,7045536-2,0.47105914,1.0
7385574-1,7385574-2,0.7591719,1.0
8028151-1,8028151-6,0.8143547,1.0
3195172-2,6976720-1,0.46204185,0.0
3935506-1,3935506-2,0.6256038,0.0
5882344-1,8666447-1,0.43112427,0.0
5334173-1,8606326-1,0.2807246,0.0
4500871-2,5159176-1,0.7301944,0.0
6120411-1,8573194-1,0.07521061,0.0
7189886-1,8091626-1,0.7921409,0.0
6475530-2,6475530-3,0.36759222,1.0
3051894-1,6713256-1,0.6820725,0.0
8158287-1,8158287-4,0.80139107,1.0
3556846-2,8578821-1,0.5125041,0.0
4258350-1,4258350-2,0.4745374,1.0
4812219-2,7327389-1,0.32722387,0.0
3263266-1,3263266-3,0.9502454,1.0
4151583-1,4422897-1,0.25592765,0.0
7252654-2,7252654-3,0.31931263,1.0
6708180-2,6708180-5,0.90130925,1.0
8705528-1,8705528-12,0.7709401,1.0
4518176-1,8575279-2,0.16823877,0.0
5378862-2,5378862-3,0.6930073,1.0
4362838-1,4362838-2,0.3738304,1.0
5578589-1,5578589-2,0.62483174,1.0
8411108-1,8411108-3,0.29897508,1.0
5803709-5,6945574-1,0.37466776,0.0
4763574-2,7469900-1,0.797413,0.0
8077172-16,8077172-7,0.95443064,1.0
6317081-1,8521003-1,0.5980346,0.0
3313756-1,7606022-1,0.5838921,0.0
4245924-1,4245924-8,0.45015612,1.0
7709537-1,7709537-2,0.86621106,1.0
3848791-1,3848791-3,0.44268417,1.0
3507068-1,5075308-1,0.29016677,0.0
5962620-3,5962620-5,0.88251,1.0
3733704-3,3733704-4,0.6361233,1.0
5932891-1,8324066-2,0.121965386,0.0
3891165-1,4273471-1,0.4895249,0.0
2936317-2,2936317-3,0.8977425,1.0
4037410-1,7852333-1,0.44949317,0.0
6205782-1,7023760-1,0.30010265,0.0
8531269-1,8531269-4,0.6083916,1.0
8270568-1,8591554-1,0.35678053,0.0
8077721-2,8077721-3,0.8823573,1.0
5698201-1,5698201-2,0.81931007,1.0
7689230-1,8613558-1,0.50629604,0.0
4162032-1,5817789-1,0.2954213,0.0
7204337-1,7509544-1,0.23164159,0.0
6257738-1,6257738-2,0.7417445,1.0
6682377-1,7477153-1,0.4125793,0.0
3025820-1,3025820-2,0.78563946,1.0
6426764-5,6426764-6,0.8320694,1.0
4894025-1,4894025-2,0.78336614,1.0
7268154-1,7268154-2,0.4360429,1.0
2729252-2,2729252-4,0.59172505,1.0
3847260-1,4468626-1,0.32971776,0.0
8422025-4,8422025-5,0.3991926,1.0
2879730-1,2879730-3,0.6083764,1.0
6257534-3,6257534-6,0.85561275,1.0
7102870-1,8672589-1,0.14716204,0.0
8090807-1,8090807-2,0.5168744,1.0
3523457-1,6232788-1,0.3878147,0.0
8276965-1,8276965-2,0.47695056,1.0
3629344-1,7532060-1,0.32703647,0.0
8130067-1,8130067-2,0.6485194,1.0
4203675-1,7533407-1,0.35222873,1.0
5819108-10,5819108-9,0.8760172,1.0
3510916-1,5343649-1,0.12104229,0.0
7506085-1,7506085-2,0.31457642,1.0
6246865-1,6246865-3,0.5925399,1.0
3479817-2,3479817-3,0.6534511,1.0
4292135-1,4336167-1,0.3290007,0.0
8435921-7,8435921-8,0.48769295,1.0
5806410-1,5806410-2,0.33270887,1.0
4877771-1,4877771-4,0.89262223,1.0
8155605-2,8606088-1,0.2675076,0.0
8383533-4,8383533-5,0.5254184,1.0
3361817-1,7472156-1,0.099331975,0.0
3130473-5,3130473-6,0.5770065,1.0
4578058-2,8572329-2,0.13972136,0.0
5815717-1,5815717-3,0.65187895,1.0
5642424-1,6720358-1,0.31497115,0.0
1564184-1,4722517-1,0.18362398,0.0
6705447-1,6705447-2,0.22667675,1.0
2766887-1,4114584-1,0.81862825,1.0
4529966-1,6510563-1,0.2891419,0.0
4749774-1,4749774-2,0.51979107,1.0
6006860-1,7681189-1,0.45154145,0.0
8044528-1,8044528-3,0.4495367,1.0
7119093-1,7249895-1,0.3217016,0.0
8140372-1,8140372-2,0.82073027,1.0
7799191-2,7799191-6,0.62167186,1.0
6502106-1,6502106-2,0.8925303,1.0
7171659-1,8641367-1,0.67402285,0.0
3872241-1,3934774-1,0.7449464,0.0
4384870-1,7220053-1,0.12212589,0.0
8646190-8,8646190-9,0.6552598,1.0
4660714-1,7251899-1,0.29354185,0.0
6643709-2,6643709-3,0.79137987,1.0
3055833-1,7417184-1,0.1827718,0.0
3286731-1,3751282-1,0.38836613,0.0
7373970-1,7373970-3,0.8788455,1.0
4857254-1,7349140-2,0.5738151,0.0
3627455-1,8012176-1,0.14488627,0.0
3914224-1,3914224-2,0.6535607,1.0
3089794-1,7329406-1,0.44155854,0.0
6305571-1,8107913-1,0.43199065,0.0
1764017-1,1764017-2,0.18230602,1.0
4518390-1,7405971-1,0.48334852,1.0
3877580-1,6904911-1,0.14207666,0.0
5084613-3,8231303-2,0.6939649,0.0
6379998-1,7396112-1,0.56741095,0.0
2831607-1,3747430-1,0.31440026,0.0
2628085-7,2628085-9,0.74793875,1.0
3867874-1,8324390-1,0.33347195,0.0
2443370-1,7372392-1,0.3210899,0.0
3673581-1,6878343-1,0.5112232,0.0
3223146-3,3223146-6,0.65553737,1.0
6976742-1,6976742-2,0.76943487,1.0
4918480-6,4918480-8,0.65097755,1.0
8360293-1,8360293-5,0.603999,1.0
5932826-1,5932826-6,0.8872752,1.0
7851455-7,7851455-8,0.8476249,1.0
4108142-2,4108142-3,0.095365904,1.0
3474966-1,8557518-1,0.35057548,0.0
4367037-1,6019205-2,0.2886644,0.0
5865279-2,5865279-6,0.75341964,1.0
5591132-3,6877974-3,0.57228446,0.0
4377782-1,8018181-1,0.089120194,0.0
5904767-1,5904767-3,0.8811266,1.0
4038867-2,4038867-3,0.13770738,0.0
4993830-1,7559758-1,0.756756,0.0
3276871-1,4534062-1,0.36726314,0.0
4003766-1,5439251-1,0.41947553,0.0
3996884-1,3996884-2,0.4412713,1.0
2817495-2,2817495-3,0.5578895,1.0
2879827-1,2879827-2,0.63491666,1.0
2702054-1,5329764-1,0.37924427,0.0
5387823-3,5387823-6,0.62093675,1.0
5215115-4,5215115-5,0.4925024,1.0
6900840-1,7536491-1,0.17721362,0.0
5465520-1,8270060-1,0.24684228,0.0
8090807-1,8090807-2,0.5168744,1.0
4215971-1,7532873-1,0.1298685,0.0
5653710-1,5653710-2,0.40465146,1.0
8075760-1,8075760-5,0.16919476,1.0
7536489-3,8691999-1,0.2681022,0.0
5887590-1,7899914-1,0.25000545,0.0
7691594-1,7691594-3,0.2609487,0.0
6929121-3,8608632-1,0.15049273,0.0
7644295-1,8144523-1,0.14605568,0.0
5220607-1,5220607-2,0.6886078,1.0
5698201-1,5698201-2,0.81931007,1.0
8531158-4,8531158-7,0.6201214,1.0
8409346-2,8409346-3,0.8567556,1.0
3240800-3,5661322-1,0.7244586,0.0
7034667-1,8322726-1,0.12698825,0.0
8628278-3,8628278-5,0.8466131,1.0
8359901-1,8359901-3,0.62783945,1.0
5337234-10,5337234-9,0.9102614,1.0
2718140-2,2718140-3,0.631868,1.0
6142793-1,6142793-3,0.60363644,1.0
6177625-2,6324108-1,0.14151192,0.0
6757016-3,6757016-5,0.7241245,1.0
5447535-1,7294899-2,0.4294322,0.0
7077940-1,7360258-1,0.5068409,0.0
7328963-2,7328963-3,0.78420424,1.0
5404322-1,5569297-1,0.42450002,0.0
8529310-1,8529310-2,0.7687079,1.0
5356989-1,7423086-1,0.5157085,0.0
6009024-1,6322182-1,0.9199641,1.0
7003725-1,7457575-1,0.5164392,0.0
4684858-1,6751855-1,0.49535742,0.0
5330051-1,6264594-1,0.88456327,0.0
4513055-1,6200547-1,0.70766765,0.0
2747452-1,4841938-1,0.41215608,0.0
7000928-2,7000928-5,0.29267898,1.0
6715557-1,8693695-1,0.28522107,0.0
8544915-2,8544915-3,0.30105326,1.0
2956952-2,7700859-2,0.34071583,0.0
5663782-1,6639585-1,0.6693804,0.0
4811243-1,6299518-1,0.38654983,0.0
6395427-3,6395427-7,0.40778756,1.0
6380751-1,7879370-1,0.5993462,0.0
7008651-1,8405368-1,0.36589283,0.0
2809462-1,2809462-3,0.9609251,1.0
3486995-1,6743166-1,0.4008498,0.0
4663301-2,7461323-1,0.69674844,0.0
7771408-1,7771408-2,0.8816807,1.0
4616569-1,4616569-8,0.62067395,1.0
6996166-2,6996166-3,0.7579414,1.0
3533459-1,3533459-3,0.78873736,1.0
7306366-2,8272363-1,0.3916913,0.0
5765119-2,5765119-3,0.73665124,1.0
5835379-2,7015833-1,0.34843603,0.0
3400883-1,6585203-1,0.30307165,0.0
6120049-1,6120049-3,0.3442332,0.0
3590935-1,6901366-1,0.23763412,0.0
8504303-3,8504303-6,0.6877354,1.0
2881009-1,4494631-1,0.4544882,0.0
6862365-3,6862365-5,0.6893921,1.0
5041540-1,6920296-1,0.1407135,0.0
4391172-1,4391172-2,0.74397,1.0
3863527-1,5987487-1,0.29277846,0.0
2588591-1,3042991-1,0.26814893,0.0
6815487-1,6815487-2,0.7242627,1.0
7839804-1,7839804-2,0.36600325,1.0
4677723-1,4677723-2,0.4314198,1.0
3469403-1,6140355-1,0.38766477,0.0
6667806-1,6667806-2,0.86839986,1.0
6504238-2,7430658-1,0.1851405,0.0
3459784-3,3459784-6,0.5216456,1.0
4129602-3,4129602-4,0.44737515,1.0
4109038-1,4109038-2,0.21291001,1.0
3961933-1,4239754-1,0.104146995,0.0
7320044-1,7320044-3,0.12106305,1.0
3847260-1,4468626-1,0.32971776,0.0
3591061-1,3591061-2,0.79702353,1.0
3646164-1,7072995-1,0.10349505,0.0
5846181-1,5846181-6,0.4123568,1.0
8560865-1,8560865-2,0.65276384,1.0
4529966-1,6510563-1,0.2891419,0.0
7321844-3,7321844-5,0.7567718,1.0
2806860-1,6329243-1,0.13508745,0.0
6791093-2,6791093-3,0.077620246,1.0
5972309-1,5972309-2,0.3498635,1.0
5932826-1,5932826-9,0.7497272,1.0
3699952-1,8391293-2,0.41507846,0.0
6460601-1,7461323-1,0.3850532,0.0
3425229-1,5680081-1,0.10936503,0.0
8501706-1,8501706-2,0.49867654,1.0
3522339-1,3522339-2,0.8336416,1.0
2944857-1,2944857-4,0.46125472,1.0
6384041-1,6384041-3,0.93108845,1.0
4016666-1,4456747-2,0.32206622,0.0
6902399-1,6902399-2,0.9354801,1.0
2916110-1,8453400-1,0.3073841,0.0
3819852-1,3819852-2,0.6601156,1.0
5634570-1,7524921-1,0.16158174,0.0
8063915-2,8063915-4,0.68338716,1.0
2769342-1,4857317-1,0.48021725,0.0
3957503-2,4157378-1,0.40290463,0.0
8684541-2,8684541-3,0.276803,1.0
4001432-1,4001432-2,0.51648754,1.0
5892070-1,5892070-3,0.64412236,1.0
3863411-1,8481042-1,0.16632776,0.0
8072659-1,8072659-2,0.542628,1.0
3109664-1,6475964-1,0.84481514,0.0
4396542-2,5809600-1,0.25247917,0.0
5668510-1,7818179-1,0.58866346,0.0
7915259-3,7915259-9,0.8178135,1.0
2776156-7,2776156-9,0.77673775,1.0
5043170-4,5448299-1,0.27121133,0.0
5530411-4,5530411-5,0.65062404,1.0
5187490-1,6323525-1,0.5183884,0.0
3195172-2,6976720-1,0.46204185,0.0
4884233-1,8375329-3,0.34840098,0.0
8293387-3,8293387-4,0.5997563,1.0
3858146-1,3858146-2,0.65526164,1.0
5712115-2,5712115-6,0.92672414,1.0
7519859-1,7903283-2,0.2152406,0.0
7527865-2,7592682-3,0.26500243,0.0
5624666-1,8121091-1,0.21151721,0.0
6601193-2,6601193-3,0.51373243,1.0
3556532-2,3556532-4,0.9191036,1.0
4901834-1,7437135-2,0.4178379,0.0
5696734-1,5709899-1,0.37698808,0.0
3221906-1,6426556-1,0.18600988,0.0
3635220-1,7297480-1,0.7437662,0.0
5968651-2,5968651-3,0.735187,1.0
7433066-1,7510479-1,0.8088299,1.0
3339730-3,3339730-4,0.92816335,1.0
6023324-3,6023324-8,0.9239565,1.0
7434251-1,7434251-2,0.8435539,1.0
3195389-1,4887828-1,0.44595948,0.0
7580395-1,7580395-2,0.4334025,1.0
7903083-1,8632216-1,0.26596457,0.0
7794039-1,8610483-1,0.38433695,0.0
4024625-2,4024625-3,0.8534977,1.0
2823760-4,2823760-7,0.55354166,1.0
6830030-1,6830030-3,0.94563776,1.0
7652198-1,7652198-3,0.3229718,1.0
7326946-1,7326946-3,0.3062622,1.0
5769203-1,5769203-2,0.8257512,1.0
7469690-1,7963417-6,0.66512454,0.0
4413978-1,7904673-2,0.31718457,0.0
3502223-2,3502223-6,0.5533737,1.0
8428511-1,8428511-5,0.3451444,1.0
4720199-2,4720199-3,0.68595964,1.0
3963350-2,5760075-1,0.30842882,0.0
2631494-1,3999606-2,0.19418713,0.0
5857344-4,7222518-1,0.8965783,0.0
8021286-3,8159173-1,0.74936956,0.0
3986296-1,3986296-3,0.887685,1.0
5325004-1,6409157-1,0.088060975,0.0
5325025-1,6698274-1,0.89044666,0.0
3228381-1,5318534-5,0.12921026,0.0
3082230-1,5759281-1,0.38949063,0.0
4217299-1,7182974-1,0.25761247,0.0
8575439-2,8575439-4,0.44878185,0.0
5458002-1,7989778-1,0.3799081,0.0
4359729-1,4359729-2,0.08612073,1.0
2584089-1,3512224-1,0.34676266,0.0
4374200-1,6434759-1,0.06242383,0.0
4763958-3,4763958-4,0.9343543,1.0
4604284-1,7384493-1,0.13090861,0.0
3361768-1,8712097-1,0.31183714,0.0
3394863-2,3394863-3,0.7103532,1.0
6332555-4,6332555-6,0.74936396,1.0
5747782-1,6919952-1,0.68959635,0.0
4689080-1,6929121-5,0.26729783,0.0
6549290-4,6549290-5,0.44663754,1.0
3758170-1,5103332-1,0.25499225,0.0
6433453-1,8088595-1,0.17107406,0.0
3459711-2,3459711-3,0.31624606,1.0
4129924-1,6426094-1,0.1857653,0.0
6925373-3,8254450-5,0.8571963,0.0
4292058-1,6862880-1,0.47027785,0.0
7061685-2,7061685-5,0.6589256,1.0
7593724-3,7593724-5,0.7455988,1.0
4555002-1,8408036-1,0.09732062,0.0
7789569-1,8240843-3,0.710772,0.0
3927091-1,5380210-1,0.25266376,0.0
2845357-1,2845357-3,0.5076748,1.0
6029987-1,7233718-1,0.4805939,0.0
6885310-1,6885310-2,0.4669042,1.0
5815717-1,5815717-3,0.65187895,1.0
5933028-3,5933028-4,0.81272316,1.0
3738357-1,4140234-1,0.30384183,0.0
6261630-1,6261630-3,0.18006352,1.0
6039084-1,6039084-2,0.56319594,1.0
8438098-1,8438098-3,0.28320584,0.0
8055885-1,8055885-3,0.54515946,1.0
4317216-1,7132205-1,0.28849477,0.0
6176975-1,7520241-1,0.2925827,0.0
7306505-1,7306505-2,0.4845813,1.0
7871006-2,7871006-3,0.83139354,1.0
7171607-1,7171607-4,0.90577704,1.0
7567324-2,7567324-3,0.5821459,1.0
5337234-9,8304346-1,0.44506848,0.0
5534012-1,5534012-2,0.80934733,1.0
5913999-1,5913999-2,0.8071052,1.0
2868038-4,2868038-5,0.5476057,1.0
4736659-1,6047565-1,0.27449873,0.0
3919721-5,3919721-6,0.5173277,1.0
4145547-2,8442218-1,0.7934419,0.0
3065406-1,3065406-2,0.7579635,1.0
3928261-1,7657372-1,0.75205064,0.0
3987999-3,3987999-4,0.5539676,1.0
6176975-1,7520241-1,0.2925827,0.0
3956996-1,6301901-1,0.23528089,0.0
2518543-1,2518543-2,0.42001846,1.0
4246651-1,4246651-2,0.55953753,1.0
5865279-12,5865279-8,0.90896124,1.0
5355461-1,5355461-2,0.21219325,1.0
3883333-1,4432418-1,0.4062181,0.0
4523650-1,7837857-1,0.6220759,0.0
7069276-1,7074426-5,0.07337672,0.0
8365843-1,8365843-2,0.7734568,1.0
3521283-1,8352636-2,0.13972995,0.0
2840741-1,7515789-1,0.30503783,0.0
3500013-1,3500013-2,0.5425211,1.0
4611067-2,4611067-4,0.8293777,1.0
7314844-4,7314844-6,0.86509275,1.0
4461724-1,4461724-3,0.24293758,1.0
1764004-1,4123267-1,0.07225755,0.0
2628018-3,2628018-4,0.5320193,1.0
2636076-1,6524100-2,0.35063982,0.0
7847481-2,7847481-3,0.6791534,1.0
6955030-2,6955030-3,0.61228704,1.0
3162762-1,6714308-1,0.22507861,0.0
6350341-1,6350341-2,0.7088589,1.0
6120049-1,6120049-3,0.3442332,0.0
3891025-2,7717458-1,0.50523525,0.0
7489606-1,8354941-1,0.13261941,1.0
7511846-1,7511846-2,0.7707274,1.0
4902214-1,6109837-2,0.12524909,0.0
6091145-1,7219992-1,0.5758638,1.0
7385614-3,7385614-4,0.94080204,1.0
3063239-1,7440240-6,0.20912054,0.0
7431987-2,7431987-3,0.68371487,1.0
6370578-1,6370578-4,0.87865746,1.0
6679892-1,8173629-1,0.10350181,0.0
8084738-1,8084738-2,0.2847058,1.0
7276577-1,8665631-1,0.47414213,0.0
5502322-1,6911275-1,0.25665665,0.0
3830332-4,5417279-1,0.4767101,0.0
1087841-4,7672393-1,0.6885585,0.0
7691594-1,7691594-3,0.2609487,0.0
3644771-1,3644771-3,0.8468814,1.0
4818219-3,4818219-4,0.79336727,1.0
6537047-1,6537047-5,0.34069827,1.0
5605694-1,5605694-2,0.50490135,1.0
7409414-2,7409414-5,0.26586622,0.0
4936984-1,5552637-1,0.08942892,0.0
3868701-1,8191651-1,0.30946818,0.0
6389012-1,6389012-2,0.10659067,1.0
4028916-1,6162351-1,0.18048903,0.0
6604203-1,7684991-1,0.61997217,0.0
4275024-1,5040584-1,0.11772785,0.0
8236763-1,8362859-1,0.34553134,0.0
4042138-1,4042138-5,0.8305974,1.0
3667307-4,5864518-1,0.39275396,0.0
8129005-1,8129005-2,0.39868787,1.0
7271245-1,7271245-2,0.3078081,1.0
5670337-2,5670337-3,0.7003207,1.0
6379532-1,7044468-1,0.32577753,0.0
4364005-2,7344136-1,0.6012081,0.0
6125274-1,7399725-1,0.2141346,0.0
3291707-1,8188865-1,0.26225334,0.0
4292058-1,6862880-1,0.47027785,0.0
6311045-3,6311045-5,0.82194775,1.0
5372808-1,7283930-1,0.18703741,0.0
8123389-1,8123389-4,0.66526484,1.0
3786919-1,3786919-2,0.93554777,1.0
4995784-1,8519668-1,0.16912355,0.0
5865279-5,5865279-7,0.4416797,1.0
5686962-1,5686962-4,0.5777087,1.0
6667806-2,8696182-2,0.46302986,0.0
5009853-1,5009853-2,0.83168334,1.0
3098416-1,4257951-1,0.76761633,0.0
4189521-1,4267925-1,0.4009231,0.0
6919950-1,6919950-3,0.72218525,1.0
8565020-1,8565020-3,0.6290731,1.0
6069660-1,6069660-2,0.83252895,1.0
7231770-3,7231770-4,0.56129384,1.0
3423063-1,4020897-1,0.12115125,0.0
6042488-6,6042488-8,0.5832215,1.0
4325394-1,6197536-1,0.3884499,0.0
7907711-4,7907711-6,0.50381297,1.0
4349915-1,4349915-2,0.7840504,1.0
4502482-1,7944606-1,0.8113188,0.0
4826676-1,8373187-6,0.2201335,0.0
5054641-1,5799649-1,0.47847763,0.0
5650010-1,5650010-2,0.4612991,1.0
5201065-1,5201065-4,0.6282452,1.0
7427433-1,7427433-3,0.8114133,1.0
5471581-1,7220350-1,0.23473951,0.0
4553182-1,6220407-1,0.40960804,0.0
6955030-1,6955030-2,0.9128532,1.0
3963350-2,5760075-1,0.30842882,0.0
3791364-2,7871729-1,0.2213182,0.0
3862222-1,4407325-1,0.49830967,0.0
5749100-5,7026588-1,0.54935604,0.0
3284869-1,5471772-1,0.6128455,0.0
6708993-1,6708993-3,0.94588673,1.0
3376880-1,4772568-1,0.40821385,0.0
8004358-1,8004358-2,0.39291626,1.0
5027309-3,5027309-4,0.5242614,1.0
3504259-1,5372272-3,0.24331354,0.0
6819293-1,6827854-1,0.3873503,0.0
5898130-2,7326743-1,0.5924524,0.0
5731164-1,7859590-1,0.40871957,0.0
4319353-2,4319353-3,0.7767311,1.0
4253754-1,5790922-1,0.11949699,0.0
1513593-1,4494585-1,0.39794567,0.0
6908544-3,6908544-4,0.71149695,1.0
5040847-1,5040847-2,0.8397302,1.0
8674165-2,8674165-3,0.95347255,1.0
6047546-1,7752548-1,0.48860812,0.0
6042488-6,6042488-8,0.5832215,1.0
5586130-2,5586130-3,0.4914073,1.0
3498721-1,3498721-3,0.71794605,1.0
7715921-1,7715921-2,0.5258515,1.0
2582518-1,7210908-1,0.6195619,0.0
4966213-1,6042172-1,0.08657641,0.0
8017932-11,8017932-3,0.8917519,1.0
6018315-1,6704680-3,0.12097071,0.0
5946352-1,8707017-2,0.10103711,0.0
6043705-2,6043705-5,0.71256846,1.0
5751898-1,8641632-2,0.28325668,0.0
6126056-3,6126056-4,0.28839862,1.0
6024489-1,6024489-3,0.55071324,1.0
6446101-1,7493377-1,0.45185724,0.0
2631494-1,3999606-2,0.19418713,0.0
4192805-1,4586912-1,0.12725039,0.0
5463103-1,7670377-1,0.07214418,0.0
6167103-1,6167103-2,0.29214367,1.0
4919970-1,6991144-1,0.35230646,0.0
7074426-3,7074426-6,0.34407416,1.0
4840810-1,4840810-2,0.8639169,1.0
6166908-1,6166908-2,0.8443418,1.0
4936179-1,6671888-1,0.21771465,0.0
2529260-1,4601425-1,0.2830627,0.0
6324859-6,6324859-7,0.37089318,1.0
3822414-3,3822414-5,0.8207205,1.0
3713594-1,4533563-1,0.76501775,0.0
3836937-1,4369927-1,0.5848628,0.0
8407674-1,8407674-2,0.5479275,1.0
3919861-1,6440334-1,0.66429955,0.0
8622899-1,8622899-6,0.58201855,1.0
5064303-1,6326102-2,0.12513341,0.0
7485476-4,7485476-8,0.8465809,1.0
3364654-1,3999575-1,0.11750255,0.0
7220740-3,7220740-5,0.6335691,1.0
8395908-1,8395908-2,0.91838795,1.0
3349988-1,3349988-2,0.6853959,1.0
4710113-1,4710113-2,0.8624445,1.0
7074426-3,7074426-6,0.34407416,1.0
4616573-1,7506085-3,0.30219576,0.0
5371602-1,6085926-1,0.49505302,0.0
5930217-1,7064361-1,0.13175711,0.0
4174715-3,4174715-5,0.60199726,1.0
2999723-1,5224743-1,0.1284403,0.0
4886413-1,6368983-1,0.46137008,0.0
7648307-1,7993427-1,0.22790508,0.0
7492794-4,7492794-5,0.5034802,1.0
8476401-2,8476401-3,0.70054084,1.0
7983582-1,8281416-1,0.14845031,0.0
6159116-1,6159116-2,0.44505706,1.0
3350251-1,3350251-2,0.4985045,1.0
8077172-17,8077172-6,0.70241576,1.0
3877481-1,8167473-1,0.30438033,0.0
4897027-1,8477088-1,0.21906981,0.0
7373528-1,7437631-2,0.60526246,0.0
3414006-1,5795860-2,0.27150136,0.0
5863859-1,6101556-1,0.12053735,0.0
7584818-1,8694161-1,0.26122957,0.0
5084613-1,5084613-5,0.67847735,1.0
7383351-1,8132458-3,0.2219503,0.0
7365046-1,8364993-1,0.1504301,0.0
6107036-1,8107458-1,0.2552448,0.0
3214515-1,6695534-1,0.34815618,0.0
5429112-3,5448013-1,0.6055385,0.0
5930217-1,7064361-1,0.13175711,0.0
5553467-1,5553467-2,0.40627325,1.0
5930829-1,5930829-2,0.41822004,1.0
7220005-2,7220005-5,0.87584007,1.0
3750249-1,3750249-2,0.8578225,1.0
5266844-1,5266844-2,0.8407271,1.0
4006567-1,8140414-1,0.5249933,0.0
3465893-1,5903073-1,0.81958145,0.0
4430642-1,4430642-4,0.5950475,1.0
4302118-2,4302118-7,0.79716337,1.0
4228210-1,6392620-1,0.40895265,0.0
8391342-16,8391342-17,0.75034463,1.0
8061403-1,8061403-5,0.7512414,1.0
2938567-1,7249778-1,0.353132,0.0
8673864-2,8673864-4,0.78745604,1.0
3645620-4,3645620-6,0.56632364,1.0
3464342-1,5400459-1,0.25854078,0.0
7174855-1,7506050-2,0.2020391,0.0
4438148-1,5791511-1,0.16047435,0.0
5806333-2,5806333-5,0.6323513,1.0
8493100-1,8493100-2,0.8296132,1.0
2878411-1,2878411-2,0.80540454,1.0
6984149-1,8045623-1,0.14904726,0.0
4220424-1,8339506-1,0.18611644,0.0
6257534-4,6257534-6,0.73645866,1.0
4754271-2,4754271-3,0.4301151,1.0
8286186-2,8286186-5,0.7260183,1.0
3896650-1,4085913-1,0.28839335,0.0
6158977-1,8653749-3,0.2400408,0.0
8515176-2,8515176-4,0.31032726,1.0
5372497-1,5372497-2,0.3425506,1.0
3741975-1,3741975-3,0.470416,1.0
5865279-2,5865279-6,0.75341964,1.0
7729179-3,7729179-4,0.37889826,1.0
5574418-1,5574418-2,0.635172,1.0
4736596-1,5786248-1,0.14822707,0.0
6650185-1,7760432-1,0.12999453,0.0
3328978-1,5726839-4,0.38349777,0.0
3393611-1,6135216-5,0.13616754,0.0
4323608-1,4834819-1,0.5176181,0.0
4955467-3,4955467-4,0.7149077,1.0
4206015-1,4756176-1,0.11673437,0.0
4603009-2,7396112-1,0.356578,0.0
4060408-1,4060408-3,0.6898859,1.0
8278647-1,8278647-3,0.78099334,1.0
7390426-1,7390426-2,0.9550382,1.0
6368138-1,8046466-3,0.430576,0.0
5128960-1,7530160-1,0.25921038,0.0
4835516-2,7386093-1,0.50805974,0.0
4685866-5,4685866-6,0.7447191,1.0
4793556-1,6836415-1,0.14190912,0.0
4752811-1,7085831-1,0.28417954,0.0
5725898-1,5725898-3,0.9063808,1.0
4337180-2,6320563-1,0.36564487,0.0
6205896-1,6897378-2,0.12778328,0.0
5434259-1,7511512-1,0.16086654,0.0
3483684-1,4273540-1,0.16937098,0.0
4353272-6,4353272-7,0.8033217,1.0
4720199-2,7586353-1,0.51852626,0.0
6710848-1,7506268-1,0.13333122,0.0
8632144-3,8632144-4,0.6917113,1.0
7251434-1,7251434-2,0.6595498,1.0
3800333-1,5782843-1,0.3004865,0.0
8569136-8,8569136-9,0.90860385,1.0
3214048-2,4006608-1,0.4759225,0.0
6921188-1,8132588-1,0.1668453,0.0
7014659-2,7014659-3,0.31930757,1.0
3920611-4,3920611-5,0.45667163,1.0
3498670-1,3498670-3,0.5757065,1.0
7485476-1,7485476-8,0.69558775,1.0
6299528-4,6299528-5,0.5503954,1.0
6066675-1,6066675-2,0.15782526,1.0
5137971-2,5137971-9,0.83032453,1.0
5668510-1,7818179-1,0.58866346,0.0
8186578-3,8186578-5,0.6181744,1.0
7449561-1,7785353-1,0.36791676,0.0
7489718-1,8490061-1,0.49514553,0.0
7481472-3,7481472-4,0.77846277,1.0
7959652-1,8136327-1,0.35704702,0.0
6929121-3,8608632-1,0.15049273,0.0
7676789-1,8339508-1,0.118447065,0.0
7020314-1,7423822-2,0.3134528,0.0
6314796-1,6314796-2,0.21391857,1.0
4339194-1,4339194-2,0.48481858,1.0
3070676-1,7186106-1,0.52667403,0.0
2507719-1,6712609-4,0.21691966,0.0
6703052-1,7868097-3,0.11770698,0.0
4792615-1,4792615-2,0.5535007,1.0
5912312-1,5912312-4,0.4635554,1.0
8674165-2,8674165-3,0.95347255,1.0
4737748-1,5789617-3,0.51484054,0.0
5396409-1,8586889-1,0.31194183,1.0
3920611-4,3920611-5,0.45667163,1.0
4575794-2,5148816-1,0.2714557,0.0
3429988-1,3806668-1,0.7663786,0.0
4212299-1,6951019-1,0.5897983,0.0
5366995-3,7067576-1,0.3324714,0.0
3125656-1,7367320-1,0.13051572,0.0
3881450-1,3883190-1,0.33978167,0.0
4309306-3,7455395-1,0.917729,0.0
7749935-3,7749935-8,0.62696075,1.0
5435471-1,6996166-3,0.3082744,0.0
7235428-4,7235428-5,0.362437,1.0
8391342-31,8391342-9,0.52071655,1.0
4984831-1,8571254-1,0.6434373,0.0
2718116-2,2718116-3,0.6345596,1.0
6713097-2,6713097-6,0.9554823,1.0
6862365-3,6862365-5,0.6893921,1.0
5901399-3,5901399-6,0.7747582,1.0
5943729-6,5943729-9,0.83370155,1.0
5901399-3,5901399-6,0.7747582,1.0
3407125-3,3407125-5,0.9666672,1.0
6425386-1,8343438-1,0.2614435,0.0
3199017-1,8541753-1,0.23291653,0.0
6802603-1,6802603-3,0.6523422,1.0
4307220-1,6167081-3,0.12036139,0.0
8140372-1,8140372-2,0.82073027,1.0
8391342-15,8391342-32,0.556624,1.0
4846392-1,7669217-2,0.1923341,0.0
2645401-1,2645401-3,0.6415864,1.0
6393903-1,8360226-1,0.13358468,0.0
3407696-2,3730474-1,0.39971223,0.0
3328978-1,5726839-4,0.38349777,0.0
4998961-1,7414370-1,0.49309066,0.0
4203878-1,6619473-1,0.5275627,0.0
5235655-1,5235655-2,0.8594885,1.0
6426014-1,6688888-1,0.2797396,0.0
4094663-2,4094663-8,0.92113465,1.0
6088479-2,7052693-2,0.3458883,0.0
3232486-1,7364406-1,0.13525756,0.0
2700576-2,2700576-4,0.82274425,1.0
8622899-1,8622899-5,0.7696871,1.0
3810058-1,4276615-1,0.15721108,0.0
4033899-1,5331190-1,0.46465257,0.0
4641175-1,7386129-1,0.23896477,0.0
7468093-4,7468093-6,0.56082195,1.0
8045356-1,8045356-4,0.26041692,1.0
6989275-1,8240206-1,0.5856647,0.0
7196143-1,7196143-2,0.8351082,1.0
7396112-1,7396112-3,0.59426844,1.0
7676819-1,7944653-3,0.1459667,0.0
5572848-1,6898921-1,0.6226598,0.0
6370147-1,6370147-2,0.8374521,1.0
7243093-1,8122563-1,0.050541773,0.0
4010028-1,6950699-1,0.2313898,1.0
5228659-2,5228659-3,0.39998707,1.0
5710965-2,5710965-3,0.520412,1.0
8084795-1,8084795-2,0.6935002,1.0
7189886-1,8091626-1,0.7921409,0.0
3429988-1,3806668-1,0.7663786,0.0
2737776-1,8415956-1,0.60378754,1.0
6434444-4,6434444-5,0.82113165,1.0
3349988-1,3349988-2,0.6853959,1.0
3190012-1,6485866-1,0.056337282,0.0
3052469-1,8101505-1,0.34154123,0.0
4037951-1,6311213-1,0.15255083,0.0
3195365-1,7353901-1,0.22119667,0.0
3438302-1,7872596-1,0.29234204,0.0
4003725-1,4999640-1,0.18719529,0.0
7734990-1,7734990-2,0.55937284,1.0
4540561-1,5139943-1,0.47431305,0.0
8493100-1,8493100-2,0.8296132,1.0
7199072-1,7199072-3,0.31579265,1.0
7105417-1,7254168-1,0.14030479,0.0
5137971-4,5137971-9,0.72052056,1.0
7306505-1,7306505-2,0.4845813,1.0
8643187-1,8643187-4,0.8167556,1.0
2854453-1,8047955-1,0.31630248,0.0
2747452-1,4841938-1,0.41215608,0.0
4946133-1,7440356-1,0.42501524,0.0
8369283-1,8369283-5,0.86910015,1.0
4421974-10,4421974-9,0.61506313,1.0
3573018-1,4824360-1,0.44167486,0.0
7197830-1,7197830-3,0.6857459,1.0
6350341-1,6350341-2,0.7088589,1.0
7479855-1,7479855-2,0.54754907,1.0
6669189-1,8482093-1,0.4364838,0.0
4396542-2,5809600-1,0.25247917,0.0
529263-1,529263-5,0.7494678,1.0
4245350-1,7558904-1,0.51893556,0.0
4407315-1,8352636-1,0.17442755,0.0
3088941-1,4280458-2,0.7177909,0.0
7758736-4,7758736-9,0.8628748,1.0
4307725-2,4307725-3,0.4272958,1.0
6329246-1,6440032-3,0.12233266,0.0
2432066-1,7588683-1,0.38259888,0.0
3987316-1,4148739-2,0.47892252,0.0
7756316-2,8490074-1,0.22174147,0.0
8278993-2,8278993-3,0.7257956,1.0
4765255-2,4765255-4,0.51773053,1.0
8577550-2,8577550-3,0.70666903,1.0
2827140-2,2827140-5,0.6598602,1.0
3325621-1,3325621-2,0.63567626,1.0
8653493-2,8653493-3,0.5803806,1.0
3507068-1,5075308-1,0.29016677,0.0
7569537-1,7569537-3,0.85990554,1.0
4177828-1,5050349-1,0.5366851,0.0
6028424-1,6028424-2,0.27825907,1.0
5290631-1,5290631-3,0.31107703,1.0
4541672-1,4541672-5,0.36185268,1.0
4001432-1,4001432-2,0.51648754,1.0
3620691-1,4552135-1,0.46708876,0.0
3400881-1,6018445-1,0.36094096,0.0
5457574-1,6555907-1,0.3961949,0.0
8495066-3,8495066-4,0.66075146,1.0
4386675-1,7315195-1,0.6962923,0.0
7992724-2,7992724-3,0.573194,1.0
7686844-1,7686844-2,0.7000737,1.0
6444229-1,7549992-1,0.13211033,0.0
4269622-5,4269622-6,0.8957022,1.0
5778562-1,8142605-1,0.45438948,0.0
4966406-1,6136232-1,0.7081517,0.0
8531158-3,8531158-8,0.83992994,1.0
3723993-2,8021310-1,0.6039594,0.0
5533695-2,8081989-2,0.35719693,0.0
8185063-2,8185063-3,0.7540138,1.0
2075483-1,2075483-3,0.7992439,1.0
3826010-1,5906759-1,0.18233651,0.0
4083205-1,4638091-1,0.2674429,0.0
4881626-4,4881626-5,0.9495291,1.0
4721167-1,4747941-1,0.15778244,0.0
6177625-2,6324108-1,0.14151192,0.0
2430565-3,2430565-4,0.4406815,1.0
5630053-1,8437584-2,0.43381545,0.0
2801516-1,8613957-1,0.3939343,0.0
6029437-2,6029437-3,0.3578379,1.0
3789436-1,6745101-1,0.52147096,0.0
7711629-4,7711629-7,0.9634922,1.0
4811078-1,7242611-1,0.122182995,0.0
8133044-4,8133044-6,0.82310015,1.0
3412810-1,5662332-1,0.23482504,0.0
5113927-3,5113927-7,0.6588489,1.0
3922193-4,3922193-5,0.41688856,1.0
7851455-7,7851455-8,0.8476249,1.0
2330027-1,2330027-2,0.51669264,1.0
7990443-1,7990443-6,0.54505956,1.0
3429988-1,3806668-1,0.7663786,0.0
7547550-2,7547550-8,0.77830964,1.0
3800334-1,4142935-1,0.062291488,0.0
4966802-1,6668535-1,0.5632023,0.0
3638522-1,6868727-1,0.3004451,0.0
7455599-1,7598250-1,0.33967337,0.0
5610706-1,5862080-1,0.27134818,0.0
3200029-1,4400501-1,0.21403936,0.0
2821651-2,2821651-3,0.8008504,1.0
3271297-1,4156995-2,0.31378093,0.0
3905562-1,5998278-1,0.5755491,0.0
6452480-1,6457075-1,0.25466856,0.0
3974450-1,3974450-2,0.83479196,1.0
4546785-1,4546785-3,0.07604866,1.0
7383225-1,7383225-2,0.40242356,1.0
5390126-1,5390126-3,0.5794955,1.0
8377065-11,8377065-9,0.5568064,1.0
4253754-1,5790922-1,0.11949699,0.0
2737786-1,2737786-3,0.7062661,1.0
8559640-2,8559640-6,0.15777683,0.0
3465888-1,5318607-1,0.23316906,0.0
6881513-2,7749946-1,0.23540844,0.0
6700539-1,8180324-1,0.32129183,0.0
5807679-1,6919393-1,0.42540255,0.0
5405907-1,5961273-1,0.7344301,0.0
3639158-16,3639158-8,0.8823803,1.0
5723948-1,7520796-4,0.5091915,0.0
6691767-1,6691767-4,0.658244,1.0
5056220-1,5056220-3,0.73509216,1.0
6696846-1,8663995-1,0.29907444,0.0
3786971-1,8565143-1,0.23867352,0.0
6124168-2,6124168-6,0.5104234,1.0
8354677-2,8354677-4,0.8620854,1.0
5875408-1,5875408-2,0.8275715,1.0
6177013-1,6177013-2,0.690544,1.0
3111127-4,5074022-2,0.42897344,0.0
5702709-1,6447140-1,0.06926355,0.0
4738133-3,8330202-2,0.8155414,0.0
5893202-1,6375024-2,0.26982507,0.0
3199017-1,8541753-1,0.23291653,0.0
5733438-1,5733438-2,0.37384117,1.0
3890228-2,6416959-1,0.18631896,0.0
3683444-1,3683444-2,0.42517164,1.0
6494213-1,8015447-1,0.5669673,0.0
3292829-1,6408117-1,0.12237314,0.0
7872057-3,7872057-6,0.757539,1.0
3806681-1,3806681-2,0.5694249,1.0
4166964-1,4333544-1,0.62001294,0.0
6819644-1,6819644-2,0.5378807,1.0
4978092-1,5674801-1,0.4314994,0.0
2752787-1,3580940-1,0.68520033,0.0
4406011-1,7155113-1,0.3268397,0.0
4656892-1,5287072-1,0.31513283,0.0
6194553-1,6194553-2,0.74978095,1.0
5605694-1,8391342-27,0.514189,0.0
3970068-1,3970068-2,0.898226,1.0
6719522-1,6719522-2,0.5012268,1.0
4450489-1,5421492-1,0.37229788,0.0
5479100-1,5479100-2,0.76321685,1.0
5078643-1,5078643-2,0.91662496,1.0
3141126-1,8216312-1,0.3970482,0.0
2955342-1,2955342-3,0.8623828,1.0
4891832-1,5465657-1,0.2756804,0.0
4864885-1,8330615-1,0.12971464,0.0
7523746-3,7523746-4,0.41329688,1.0
6723649-1,7132961-1,0.19583787,0.0
5530411-4,5530411-5,0.65062404,1.0
4776589-1,4776589-3,0.9648751,1.0
8083751-1,8083751-3,0.79431933,1.0
3922193-1,3922193-4,0.56098676,1.0
6004815-2,6004815-6,0.33095288,1.0
5766654-1,5766654-3,0.71331805,1.0
8543281-3,8543281-4,0.16723748,1.0
7793325-3,7793325-4,0.3074553,1.0
5042625-3,5042625-7,0.9037084,1.0
4162020-4,4162020-5,0.5323967,1.0
2815756-5,2815756-6,0.59202427,1.0
4726507-1,4726507-5,0.38178346,1.0
5807679-1,6919393-1,0.42540255,0.0
5396409-1,8586889-1,0.31194183,1.0
3992747-1,6323429-1,0.34315038,0.0
5450457-3,5450457-5,0.41891885,1.0
8626173-1,8626173-3,0.720655,1.0
3088941-2,3088941-3,0.45751554,1.0
5494519-1,5494519-3,0.8026816,1.0
4832259-2,8145651-1,0.3334081,0.0
2790127-1,7896596-1,0.24806212,0.0
6311300-1,7800327-1,0.7065796,1.0
2858138-1,6982442-2,0.13724561,0.0
2628000-1,4182779-1,0.59048724,0.0
3968625-1,4839247-1,0.4192664,0.0
5784282-1,8222638-1,0.6069853,0.0
4686810-3,4686810-7,0.38132614,1.0
7165335-1,8045173-1,0.33090866,0.0
6018315-2,6928670-1,0.46002203,0.0
7392355-1,7392355-2,0.59175265,1.0
4155887-3,4155887-4,0.73327297,1.0
5606941-2,5606941-3,0.5216555,1.0
5483845-3,5483845-4,0.34438887,1.0
4302550-3,4735504-1,0.85346115,0.0
8483017-1,8636200-1,0.29610834,0.0
7683200-2,7683200-3,0.7844071,1.0
6032606-1,6854420-1,0.7583253,0.0
4737841-1,4737841-2,0.6682304,1.0
7137636-1,7137636-2,0.7989237,1.0
5650010-1,5650010-2,0.4612991,1.0
3306091-1,3306091-2,0.86737514,1.0
4511337-1,8721406-1,0.37620926,0.0
8700716-1,8700716-4,0.4721232,1.0
7180521-1,7180521-2,0.7530356,1.0
6203696-1,6203696-2,0.676924,1.0
2938567-1,7249778-1,0.353132,0.0
7315091-2,8613452-1,0.6971764,0.0
4681080-1,7784112-1,0.26989642,0.0
7749929-1,7749929-2,0.38265073,1.0
4886413-1,6368983-1,0.46137008,0.0
6101603-1,6101603-4,0.35005522,1.0
3504292-1,3504292-2,0.79543877,1.0
7409414-3,7409414-4,0.8089108,1.0
5503666-1,8682950-1,0.0989694,0.0
3874335-1,6938728-1,0.17848204,0.0
3339730-3,3339730-4,0.92816335,1.0
3551720-1,6257471-1,0.27945966,0.0
3325621-1,3325621-2,0.63567626,1.0
4699197-1,4699197-3,0.8471043,1.0
3724598-1,5463000-1,0.22167431,0.0
3765128-2,5810523-1,0.3346649,0.0
1660560-1,1660560-3,0.8196395,1.0
6421557-2,7918232-1,0.3368476,0.0
3144596-1,3144596-3,0.9427614,1.0
5329676-2,7175762-2,0.17402463,0.0
8438098-1,8438098-3,0.28320584,0.0
4840810-2,4840810-3,0.7667818,1.0
5893346-2,5893346-8,0.9131903,1.0
4918135-5,4918135-6,0.85190696,1.0
3380669-2,3380669-5,0.62699586,1.0
8432228-1,8432228-3,0.9145697,1.0
2817864-1,2817864-2,0.69751817,1.0
7568409-1,8035037-1,0.15857306,0.0
5962620-3,5962620-5,0.88251,1.0
3575366-1,3677018-1,0.28592736,0.0
7568822-3,7568822-4,0.83547443,1.0
5556898-1,8327293-1,0.52664155,0.0
7519859-1,7903283-2,0.2152406,0.0
4054527-1,7336494-1,0.117901966,0.0
3268139-2,3268139-4,0.8282307,1.0
7711629-4,7711629-7,0.9634922,1.0
2831607-1,3747430-1,0.31440026,0.0
7545039-1,7545039-3,0.77588713,1.0
6434444-4,6434444-5,0.82113165,1.0
3975209-1,3975209-2,0.61414385,1.0
4363960-1,8628920-1,0.15214872,0.0
3527052-2,3527052-3,0.94008726,1.0
3212924-1,4409195-1,0.11038633,0.0
3556532-2,3556532-3,0.94197106,1.0
7663930-1,7663930-6,0.87177306,1.0
6614985-3,6885689-3,0.25504684,0.0
3539892-1,3539892-2,0.9218893,1.0
3785345-2,3785345-4,0.8472584,1.0
3511956-1,5914224-1,0.65278554,0.0
4278096-1,8077672-1,0.120837696,0.0
4302550-3,4735504-1,0.85346115,0.0
3883471-1,5786228-3,0.21777038,0.0
3304601-3,5488574-1,0.09989724,0.0
6135216-2,6135216-4,0.80704695,1.0
3483657-1,4977740-1,0.2844039,0.0
6180826-1,8343560-1,0.9282412,0.0
6788842-1,8355822-1,0.18966699,0.0
5630053-1,8437584-2,0.43381545,0.0
4699197-2,4699197-3,0.2524997,1.0
3712245-1,3712245-2,0.8223374,1.0
4330691-1,4330691-2,0.5167039,1.0
4320515-1,4573614-1,0.1959959,0.0
3484318-1,3484318-2,0.63317895,1.0
6935495-3,6935495-4,0.4848809,1.0
8307809-2,8307809-3,0.9033004,1.0
6643316-3,6643316-4,0.3453428,1.0
3829227-3,8572347-1,0.75732374,0.0
4239760-1,7723702-1,0.63945234,0.0
4386675-1,7315195-1,0.6962923,0.0
7238787-1,7238787-4,0.9125266,1.0
4296853-1,4633423-1,0.12999879,0.0
3121064-1,5991225-1,0.5939386,0.0
6221626-1,6221626-3,0.20136642,1.0
8372087-1,8572351-1,0.47344714,0.0
5646301-1,5646301-2,0.6905672,1.0
4336678-1,4336678-4,0.62601864,1.0
2813577-2,2813577-4,0.70452493,1.0
8669740-3,8669740-4,0.3124622,1.0
3440936-1,7847594-1,0.3307823,0.0
5137971-4,5137971-9,0.72052056,1.0
8004176-1,8004176-3,0.93959403,1.0
3214811-1,6215988-1,0.28303742,0.0
5571603-1,5571603-2,0.7419707,1.0
8435653-1,8435653-2,0.67353076,1.0
8057658-3,8057658-4,0.77794534,1.0
3968662-1,8051537-1,0.45745498,0.0
2821391-1,2821391-3,0.49561748,1.0
5815717-1,5815717-3,0.65187895,1.0
1903360-1,3223957-2,0.34125844,0.0
2822157-1,3266151-1,0.22530583,0.0
6248870-1,6248870-4,0.9165037,1.0
3481879-1,6120402-1,0.34440696,0.0
2585083-1,8588691-2,0.33572873,0.0
5437792-1,6620227-1,0.09835151,0.0
5801795-1,5801795-2,0.62791336,1.0
3883337-1,4022768-1,0.7516074,0.0
5791447-1,6768263-1,0.087892205,0.0
6452196-2,6452196-4,0.6838118,1.0
3034078-1,8702295-1,0.52823347,0.0
6421483-1,7954243-1,0.09002475,0.0
3423044-1,3423044-2,0.54175884,1.0
5343133-1,5343133-3,0.5031617,1.0
6669302-1,8557675-1,0.52271116,0.0
8290849-1,8290849-2,0.7098558,1.0
7165202-1,7846420-1,0.17182395,0.0
6029987-1,7233718-1,0.4805939,0.0
4270008-3,6820463-1,0.6936929,0.0
3957503-2,4157378-1,0.40290463,0.0
4377410-1,7451160-2,0.38638118,0.0
7789137-2,7789137-3,0.6148737,1.0
3887163-1,7595504-1,0.660213,0.0
6890279-1,8003149-1,0.4857256,0.0
5998849-1,7412652-1,0.25583753,0.0
5337234-2,5337234-9,0.7503071,1.0
4754271-2,4754271-3,0.4301151,1.0
2529260-1,4601425-1,0.2830627,0.0
3777315-1,4301543-1,0.25594932,0.0
4121941-1,5502345-1,0.55429876,0.0
4207459-1,7732258-1,0.8444351,0.0
3901553-1,4808525-1,0.33161998,0.0
7422691-1,7422691-5,0.7770682,1.0
8171126-2,8171126-5,0.91990006,1.0
6047837-1,7253621-1,0.4786383,0.0
3408276-2,7320729-1,0.5369511,0.0
5835379-2,5835379-4,0.5845024,1.0
2813646-3,2813646-4,0.74921334,1.0
3437272-1,3437272-2,0.84345317,1.0
3931215-1,5121548-1,0.12482371,0.0
7341056-3,7341056-4,0.1390974,1.0
3079672-1,4621341-3,0.2395822,0.0
5075292-1,6037806-2,0.3836916,0.0
4730130-4,4730130-5,0.60188293,1.0
5865279-2,5865279-6,0.75341964,1.0
2816289-1,6340231-1,0.18611418,0.0
3515938-1,4311362-3,0.41626444,0.0
4702300-2,4702300-4,0.77609116,1.0
5582569-1,6031599-1,0.4104879,0.0
6211148-1,6211148-2,0.95187867,1.0
7174277-1,7174277-2,0.56781465,1.0
1904453-1,7704158-1,0.13525443,0.0
3438302-1,7872596-1,0.29234204,0.0
7083185-1,8055531-1,0.23401324,0.0
7543102-1,7543102-4,0.87871957,1.0
7306366-2,8272363-1,0.3916913,0.0
4316910-1,6142756-1,0.29895237,0.0
8628278-1,8628278-5,0.69263345,1.0
5960082-1,7727771-1,0.4335781,0.0
4137535-1,4800766-1,0.19473559,0.0
3639158-11,3639158-7,0.602279,1.0
5752727-2,5752727-3,0.51881063,1.0
4086582-3,4086582-4,0.6674485,1.0
7403927-3,7724121-1,0.8303288,0.0
8213934-3,8213934-4,0.84147584,1.0
6199932-1,6199932-4,0.89187133,1.0
3354801-1,8471370-1,0.5016548,0.0
5040526-2,5040526-3,0.58262104,1.0
3545141-1,6010000-1,0.17223294,0.0
4155089-3,4155089-4,0.95051897,1.0
8668032-1,8668032-3,0.93789,1.0
2822336-1,7991776-1,0.40253335,0.0
3306091-1,3306091-2,0.86737514,1.0
5328445-2,5328445-3,0.7596159,1.0
3913137-3,3913137-6,0.68190444,1.0
5960165-1,6065136-1,0.5452492,0.0
5540467-1,7305484-3,0.33357644,0.0
6857254-1,6857254-3,0.6898842,1.0
3999730-1,4337351-2,0.19120273,0.0
8168801-2,8168801-4,0.69110745,1.0
3804044-4,5051316-1,0.2543931,0.0
4720199-2,4720199-3,0.68595964,1.0
4247869-4,4247869-6,0.832504,1.0
4616569-6,4616569-8,0.62559205,1.0
5882333-1,5882333-3,0.48064843,1.0
3965928-1,6899330-1,0.6609743,0.0
5960165-1,6065136-1,0.5452492,0.0
6561526-1,8054923-1,0.41688913,0.0
4777948-4,4777948-6,0.65549856,1.0
7292447-1,7292447-2,0.6836915,1.0
4077557-3,4077557-5,0.6262863,1.0
5769203-3,5769203-5,0.20260936,0.0
8428280-2,8428280-9,0.7324795,1.0
4549539-1,7535648-1,0.22403379,0.0
7675634-2,7675634-3,0.30417597,1.0
7268154-1,7268154-2,0.4360429,1.0
6159235-1,8114011-1,0.41878635,0.0
3875975-1,3875975-5,0.8360003,1.0
7663930-3,7663930-6,0.36279076,1.0
7520796-1,7520796-2,0.6503161,1.0
7535771-2,8606058-1,0.13939694,0.0
6069825-2,6069825-3,0.29101312,1.0
3580347-1,3580347-5,0.5047625,1.0
8007555-1,8339477-2,0.12318224,0.0
7132571-1,7132571-2,0.8165502,1.0
8087369-2,8087369-3,0.81877923,1.0
6151349-1,8542406-1,0.08149132,0.0
4492662-1,6305527-1,0.8152911,0.0
3927825-3,3927825-5,0.31024957,1.0
3263702-3,3263702-4,0.8297757,1.0
4812638-1,5982477-1,0.8542397,0.0
5991051-1,6456155-1,0.8407942,0.0
2783155-1,6046149-1,0.36807656,0.0
2737786-1,2737786-3,0.7062661,1.0
6498959-2,6498959-5,0.56467223,1.0
8646190-8,8646190-9,0.6552598,1.0
2854446-1,7592631-1,0.3872228,0.0
3079672-1,4621341-3,0.2395822,0.0
8003879-8,8379666-1,0.56153107,0.0
5567077-1,6547267-1,0.08070244,0.0
3639700-1,6054368-1,0.5418627,0.0
6051123-1,6119344-1,0.17368694,0.0
8611532-1,8611532-6,0.77005184,1.0
5331254-1,5331254-2,0.5375837,1.0
3600192-1,3600192-3,0.81122,1.0
5533695-2,8081989-2,0.35719693,0.0
3808072-1,7437123-5,0.38464338,0.0
3582599-1,5628438-2,0.4674445,0.0
3420382-1,3420382-2,0.2850704,1.0
2740062-1,3307458-1,0.47239086,0.0
3521399-1,4866382-1,0.1924955,0.0
8393241-10,8393241-8,0.6910076,1.0
6332814-5,6332814-8,0.6156933,1.0
3114312-3,3114312-4,0.21522865,1.0
6541118-1,6746911-1,0.14889094,0.0
8709957-4,8709957-5,0.78686416,1.0
7519596-1,8140954-1,0.35280254,0.0
7486574-2,7486574-4,0.65495944,1.0
7506272-2,7506272-3,0.884361,1.0
8047717-2,8047717-4,0.83262163,1.0
7488857-1,8155124-1,0.21325368,0.0
6302191-2,8422423-1,0.33153838,0.0
4763958-2,4763958-3,0.53220385,1.0
4546965-1,4546965-2,0.6341214,1.0
4095838-1,7265467-1,0.26255003,0.0
6003790-7,6003790-9,0.8443886,1.0
5662981-1,5662981-2,0.8261135,1.0
3440936-1,7847594-1,0.3307823,0.0
6076191-3,6456843-6,0.42700282,0.0
3132912-1,5340937-1,0.30475864,0.0
8136305-1,8136305-2,0.48654804,1.0
4415556-1,4415556-2,0.5656406,1.0
5407778-3,5407778-5,0.6912324,1.0
7199072-1,7199072-3,0.31579265,1.0
7609899-4,7609899-5,0.71014625,1.0
2740295-2,5052910-1,0.20656127,0.0
4830712-1,4830712-5,0.8791863,1.0
8015663-3,8015663-4,0.83042765,1.0
3710964-1,3710964-2,0.19210044,1.0
5088267-1,5088267-3,0.9342387,1.0
6336730-1,6336730-7,0.7319968,1.0
5337234-3,5337234-4,0.6968593,1.0
7314080-1,7314080-2,0.6890008,0.0
6643316-1,6643316-8,0.7737659,1.0
4493364-1,4493364-2,0.94818795,1.0
4949203-1,6647250-1,0.34305558,0.0
3666435-1,7292057-1,0.34417164,0.0
8502507-1,8502507-2,0.76086295,1.0
6020495-1,8688679-1,0.17975573,0.0
6676009-1,6683380-1,0.4470205,0.0
6454844-1,6944864-1,0.35741898,0.0
6213664-4,6213664-5,0.87741715,1.0
5930217-1,7064361-1,0.13175711,0.0
8652111-2,8652111-3,0.8653738,1.0
7758736-10,7758736-5,0.7954547,1.0
3500056-1,3500056-3,0.75586694,1.0
2648950-1,2648950-2,0.5729854,1.0
4383130-1,4651644-1,0.2708723,0.0
6199932-1,6199932-4,0.89187133,1.0
3843640-1,3843640-2,0.6887516,1.0
6526982-2,6526982-3,0.5483859,1.0
6147009-1,7768578-1,0.36995137,0.0
4955467-3,4955467-4,0.7149077,1.0
2636015-1,2636015-2,0.8087853,1.0
4965527-1,6637670-1,0.262952,0.0
6312625-8,6312625-9,0.5606985,1.0
3639158-11,3639158-7,0.602279,1.0
2709968-1,6775712-1,0.36548063,0.0
3039827-1,5846865-1,0.44991153,0.0
2944193-1,3533611-1,0.18368982,0.0
5610706-1,5862080-1,0.27134818,0.0
4439748-1,7213836-1,0.29743454,0.0
4145547-2,8442218-1,0.7934419,0.0
3335562-1,5618968-1,0.37683532,0.0
4947757-3,4947757-4,0.81342787,1.0
2788137-1,3462718-1,0.12645502,0.0
5863859-1,6101556-1,0.12053735,0.0
5768949-1,6556741-1,0.28586847,0.0
6862365-4,6862365-5,0.8004009,1.0
3817136-3,3817136-4,0.8814444,1.0
5603331-1,8674093-2,0.13984722,0.0
8462416-3,8462416-5,0.53650373,1.0
4123266-1,6136515-1,0.2030069,0.0
4049767-1,4049767-2,0.7136805,1.0
3957503-1,3957503-2,0.6296397,1.0
5732422-1,6882598-1,0.18634403,0.0
7575294-2,7575294-4,0.800279,1.0
7463145-2,7463145-3,0.29591668,0.0
4846628-1,8477373-1,0.15574096,0.0
2938508-1,3475881-1,0.8124597,0.0
6552571-2,6552571-3,0.9194548,1.0
2803806-1,3212924-1,0.21774605,0.0
8391342-8,8391342-9,0.83516306,1.0
5564585-3,8457974-1,0.80596274,0.0
7905731-1,8191851-1,0.30105725,0.0
3603666-1,7716385-1,0.20801607,0.0
8406563-2,8406563-3,0.62933534,1.0
2854446-3,4834741-1,0.76136184,0.0
4504872-5,4504872-6,0.7268583,1.0
8278647-1,8278647-3,0.78099334,1.0
4275024-1,5040584-1,0.11772785,0.0
4096417-1,6497202-1,0.14037624,0.0
5094544-1,5094544-3,0.67707676,1.0
3072537-1,3072537-2,0.26913613,1.0
6373650-1,7173658-2,0.5586492,0.0
7008770-1,7008770-2,0.3399642,1.0
3877481-1,8167473-1,0.30438033,0.0
5596068-1,7520779-1,0.28408444,0.0
3522339-1,3522339-2,0.8336416,1.0
8688786-1,8688786-2,0.5213843,1.0
6180816-1,7960044-1,0.58392274,0.0
7163344-1,8063807-1,0.34757048,0.0
2859224-1,5499883-1,0.22540641,0.0
7676789-1,8339508-1,0.118447065,0.0
3922991-1,6413608-1,0.32951808,0.0
7693123-2,7693123-6,0.51153976,1.0
3777329-2,4836079-1,0.29199183,0.0
4971313-1,8493990-2,0.37015814,0.0
3899588-1,5177692-1,0.5341886,0.0
5077241-3,5077241-5,0.6702214,1.0
2553079-1,7656040-1,0.22429238,0.0
4845624-1,4845624-2,0.78941566,1.0
4188469-1,4350873-1,0.155575,0.0
5746636-1,5746636-3,0.6740986,1.0
6207033-1,6215584-1,0.31439483,0.0
4966356-1,4966356-2,0.5756045,1.0
3278635-1,7402443-1,0.10557988,0.0
8616346-2,8616346-4,0.8914892,1.0
4206075-1,8069793-2,0.13153023,0.0
4313489-1,4313489-5,0.60210395,1.0
8020051-1,8610430-1,0.15181185,0.0
6717609-1,6821047-1,0.27549312,0.0
6751432-1,7140157-1,0.32664785,0.0
7193214-1,8186093-3,0.27529356,0.0
3996884-1,3996884-2,0.4412713,1.0
4391156-1,6364371-1,0.40252784,0.0
6802603-1,6802603-3,0.6523422,1.0
3900268-1,4127224-1,0.4715056,0.0
3580346-2,3580346-4,0.8752553,1.0
7350967-2,7350967-3,0.7315934,1.0
5011511-1,5011511-2,0.5659699,1.0
3701835-3,5891952-1,0.9483238,0.0
3700751-1,4370002-1,0.2448331,0.0
6304711-1,6304711-7,0.40709156,1.0
2780987-1,7943416-1,0.13784857,0.0
6636068-1,7568159-1,0.48690596,0.0
7966198-2,7966198-3,0.6223319,1.0
4393936-1,7970702-1,0.11881868,0.0
4906193-1,4906193-2,0.4931876,1.0
4881626-4,4881626-8,0.911598,1.0
5806410-1,5806410-2,0.33270887,1.0
4229772-1,6648213-2,0.16875073,0.0
3162799-2,5727644-1,0.7558063,0.0
4918135-3,4918135-4,0.40704194,1.0
4282173-2,4282173-3,0.23846506,1.0
7754281-1,7754281-5,0.8278982,1.0
6053882-3,6053882-4,0.89907926,1.0
3623814-1,7026818-1,0.23697165,0.0
6738950-1,6738950-2,0.56215596,1.0
2729252-4,4632558-1,0.42154378,0.0
6713097-4,6713097-7,0.43375847,1.0
5341637-1,7843435-1,0.09681166,0.0
4623192-1,4623192-2,0.44532034,1.0
4010057-1,6218349-5,0.3651026,0.0
2740025-1,2740025-2,0.71379644,1.0
3010774-2,3010774-3,0.8789269,1.0
3354430-1,6927290-1,0.4521321,0.0
6984149-1,8045623-1,0.14904726,0.0
3909847-1,8162139-1,0.39874724,0.0
7336829-1,7336829-2,0.76498926,1.0
7463145-4,7463145-5,0.34609163,1.0
3897898-1,3897898-2,0.6687873,1.0
3275535-2,3275535-3,0.7515389,1.0
6037803-2,6037803-3,0.7267375,1.0
1242107-1,5376154-1,0.15246698,0.0
7590748-1,7590748-5,0.6579824,1.0
7354550-2,7354550-3,0.94687,1.0
8544915-2,8544915-3,0.30105326,1.0
5061933-1,8045623-6,0.22637509,0.0
5556877-1,5556877-2,0.9193483,1.0
3500982-1,4208581-1,0.30090415,0.0
4965527-1,6637670-1,0.262952,0.0
3664473-1,7751069-3,0.114201136,0.0
3569567-1,7879247-1,0.41992924,0.0
6883863-2,6883863-4,0.77125454,1.0
2698142-2,5243888-1,0.49675688,0.0
8563620-1,8563620-4,0.812658,1.0
4296409-4,8107886-1,0.83742815,0.0
2859338-1,3768297-1,0.40374643,0.0
3794648-3,7813032-1,0.63320374,0.0
4402186-1,5353397-1,0.49758413,0.0
3089794-1,7329406-1,0.44155854,0.0
7513650-1,7649945-1,0.24215053,0.0
4616569-6,4616569-8,0.62559205,1.0
8611606-10,8611606-13,0.7772419,1.0
8574092-1,8574092-4,0.6133812,1.0
4421974-10,4421974-9,0.61506313,1.0
6791275-1,6791275-2,0.5422578,1.0
4141667-1,4558815-1,0.40920332,0.0
5400460-1,6159791-1,0.25654447,0.0
7851455-1,7851455-2,0.5263443,1.0
7331860-2,7331860-3,0.8300552,1.0
4115070-1,7333338-6,0.10703794,0.0
6835147-1,6835147-2,0.47729623,1.0
4495700-1,6441667-1,0.18768872,0.0
6526982-2,6526982-3,0.5483859,1.0
3804044-1,3804044-3,0.7159103,1.0
3888042-1,4003755-1,0.4008308,0.0
4124098-1,8573890-1,0.31670514,0.0
4460242-1,6458812-1,0.63105816,0.0
8645492-1,8645492-2,0.731859,1.0
3918532-1,3918532-2,0.82031703,1.0
3265699-1,3265699-3,0.917187,1.0
3952613-1,7590457-1,0.11669988,0.0
4765255-1,4765255-4,0.5257806,1.0
6318134-1,7398381-1,0.4645401,0.0
2813577-2,2813577-4,0.70452493,1.0
3513240-2,5889891-1,0.6154073,0.0
3159324-1,8184159-1,0.38490376,0.0
3376880-1,4772568-1,0.40821385,0.0
7373528-1,7437631-2,0.60526246,0.0
8705528-10,8705528-2,0.558232,1.0
7486574-2,7486574-4,0.65495944,1.0
3835511-2,3835511-7,0.9663302,1.0
4310487-3,8396422-1,0.42384616,0.0
6258983-1,6258983-2,0.83771455,1.0
2518134-3,2518134-6,0.59121907,1.0
7716585-1,7716585-4,0.18903108,1.0
4392491-3,7252754-1,0.19631831,0.0
4353765-1,8387063-1,0.11258831,0.0
4523686-1,7298528-2,0.21002512,0.0
6167103-1,6167103-2,0.29214367,1.0
5865279-10,5865279-6,0.62014735,1.0
4895963-1,6282338-4,0.27660087,0.0
4246651-1,4246651-2,0.55953753,1.0
7706373-1,8610930-1,0.19257282,0.0
5192310-1,8133146-1,0.498534,0.0
8214898-1,8214898-2,0.4668845,1.0
5446369-10,5446369-8,0.4605326,1.0
4406011-1,7155113-1,0.3268397,0.0
7449621-1,7449621-3,0.39111748,1.0
8168801-2,8168801-4,0.69110745,1.0
7183776-1,8462473-1,0.17228766,0.0
7544249-1,7544249-3,0.3670229,1.0
7538799-1,8362537-1,0.33301118,0.0
4166339-1,5138465-2,0.29001817,0.0
3284018-1,3976550-1,0.5415729,0.0
6590132-2,6590132-3,0.3770449,1.0
4418103-1,4418103-4,0.42934126,1.0
8393241-6,8393241-8,0.5299692,1.0
514615-1,7214555-1,0.114531465,0.0
2821765-1,7337592-1,0.21370319,0.0
3881450-1,3883190-1,0.33978167,0.0
8091771-1,8116470-1,0.18441182,0.0
8057747-2,8057747-5,0.3760057,1.0
6205896-1,6897378-2,0.12778328,0.0
4943824-1,4943824-5,0.1734488,1.0
3263472-1,3263472-2,0.48554495,1.0
3901553-1,4808525-1,0.33161998,0.0
7158957-1,8455660-3,0.2932943,0.0
2909789-1,5968313-2,0.19138508,0.0
4159605-1,7824977-1,0.4237119,1.0
5632488-1,6375243-1,0.11014115,0.0
5783215-1,5783215-2,0.5519965,1.0
4307725-1,4307725-2,0.7454821,1.0
6299528-4,6299528-5,0.5503954,1.0
6890896-2,7396098-1,0.37834832,0.0
5062904-1,5974685-1,0.54663306,0.0
7861059-2,7861059-5,0.5419265,1.0
4010057-1,6218349-5,0.3651026,0.0
3265699-1,3265699-3,0.917187,1.0
7391106-1,8283217-1,0.070225306,0.0
4702300-2,4702300-4,0.77609116,1.0
5417292-1,7059473-1,0.21872224,0.0
3975334-1,7402756-1,0.38704836,0.0
5130911-1,5130911-4,0.58439076,1.0
4503585-1,8165777-1,0.12813763,0.0
4021662-1,6328742-1,0.26081482,0.0
7223196-1,7466250-1,0.80423594,0.0
6238297-2,6238297-3,0.50275946,1.0
4210738-1,6706647-1,0.5595447,0.0
3724794-4,3724794-8,0.82064927,1.0
3533459-1,4009157-1,0.18115042,0.0
5040565-1,7361504-1,0.3431309,0.0
4039103-1,8483391-1,0.24056125,0.0
3638551-1,8265109-1,0.3913283,0.0
6389466-1,6929261-1,0.33410233,0.0
6830498-3,6830498-4,0.6180218,1.0
8565626-1,8679042-1,0.22950813,0.0
3733192-1,4448066-1,0.31524324,0.0
5931939-2,7315239-1,0.35859972,0.0
7609214-2,7609214-3,0.61509395,1.0
4830712-1,4830712-5,0.8791863,1.0
5220683-1,7292991-1,0.10414829,0.0
3737622-2,3737622-4,0.75737864,1.0
6159235-1,8114011-1,0.41878635,0.0
4300035-1,4506145-1,0.6889711,0.0
7534175-4,8138176-1,0.79705757,0.0
5705885-1,7335125-1,0.60536724,0.0
6843603-5,6887600-1,0.73304784,0.0
5343133-1,5343133-3,0.5031617,1.0
2730550-1,8396837-3,0.3482887,0.0
4616573-1,7506085-3,0.30219576,0.0
6369052-1,6369052-2,0.3014118,1.0
7410159-1,7569547-2,0.3422763,0.0
4270645-1,4417273-1,0.59579057,0.0
8050119-2,8050119-4,0.42995945,1.0
7808748-1,7808748-2,0.06714878,0.0
3336228-1,8138075-1,0.37089527,0.0
5813443-1,5813443-2,0.77979034,1.0
5726839-1,5726839-4,0.8215808,1.0
5960851-1,6849054-1,0.5199757,0.0
3872158-1,7225848-1,0.3493806,0.0
7188262-3,7188262-4,0.53821754,1.0
3380110-1,4100235-1,0.92076445,1.0
3957457-1,6048844-1,0.32897004,0.0
4251822-1,8415779-1,0.14855066,0.0
3829261-1,6475846-1,0.40541545,0.0
7495746-1,8009769-1,0.45470467,0.0
3446124-1,6397822-1,0.18686183,0.0
4279969-1,4279969-2,0.33943614,1.0
2615291-2,2615291-3,0.6285637,1.0
4891610-1,7947173-3,0.08712786,0.0
5429112-3,5448013-1,0.6055385,0.0
7171607-2,7171607-4,0.49632397,1.0
5624705-1,6881997-1,0.29408413,0.0
4277033-2,4277033-5,0.7629946,1.0
4331468-2,6516004-1,0.31914172,0.0
6037803-2,6037803-3,0.7267375,1.0
3639158-1,3639158-16,0.5931011,1.0
4686708-1,8542344-1,0.42519984,0.0
3127313-1,3540342-1,0.3806677,0.0
4090488-1,6691534-1,0.28512135,0.0
8151272-4,8151272-7,0.2155912,1.0
6421483-1,7954243-1,0.09002475,0.0
3487220-1,8213297-1,0.16696557,0.0
7071686-1,8410986-1,0.079968475,0.0
4313522-1,6886020-1,0.09239216,0.0
6265001-2,6265001-3,0.8321739,1.0
6099048-1,8230154-1,0.16472368,0.0
5712115-2,5712115-6,0.92672414,1.0
6434444-6,6434444-9,0.80395675,1.0
3275945-1,6370013-1,0.18152858,0.0
8663839-1,8663839-2,0.2759464,1.0
7011514-1,8440069-1,0.48858556,0.0
6561526-1,8054923-1,0.41688913,0.0
7383746-8,7383746-9,0.9195745,1.0
5668506-1,6531118-1,0.34453067,0.0
3901553-1,4808525-1,0.33161998,0.0
6521673-1,7253880-1,0.50461376,0.0
3402577-1,3402577-2,0.69158477,1.0
2908633-1,5503852-1,0.15379247,0.0
5299218-1,5299218-3,0.95776874,1.0
3051892-2,3051892-3,0.7327512,1.0
4789584-3,4789584-5,0.38744393,1.0
4603113-5,4603113-7,0.2971902,1.0
5649746-1,6195983-3,0.2572794,0.0
3407696-2,3730474-1,0.39971223,0.0
5482953-1,7239576-1,0.10714534,0.0
3667308-1,8647373-1,0.38876954,0.0
4387824-1,8273158-1,0.6556219,0.0
4129602-3,4129602-4,0.44737515,1.0
2929554-2,7176331-1,0.3000639,0.0
6142793-1,6142793-3,0.60363644,1.0
7276580-2,7276580-3,0.68247414,1.0
5461574-1,8062610-1,0.69314617,0.0
8391686-2,8391686-4,0.833071,1.0
3544906-10,3544906-12,0.901682,1.0
8407943-1,8407943-2,0.88460404,1.0
2957226-1,8203365-1,0.241067,0.0
6837833-1,6837833-2,0.7003673,1.0
2880967-1,6905243-1,0.20690866,0.0
4843071-1,5843968-1,0.23184584,0.0
7883475-1,8226947-4,0.47608545,0.0
6919399-1,6919399-2,0.43571898,1.0
5484628-2,5484628-3,0.84653527,1.0
2703772-1,6837816-1,0.19838084,0.0
6176975-1,7520241-1,0.2925827,0.0
6380751-1,7879370-1,0.5993462,0.0
3661972-1,7676770-1,0.13633308,0.0
4693336-1,4973067-1,0.18668352,0.0
2659845-1,2873892-1,0.13136718,0.0
5217005-2,8473938-11,0.73534364,0.0
6714089-1,7417090-1,0.16534296,0.0
1906806-2,1906806-8,0.90103376,1.0
4228160-1,8392413-1,0.17099015,0.0
6050556-1,7840355-1,0.08903765,0.0
5766654-1,5766654-3,0.71331805,1.0
4610337-2,6407471-1,0.16854821,0.0
6939971-1,8364296-2,0.31636074,0.0
2636076-1,6524100-2,0.35063982,0.0
7383225-1,7383225-6,0.5823158,1.0
7711629-1,7711629-6,0.53290117,1.0
4924409-1,4924409-2,0.4402531,1.0
4056708-2,4729030-1,0.6476211,0.0
4611067-2,4611067-5,0.87408996,1.0
3891025-2,7717458-1,0.50523525,0.0
7000928-1,7000928-2,0.5328904,1.0
4793556-1,6836415-1,0.14190912,0.0
8044528-1,8044528-2,0.3505745,1.0
3325621-1,3325621-2,0.63567626,1.0
3479417-1,6775712-1,0.17776883,0.0
5471581-1,7220350-1,0.23473951,0.0
7863254-4,7863254-5,0.64761156,1.0
3280044-2,3280044-5,0.44278124,1.0
5228664-1,5228664-3,0.49619147,1.0
4304504-1,4304504-2,0.40187493,1.0
4086582-1,4086582-2,0.82128227,1.0
4918135-2,4918135-3,0.1225322,1.0
6593935-2,7971269-1,0.88798153,0.0
1242107-1,5376154-1,0.15246698,0.0
3502223-2,3502223-6,0.5533737,1.0
7689230-1,8613558-1,0.50629604,0.0
7475962-1,7932883-1,0.24124497,0.0
6288509-1,6341272-1,0.29669392,0.0
5338949-1,5338949-3,0.73213863,1.0
4411725-1,4411725-2,0.5543787,1.0
3075397-1,3075397-2,0.115392864,1.0
3519269-2,6778327-1,0.4601748,0.0
5547087-1,5547087-2,0.662975,1.0
4094743-4,4094743-6,0.8725293,1.0
4602778-1,4602778-2,0.47926533,1.0
3162267-1,3162267-3,0.8032012,1.0
3952613-1,7590457-1,0.11669988,0.0
6421383-2,6571332-1,0.3606716,0.0
6629265-1,6629265-2,0.6723918,1.0
6711615-1,7922450-1,0.5924226,0.0
3853897-1,5966374-1,0.6329236,0.0
7554384-2,7554384-6,0.8974973,1.0
5569391-2,5569391-3,0.57612634,1.0
3590353-1,5409948-1,0.10938773,0.0
3919721-5,3919721-6,0.5173277,1.0
4397422-1,4901810-1,0.57304883,0.0
4726507-1,4726507-5,0.38178346,1.0
8705528-10,8705528-4,0.6688961,1.0
4347730-1,6320170-1,0.16950683,0.0
7472508-2,7472508-4,0.83695126,1.0
3522339-5,3522339-9,0.93630767,1.0
3193822-1,6260550-1,0.14369887,0.0
3861363-1,5747235-1,0.60201687,0.0
5075602-1,5075602-2,0.54829067,1.0
3690743-1,5355762-1,0.5766155,0.0
3326852-1,6389484-1,0.25624284,0.0
4123504-3,4123504-4,0.25014105,1.0
5207297-1,8346777-2,0.71111757,0.0
2908355-1,7576745-1,0.37021625,0.0
6738950-1,6738950-2,0.56215596,1.0
3459508-6,3638501-1,0.67507154,0.0
5137971-2,5137971-3,0.9556223,1.0
3778810-1,3778810-2,0.7441655,1.0
8367389-2,8367389-5,0.6693681,1.0
5593448-1,5593448-4,0.15213577,1.0
4998851-1,4998851-7,0.5340478,1.0
8388796-5,8388796-8,0.6221809,1.0
3363060-1,8363435-1,0.12791729,0.0
6371611-1,6995493-1,0.29920405,0.0
5437791-1,5578590-1,0.30005336,0.0
4016776-1,4142914-1,0.091715835,0.0
8388796-5,8388796-8,0.6221809,1.0
7012740-1,7012740-2,0.46275902,1.0
4700638-3,7871254-1,0.28600425,0.0
6282116-2,6282116-3,0.80296415,1.0
4414950-1,4603812-1,0.12942988,0.0
5624659-2,5624659-3,0.41232488,1.0
5742471-1,5742471-3,0.9591381,1.0
3580347-1,3580347-5,0.5047625,1.0
6318134-1,7398381-1,0.4645401,0.0
3879224-1,5848416-1,0.19407193,0.0
8527556-2,8527556-3,0.6703664,1.0
5962620-3,5962620-5,0.88251,1.0
4612477-1,6984416-1,0.5796767,0.0
5894316-1,5894316-2,0.6469912,1.0
7154265-1,7154265-3,0.2500994,1.0
2718101-1,2718101-2,0.49765724,1.0
6656669-2,8478475-1,0.15976344,0.0
5449372-1,5898835-1,0.42113826,0.0
7789137-1,7789137-5,0.64777184,1.0
5698201-1,5698201-2,0.81931007,1.0
5591132-3,6877974-3,0.57228446,0.0
6317081-1,8521003-1,0.5980346,0.0
4246490-1,6034130-1,0.44522014,0.0
4033901-2,4033901-3,0.2769953,1.0
8075758-1,8075758-3,0.6878421,1.0
7468019-1,7749959-1,0.41045353,0.0
5765119-2,5765119-3,0.73665124,1.0
3546445-1,7545050-1,0.379976,0.0
3183736-1,3183736-2,0.63702667,1.0
2585083-1,8588691-2,0.33572873,0.0
6475530-2,6475530-3,0.36759222,1.0
5635179-1,7489675-1,0.44200116,0.0
5962620-4,5962620-6,0.17488539,1.0
7391106-1,8283217-1,0.070225306,0.0
7006440-1,7006440-6,0.12565452,1.0
6384041-1,6384041-3,0.93108845,1.0
2933728-1,4541672-6,0.40802267,0.0
2845143-1,4398782-1,0.6011503,0.0
6441667-2,6441667-3,0.61201334,1.0
4748557-1,7536520-1,0.32164747,0.0
5396407-1,6416382-3,0.38723907,0.0
2799642-1,7034731-2,0.43207753,0.0
7077940-1,7360258-1,0.5068409,0.0
6416752-1,6416752-2,0.9827003,1.0
6885689-1,6885689-4,0.5935141,1.0
2992922-1,2992922-4,0.35152957,1.0
3628252-2,3628252-3,0.93388194,1.0
4835739-1,5723965-1,0.5488185,0.0
2955342-2,2955342-3,0.7798266,1.0
8705528-1,8705528-12,0.7709401,1.0
8391342-12,8391342-16,0.7949385,1.0
6047546-1,7752548-1,0.48860812,0.0
5582492-1,7829542-1,0.12644461,0.0
2944857-1,2944857-4,0.46125472,1.0
5012075-1,5012075-3,0.76422954,1.0
3146916-1,3857984-1,0.4800544,0.0
5688745-1,7228786-1,0.4440808,0.0
4989581-1,7050183-1,0.0928909,0.0
8279693-1,8279693-3,0.13428625,1.0
4677723-1,4677723-2,0.4314198,1.0
8056374-1,8056374-2,0.7370871,1.0
2846339-1,7873797-1,0.545836,0.0
4124786-2,4124786-3,0.66872215,1.0
3970286-1,7329742-2,0.16479053,0.0
3101768-1,4096735-1,0.26945385,0.0
3669470-1,4244719-1,0.622626,1.0
4804401-2,7366417-1,0.18060285,0.0
6062732-1,6062732-3,0.5246,1.0
3745699-3,3745699-4,0.47075894,1.0
6996166-2,6996166-3,0.7579414,1.0
5985057-1,5985057-5,0.49067414,1.0
5192280-2,8111112-2,0.36262476,0.0
6421387-1,7452954-1,0.089512,0.0
2627816-2,2627816-3,0.8087126,1.0
6406196-1,8149899-1,0.27219662,0.0
7584818-1,8694161-1,0.26122957,0.0
2430565-2,2430565-4,0.8267113,1.0
3657462-2,3657462-3,0.25987336,1.0
4297807-1,4297807-2,0.4265454,1.0
5488070-1,8255753-1,0.4101434,0.0
2804096-2,2804096-5,0.3556764,1.0
7326946-1,7326946-3,0.3062622,1.0
6332555-4,6332555-6,0.74936396,1.0
8191643-1,8191643-2,0.66314864,1.0
6275832-2,6275832-4,0.84641093,1.0
2699057-1,2699057-6,0.8856302,1.0
4319353-3,4319353-4,0.6246283,1.0
4904610-3,7387583-1,0.61431366,0.0
7315196-1,7315196-3,0.789941,1.0
4417519-1,5368924-3,0.46814534,0.0
4154885-1,4154885-2,0.7151481,1.0
3446021-1,3905351-1,0.8446999,0.0
6295374-3,8147705-1,0.17583711,0.0
7036117-1,8573490-1,0.32406232,0.0
3363046-1,8286381-1,0.32816842,0.0
7929054-1,7929054-2,0.9070025,1.0
5933858-3,5933858-9,0.4231462,1.0
6421383-2,6571332-1,0.3606716,0.0
8218079-1,8218079-2,0.22476768,1.0
5450585-1,5450585-2,0.5930989,1.0
6168519-1,6168519-2,0.83874,1.0
8294413-2,8294413-5,0.24869809,1.0
4999048-4,4999048-5,0.60466576,1.0
6601163-1,7024077-1,0.077287786,0.0
5726839-2,5726839-4,0.7858728,1.0
6006860-1,7681189-1,0.45154145,0.0
4268508-1,7989822-1,0.7676763,0.0
8575439-2,8575439-4,0.44878185,0.0
7909218-1,7909218-2,0.77174443,1.0
3458969-1,3458969-2,0.9143062,1.0
5688187-4,5688187-5,0.9322293,1.0
4082929-1,5618723-1,0.5015046,0.0
7861059-2,7861059-5,0.5419265,1.0
5649893-1,7170125-1,0.2260763,0.0
6341312-1,7008287-2,0.7517703,0.0
4452865-1,4452865-2,0.88911664,1.0
5506090-1,5506090-3,0.53678626,1.0
3700751-1,4370002-1,0.2448331,0.0
3975334-1,7402756-1,0.38704836,0.0
3429736-1,4451655-1,0.15680265,0.0
4398927-1,4398927-2,0.90264994,1.0
5144944-2,7083185-1,0.5230838,0.0
3819895-1,5546070-1,0.5439948,0.0
7700296-4,7700296-5,0.44862202,1.0
2958503-1,3624739-1,0.20242965,0.0
4702300-1,4702300-5,0.7449813,1.0
4283393-1,5409946-1,0.36010745,0.0
7609214-2,7609214-3,0.61509395,1.0
7729179-3,7729179-4,0.37889826,1.0
3395165-1,4653751-2,0.28852865,0.0
3601281-1,3601281-3,0.7264301,1.0
7513650-1,7649945-1,0.24215053,0.0
3914332-1,5216217-1,0.5018444,0.0
4414950-1,4603812-1,0.12942988,0.0
7645293-1,7645293-2,0.37839314,1.0
4881626-1,4881626-3,0.86458224,1.0
3162267-2,3162267-3,0.7051684,1.0
7649792-1,7649792-2,0.3283982,1.0
6921188-1,8132588-1,0.1668453,0.0
5486794-1,5486794-3,0.7975187,1.0
3270288-1,7529171-1,0.32649055,0.0
4518428-2,8244092-1,0.3070496,0.0
6115603-1,7995463-2,0.40349856,0.0
5061933-1,8045623-6,0.22637509,0.0
5778562-1,8142605-1,0.45438948,0.0
8611532-1,8611532-2,0.75434345,1.0
7367386-4,7367386-8,0.31186292,1.0
6347353-1,6547447-5,0.57329,0.0
5346454-3,5346454-9,0.39235908,1.0
4465165-1,4465165-8,0.35169694,1.0
5039991-1,7746127-1,0.11425232,0.0
4947710-1,4947710-2,0.71940535,1.0
4655030-1,4884798-1,0.7270661,0.0
3631789-1,7187865-1,0.19026543,0.0
3168451-1,3465890-1,0.41260254,0.0
5108850-2,5108850-3,0.684104,1.0
6023324-4,6023324-5,0.4180977,1.0
7254079-1,8173944-2,0.22993731,0.0
7446424-2,7446424-4,0.3628329,1.0
5447531-2,5447531-3,0.32933456,1.0
6217881-1,6217881-4,0.7057304,1.0
3679789-1,3679789-2,0.17845272,1.0
7061535-1,7580308-1,0.45656314,1.0
4820191-2,7898480-1,0.73425174,0.0
5610706-1,5862080-1,0.27134818,0.0
2955342-1,2955342-3,0.8623828,1.0
4308088-2,4308088-5,0.5196275,1.0
5436421-1,7385463-1,0.30604017,0.0
6066153-2,6066153-3,0.9663314,1.0
8415640-4,8415640-5,0.7127679,1.0
7336759-1,7336759-4,0.8550526,1.0
3130473-3,3130473-5,0.89559186,1.0
6916609-1,6916609-2,0.8303925,1.0
1475874-2,7896681-1,0.37446484,0.0
4636740-1,6439386-1,0.63636553,0.0
4993830-1,7559758-1,0.756756,0.0
6135216-2,6135216-4,0.80704695,1.0
6668050-1,8319961-1,0.15413532,0.0
8502507-1,8502507-2,0.76086295,1.0
3483875-1,3483875-2,0.4833988,1.0
5624242-2,5624242-4,0.8251804,1.0
6304711-2,6304711-3,0.58698684,1.0
4899662-1,4899662-2,0.42326665,1.0
4295261-2,8193653-1,0.6682026,0.0
6023335-1,6318133-1,0.43541464,0.0
4804401-2,7366417-1,0.18060285,0.0
4813076-2,4813076-3,0.8697546,1.0
4193158-1,4193158-2,0.8779387,1.0
5029321-1,8192795-1,0.15539111,0.0
6312625-8,6312625-9,0.5606985,1.0
4244116-1,6663045-1,0.43443018,0.0
6693393-1,6940036-4,0.49267668,0.0
8611606-3,8611606-4,0.7247013,1.0
8407674-1,8407674-2,0.5479275,1.0
3083330-6,5908506-1,0.4070295,0.0
8077172-13,8077172-14,0.8165565,1.0
3129090-1,7712585-1,0.1692779,0.0
4257951-2,4257951-5,0.71535414,1.0
7389435-1,7527010-1,0.5780802,0.0
8529628-2,8529628-5,0.4983246,1.0
6890352-1,7265717-1,0.65014195,0.0
6105112-1,6105112-2,0.7208974,1.0
2628085-7,2628085-9,0.74793875,1.0
6929121-1,6929121-2,0.12998411,1.0
4686635-1,8573193-1,0.13186143,0.0
6089705-1,6259073-1,0.6716708,0.0
7519859-1,7903283-2,0.2152406,0.0
8063915-2,8063915-4,0.68338716,1.0
8028151-3,8028151-6,0.9445308,1.0
7276580-2,7276580-3,0.68247414,1.0
4711341-1,4711341-2,0.78433526,1.0
5320317-1,6637575-1,0.62613136,0.0
5306982-1,5351264-1,0.17536068,0.0
3220107-1,8052025-1,0.7227321,0.0
8123257-6,8123257-7,0.8303293,1.0
4891610-1,7947173-3,0.08712786,0.0
3575003-2,3942612-1,0.28429893,0.0
2841809-1,7415228-1,0.11983827,0.0
6122623-1,6122623-2,0.22774646,1.0
2585083-1,8588691-2,0.33572873,0.0
5256449-1,6199854-1,0.31493893,0.0
5492790-2,5492790-4,0.34597823,1.0
3364685-1,6156069-1,0.50632,0.0
2908827-1,2908827-2,0.5036016,1.0
2780987-1,7943416-1,0.13784857,0.0
6047546-1,7752548-1,0.48860812,0.0
3491237-1,8437203-1,0.40766785,0.0
4703874-1,8575337-1,0.7264742,0.0
4245354-1,5298916-1,0.28704756,0.0
3927825-1,3927825-3,0.5683718,1.0
7898070-2,8712239-1,0.4726392,0.0
5828042-1,7315262-1,0.11544611,0.0
4685075-1,4685075-3,0.5485469,1.0
3402577-1,3402577-2,0.69158477,1.0
5118829-1,5118829-3,0.6316837,1.0
4830366-1,4830366-2,0.6455648,1.0
6919333-2,7262721-1,0.23204163,0.0
4789584-3,4789584-5,0.38744393,1.0
7520796-1,7520796-4,0.86549395,1.0
6601163-1,7024077-1,0.077287786,0.0
4541672-5,4541672-7,0.8142271,1.0
3764887-1,6119284-1,0.48891532,0.0
3680894-1,3680894-2,0.84199995,1.0
4375774-1,4845413-2,0.104127064,0.0
3664473-1,7751069-3,0.114201136,0.0
4765255-2,4765255-6,0.4797133,1.0
8391342-23,8391342-30,0.1893359,1.0
7685667-1,7685667-3,0.7823562,1.0
3229059-1,4115357-1,0.30090663,0.0
7384027-5,7384027-7,0.42260298,1.0
3448229-1,3448229-2,0.5780502,1.0
6336730-1,6336730-7,0.7319968,1.0
6598598-4,6598598-6,0.9516014,1.0
6354669-1,7047347-1,0.58148855,0.0
4936984-1,5552637-1,0.08942892,0.0
6887611-1,7430863-1,0.29818365,0.0
4479598-1,4479598-3,0.8845163,1.0
4346931-1,4346931-2,0.36120674,1.0
6020502-1,8543741-1,0.09501159,0.0
7981696-1,7981696-3,0.44427022,1.0
4400931-1,8343425-1,0.25882038,0.0
7364411-1,8145494-3,0.28012806,0.0
3440507-1,3440507-2,0.7396895,1.0
2722008-1,4316802-1,0.12265909,0.0
3446021-1,3905351-1,0.8446999,0.0
7759551-2,7759551-5,0.3277523,1.0
6959158-2,6959158-4,0.72989786,1.0
7559672-2,8540014-1,0.32244805,0.0
7180205-1,7180205-6,0.58463484,1.0
4711341-2,4711341-4,0.6388595,1.0
3122547-1,4370011-1,0.36632913,0.0
5943729-11,5943729-7,0.9344791,1.0
4574179-1,4784625-1,0.27430782,0.0
6825492-1,7033924-1,0.22240418,0.0
4322698-1,8343286-2,0.34654418,0.0
8077172-14,8077172-2,0.46159276,1.0
4455125-3,8264871-1,0.6117112,0.0
4594215-1,5734472-1,0.21542314,0.0
548304-1,7469333-1,0.5239936,1.0
6533989-1,6533989-2,0.36723796,1.0
7004750-3,7470205-1,0.5698248,0.0
5473084-1,8323314-1,0.35892808,0.0
4375774-1,4845413-2,0.104127064,0.0
2640403-1,2640403-8,0.79039186,1.0
2809462-1,2809462-3,0.9609251,1.0
4042138-3,4042138-5,0.7294127,1.0
5266367-1,5266367-6,0.4251903,1.0
6103365-1,6103365-5,0.77571803,1.0
6456843-1,6456843-2,0.8004929,1.0
4226926-1,4230753-1,0.47070792,0.0
2825189-1,4214506-1,0.43449095,0.0
8286377-4,8286377-5,0.5651535,1.0
7316583-1,7316583-2,0.9217286,1.0
3056793-1,6507645-1,0.08116634,0.0
7135847-1,8007480-1,0.25234905,0.0
5582424-1,5582424-3,0.48549256,1.0
3271401-1,8682950-2,0.73015016,0.0
3669470-1,4244719-1,0.622626,1.0
3986296-1,3986296-3,0.887685,1.0
3877610-1,8297428-1,0.4125213,0.0
3326751-1,3912635-2,0.18329932,0.0
7060531-1,7569279-1,0.24747024,0.0
7302719-2,7302719-4,0.63188845,1.0
7472508-2,7472508-4,0.83695126,1.0
7954929-1,8358632-1,0.17482743,0.0
6676009-1,6683380-1,0.4470205,0.0
3026341-5,3026341-6,0.92973775,1.0
7455533-1,7455533-2,0.60818017,1.0
2729252-4,4632558-1,0.42154378,0.0
5588374-1,6453844-1,0.54127526,0.0
6955064-1,7480892-1,0.63429785,0.0
3339080-1,3339080-2,0.72675425,1.0
8278993-2,8278993-3,0.7257956,1.0
2726555-1,6452583-1,0.35656908,0.0
6425386-1,8343438-1,0.2614435,0.0
7147292-2,7275959-1,0.40313768,0.0
4450162-5,5837298-1,0.26515228,0.0
6264993-2,8330682-1,0.42777643,0.0
6109530-1,6109530-4,0.5293269,1.0
2631534-1,2631534-3,0.8567819,1.0
4001432-1,4001432-2,0.51648754,1.0
3020523-1,5605360-2,0.4559954,0.0
4793788-1,8648134-1,0.123502344,0.0
4077640-1,4998414-1,0.25462702,0.0
3829261-1,6475846-1,0.40541545,0.0
5075292-1,6037806-2,0.3836916,0.0
7337025-2,7337025-3,0.7118294,1.0
5893346-2,5893346-8,0.9131903,1.0
4318868-1,5051311-2,0.23813604,0.0
1087841-5,1087841-6,0.8573495,1.0
5222632-2,5525505-1,0.4450197,0.0
5894289-1,7415109-1,0.24221005,0.0
8531180-3,8531180-4,0.90592444,1.0
4296463-1,7026719-1,0.173724,0.0
7773689-1,7773689-3,0.59568495,1.0
4501144-1,6639585-1,0.31447893,0.0
3800381-6,3800381-7,0.08889044,0.0
4306070-1,4306070-2,0.65696126,1.0
3804044-4,5051316-1,0.2543931,0.0
7237059-1,7297554-1,0.51206714,0.0
6688890-1,7436837-1,0.31183356,0.0
4700638-12,4700638-6,0.8855225,1.0
5640890-3,5640890-4,0.7291842,1.0
8300667-1,8300667-2,0.5802939,1.0
8379640-1,8379640-3,0.14168422,1.0
8716159-1,8716159-2,0.85239697,1.0
5449372-1,5898835-1,0.42113826,0.0
4414386-1,4414386-2,0.7862531,1.0
4846628-1,8477373-1,0.15574096,0.0
6259073-1,8253333-1,0.3874707,0.0
3268139-2,3268139-4,0.8282307,1.0
4086582-3,4086582-4,0.6674485,1.0
2740021-1,3573578-3,0.31338343,0.0
3873319-3,3873319-7,0.33247533,1.0
7893885-1,7893885-2,0.30506542,1.0
5294926-1,8077048-6,0.061491977,0.0
6159302-2,6159302-4,0.69421244,1.0
4176990-1,5126613-1,0.22580417,0.0
7755488-1,7755488-2,0.60532194,1.0
7529487-1,7529487-3,0.761333,1.0
7079483-1,7733434-1,0.27157462,0.0
4881626-4,4881626-7,0.6444039,1.0
6062666-1,7312278-1,0.71465445,0.0
5346454-2,5346454-9,0.8563953,1.0
4090855-1,4657095-1,0.8026429,0.0
8168801-2,8168801-3,0.4631173,1.0
5598299-1,8487248-1,0.25160888,0.0
8473938-3,8473938-4,0.91483474,1.0
3420670-1,8429020-1,0.44642413,0.0
8190610-1,8190610-3,0.516717,1.0
3791364-2,7871729-1,0.2213182,0.0
6293128-1,6293128-2,0.35597298,1.0
6590132-2,6590132-3,0.3770449,1.0
4863788-2,4863788-3,0.91436875,1.0
8223270-1,8538929-1,0.3473063,0.0
6939971-1,8364296-2,0.31636074,0.0
5988756-2,5988756-4,0.8897647,1.0
6347353-2,6347353-3,0.50144106,0.0
3748431-1,3748431-2,0.47238812,1.0
2957226-1,8203365-1,0.241067,0.0
4676252-2,4676252-3,0.96573246,1.0
4269538-1,7666621-1,0.5745001,0.0
6660059-1,8495172-1,0.2511266,0.0
3289491-1,3866317-1,0.29019347,0.0
3214811-1,6215988-1,0.28303742,0.0
6380751-1,7879370-1,0.5993462,0.0
2640403-3,5253495-1,0.6980837,0.0
2839987-2,7154246-1,0.15066089,0.0
2640348-1,6416752-2,0.44537282,0.0
4123266-1,6136515-1,0.2030069,0.0
7154276-2,7183833-1,0.59280443,0.0
7171607-2,7171607-4,0.49632397,1.0
6050776-1,6050776-2,0.8703724,1.0
3223146-3,3223146-5,0.8540196,1.0
5738576-1,8272919-1,0.39191523,0.0
4511337-1,8721406-1,0.37620926,0.0
8611551-5,8626982-1,0.9290437,0.0
5657803-1,5657803-3,0.51535773,1.0
4973717-1,8281434-1,0.27961618,0.0
5022210-1,6008761-1,0.16404952,0.0
4611895-1,4611895-2,0.48277155,1.0
7455599-1,7598250-1,0.33967337,0.0
4173377-1,7709073-1,0.5391561,0.0
3309234-1,4878231-1,0.33894643,0.0
4969346-1,4969346-3,0.9261406,1.0
6007331-1,7455421-1,0.4690008,0.0
8388796-2,8388796-5,0.6065106,1.0
5102924-1,7953407-1,0.40116704,0.0
3263702-3,3263702-4,0.8297757,1.0
2927433-4,2927433-5,0.76719105,1.0
3738031-1,4365146-1,0.29108748,0.0
6311045-2,6311045-6,0.9522708,1.0
6945338-2,6945338-3,0.70075995,1.0
8391342-16,8391342-33,0.9597109,1.0
3038876-1,3038876-2,0.85437334,1.0
5442030-1,5442030-3,0.44369546,1.0
3049979-1,6984774-1,0.31384557,0.0
4434495-1,7720389-1,0.114874445,0.0
8407943-1,8407943-2,0.88460404,1.0
4947865-1,5260851-1,0.56955844,0.0
6518723-1,7369649-2,0.11885734,0.0
4153192-1,4153192-7,0.39499745,1.0
3339798-1,5446369-6,0.36952367,0.0
3829261-1,6475846-1,0.40541545,0.0
5040847-1,5040847-2,0.8397302,1.0
5118514-1,5118514-3,0.5368577,1.0
4772557-1,4772557-4,0.55248606,1.0
2803872-1,4220613-1,0.41523,0.0
7883475-1,8226947-4,0.47608545,0.0
4158630-1,5992942-1,0.34527728,0.0
4495700-1,6441667-1,0.18768872,0.0
4484554-1,7308621-1,0.7425662,0.0
4418417-1,5149601-1,0.2174986,0.0
4966356-1,4966356-2,0.5756045,1.0
2850862-1,6629265-2,0.24750511,0.0
6040287-2,6040287-4,0.8863218,1.0
7711629-4,7711629-9,0.5516722,1.0
4037678-1,4847499-3,0.5358419,0.0
4430159-1,6984027-1,0.32665896,0.0
3959065-1,4841426-1,0.6071243,0.0
4546965-1,4546965-2,0.6341214,1.0
6713097-4,6713097-7,0.43375847,1.0
4313489-1,4313489-5,0.60210395,1.0
7609214-1,7609214-5,0.8298509,1.0
3006383-1,3808023-1,0.06606992,0.0
3467775-2,3467775-3,0.8040312,1.0
3242024-1,4014139-1,0.4571907,0.0
3505635-1,3505635-2,0.570831,1.0
4181086-1,4781921-2,0.5698172,0.0
8186920-2,8186920-3,0.3887822,1.0
2611977-1,7497766-1,0.7837748,0.0
6054085-1,6054085-2,0.64192104,1.0
5487393-1,6378479-1,0.55343485,0.0
4999048-4,4999048-5,0.60466576,1.0
8276610-1,8276610-7,0.8824218,1.0
4304124-2,8441517-1,0.48978752,0.0
8096340-1,8096340-3,0.8171551,1.0
2752787-1,3580940-1,0.68520033,0.0
8026326-2,8529000-1,0.33744732,0.0
3530754-1,6186323-2,0.47092834,0.0
6043705-2,6043705-5,0.71256846,1.0
6024327-3,6024327-5,0.56369877,1.0
7796768-2,7796768-4,0.5552911,1.0
6198602-1,6357919-1,0.40443686,0.0
2855477-1,5953511-1,0.41652796,0.0
7233887-1,7233887-2,0.8262857,1.0
4075213-3,4075213-5,0.798824,1.0
3989827-1,5253614-1,0.13394995,0.0
4130895-3,4130895-5,0.4254581,0.0
7490089-1,7813008-1,0.8119216,0.0
4575440-1,4731256-1,0.31900522,0.0
5091281-1,7713552-1,0.08434516,0.0
6485719-1,8183750-1,0.19166039,0.0
4010737-2,4010737-3,0.4738983,1.0
2737758-1,4063594-1,0.18650037,0.0
3223146-3,3223146-5,0.8540196,1.0
6913282-1,7006420-2,0.27869043,0.0
4322688-1,8473693-2,0.15516712,0.0
8476614-2,8476614-3,0.76409835,1.0
5868889-2,5868889-3,0.41036898,1.0
4616569-6,4616569-8,0.62559205,1.0
3227429-1,6458862-3,0.12105311,0.0
4578058-2,8572329-2,0.13972136,0.0
4866384-1,5857345-1,0.4803171,0.0
7700296-2,7700296-6,0.706674,1.0
4826676-1,8373187-6,0.2201335,0.0
4604284-1,7384493-1,0.13090861,0.0
3249280-1,6476008-1,0.18394558,0.0
2585083-1,8588691-2,0.33572873,0.0
6837833-1,6837833-2,0.7003673,1.0
6806379-1,7321844-1,0.382653,0.0
5705885-1,7335125-1,0.60536724,0.0
6636700-1,7218456-1,0.11131095,0.0
7703463-1,7904499-1,0.250247,0.0
5139751-1,8471443-1,0.5320652,0.0
3583109-1,8133087-1,0.40984902,0.0
6280806-1,6460545-1,0.86583245,0.0
2721584-1,4341380-2,0.22922634,0.0
3438266-1,6100443-1,0.1487857,0.0
4094663-2,4094663-8,0.92113465,1.0
8015901-2,8015901-3,0.935821,1.0
3275504-1,3502413-2,0.3313835,0.0
3817136-3,3817136-4,0.8814444,1.0
4918480-1,4918480-2,0.70559466,1.0
4094743-4,4094743-6,0.8725293,1.0
3483317-1,3483317-2,0.35180584,1.0
4777948-4,4777948-6,0.65549856,1.0
5315218-1,5315218-4,0.90333015,1.0
2993985-1,5733975-3,0.3762607,0.0
4377453-1,4377453-2,0.84912866,1.0
7364074-1,8491327-2,0.48410267,0.0
5367597-1,5367597-2,0.3356623,1.0
4327550-1,7824834-2,0.11405588,0.0
3996150-2,7944535-1,0.6398207,0.0
6113765-1,6504019-1,0.84099895,0.0
5885127-2,5885127-3,0.3381017,1.0
7168954-1,7168954-3,0.7147203,1.0
2585083-1,8588691-2,0.33572873,0.0
2964782-1,3820849-3,0.5342532,0.0
5686962-1,5686962-4,0.5777087,1.0
3522339-1,3522339-2,0.8336416,1.0
6086918-1,6446957-1,0.11155782,0.0
3521825-1,7036693-1,0.21227805,0.0
5943729-2,5943729-7,0.50440794,1.0
6024327-6,6024327-7,0.967283,1.0
7497165-1,8577476-1,0.34806213,0.0
2902476-1,2902476-3,0.84331346,1.0
3931271-1,5396424-1,0.35360327,0.0
7854335-3,7854335-4,0.4671831,1.0
7793325-2,7793325-3,0.85161895,1.0
7758736-4,7758736-9,0.8628748,1.0
4865706-1,4865706-5,0.8151767,1.0
6208227-1,8202355-3,0.5494236,0.0
5339933-1,6357285-1,0.36261186,0.0
8674165-5,8674165-6,0.64972085,1.0
6598598-6,6598598-9,0.8804208,1.0
6080731-1,7166291-1,0.6836828,1.0
2740230-1,8298240-1,0.3884885,1.0
7473607-1,7726363-1,0.5758672,0.0
8611606-7,8611606-8,0.82670176,1.0
4226926-1,4230753-1,0.47070792,0.0
5051138-3,5051138-4,0.7188597,1.0
3942558-2,6699351-1,0.4226827,0.0
5341637-1,7843435-1,0.09681166,0.0
5075292-1,6037806-2,0.3836916,0.0
8391342-21,8391342-33,0.4057565,1.0
7978395-1,8137005-2,0.45797667,0.0
4060387-1,7364136-1,0.738524,0.0
4864885-1,8330615-1,0.12971464,0.0
5865279-2,5865279-6,0.75341964,1.0
6319526-1,6319526-4,0.5173646,1.0
7990443-1,7990443-5,0.90047777,1.0
2648950-1,2648950-2,0.5729854,1.0
7273174-1,7273174-9,0.94066226,1.0
4372914-2,4372914-3,0.8621942,1.0
3696307-3,3696307-4,0.94888836,1.0
3830790-1,7420727-1,0.14954534,0.0
7757713-1,7757713-3,0.4026815,1.0
7829718-1,8255725-1,0.08382134,0.0
3008697-3,7337020-1,0.6300028,0.0
5017632-3,7996811-3,0.46022046,0.0
2780987-1,7943416-1,0.13784857,0.0
8632144-3,8632144-4,0.6917113,1.0
7545039-1,7545039-3,0.77588713,1.0
6351509-1,6351509-3,0.87779105,1.0
4962498-2,7220358-1,0.4313189,0.0
5829864-1,5829864-2,0.5356444,1.0
5525297-1,7423228-1,0.2820289,0.0
7590748-1,7590748-5,0.6579824,1.0
3293005-1,8080871-1,0.44952762,0.0
5358259-1,8046466-2,0.7164964,0.0
4773548-1,4773548-2,0.75188565,1.0
3919721-2,3919721-6,0.6565979,1.0
5361427-1,5361427-2,0.8770982,1.0
3341744-1,8411108-1,0.11602161,0.0
3974450-1,3974450-2,0.83479196,1.0
8042811-3,8042811-4,0.66868305,1.0
7243093-1,8122563-1,0.050541773,0.0
8046440-1,8046440-2,0.907383,1.0
8084795-1,8084795-2,0.6935002,1.0
3847183-3,3847183-4,0.9905319,1.0
6907201-2,6907201-3,0.899142,1.0
6956586-3,6956586-4,0.70960104,1.0
2803806-1,3212924-1,0.21774605,0.0
7175764-3,7175764-4,0.8435125,1.0
3498786-1,3498786-2,0.50437635,1.0
8312765-2,8312765-4,0.2965742,1.0
4540525-1,7790320-1,0.34842256,0.0
6284393-4,6284393-5,0.961954,1.0
3514151-1,3514151-4,0.8087398,1.0
5476656-3,5476656-7,0.8172492,1.0
6417352-1,8449068-1,0.36496177,0.0
8242322-1,8242322-2,0.78157973,1.0
7520787-1,7846429-1,0.7790114,0.0
4424714-1,7457637-1,0.46984848,0.0
5538244-1,8078440-1,0.28449717,0.0
7150566-1,7150566-2,0.30711383,1.0
2879730-2,2879730-4,0.7810209,1.0
3817136-1,3817136-5,0.8407937,1.0
3120280-1,6707803-1,0.3837619,0.0
6426764-3,6426764-6,0.4985583,1.0
4010737-2,4010737-3,0.4738983,1.0
2903945-1,2903945-4,0.42140684,1.0
2955342-2,2955342-3,0.7798266,1.0
5771900-1,5771900-2,0.5926186,1.0
6721917-1,6721917-3,0.3386094,1.0
4193158-1,4193158-2,0.8779387,1.0
7551866-1,7551866-3,0.9623247,1.0
8067258-1,8067258-4,0.8999296,1.0
6438405-1,7482350-1,0.7891074,0.0
6159843-3,6159843-4,0.3137545,1.0
4038867-2,4038867-3,0.13770738,0.0
3026341-5,3026341-6,0.92973775,1.0
518976-2,8634485-1,0.56593925,0.0
2821391-1,2821391-3,0.49561748,1.0
3401740-1,8683674-1,0.58692783,0.0
4916828-1,5742438-1,0.11696968,0.0
6019244-1,8459802-1,0.8340655,0.0
7716112-1,7716112-2,0.5836212,1.0
5506462-4,8035737-3,0.444034,0.0
6919950-1,6919950-3,0.72218525,1.0
5933858-5,5933858-9,0.6070284,1.0
3687156-1,5992757-1,0.34335306,0.0
3789302-2,3789302-3,0.8187425,1.0
6221754-1,6247678-1,0.15043516,0.0
5917864-1,5917864-4,0.449448,1.0
5733438-1,5733438-2,0.37384117,1.0
3974450-1,3974450-2,0.83479196,1.0
4719736-1,4719736-2,0.7733049,1.0
4155769-1,6131847-1,0.44365212,0.0
2776156-1,2776156-4,0.68532115,1.0
4544474-1,4544474-2,0.50001776,1.0
1948009-1,7756012-1,0.16369791,0.0
3484558-1,6742871-1,0.3385735,0.0
8124580-2,8124580-3,0.5724051,1.0
4556711-2,4556711-4,0.8231149,1.0
5624705-1,6881997-1,0.29408413,0.0
4458257-1,4458257-2,0.661734,1.0
4081296-2,8694163-1,0.7426252,0.0
4060408-2,4060408-3,0.83959544,1.0
6248870-1,6248870-4,0.9165037,1.0
4392491-3,7252754-1,0.19631831,0.0
4253700-1,4778215-1,0.57322043,1.0
6069825-2,6069825-3,0.29101312,1.0
4778330-1,8221656-1,0.63206905,0.0
7851455-7,7851455-8,0.8476249,1.0
8274453-1,8274453-2,0.44183585,1.0
4999637-1,5564113-2,0.53179735,0.0
3026341-4,3026341-6,0.9045899,1.0
7106567-1,7106567-2,0.89392006,1.0
2964793-1,4693350-1,0.8037418,0.0
7586420-2,7586420-3,0.91065824,1.0
6896887-4,6896887-6,0.34949434,1.0
5353908-1,8178127-1,0.15690695,0.0
6504755-1,6661518-1,0.3023954,0.0
1794493-2,1794493-5,0.9217914,1.0
5725898-1,5725898-3,0.9063808,1.0
7583703-3,7583703-5,0.7257995,1.0
7544249-1,7544249-3,0.3670229,1.0
7534152-1,7534152-2,0.68319386,1.0
3886368-1,4431022-1,0.8825797,0.0
4978092-1,5674801-1,0.4314994,0.0
2726522-1,3484303-1,0.1792221,0.0
5290791-1,5290791-3,0.7351133,1.0
5296994-1,5771932-1,0.14228702,0.0
4073031-1,8402331-1,0.14612655,0.0
4969854-1,8400463-1,0.24166466,0.0
4917947-1,4917947-2,0.72843766,1.0
4130895-3,4130895-5,0.4254581,0.0
7431496-1,8200779-1,0.5620067,0.0
6712784-2,6712784-4,0.63024664,1.0
4054067-2,4054067-3,0.61793256,1.0
3313754-1,6511183-2,0.12264997,0.0
5175082-2,8179565-3,0.20026587,0.0
5649805-9,8356403-1,0.7893753,0.0
8140026-2,8383649-2,0.23924106,0.0
1687152-1,8015043-1,0.9265191,0.0
3343397-2,7395399-1,0.32660183,0.0
5660978-1,7981621-1,0.46129313,0.0
6929121-1,6929121-6,0.6945374,1.0
6452196-3,6452196-4,0.7958925,1.0
3847260-1,4468626-1,0.32971776,0.0
5492790-3,5492790-4,0.3631874,1.0
5382461-1,6857580-1,0.5547776,0.0
6984193-4,6984193-5,0.7308401,1.0
2988810-1,2988810-7,0.7824192,1.0
8527556-1,8527556-3,0.7808416,1.0
4300035-1,4506145-1,0.6889711,0.0
2823151-2,2823151-3,0.9209652,1.0
4185325-2,5415487-1,0.41415185,0.0
2590610-1,5526306-2,0.27612978,0.0
8391342-12,8391342-16,0.7949385,1.0
3310787-1,6635170-1,0.5788044,0.0
7819403-1,7819403-2,0.21904664,1.0
3270288-1,7529171-1,0.32649055,0.0
7454634-4,7454634-5,0.69990265,1.0
5382054-1,5715609-1,0.3130508,0.0
8017932-4,8017932-6,0.6463687,1.0
7168954-1,7168954-3,0.7147203,1.0
7037488-1,7037488-2,0.77694565,1.0
4450489-1,5421492-1,0.37229788,0.0
8203267-1,8240129-1,0.21020716,0.0
3168024-1,3168024-2,0.40290874,1.0
4421342-1,4421342-2,0.8192909,1.0
7981696-1,7981696-3,0.44427022,1.0
8688786-1,8688786-2,0.5213843,1.0
3873319-1,3873319-4,0.5678529,1.0
4763574-2,4763574-3,0.7362844,1.0
2703772-1,6837816-1,0.19838084,0.0
4287898-4,6057532-1,0.38249722,0.0
8359901-1,8359901-3,0.62783945,1.0
3318202-1,4958684-1,0.47370613,0.0
3487304-1,3487304-3,0.966651,1.0
6911275-1,6911275-3,0.58648884,1.0
3876770-1,3876770-2,0.86857396,1.0
6587640-1,7210684-1,0.64629525,0.0
6643316-2,6643316-4,0.7155635,1.0
6380751-1,7879370-1,0.5993462,0.0
4843071-1,5843968-1,0.23184584,0.0
4346121-2,4346121-8,0.72538406,1.0
7915259-3,7915259-8,0.5445516,1.0
7726359-2,8343453-1,0.81990516,0.0
5266844-1,5266844-2,0.8407271,1.0
1913058-2,4112643-2,0.64393145,0.0
4315005-1,6022339-1,0.18055989,0.0
2740278-1,6671882-1,0.16395324,0.0
6452482-1,7542055-3,0.55916584,0.0
3666435-1,7292057-1,0.34417164,0.0
8393241-8,8393241-9,0.90412635,1.0
5414514-1,6290314-1,0.33346236,0.0
3891165-1,4273471-1,0.4895249,0.0
6439376-1,7137218-1,0.4409349,0.0
5894289-1,7415109-1,0.24221005,0.0
3717022-1,7944653-2,0.5221788,0.0
3840180-1,6942503-1,0.82735205,0.0
5965386-1,8515538-5,0.4023933,0.0
5400481-1,6779941-1,0.1990665,0.0
3848621-1,6360888-1,0.18457063,0.0
8015162-3,8015162-4,0.28277355,1.0
4924409-1,4924409-2,0.4402531,1.0
8083420-2,8083420-7,0.30330655,1.0
6694504-1,6826275-1,0.14068568,0.0
6024327-6,6024327-7,0.967283,1.0
6858974-1,6858974-3,0.54357713,1.0
6712784-2,6712784-4,0.63024664,1.0
8077172-4,8077172-5,0.6468692,1.0
3866831-1,5838268-1,0.29867476,0.0
4127225-2,4127225-4,0.8180017,1.0
4371621-1,5898118-1,0.79244274,1.0
4722564-1,6194572-1,0.29208127,0.0
6598598-4,6598598-7,0.82406336,1.0
4245924-5,4736257-1,0.7228943,0.0
6118281-1,6118281-3,0.6838944,1.0
4607796-1,4607796-3,0.70018125,1.0
2956951-1,6485539-1,0.78874165,0.0
4293508-1,5329980-2,0.22580495,0.0
4127703-1,4127703-2,0.69915366,1.0
8550050-1,8550050-2,0.9137842,1.0
8092089-3,8092089-7,0.7982912,1.0
6106975-1,6676831-1,0.3182778,0.0
3249300-1,4216673-1,0.16232057,0.0
5965133-1,5965133-2,0.1808185,1.0
4204775-1,5965110-1,0.67318743,0.0
7778360-1,8365009-1,0.06647106,0.0
5075599-1,8028090-1,0.1677019,0.0
4296436-2,4791652-1,0.466384,0.0
8646190-3,8646190-8,0.8049528,1.0
7543135-2,7738631-1,0.41389143,0.0
6395427-3,6395427-7,0.40778756,1.0
6501230-1,6501230-3,0.76420045,1.0
2955342-2,2955342-3,0.7798266,1.0
2995998-1,3623462-1,0.18489096,0.0
5758965-1,7904369-1,0.8376927,0.0
4094663-2,4094663-8,0.92113465,1.0
4153192-1,4153192-7,0.39499745,1.0
3634723-1,7930656-1,0.22406356,0.0
6379998-1,7396112-1,0.56741095,0.0
2854446-1,7592631-1,0.3872228,0.0
8721730-1,8721730-2,0.70692104,1.0
4209027-1,4209027-3,0.46728992,1.0
5603086-1,5603086-2,0.82519704,1.0
4550000-3,6790035-1,0.5705203,0.0
3600330-1,5088476-3,0.6559944,0.0
7493264-1,7493264-2,0.6553013,1.0
1395322-1,1395322-3,0.87889874,1.0
4820191-2,7898480-1,0.73425174,0.0
3394863-2,3394863-3,0.7103532,1.0
5337234-9,8304346-1,0.44506848,0.0
3793557-1,3793557-3,0.6973412,1.0
4829397-1,8089452-1,0.34011006,0.0
5471581-1,7220350-1,0.23473951,0.0
4322315-1,6726419-2,0.35157725,0.0
4114706-1,6687342-1,0.1176879,0.0
3079085-1,3173924-4,0.15086316,0.0
7331860-2,7331860-3,0.8300552,1.0
4010044-1,4214711-2,0.43515664,0.0
3817136-3,3817136-4,0.8814444,1.0
7536469-1,8476203-1,0.18010655,0.0
1805501-1,6842488-1,0.27017218,0.0
3363060-1,8363435-1,0.12791729,0.0
8186578-3,8186578-5,0.6181744,1.0
4107645-1,4107645-4,0.44896016,1.0
5458024-1,5458024-2,0.6393747,1.0
3047375-2,3047375-4,0.81817836,1.0
6890279-1,8003149-1,0.4857256,0.0
8078628-1,8078628-2,0.76929003,1.0
7683446-1,7846890-1,0.37413034,0.0
7538799-1,8362537-1,0.33301118,0.0
3710964-1,3710964-2,0.19210044,1.0
3458969-1,3458969-2,0.9143062,1.0
4425244-5,7779988-1,0.6344729,0.0
2583964-1,3847183-1,0.8339747,0.0
3205378-1,4298924-1,0.076651886,0.0
3890227-1,4431013-1,0.1327849,0.0
6846306-1,7875147-1,0.12191087,0.0
3738031-1,4365146-1,0.29108748,0.0
7393473-2,7393473-3,0.7088017,1.0
3213725-2,8143845-1,0.72355497,0.0
6572922-1,7488111-1,0.36388245,0.0
5765119-1,5765119-6,0.59773594,1.0
8372087-1,8572351-1,0.47344714,0.0
3659888-1,3659888-2,0.53842,1.0
3628262-1,7560006-1,0.4138586,0.0
4094749-1,4094749-3,0.41111347,1.0
4942951-1,4966356-2,0.21357854,0.0
7479301-1,7479301-5,0.7121427,1.0
8129005-2,8129005-4,0.47174132,1.0
8690437-1,8690437-2,0.8417417,1.0
8083751-1,8083751-3,0.79431933,1.0
6120049-1,6120049-3,0.3442332,0.0
4391156-1,6364371-1,0.40252784,0.0
5649805-10,5649805-2,0.85988885,1.0
4501144-1,6639585-1,0.31447893,0.0
6189630-1,8628776-5,0.34546426,0.0
7437123-4,7437123-5,0.8747831,1.0
5819108-2,5819108-4,0.4644224,1.0
4722931-1,6410385-1,0.108065695,0.0
4367114-1,4850250-1,0.15501264,0.0
6692803-1,8055173-1,0.32576656,0.0
6258983-1,6258983-2,0.83771455,1.0
3356991-1,6688735-1,0.5131287,0.0
8650527-1,8650527-2,0.2630072,1.0
4855898-1,8645167-1,0.15990067,0.0
4273476-3,4502187-1,0.19183783,0.0
2712707-1,2712707-2,0.7710086,1.0
3000840-1,6517487-2,0.16082591,0.0
5061096-3,5063890-1,0.07910049,0.0
5932826-1,5932826-6,0.8872752,1.0
3697227-1,8263135-1,0.6371064,0.0
4107474-1,8212022-4,0.37893933,0.0
4763958-3,4763958-4,0.9343543,1.0
7767836-1,7767836-2,0.7641605,1.0
3227238-1,5887274-1,0.69632995,0.0
7573973-4,8082284-1,0.5347858,0.0
5838830-1,7746912-1,0.521487,0.0
6302191-1,6302191-3,0.5976617,1.0
3178020-1,3220812-1,0.6065549,0.0
8133044-1,8133044-16,0.30978748,1.0
8536866-1,8536866-2,0.49984977,1.0
6350341-2,6350341-3,0.63370687,1.0
2767153-1,6744752-1,0.3334558,0.0
8123288-1,8123288-2,0.60762686,1.0
3195389-1,4887828-1,0.44595948,0.0
6024489-2,8142781-1,0.35590142,0.0
7829275-1,7829275-2,0.49075642,1.0
5234414-1,8556010-1,0.45414552,0.0
4070080-1,7925216-1,0.0951367,0.0
4686635-1,8573193-1,0.13186143,0.0
1794225-1,6464439-1,0.24591924,0.0
3307027-1,4492648-2,0.5841287,0.0
5201065-5,5201065-8,0.84555423,1.0
4659948-1,5834851-1,0.28595674,0.0
3860123-1,3860123-2,0.796048,1.0
7273174-1,7273174-4,0.79921424,1.0
1906806-5,1906806-7,0.9262472,1.0
3298875-1,4247694-1,0.16354313,0.0
3409950-1,3878525-1,0.34172553,0.0
5882333-1,5882333-3,0.48064843,1.0
2767148-1,4129584-1,0.15248808,0.0
5854318-1,5960523-1,0.27987358,0.0
7941918-2,7941918-5,0.8608593,1.0
5371602-1,6085926-1,0.49505302,0.0
8207254-1,8207254-3,0.84044206,1.0
7433968-2,7433968-3,0.61342794,1.0
2740169-1,7933640-1,0.18502933,0.0
8075677-1,8425027-1,0.53798425,0.0
3005218-1,8645491-1,0.09344911,0.0
4421951-1,4421951-2,0.26387432,1.0
3964932-3,3964932-4,0.67758673,1.0
7275946-1,8404617-1,0.19518502,0.0
3078257-1,5540523-1,0.26696938,0.0
7416177-2,7416177-5,0.45444354,1.0
3705847-1,3705847-2,0.4931453,1.0
3552861-2,3552861-3,0.3795395,1.0
3495380-3,3495380-4,0.9064253,1.0
4918480-6,4918480-8,0.65097755,1.0
5022210-1,6008761-1,0.16404952,0.0
5783215-1,5783215-2,0.5519965,1.0
8578920-1,8578920-4,0.7034542,1.0
7569537-3,7569537-4,0.83536947,1.0
8439402-1,8439402-2,0.34279758,1.0
6925859-1,6925859-2,0.3447278,1.0
6122645-1,7296883-1,0.15498151,0.0
2526450-1,4604288-3,0.52684987,0.0
3449433-1,5405650-1,0.38720396,0.0
4823427-1,4823427-2,0.91171384,1.0
3556532-2,3556532-3,0.94197106,1.0
8460922-3,8460922-4,0.36855137,1.0
4024625-2,4024625-3,0.8534977,1.0
4448248-1,6340412-1,0.7413985,0.0
7868555-1,8050179-2,0.26248345,0.0
7163239-1,7163239-3,0.83775795,1.0
5571603-4,5571603-5,0.8613962,1.0
7784239-11,7784239-5,0.52100885,1.0
3786919-1,3786919-2,0.93554777,1.0
6916609-1,6916609-2,0.8303925,1.0
6884946-1,6884946-2,0.87827027,1.0
5892070-1,5892070-3,0.64412236,1.0
3339730-1,7449875-1,0.70243907,0.0
6590551-1,7837857-1,0.40471974,0.0
6332814-2,6332814-5,0.6514982,1.0
4010044-1,7066351-2,0.15573478,0.0
4255128-1,7787847-1,0.39567336,0.0
8435653-1,8435653-2,0.67353076,1.0
6526982-6,6526982-9,0.42749518,1.0
7934535-2,7934535-3,0.55479294,1.0
8046688-1,8186916-1,0.27643344,0.0
6158768-1,7653271-1,0.8238948,0.0
6460601-1,7461323-1,0.3850532,0.0
4357407-1,6395427-8,0.59975696,0.0
3141560-1,3141560-2,0.54330385,1.0
5372808-1,7283930-1,0.18703741,0.0
4738659-1,4738659-3,0.37500364,1.0
4793788-1,8648134-1,0.123502344,0.0
3853903-1,3853903-3,0.8387631,1.0
7434289-1,8098805-1,0.4434324,0.0
8177776-1,8177776-2,0.9336765,1.0
6636068-1,8270715-2,0.431431,0.0
6103365-1,6103365-3,0.90471196,1.0
2740169-1,7933640-1,0.18502933,0.0
7252802-1,7252802-2,0.6851021,1.0
4852783-2,4852783-5,0.7789138,1.0
7720338-1,7720338-2,0.66743696,1.0
7457692-1,7457692-2,0.60697585,1.0
8500051-1,8500051-2,0.63769144,1.0
7132571-1,7132571-2,0.8165502,1.0
3354801-1,8471370-1,0.5016548,0.0
5632852-1,8531930-1,0.22306815,0.0
3474405-1,3474405-2,0.40491807,1.0
8428280-2,8428280-9,0.7324795,1.0
3612238-1,8248356-1,0.22463016,0.0
3498786-1,3498786-2,0.50437635,1.0
4020557-1,4456757-1,0.6796883,1.0
5051124-1,5051124-3,0.5409001,1.0
7568139-1,7568139-2,0.4329198,1.0
8396188-1,8396188-3,0.40412736,1.0
8710561-3,8710561-7,0.87345237,1.0
5056286-1,7773109-1,0.61325824,0.0
2938629-1,3311090-1,0.5197065,0.0
5640890-3,5640890-4,0.7291842,1.0
3219782-1,5949169-1,0.4559653,0.0
2430565-1,2430565-6,0.6295468,0.0
2740199-1,7549995-1,0.41216296,0.0
4792828-1,4792828-2,0.6561287,1.0
7829630-6,7829630-7,0.36709282,1.0
3704971-1,3704971-2,0.8309297,1.0
3927300-1,3927300-2,0.67138994,1.0
3800675-1,7151118-6,0.48358905,0.0
3533459-1,4009157-1,0.18115042,0.0
3440507-1,3440507-2,0.7396895,1.0
2855477-1,5953511-1,0.41652796,0.0
2626575-3,2626575-4,0.6090231,1.0
6126056-2,6126056-6,0.6186726,1.0
3276793-1,5778559-1,0.39246517,0.0
6015712-1,6015712-2,0.116971925,1.0
7544249-1,7544249-3,0.3670229,1.0
6395427-3,6395427-7,0.40778756,1.0
3891165-1,4273471-1,0.4895249,0.0
4027691-1,4782655-1,0.6207722,0.0
7866758-1,7866758-3,0.37382278,1.0
4331468-2,6516004-1,0.31914172,0.0
8386154-11,8386154-5,0.1088028,1.0
4192805-1,4586912-1,0.12725039,0.0
6748456-1,6748456-2,0.56464666,1.0
6290221-1,8614051-1,0.13237317,0.0
2424062-1,3401493-1,0.31451848,0.0
7035086-1,7745862-1,0.49192908,0.0
4228252-1,4296473-1,0.14679274,0.0
7530181-3,7530181-4,0.89987534,1.0
3986960-1,5728764-1,0.27535227,0.0
7315196-1,7315196-3,0.789941,1.0
6713375-1,7834037-1,0.1998172,0.0
6719522-1,6719522-2,0.5012268,1.0
8653493-2,8653493-4,0.6250943,1.0
4648144-1,7829736-1,0.13885954,0.0
6332995-1,6332995-2,0.9553873,1.0
2718116-2,2718116-3,0.6345596,1.0
4263490-1,7680184-1,0.13224979,0.0
6437917-1,8565710-1,0.33904922,0.0
6169347-1,7096369-4,0.6412176,0.0
7440256-1,7440256-2,0.8645859,1.0
7132571-1,7132571-2,0.8165502,1.0
4087859-1,7902498-1,0.52086806,0.0
7306636-1,7813066-1,0.17269352,0.0
6485719-1,8183750-1,0.19166039,0.0
8515538-1,8515538-5,0.6741854,1.0
4154885-1,4154885-2,0.7151481,1.0
5703631-2,7189886-2,0.14582725,0.0
7778360-1,8365009-1,0.06647106,0.0
7191691-1,7191691-2,0.33408663,1.0
6476008-4,6476008-5,0.83368057,1.0
8391342-20,8391342-8,0.5011664,1.0
3922193-1,3922193-4,0.56098676,1.0
2988810-3,2988810-8,0.8748214,1.0
8183782-1,8183782-2,0.3054718,1.0
5960082-1,7727771-1,0.4335781,0.0
4946133-1,7440356-1,0.42501524,0.0
8004358-1,8004358-2,0.39291626,1.0
5943729-11,5943729-7,0.9344791,1.0
4832259-2,8145651-1,0.3334081,0.0
7106567-2,7106567-3,0.61783284,1.0
1906806-1,1906806-6,0.64972526,1.0
4897027-1,8477088-1,0.21906981,0.0
3700752-1,3891195-1,0.19044389,0.0
5404652-1,5798423-1,0.13238654,0.0
2737758-1,4063594-1,0.18650037,0.0
4053105-2,4053105-4,0.93254703,1.0
4153245-1,6624868-2,0.66804457,0.0
4750307-3,4750307-7,0.37463766,1.0
3498786-1,3498786-2,0.50437635,1.0
6027823-1,6922572-1,0.4693872,0.0
4475532-1,6159116-3,0.11615541,0.0
2861021-1,5883438-1,0.52809703,0.0
7524933-2,7524933-3,0.5608688,1.0
4005186-1,8032976-1,0.4944609,0.0
6417333-1,6417333-3,0.85651827,1.0
8123252-1,8165742-1,0.21470836,0.0
5965133-1,8405417-1,0.07604293,0.0
4425244-4,4425244-6,0.466194,1.0
8123252-1,8165742-1,0.21470836,0.0
5358187-1,6918799-1,0.11542013,0.0
7306636-1,7813066-1,0.17269352,0.0
4818219-3,4818219-4,0.79336727,1.0
4287898-4,6057532-1,0.38249722,0.0
4922238-1,6475703-1,0.3849223,0.0
3288501-1,4154885-2,0.49190763,0.0
5201065-5,5201065-8,0.84555423,1.0
8244683-1,8244683-2,0.4689989,1.0
8144799-1,8189805-1,0.07841274,0.0
7269882-1,7269882-2,0.1951676,1.0
7966198-2,7966198-3,0.6223319,1.0
6683567-2,6683567-4,0.82575685,1.0
4214439-1,7220022-1,0.07769623,0.0
7472508-2,7472508-3,0.37163982,1.0
6738168-1,6738168-2,0.87421083,1.0
3730074-1,3730074-2,0.83640313,1.0
4177828-1,5050349-1,0.5366851,0.0
6615256-2,6615256-4,0.88327277,1.0
6933959-2,6933959-4,0.70427847,1.0
3039827-1,5846865-1,0.44991153,0.0
4631740-1,5156887-1,0.31389976,0.0
6639680-2,6639680-6,0.43528768,1.0
4877746-1,4877746-2,0.45599428,1.0
2890504-1,8447050-1,0.64588195,0.0
5635179-1,7489675-1,0.44200116,0.0
6180361-1,7758736-8,0.2989441,0.0
5497421-1,8172662-1,0.07572306,0.0
2992923-1,6783228-1,0.26072875,0.0
3646555-2,8700716-4,0.4429141,0.0
5358137-1,7154249-1,0.5809652,0.0
3449433-1,5405650-1,0.38720396,0.0
2631534-1,2631534-3,0.8567819,1.0
6031991-2,6326137-1,0.10924928,0.0
7373528-1,7437631-2,0.60526246,0.0
7568094-3,7568094-5,0.9248373,1.0
6023324-3,6023324-8,0.9239565,1.0
3935557-1,6440177-1,0.45084783,0.0
2169208-1,4173535-1,0.32435337,0.0
6327820-1,6327820-2,0.7504113,1.0
5643991-4,7294878-1,0.31829226,0.0
3424906-1,8211758-1,0.67207444,0.0
3935303-1,3935303-2,0.4991476,1.0
3298875-1,4247694-1,0.16354313,0.0
5991270-1,5991270-4,0.75429493,1.0
2740291-1,2740291-4,0.31072658,1.0
5372944-1,6037711-1,0.5699473,0.0
4466356-1,5865279-12,0.25065297,0.0
3891978-1,7465744-1,0.71278197,0.0
6384041-1,6384041-3,0.93108845,1.0
7941918-2,7941918-5,0.8608593,1.0
8279693-1,8279693-2,0.62024385,1.0
5139749-1,5139749-2,0.8193898,1.0
3973282-1,4421946-1,0.3289348,0.0
6580405-1,6692986-1,0.81400096,0.0
5290791-1,5290791-3,0.7351133,1.0
4860435-1,6076191-4,0.102366224,0.0
4789584-2,4789584-3,0.14295141,1.0
5184834-1,7133745-2,0.4665848,0.0
4868919-1,4972880-1,0.8876167,0.0
4374200-1,6434759-1,0.06242383,0.0
4636727-1,6324896-1,0.54031515,0.0
3661972-1,7676770-1,0.13633308,0.0
4395949-1,5134173-1,0.21903527,0.0
3858807-1,5557159-1,0.13627341,0.0
7866758-1,7866758-3,0.37382278,1.0
3901594-2,3901594-3,0.74861693,1.0
5991562-6,8116379-1,0.76097184,0.0
7055463-1,7055463-3,0.74275124,1.0
5394407-1,6935339-1,0.4078983,0.0
6317081-1,8521003-1,0.5980346,0.0
8133044-10,8133044-16,0.7421153,1.0
4720496-1,6451252-1,0.3505599,0.0
6019244-1,8459802-1,0.8340655,0.0
4998851-1,4998851-7,0.5340478,1.0
5405907-1,5961273-1,0.7344301,0.0
4437613-2,4697079-3,0.14045745,0.0
3986653-2,3986653-3,0.5917877,1.0
4342155-1,7539112-1,0.48177266,0.0
5605694-1,8391342-27,0.514189,0.0
7604707-2,8567533-1,0.20293212,0.0
3830332-2,7282360-1,0.4860658,0.0
6167653-1,6167653-2,0.40830967,1.0
7649492-1,7649492-2,0.63983643,1.0
5865279-1,5865279-12,0.51977813,1.0
8096473-1,8364615-4,0.29278395,0.0
4037951-1,6311213-1,0.15255083,0.0
6476008-1,6476008-2,0.52661175,1.0
4955475-2,4955475-4,0.3071412,1.0
7220740-3,7220740-5,0.6335691,1.0
5040565-1,7361504-1,0.3431309,0.0
6166144-1,8214366-1,0.10123626,0.0
5051124-1,5051124-3,0.5409001,1.0
6874122-1,6874122-2,0.4674052,1.0
5118859-1,5464515-9,0.15505306,0.0
4504872-5,4504872-6,0.7268583,1.0
7335056-1,7335056-2,0.6524495,1.0
6959158-2,6959158-4,0.72989786,1.0
6200068-1,6200068-2,0.65585464,1.0
4789813-1,4789813-2,0.45929244,1.0
8616346-2,8616346-4,0.8914892,1.0
7311546-11,7311546-6,0.5714276,1.0
5346937-1,7728114-1,0.17664263,0.0
7465747-5,7465747-6,0.92649746,1.0
4073465-1,4533581-1,0.2512748,0.0
4999637-1,4999637-3,0.702221,1.0
4295261-2,8193653-1,0.6682026,0.0
4520126-1,6699282-1,0.54222775,0.0
5766654-1,5766654-3,0.71331805,1.0
3168384-1,6965199-1,0.2762219,0.0
7981707-1,7981707-5,0.32729217,1.0
4804401-2,7366417-1,0.18060285,0.0
6218349-4,6218349-5,0.6133133,1.0
2967013-1,8353083-7,0.14463033,0.0
3928844-1,4065667-2,0.13424838,0.0
3961027-1,7078106-1,0.27823824,0.0
5108850-2,5108850-3,0.684104,1.0
5961434-1,6100663-1,0.5092747,0.0
2790148-2,2790148-5,0.61022824,1.0
3995388-1,5107421-1,0.12658675,0.0
5308046-1,6057701-1,0.6830925,0.0
4174714-1,4849313-1,0.10686366,0.0
6166144-1,8214366-1,0.10123626,0.0
3920673-4,3920673-5,0.6192403,1.0
6644311-1,6644311-2,0.27949098,1.0
6020502-1,8543741-1,0.09501159,0.0
5102924-1,7953407-1,0.40116704,0.0
4899661-1,8058670-1,0.29249215,0.0
3793311-1,5139849-1,0.38881996,0.0
8278647-1,8278647-3,0.78099334,1.0
7695605-3,7695605-5,0.5611458,1.0
6299528-2,6299528-8,0.33250967,1.0
2702054-1,5329764-1,0.37924427,0.0
2772281-2,5588404-1,0.45351353,0.0
5502503-1,5502503-2,0.9145324,1.0
7472508-2,7472508-4,0.83695126,1.0
4302515-1,4302515-3,0.6609612,1.0
4296409-3,4296409-6,0.82369465,1.0
5088267-1,5088267-2,0.4571015,1.0
6088479-2,7052693-2,0.3458883,0.0
7294899-1,7294899-2,0.9251345,1.0
3477366-2,3506459-2,0.8483549,0.0
8611532-4,8611532-8,0.81006354,1.0
4304151-1,6530031-1,0.45159876,0.0
7468019-1,7749959-1,0.41045353,0.0
2944193-1,3533611-1,0.18368982,0.0
4534593-1,6743662-1,0.7454357,0.0
3261412-1,7714748-1,0.10668473,0.0
5982496-1,8504045-4,0.39005038,0.0
5352878-1,5352878-3,0.7680215,1.0
5738576-1,8272919-1,0.39191523,0.0
7465747-5,7465747-6,0.92649746,1.0
4971313-1,8493990-2,0.37015814,0.0
8531158-5,8531158-7,0.7358308,1.0
6446325-1,7717722-1,0.58095455,0.0
3529930-1,8190003-1,0.45700574,0.0
6198602-1,6357919-1,0.40443686,0.0
4704474-3,4704474-5,0.86135715,1.0
3614304-1,6158700-1,0.6731279,0.0
4544560-2,4745617-1,0.9038595,0.0
8273319-1,8273319-2,0.80688155,1.0
8288200-1,8288200-2,0.5055317,1.0
8523288-2,8523288-3,0.7392414,1.0
3730478-1,8258286-3,0.2681831,0.0
7011274-1,7011274-4,0.4900744,1.0
8077172-10,8077172-12,0.873343,1.0
5417292-1,5417292-2,0.3996979,1.0
5296994-1,5771932-1,0.14228702,0.0
5912077-1,5949551-3,0.109912336,0.0
3568895-1,5785647-1,0.55904615,0.0
4195264-1,4195264-2,0.5685564,1.0
6713375-1,7834037-1,0.1998172,0.0
4893879-1,8627985-1,0.19104426,0.0
5370308-1,6464489-1,0.17847976,0.0
6332555-1,6332555-6,0.49101964,1.0
6275832-3,6275832-5,0.5463231,1.0
3872090-1,3872090-2,0.8375755,1.0
5312644-1,8180395-2,0.24983354,0.0
7273174-3,7273174-4,0.7817838,1.0
8069347-1,8069347-2,0.7493168,1.0
5346387-1,5593446-1,0.3772004,0.0
3697985-4,3697985-6,0.62088716,1.0
3568885-1,6314718-1,0.12520458,0.0
5642131-1,5642131-6,0.75901055,1.0
5288423-3,5288423-7,0.8898058,1.0
6370147-1,6370147-2,0.8374521,1.0
5338949-1,5338949-3,0.73213863,1.0
3183035-1,3183035-3,0.79930896,1.0
6426014-1,6688888-1,0.2797396,0.0
2806860-1,6329243-1,0.13508745,0.0
5289268-3,5289268-4,0.29506746,1.0
7175764-3,7175764-4,0.8435125,1.0
6106975-1,6676831-1,0.3182778,0.0
8038897-1,8427021-1,0.07819764,0.0
4918480-6,4918480-8,0.65097755,1.0
3840180-1,6942503-1,0.82735205,0.0
4119910-3,4938959-1,0.5997744,0.0
6126242-2,6126242-3,0.41905096,1.0
4245350-1,7558904-1,0.51893556,0.0
3463145-1,5649707-1,0.7680854,0.0
5682741-4,5682741-5,0.666785,1.0
6257534-1,6257534-4,0.5746,1.0
4576891-1,4576891-2,0.6975439,1.0
6498924-2,6498924-3,0.9248701,1.0
4153192-1,4153192-7,0.39499745,1.0
8383623-1,8383623-2,0.6610974,1.0
5437791-1,5578590-1,0.30005336,0.0
5784682-2,5784682-4,0.50785035,1.0
3611916-1,5447535-1,0.31649438,0.0
6207033-1,6215584-1,0.31439483,0.0
7879527-2,7879527-4,0.5526501,1.0
6518723-1,7369649-2,0.11885734,0.0
4720199-2,4720199-3,0.68595964,1.0
6968900-3,6968900-5,0.55532295,1.0
5294357-1,5939034-1,0.34080705,0.0
7421811-1,7421811-4,0.5270567,1.0
6145046-1,6145046-4,0.70084846,1.0
3507074-1,5858849-1,0.35446972,0.0
4637464-1,4637464-2,0.9219832,1.0
6332814-5,6332814-7,0.6397786,1.0
4010068-1,4146130-1,0.61715907,0.0
3652046-1,5322266-1,0.49454254,0.0
7218296-1,7218296-2,0.61950105,1.0
3364685-1,6156069-1,0.50632,0.0
4024947-1,6662438-1,0.1668164,0.0
4695429-1,4695429-2,0.6409291,1.0
5322711-1,6937978-1,0.25174746,0.0
5435833-1,5435833-2,0.4454976,1.0
3961299-1,5586128-4,0.16105224,0.0
3175454-1,3175454-2,0.6954951,1.0
7689230-1,8613558-1,0.50629604,0.0
4212299-1,8712219-1,0.5985356,0.0
5390845-2,6011329-1,0.57933235,0.0
8654339-2,8654339-4,0.3691878,1.0
3212971-1,3212971-2,0.9472752,1.0
4611936-1,6019244-4,0.53826773,0.0
3343251-1,3343251-2,0.8547027,1.0
7353792-1,7353792-2,0.4667065,1.0
7710456-1,8383586-1,0.56214815,0.0
4760030-1,5404631-1,0.08770559,0.0
4166646-1,4166646-2,0.70409364,1.0
3088941-1,4280458-2,0.7177909,0.0
5736938-1,6852670-1,0.60978854,0.0
7502318-1,7502318-2,0.12664297,1.0
4842903-2,4842903-3,0.532925,1.0
7180521-1,7180521-2,0.7530356,1.0
4804602-1,8435476-1,0.12273138,0.0
8155605-1,8155605-2,0.7202812,1.0
7733300-1,8173920-1,0.23274471,0.0
4224235-1,6485883-1,0.2723733,0.0
2859362-3,2859362-4,0.6243714,1.0
3872090-1,3872090-2,0.8375755,1.0
4245924-5,4736257-1,0.7228943,0.0
1906806-2,1906806-8,0.90103376,1.0
6645598-3,6645598-7,0.66361433,1.0
7670026-1,7670026-2,0.7460435,1.0
5828261-1,7918015-1,0.18177819,0.0
6572923-1,6572923-2,0.5868034,1.0
3063239-1,7440240-6,0.20912054,0.0
3914231-1,7758736-3,0.26321015,0.0
5314260-1,6389040-4,0.53690034,0.0
6009024-1,6322182-1,0.9199641,1.0
3530248-1,5733119-2,0.117015734,0.0
6759615-1,7673274-1,0.26335704,0.0
7366761-2,7366761-4,0.78468645,1.0
5009641-1,7784344-1,0.15967393,0.0
3447677-2,6507376-1,0.31379965,0.0
4070080-1,7925216-1,0.0951367,0.0
4037951-1,6311213-1,0.15255083,0.0
5299170-1,5303287-3,0.4771962,0.0
4813081-1,4813081-2,0.6688389,1.0
5912037-1,8637399-1,0.7790372,0.0
6537356-3,6537356-4,0.49828056,1.0
6704680-4,6946535-1,0.13406019,0.0
6533989-1,6533989-2,0.36723796,1.0
3986653-2,3986653-3,0.5917877,1.0
7071737-2,7071737-4,0.33389986,1.0
3835511-2,3835511-7,0.9663302,1.0
3507068-1,5075308-1,0.29016677,0.0
3638522-1,6868727-1,0.3004451,0.0
1660560-1,1660560-3,0.8196395,1.0
5930217-1,7064361-1,0.13175711,0.0
8710561-5,8710561-6,0.913472,1.0
8643187-2,8643187-3,0.17037235,1.0
5758287-2,8274112-1,0.8869931,0.0
4487156-3,8180162-2,0.23791958,0.0
4676493-2,4676493-3,0.6246848,1.0
3872158-1,7225848-1,0.3493806,0.0
4251822-1,8415779-1,0.14855066,0.0
3842732-1,5441140-1,0.26989102,0.0
6940155-2,6940155-3,0.699123,1.0
3570283-1,3596587-1,0.39460146,0.0
4290039-1,8465737-1,0.49602607,0.0
3905827-2,6383853-1,0.24069324,0.0
5977743-1,7477961-5,0.322434,0.0
3123009-1,4884855-1,0.34681922,0.0
3700752-1,3891195-1,0.19044389,0.0
1308872-1,5968243-1,0.049840968,0.0
6842141-1,8471448-1,0.25220406,0.0
4618745-1,8467833-1,0.43397796,0.0
6395427-3,6395427-7,0.40778756,1.0
4154155-1,8387073-1,0.11875881,0.0
8211030-2,8211030-4,0.35872003,1.0
5147474-1,7711829-1,0.76436895,0.0
3895529-1,3895529-2,0.42338786,1.0
3931215-1,5121548-1,0.12482371,0.0
2895875-4,4655270-1,0.30665046,0.0
7188262-3,7188262-4,0.53821754,1.0
4940884-1,4940884-2,0.85608083,1.0
7599017-1,8166387-1,0.16622269,0.0
4005246-4,5935437-1,0.7723813,0.0
8569136-5,8569136-6,0.609384,1.0
6740024-1,7593212-1,0.5767884,0.0
4648144-1,7829736-1,0.13885954,0.0
2709968-1,6775712-1,0.36548063,0.0
3201580-1,3201580-2,0.7486541,1.0
7993048-1,7993048-6,0.42949262,1.0
5404652-1,5798423-1,0.13238654,0.0
3535731-1,7177021-4,0.27454314,0.0
7749935-2,7749935-8,0.57564557,1.0
5588791-1,7718669-1,0.24888296,0.0
4037296-1,4037296-3,0.34916487,1.0
1906806-1,1906806-6,0.64972526,1.0
8428514-1,8428514-2,0.6016466,1.0
4702300-2,4702300-4,0.77609116,1.0
3597928-1,8022635-1,0.4185919,0.0
6732602-2,6732602-5,0.37110588,1.0
3860153-1,4294453-1,0.79551923,1.0
8574092-1,8574092-4,0.6133812,1.0
7162669-4,7952151-2,0.4446533,0.0
7653752-1,7653752-2,0.14175023,1.0
5048672-1,5376949-1,0.36889085,0.0
6054085-1,6054085-2,0.64192104,1.0
5359129-1,6898723-2,0.27886707,0.0
4557152-1,4557152-5,0.7713672,1.0
4695652-1,7034751-1,0.28993526,0.0
4897205-1,5107665-1,0.1487242,0.0
5121555-1,5422832-1,0.7276064,0.0
5991270-1,5991270-4,0.75429493,1.0
8682950-1,8682950-3,0.8631131,1.0
7798182-4,7798182-5,0.2716152,0.0
2904264-1,7294531-1,0.41611895,0.0
7695072-2,8281787-1,0.14062478,0.0
6047546-1,7752548-1,0.48860812,0.0
3510931-1,3510931-2,0.83304304,1.0
7669394-2,7669394-3,0.5530289,1.0
4326292-1,4413529-1,0.05034124,0.0
7463145-2,7463145-3,0.29591668,0.0
5112881-1,5112881-2,0.6623473,1.0
5584713-1,5584713-2,0.62093025,1.0
6746349-1,6746349-2,0.67173296,1.0
8077172-17,8077172-6,0.70241576,1.0
3205526-1,3205526-2,0.7119362,1.0
3864880-3,3864880-5,0.91783327,1.0
3713764-1,8520139-1,0.53178006,0.0
2629953-1,2629953-2,0.29202616,1.0
8365843-1,8365843-2,0.7734568,1.0
3343401-1,6432979-1,0.7028373,0.0
7598844-2,7598844-3,0.80433667,1.0
4402186-1,5353397-1,0.49758413,0.0
6669189-1,8482093-1,0.4364838,0.0
2815756-2,2815756-5,0.65061057,1.0
8384399-2,8667370-1,0.4239262,0.0
3088857-1,7906273-1,0.32222542,0.0
6913282-1,7006420-2,0.27869043,0.0
3132910-1,3132910-2,0.30665195,1.0
5577747-1,5597878-1,0.3645193,0.0
7322415-1,7322415-3,0.8206679,1.0
6388817-2,6388817-3,0.44281211,1.0
3459706-1,8362994-1,0.41544685,0.0
6862365-1,6862365-2,0.53567356,1.0
8669740-2,8669740-3,0.81334525,1.0
4005090-1,7588309-1,0.3907145,0.0
7778360-1,8365009-1,0.06647106,0.0
7581838-3,7581838-5,0.6793189,1.0
3912635-2,6537690-2,0.41215128,0.0
3551720-1,6257471-1,0.27945966,0.0
2629953-1,2629953-2,0.29202616,1.0
8015663-3,8015663-4,0.83042765,1.0
7006440-8,7006440-9,0.37232038,1.0
6371746-5,6371746-6,0.78162485,1.0
3180694-1,5649067-1,0.24828656,0.0
6601232-3,6601232-4,0.61033714,1.0
7520796-1,7520796-2,0.6503161,1.0
4367114-1,4850250-1,0.15501264,0.0
2816289-1,6340231-1,0.18611418,0.0
8189301-1,8477820-1,0.36898652,0.0
5683985-1,5902078-1,0.33080775,0.0
7784239-11,7784239-5,0.52100885,1.0
8364764-4,8364764-8,0.52794135,1.0
4196295-1,8215124-2,0.27932864,0.0
1913058-2,4112643-2,0.64393145,0.0
3162782-1,4465713-1,0.46326467,0.0
3814995-1,6132149-1,0.81630015,1.0
7666852-1,7802832-2,0.104287975,0.0
4166646-1,4166646-2,0.70409364,1.0
7072995-1,7072995-2,0.70189875,1.0
7322487-2,7322487-3,0.8582038,1.0
4353272-5,4353272-7,0.8553277,1.0
8669740-1,8669740-2,0.49438533,1.0
4307725-2,4307725-3,0.4272958,1.0
4845288-1,7674874-1,0.37833774,0.0
3114542-1,3295654-1,0.40978333,0.0
6159118-1,7006440-5,0.58197063,0.0
7364411-1,8145494-3,0.28012806,0.0
4037680-1,6682232-1,0.11464138,0.0
2729474-1,6558365-2,0.31928307,0.0
7237059-1,7297554-1,0.51206714,0.0
6541118-1,6746911-1,0.14889094,0.0
2779312-1,3758712-1,0.34143656,0.0
4876077-1,7569537-3,0.42040962,0.0
6988727-1,7753272-1,0.29904827,0.0
3034078-1,8702295-1,0.52823347,0.0
4323608-1,4834819-1,0.5176181,0.0
5668506-1,6531118-1,0.34453067,0.0
4173354-1,6796715-1,0.70510167,0.0
8515538-1,8515538-5,0.6741854,1.0
4518390-1,7405971-1,0.48334852,1.0
4959818-1,4959818-3,0.68767095,1.0
3227314-1,7279692-1,0.08966216,0.0
5769203-1,5769203-2,0.8257512,1.0
3779413-1,3779413-2,0.7948623,1.0
4316981-1,6031951-1,0.078151666,0.0
3555391-1,7688041-1,0.23470749,0.0
4999048-4,4999048-5,0.60466576,1.0
6425374-1,7380812-1,0.3357538,0.0
7012558-4,7012558-6,0.65085524,1.0
3899588-1,5177692-1,0.5341886,0.0
8133044-4,8133044-6,0.82310015,1.0
5048704-5,5048704-8,0.83544326,1.0
2443370-1,7372392-1,0.3210899,0.0
3639082-1,3639082-2,0.7464445,1.0
5784682-2,5784682-4,0.50785035,1.0
6520636-1,7143194-1,0.8724402,0.0
7073490-3,7073490-4,0.2893197,1.0
3465337-1,4691603-1,0.40995693,0.0
3555391-1,7688041-1,0.23470749,0.0
3678183-3,8716131-1,0.83705795,0.0
4856713-2,5906593-2,0.60921115,0.0
6380677-1,8567533-1,0.2316906,0.0
6715780-2,6715780-3,0.8509308,1.0
3713764-1,8520139-1,0.53178006,0.0
4617071-2,8236776-1,0.9052334,1.0
2246138-1,5799975-1,0.20184545,0.0
2518134-3,2518134-5,0.7128527,1.0
4822278-5,5322519-1,0.29223132,0.0
4406011-1,7155113-1,0.3268397,0.0
4278096-1,8077672-1,0.120837696,0.0
5649746-1,6195983-3,0.2572794,0.0
8083420-1,8083420-4,0.34661835,1.0
6225725-1,6856497-2,0.17157246,0.0
8391342-15,8391342-32,0.556624,1.0
5726839-1,5726839-4,0.8215808,1.0
2613408-1,4143527-2,0.28308243,0.0
5535580-1,6069609-1,0.5897404,0.0
4185325-2,5415487-1,0.41415185,0.0
3025820-1,3025820-2,0.78563946,1.0
3072501-1,6626640-1,0.7665966,0.0
7475962-1,7932883-1,0.24124497,0.0
3891421-2,5485294-1,0.53642064,0.0
2640348-1,6416752-2,0.44537282,0.0
5998849-1,7412652-1,0.25583753,0.0
5815714-2,5815714-5,0.5444149,1.0
3517965-1,5358156-1,0.5128664,0.0
5010550-1,8020180-1,0.19544575,0.0
4302364-1,4550988-1,0.14798963,0.0
4676252-2,4676252-3,0.96573246,1.0
4374200-1,6434759-1,0.06242383,0.0
2988810-1,2988810-7,0.7824192,1.0
7014704-1,7014704-2,0.7344121,1.0
3166684-1,5813425-1,0.12715293,0.0
3464797-1,3731973-1,0.17832828,0.0
8155605-1,8155605-2,0.7202812,1.0
6639680-2,6639680-6,0.43528768,1.0
5325004-1,6409157-1,0.088060975,0.0
3263472-1,3263472-2,0.48554495,1.0
8559638-1,8631372-1,0.18602839,0.0
5237176-1,5237176-4,0.6711799,1.0
7315662-1,7991103-1,0.5529048,0.0
7853432-1,7853432-2,0.7223885,1.0
8007227-1,8007227-2,0.17335059,1.0
7174855-1,7506050-2,0.2020391,0.0
6257738-1,6257738-2,0.7417445,1.0
6679892-1,8173629-1,0.10350181,0.0
8188933-1,8188933-2,0.65386975,1.0
5220607-1,5220607-2,0.6886078,1.0
4313486-2,4313486-4,0.9491893,1.0
4584512-1,7395378-1,0.06377034,0.0
8248082-4,8248082-5,0.9487892,1.0
2810817-1,2810817-3,0.6360104,1.0
3095789-3,7452805-2,0.33456883,0.0
8646190-3,8646190-8,0.8049528,1.0
6682246-1,7412888-1,0.48083195,0.0
4349915-1,4349915-2,0.7840504,1.0
8362581-1,8362581-2,0.8978484,1.0
7819202-3,7875034-1,0.82047796,1.0
8709964-1,8709964-4,0.6214412,0.0
8435653-1,8435653-2,0.67353076,1.0
7008651-1,8405368-1,0.36589283,0.0
4549487-1,8635639-1,0.10403551,0.0
7536469-1,8476203-1,0.18010655,0.0
6590731-1,7036693-1,0.21890163,0.0
4676848-1,5043257-1,0.11458745,0.0
4430159-1,6984027-1,0.32665896,0.0
8325209-1,8325209-4,0.6999792,1.0
6520636-1,7143194-1,0.8724402,0.0
7233887-1,7233887-2,0.8262857,1.0
5611712-2,5611712-4,0.76297975,1.0
4973539-1,6940155-2,0.1628521,0.0
5360033-2,5360033-3,0.6710725,1.0
6547447-4,8330607-1,0.34354833,0.0
8038423-1,8515523-1,0.44884366,0.0
5842736-1,5842736-2,0.63951874,1.0
4395949-1,5134173-1,0.21903527,0.0
5005694-1,5045696-1,0.31484023,0.0
2817864-1,2817864-2,0.69751817,1.0
5828922-1,8036065-1,0.357308,0.0
7238787-1,7238787-3,0.7940995,1.0
6664587-1,7303870-2,0.41008556,0.0
6156974-1,6599311-1,0.373133,0.0
3263266-1,3263266-3,0.9502454,1.0
6896594-5,6896594-6,0.8944629,1.0
7733300-1,8173920-1,0.23274471,0.0
3318093-1,5649238-1,0.10928817,0.0
2631534-3,5586839-1,0.5647892,0.0
4427155-1,4427155-5,0.6525025,0.0
8168801-2,8168801-4,0.69110745,1.0
8383533-1,8383533-5,0.82746327,1.0
4283393-1,5409946-1,0.36010745,0.0
4049687-1,6702980-1,0.6383118,0.0
5655631-1,5838924-1,0.7099798,0.0
2804096-2,2804096-4,0.1888852,1.0
6749096-1,8547566-1,0.15836236,0.0
6329246-1,6440032-3,0.12233266,0.0
2718116-2,2718116-3,0.6345596,1.0
8647055-1,8647055-2,0.3830175,1.0
3667328-1,6367833-1,0.4594646,0.0
3614304-1,6158700-1,0.6731279,0.0
4800921-1,6109194-2,0.42529017,0.0
8373181-1,8373181-2,0.46442375,1.0
8168317-1,8168317-2,0.67131805,1.0
2993988-2,2993988-4,0.8143802,1.0
4959818-1,4959818-3,0.68767095,1.0
4359697-1,8452862-1,0.40631407,0.0
6371746-4,6371746-6,0.5839668,1.0
5458024-1,5458024-2,0.6393747,1.0
4534593-1,6743662-1,0.7454357,0.0
4763958-3,4763958-4,0.9343543,1.0
7574058-2,8362535-1,0.44639695,0.0
6366379-1,6366379-3,0.63795745,1.0
7898215-1,7898215-3,0.24444646,1.0
4094743-3,4094743-4,0.8451056,1.0
7394077-1,7394077-2,0.53399426,1.0
5749547-2,5749547-4,0.35608128,1.0
7543146-1,7727771-1,0.71690875,0.0
6890279-1,8003149-1,0.4857256,0.0
5019922-1,5838883-1,0.12110211,0.0
3497577-1,6688735-2,0.84627885,0.0
7008795-2,7008795-3,0.48837024,1.0
4823427-1,4823427-2,0.91171384,1.0
4847499-4,7231770-2,0.45731685,0.0
6908544-3,6908544-4,0.71149695,1.0
4294462-1,7984890-1,0.2110245,0.0
2964787-1,2964787-2,0.4435957,1.0
5467982-1,6440191-1,0.13138098,0.0
6327829-1,6327829-3,0.4202038,1.0
6984193-4,6984193-5,0.7308401,1.0
8319722-1,8319722-2,0.7146842,1.0
7543135-2,7543135-4,0.8121839,1.0
2649865-1,3447637-1,0.15415135,0.0
3229059-1,4115357-1,0.30090663,0.0
4553291-1,4553291-2,0.37240723,1.0
8111301-1,8111301-2,0.61299145,1.0
4942951-1,4966356-2,0.21357854,0.0
2430565-1,2430565-6,0.6295468,0.0
4518428-2,8244092-1,0.3070496,0.0
4942951-1,4966356-2,0.21357854,0.0
7665777-10,7665777-4,0.8278164,1.0
6103365-1,6103365-5,0.77571803,1.0
5009853-1,5009853-2,0.83168334,1.0
3842730-2,3842730-3,0.90069777,1.0
6242806-1,6607872-1,0.27425262,0.0
7715921-1,7715921-2,0.5258515,1.0
8084795-1,8084795-2,0.6935002,1.0
3229071-1,5964560-1,0.40973884,0.0
4414950-1,4603812-1,0.12942988,0.0
8137005-1,8137005-3,0.85090464,1.0
4271281-3,4271281-4,0.6374852,1.0
3141708-1,6185941-1,0.6800484,0.0
2722051-1,3874988-1,0.16011806,0.0
8603415-1,8637793-3,0.45358357,0.0
3183713-1,3183713-3,0.7772789,1.0
7571946-1,7571946-3,0.6473133,1.0
4656892-1,5287072-1,0.31513283,0.0
6716331-2,6716331-4,0.8541541,1.0
7502301-2,7502301-3,0.85034263,1.0
3864880-1,3864880-2,0.55341554,1.0
7163239-1,7163239-3,0.83775795,1.0
3686641-1,6717324-1,0.5224162,0.0
5346920-1,7066495-2,0.31739897,0.0
4660492-1,4660492-3,0.71572477,1.0
4323511-1,5093178-1,0.124376796,0.0
7716112-1,7716112-2,0.5836212,1.0
6611857-10,6959961-2,0.512516,0.0
7798182-4,7798182-5,0.2716152,0.0
6050776-1,6050776-2,0.8703724,1.0
4575794-2,5148816-1,0.2714557,0.0
4918135-3,4918135-4,0.40704194,1.0
3678544-2,3678544-3,0.3530092,1.0
8395467-5,8688783-1,0.7261728,0.0
2631534-2,2631534-4,0.35154533,1.0
4274651-1,7698664-1,0.5315435,0.0
8211030-1,8211030-3,0.959706,1.0
7316583-1,7316583-2,0.9217286,1.0
7384027-5,7384027-7,0.42260298,1.0
4293457-2,4293457-6,0.82546294,1.0
3089823-1,6154823-1,0.085619025,0.0
8611606-7,8611606-8,0.82670176,1.0
6018315-1,6018315-3,0.77002746,1.0
6257534-3,6257534-4,0.79555774,1.0
5611870-1,8383637-2,0.12585227,0.0
7711629-4,7711629-7,0.9634922,1.0
4533788-1,4533788-2,0.78118104,1.0
4442002-1,5761908-1,0.35825124,0.0
5137971-5,5137971-6,0.7488829,1.0
6742885-1,6857365-1,0.23483592,0.0
4108142-2,4108142-3,0.095365904,1.0
3633290-1,7923707-1,0.23974673,0.0
3637387-1,3819695-1,0.118989706,0.0
2847211-3,2847211-5,0.50696665,1.0
6533970-1,6533970-5,0.58487976,1.0
4973717-1,8281434-1,0.27961618,0.0
4129924-1,6426094-1,0.1857653,0.0
5654018-1,6305262-1,0.46354133,0.0
3678443-1,4438357-2,0.11445618,0.0
4367114-1,4850250-1,0.15501264,0.0
2626575-3,2626575-4,0.6090231,1.0
7524604-1,8548202-1,0.53143364,0.0
5120621-2,5120621-4,0.76177377,1.0
7649461-1,7649461-5,0.8466265,1.0
6324149-1,6324149-2,0.82086915,1.0
5702779-2,5702779-3,0.84439903,1.0
5537315-3,5846939-1,0.5664503,0.0
1797050-1,3084168-1,0.5048543,0.0
3248588-1,7690134-1,0.4299303,0.0
5571603-4,5571603-5,0.8613962,1.0
5346846-1,7044482-1,0.1877706,0.0
7797430-1,8391634-1,0.56002766,0.0
7165335-1,8045173-1,0.33090866,0.0
6310511-1,6310511-3,0.26480404,1.0
7364074-1,8491327-2,0.48410267,0.0
4939175-1,8141750-1,0.094672754,0.0
7366428-5,7366428-8,0.82159257,1.0
8517308-2,8517308-3,0.8276612,1.0
7421811-2,7421811-3,0.7283505,1.0
4506926-1,7303542-1,0.60841644,0.0
3639158-13,3639158-6,0.8105496,1.0
2759628-3,2759628-4,0.42050043,1.0
6397731-1,7083191-1,0.69884104,0.0
3760260-1,5412867-1,0.16433264,0.0
2820011-1,8443882-1,0.4768194,0.0
6901812-2,6901812-4,0.61545116,1.0
5404652-1,5798423-1,0.13238654,0.0
3173620-2,3806233-1,0.8856871,0.0
3932584-3,3932584-4,0.59650445,1.0
3474341-1,5963240-1,0.21619692,0.0
4528862-1,4588678-1,0.5936485,0.0
3877481-1,8284719-1,0.35659543,0.0
7452247-1,7452247-2,0.5565704,1.0
7039690-1,8663827-1,0.06350052,0.0
3724794-4,3724794-8,0.82064927,1.0
4398786-1,4398786-2,0.5476787,1.0
6388527-1,6388527-2,0.90444833,1.0
4287898-1,8325097-1,0.36539003,0.0
3354865-1,7896672-1,0.10221072,0.0
6592301-1,6789400-1,0.6853918,0.0
2879827-1,2879827-2,0.63491666,1.0
7726359-2,8343453-1,0.81990516,0.0
2913530-1,2913530-2,0.68648803,1.0
2626786-1,5298529-1,0.26621664,0.0
5091281-1,7713552-1,0.08434516,0.0
7063221-1,7063221-7,0.94665045,1.0
8395467-5,8688783-1,0.7261728,0.0
7556219-1,7556219-2,0.47114438,1.0
4918135-1,4918135-2,0.5585953,1.0
5118829-1,5118829-3,0.6316837,1.0
7367573-1,7367573-2,0.884715,1.0
4750307-1,4750307-2,0.9426,1.0
7778360-1,8365009-1,0.06647106,0.0
6302191-2,8422423-1,0.33153838,0.0
7898562-2,8102661-1,0.23533839,0.0
3474405-1,3474405-2,0.40491807,1.0
2900109-2,2900109-3,0.6915516,1.0
2474644-1,8488421-1,0.35400084,0.0
8353083-4,8353083-5,0.90618896,1.0
8391342-2,8391342-26,0.9372215,1.0
7590748-1,7590748-5,0.6579824,1.0
5962620-3,5962620-6,0.83722866,1.0
3052619-1,8685962-1,0.25426805,0.0
7474560-2,7474560-3,0.88068724,1.0
6177049-1,8624037-1,0.45796317,0.0
3737456-1,3737456-3,0.7522634,1.0
5007427-1,8338125-1,0.37273356,0.0
3700751-1,4370002-1,0.2448331,0.0
8666976-3,8666976-5,0.51455814,1.0
3376881-3,3376881-4,0.18586884,0.0
4086582-1,4086582-2,0.82128227,1.0
4005095-1,4005095-2,0.6309586,1.0
5421160-6,5421160-8,0.5132381,1.0
4939684-1,5084397-2,0.34538692,0.0
4564623-1,4936023-1,0.25613266,0.0
7780436-1,7780436-4,0.6597377,1.0
3141725-1,546198-2,0.12544772,0.0
6411342-1,6411342-2,0.7401422,1.0
6754891-1,7541998-1,0.37670574,0.0
8445133-2,8687796-1,0.37277728,0.0
8155578-5,8155578-6,0.79264605,1.0
7726359-2,8343453-1,0.81990516,0.0
3863411-1,8481042-1,0.16632776,0.0
3858807-1,5557159-1,0.13627341,0.0
5893346-2,5893346-7,0.31922546,1.0
8359901-1,8359901-3,0.62783945,1.0
4897129-2,4897129-3,0.40250278,1.0
6791093-2,6791093-3,0.077620246,1.0
3956996-1,6301901-1,0.23528089,0.0
6885689-1,6885689-4,0.5935141,1.0
4430642-1,4430642-4,0.5950475,1.0
6336730-1,6336730-7,0.7319968,1.0
5064303-1,6326102-2,0.12513341,0.0
8512623-1,8512623-2,0.5135714,1.0
3522339-1,3522339-2,0.8336416,1.0
4304535-1,4592900-1,0.18216975,0.0
8201691-1,8201691-2,0.4020095,1.0
2872848-1,8255754-1,0.32411936,0.0
6425386-1,8343438-1,0.2614435,0.0
5863859-1,6101556-1,0.12053735,0.0
4154155-1,8387073-1,0.11875881,0.0
5900559-1,5900559-4,0.7614349,1.0
6299528-4,6299528-5,0.5503954,1.0
4898933-1,7254858-2,0.38614094,0.0
5898130-2,7326743-1,0.5924524,0.0
6138539-2,7836026-1,0.94187546,0.0
3515938-1,4311362-3,0.41626444,0.0
3249280-1,6476008-1,0.18394558,0.0
6120175-1,8507946-1,0.5267326,1.0
3607989-1,3607989-2,0.5790903,1.0
8218350-1,8218350-2,0.42105922,1.0
8083887-1,8083887-2,0.6471174,1.0
4034504-1,4034504-3,0.22438368,1.0
3141707-6,3141707-8,0.7331416,1.0
4513765-1,6215986-1,0.5465456,0.0
7265469-1,7522133-1,0.24987018,0.0
3822421-1,6357366-1,0.69444567,0.0
3220159-1,5314846-1,0.18508087,0.0
3793557-1,3793557-3,0.6973412,1.0
5569547-1,6167580-1,0.60337365,0.0
5153464-1,8452165-1,0.3226147,0.0
4766804-1,4766804-3,0.89386487,1.0
6329029-1,7586178-1,0.5687338,0.0
6177625-2,6324108-1,0.14151192,0.0
6324859-9,6603826-2,0.334698,0.0
3502223-2,3502223-6,0.5533737,1.0
3830332-2,7282360-1,0.4860658,0.0
5798141-1,7780566-1,0.36841166,0.0
6482601-2,6482601-3,0.85693496,1.0
6552571-2,6552571-3,0.9194548,1.0
8242326-1,8242326-2,0.75680804,1.0
6752274-2,7667625-1,0.5281353,0.0
5652908-1,5652908-3,0.5216287,1.0
6029187-1,6416119-1,0.2027432,0.0
5604601-2,5604601-4,0.57447016,1.0
7044389-1,7311811-1,0.36057013,0.0
6600896-1,6774008-1,0.22980975,0.0
3247781-1,7305666-1,0.3763859,0.0
3391814-1,3391814-2,0.32419473,1.0
4151583-1,4422897-1,0.25592765,0.0
3544906-4,3544906-9,0.78139067,1.0
6196253-1,6196253-2,0.5224872,1.0
3786919-1,3786919-2,0.93554777,1.0
5538099-1,7789270-1,0.38711032,0.0
7997683-1,7997683-2,0.58348763,1.0
6798296-1,6798296-2,0.25878805,1.0
6371830-1,7057908-1,0.22949898,0.0
6833933-1,8422252-1,0.30813512,0.0
5346454-10,8497279-1,0.24791147,0.0
4008251-1,5872262-3,0.7681481,0.0
4124098-1,8573890-1,0.31670514,0.0
5498118-1,8046443-1,0.54023933,1.0
3429736-1,4451655-1,0.15680265,0.0
6371830-1,7057908-1,0.22949898,0.0
6585663-1,8645586-1,0.4460191,0.0
6293546-1,7891291-1,0.29677656,0.0
2918630-2,2918630-3,0.33460802,1.0
4700638-6,4700638-9,0.5791955,1.0
7423211-2,7423211-3,0.21703058,1.0
5470651-1,6896742-1,0.63971025,0.0
4450162-5,5837298-1,0.26515228,0.0
2628085-7,2628085-9,0.74793875,1.0
6036831-1,7325579-2,0.24856079,0.0
2749194-3,2749194-4,0.6287441,1.0
3505635-1,3505635-2,0.570831,1.0
5627466-1,6362872-1,0.08975607,0.0
5015253-1,5015253-2,0.47502357,1.0
3249926-1,8318612-1,0.12317982,0.0
3875975-1,3875975-5,0.8360003,1.0
8611606-11,8611606-4,0.6075713,1.0
5200989-1,8212911-1,0.45801672,0.0
1526717-1,6106746-1,0.041754767,0.0
2740291-1,2740291-4,0.31072658,1.0
4722559-1,8560458-1,0.36036986,0.0
6304711-1,6304711-7,0.40709156,1.0
6764574-1,6764574-6,0.49338284,1.0
3909847-1,8162139-1,0.39874724,0.0
7050957-1,7050957-2,0.84825563,1.0
6955030-2,6955030-3,0.61228704,1.0
5503666-1,8682950-1,0.0989694,0.0
5818707-1,6343251-1,0.26042554,0.0
5845586-4,5845586-5,0.65348953,1.0
3631789-1,7187865-1,0.19026543,0.0
4304504-1,4304504-2,0.40187493,1.0
6552571-2,6552571-3,0.9194548,1.0
5094544-1,5094544-2,0.1603477,1.0
5336392-1,6751912-2,0.6989556,0.0
6643316-1,6643316-8,0.7737659,1.0
3220070-1,8396245-1,0.10313081,0.0
3119975-2,3119975-4,0.71597797,1.0
5688867-1,5688867-2,0.73872024,1.0
4301526-1,4340456-1,0.22723582,0.0
7798182-4,7798182-5,0.2716152,0.0
2628085-7,2628085-9,0.74793875,1.0
3591061-1,3591061-2,0.79702353,1.0
6748463-1,6748463-3,0.8278741,1.0
5322711-1,6937978-1,0.25174746,0.0
5467982-1,6440191-1,0.13138098,0.0
5483845-2,7369677-1,0.5639792,0.0
5532934-1,6788114-1,0.24631952,0.0
3961218-1,8411738-1,0.10953855,0.0
3671523-3,3835996-1,0.37057412,0.0
3563701-1,5857148-5,0.13755356,0.0
2531125-2,2531125-3,0.40235677,1.0
6984193-4,6984193-5,0.7308401,1.0
3409953-1,4000617-1,0.56251436,0.0
8602920-1,8602920-3,0.45054027,1.0
2813577-2,2813577-4,0.70452493,1.0
7819202-3,7875034-1,0.82047796,1.0
5450585-1,5450585-2,0.5930989,1.0
2913794-1,4940154-1,0.30649933,0.0
5118859-1,5464515-9,0.15505306,0.0
5538095-1,5538095-2,0.43095115,1.0
5991270-1,5991270-4,0.75429493,1.0
4162032-1,5817789-1,0.2954213,0.0
2999723-1,5224743-1,0.1284403,0.0
5417292-1,7059473-1,0.21872224,0.0
8474637-1,8474637-4,0.43490505,1.0
8428280-5,8428280-6,0.87995565,1.0
4438144-2,7871245-1,0.47180498,0.0
7737761-2,8578242-2,0.49979696,0.0
7829718-1,8255725-1,0.08382134,0.0
4283393-1,5409946-1,0.36010745,0.0
3072501-1,6626640-1,0.7665966,0.0
7961518-1,7961518-2,0.3233871,1.0
6411342-1,6411342-2,0.7401422,1.0
4347730-1,6320170-1,0.16950683,0.0
5107659-2,6986456-1,0.43768296,0.0
5394408-2,5394408-3,0.5753577,1.0
5904767-1,5904767-2,0.48117107,1.0
4966213-1,6042172-1,0.08657641,0.0
4779351-1,7220631-1,0.28349206,0.0
4761596-1,8402444-1,0.114324465,0.0
4259002-1,4259002-3,0.9798196,1.0
6160050-3,6160050-7,0.6677244,1.0
2874679-1,2874679-3,0.8324869,1.0
3628441-1,6831243-1,0.11638307,0.0
3491234-1,4495850-1,0.2920151,0.0
3408276-2,7320729-1,0.5369511,0.0
8646190-3,8646190-9,0.8752192,1.0
5306982-1,5351264-1,0.17536068,0.0
3082230-1,5759281-1,0.38949063,0.0
7196143-1,7196143-2,0.8351082,1.0
6491953-1,6491953-2,0.49451634,1.0
8407674-1,8407674-2,0.5479275,1.0
6332814-1,6332814-6,0.32857546,1.0
8015663-3,8015663-5,0.86913013,1.0
5869374-1,5869374-2,0.84803313,1.0
8248082-1,8248082-4,0.84219265,1.0
8558814-1,8558814-2,0.59745777,1.0
8395908-1,8395908-2,0.91838795,1.0
3312686-1,6000749-1,0.27031055,0.0
3216882-1,6332565-1,0.8725414,0.0
8391342-25,8391342-8,0.9562178,1.0
4995784-1,8519668-1,0.16912355,0.0
2769338-1,6744741-1,0.5751713,0.0
7081584-1,7109588-1,0.2113192,0.0
5649805-2,5649805-7,0.3835458,1.0
4346121-6,4346121-7,0.83229816,1.0
6311398-1,6713073-2,0.152862,0.0
8391342-1,8391342-17,0.93082815,1.0
3097561-1,3614810-1,0.26695666,0.0
3843917-1,3843917-2,0.8351605,1.0
8155605-2,8606088-1,0.2675076,0.0
3037889-1,5731429-1,0.32487845,0.0
5611712-1,5611712-4,0.89648473,1.0
3644791-1,7674319-1,0.70640033,0.0
3760260-1,5412867-1,0.16433264,0.0
3258229-2,3258229-5,0.8682752,1.0
4251391-1,4251391-2,0.886267,1.0
7521058-1,8424806-1,0.29257515,0.0
2700576-2,2700576-4,0.82274425,1.0
3843927-1,8520833-1,0.34277794,0.0
7784194-1,8581777-1,0.11799736,0.0
3099207-1,4664839-1,0.6390231,0.0
4330691-1,4330691-2,0.5167039,1.0
8483877-1,8483877-2,0.5399273,1.0
3968977-1,3968977-2,0.64324754,1.0
4842903-2,4842903-3,0.532925,1.0
2330027-1,2330027-2,0.51669264,1.0
5346454-2,5346454-9,0.8563953,1.0
4759308-1,6856500-1,0.08813329,0.0
3522339-1,3522339-2,0.8336416,1.0
7666852-1,7802832-2,0.104287975,0.0
8391342-13,8391342-14,0.09496438,1.0
4024625-2,4024625-3,0.8534977,1.0
1634748-1,8554414-1,0.4444816,0.0
5898130-1,5898130-3,0.95083123,1.0
3500982-1,4208581-1,0.30090415,0.0
4590181-1,8362572-1,0.39701715,0.0
3544661-1,3700847-1,0.36505982,0.0
4810902-1,4810902-2,0.45758954,1.0
2249601-1,5791344-1,0.38620222,0.0
8438098-1,8438098-3,0.28320584,0.0
2533001-1,4877980-1,0.49319795,0.0
5047021-1,5832135-1,0.544589,0.0
5359765-1,6291887-1,0.23750496,0.0
6208086-2,6208086-4,0.81347823,1.0
4931830-1,4931830-5,0.48401898,1.0
2980919-1,4427993-1,0.45949554,0.0
6636700-1,7218456-1,0.11131095,0.0
4513410-1,4513410-2,0.6626178,1.0
5649928-1,6048768-1,0.1915956,0.0
2783120-1,6504752-1,0.18727112,0.0
4875696-2,4875696-3,0.45598483,1.0
8391342-25,8391342-33,0.78304774,1.0
2684435-3,7798182-1,0.67755574,0.0
3667440-2,3667440-3,0.41299224,1.0
5637006-1,5637006-4,0.91471684,1.0
7735012-1,7735012-3,0.73538876,1.0
4506145-1,4549351-1,0.55097204,0.0
4540525-1,7790320-1,0.34842256,0.0
7794165-1,7794165-2,0.88008475,1.0
7040871-1,7040871-2,0.8794599,1.0
4931820-1,4931820-3,0.43799305,1.0
5432734-1,5674715-1,0.71027774,0.0
4173947-1,6942751-1,0.31317496,0.0
4322482-1,4322482-2,0.4272391,1.0
7871073-1,8267720-1,0.4569374,0.0
8079768-1,8079768-2,0.4412178,1.0
4053581-1,4053581-2,0.5765626,1.0
6295374-3,8147705-1,0.17583711,0.0
5410684-1,6230594-1,0.34882274,0.0
4425244-4,4425244-6,0.466194,1.0
3876018-1,4228573-1,0.3408104,0.0
3973282-1,4421946-1,0.3289348,0.0
5355461-1,5355461-2,0.21219325,1.0
4042138-3,6299503-1,0.79878247,0.0
6448983-3,6448983-4,0.71912146,1.0
5423380-1,5685861-2,0.5126153,0.0
5290791-2,5290791-3,0.12632906,1.0
5017963-1,5017963-2,0.8299121,1.0
5798098-1,5798098-3,0.6168469,1.0
4107223-2,4107223-3,0.71360815,1.0
5065333-1,5065333-2,0.55028474,1.0
7485476-4,7485476-8,0.8465809,1.0
8325209-1,8325209-4,0.6999792,1.0
3371475-1,6713245-1,0.19266652,0.0
8346514-2,8346514-3,0.39595947,1.0
8674165-2,8674165-3,0.95347255,1.0
7315091-2,8613452-1,0.6971764,0.0
5619454-1,8674200-1,0.44649997,0.0
5346387-1,5593446-1,0.3772004,0.0
2737776-1,8415956-1,0.60378754,1.0
5055933-3,5380242-1,0.46601653,0.0
3214566-1,5461669-1,0.21180993,0.0
5880257-3,5880257-7,0.2462385,1.0
8646915-1,8646915-2,0.55915743,1.0
2820005-1,8563140-1,0.63271624,0.0
3364654-1,3999575-1,0.11750255,0.0
8581691-1,8581691-2,0.5311011,1.0
4518390-1,7405971-1,0.48334852,1.0
7665777-10,7665777-4,0.8278164,1.0
6802603-1,6802603-3,0.6523422,1.0
3902577-2,4330492-1,0.30206263,0.0
4835656-1,7784746-1,0.6190329,0.0
2678828-1,3968620-3,0.33528006,0.0
4414386-1,4414386-2,0.7862531,1.0
8155605-2,8606088-1,0.2675076,0.0
4689839-1,4689839-3,0.63174224,1.0
6734019-1,6734019-2,0.86842614,1.0
4415556-1,4415556-2,0.5656406,1.0
8296937-1,8296937-3,0.7286407,1.0
2925369-1,8387078-1,0.18248473,0.0
7867464-1,7867464-2,0.44851434,1.0
4782467-1,4782467-3,0.6645173,1.0
6029867-1,6029867-2,0.7981444,1.0
4352628-1,8536809-1,0.459769,0.0
5088267-1,5088267-2,0.4571015,1.0
3645620-4,3645620-5,0.56810486,1.0
5503666-1,8682950-1,0.0989694,0.0
5040565-1,7361504-1,0.3431309,0.0
5688187-4,5688187-5,0.9322293,1.0
3284018-1,3976550-1,0.5415729,0.0
6259073-1,6259073-2,0.86579615,1.0
7165335-1,8045173-1,0.33090866,0.0
7292423-1,7292423-3,0.9612225,1.0
3249989-1,7276632-1,0.39474404,0.0
3867874-1,8324390-1,0.33347195,0.0
4492662-1,6305527-1,0.8152911,0.0
3751027-2,3751027-3,0.79955864,1.0
6951125-1,6951125-2,0.88904685,1.0
3129090-1,6032763-1,0.10642396,0.0
5586130-2,5586130-3,0.4914073,1.0
6312625-5,6312625-8,0.40744373,1.0
3424642-1,4063625-1,0.5425917,0.0
3026341-5,3026341-9,0.43353596,0.0
2887894-1,3356594-1,0.23208342,0.0
6037803-2,6037803-3,0.7267375,1.0
5299170-1,5303287-3,0.4771962,0.0
4776589-1,4776589-3,0.9648751,1.0
8501810-2,8501810-3,0.2023522,1.0
6037803-2,6037803-3,0.7267375,1.0
8096340-1,8096340-3,0.8171551,1.0
2816349-1,4409093-1,0.43690872,0.0
7366428-5,7366428-8,0.82159257,1.0
4377042-2,4377042-3,0.8439903,1.0
3785901-1,6849054-1,0.5432223,0.0
6603818-1,6603818-2,0.58339334,1.0
2872666-3,4592716-1,0.9257905,0.0
8110243-1,8502552-1,0.5291551,0.0
4872566-3,5894316-2,0.81247646,0.0
6482787-2,6482787-4,0.69796765,1.0
7670026-1,7670026-2,0.7460435,1.0
5320044-1,5320044-2,0.22350138,1.0
3312794-3,4451783-1,0.42610732,0.0
4865644-2,7665863-1,0.5626876,0.0
6728788-1,6728788-3,0.7036423,1.0
3568885-1,6314718-1,0.12520458,0.0
3395165-1,4653751-2,0.28852865,0.0
3897898-1,3897898-2,0.6687873,1.0
6169347-1,7096369-4,0.6412176,0.0
3394863-2,3394863-3,0.7103532,1.0
4655028-1,6136512-1,0.23804519,0.0
8471443-1,8471443-2,0.8985182,1.0
6968900-2,6968900-3,0.6738049,1.0
1513593-1,4494585-1,0.39794567,0.0
5649805-8,5649805-9,0.94657934,1.0
7535771-2,8606058-1,0.13939694,0.0
5334173-1,8606326-1,0.2807246,0.0
5820587-1,7996811-1,0.3749337,0.0
6526982-3,6526982-7,0.75851935,1.0
7168954-1,7168954-3,0.7147203,1.0
5378862-2,5378862-3,0.6930073,1.0
3038876-1,3038876-2,0.85437334,1.0
7841271-1,7841271-2,0.7055973,1.0
5815714-4,8241266-3,0.4870995,0.0
5483506-1,7660029-1,0.47659034,0.0
3603612-1,3771223-1,0.07339574,0.0
7408727-1,7408727-3,0.8130503,1.0
7734470-1,7734470-2,0.35915706,1.0
5671838-1,8131857-1,0.11138953,0.0
8385252-1,8385252-2,0.57032746,1.0
3364685-1,6156069-1,0.50632,0.0
6598598-4,6598598-6,0.9516014,1.0
3683167-1,4678760-1,0.70126396,0.0
8504030-5,8504030-9,0.059677627,1.0
5649805-8,5649805-9,0.94657934,1.0
6645598-5,6645598-6,0.3783839,1.0
7373970-1,7373970-3,0.8788455,1.0
8088499-6,8088499-8,0.35681513,1.0
1821026-1,4800938-1,0.2936225,0.0
4675927-1,4752811-1,0.30375308,0.0
7640421-1,7962156-1,0.22473392,0.0
6406196-1,8149899-1,0.27219662,0.0
7561635-1,7847093-4,0.20867379,0.0
3631789-1,7187865-1,0.19026543,0.0
6360200-2,8240598-1,0.45861405,0.0
4458945-1,5405889-1,0.10180135,0.0
7238787-1,7238787-4,0.9125266,1.0
7273174-1,7273174-4,0.79921424,1.0
8544915-2,8544915-3,0.30105326,1.0
8183782-1,8183782-2,0.3054718,1.0
7666852-1,7802832-2,0.104287975,0.0
8504303-3,8504303-6,0.6877354,1.0
5845586-4,5845586-5,0.65348953,1.0
7364411-1,8145494-3,0.28012806,0.0
6369346-6,6369346-8,0.8053282,1.0
3986960-1,5728764-1,0.27535227,0.0
3639158-1,3639158-8,0.84447795,1.0
5619035-1,6360827-1,0.3920262,0.0
5586559-1,5586559-2,0.8029709,1.0
3390102-2,7934024-1,0.9220173,0.0
7292423-1,7292423-3,0.9612225,1.0
2839987-2,7154246-1,0.15066089,0.0
2850186-1,7749864-1,0.23499663,0.0
4538962-1,7213949-1,0.8218879,0.0
5846181-1,5846181-8,0.678337,1.0
2100043-1,6601221-1,0.4251289,0.0
3276785-1,3276785-2,0.47828105,1.0
3268139-2,3268139-4,0.8282307,1.0
4765255-2,4765255-6,0.4797133,1.0
8391342-20,8391342-34,0.8450564,1.0
2889853-1,4421636-1,0.5250146,0.0
8633604-1,8633604-2,0.3353537,1.0
3517965-1,5358156-1,0.5128664,0.0
5065677-2,5065677-3,0.93087333,1.0
8109047-1,8109047-2,0.11616448,1.0
7988206-12,7988206-7,0.8369104,1.0
8636697-1,8636697-2,0.18767945,1.0
3517965-1,5358156-1,0.5128664,0.0
7681751-1,8685493-1,0.16556251,0.0
8182236-3,8182236-4,0.581528,1.0
5642131-10,5642131-9,0.8327788,1.0
5807679-1,6919393-1,0.42540255,0.0
4271392-1,6144491-2,0.38414964,0.0
3108944-1,4962887-1,0.1492815,0.0
6166013-1,6166013-2,0.40787393,1.0
3844387-1,6159014-1,0.6970286,0.0
2900109-2,2900109-3,0.6915516,1.0
3843926-1,3843926-3,0.3394708,1.0
4603009-2,7396112-1,0.356578,0.0
3981990-1,6350430-1,0.14228861,0.0
5483845-2,7369677-1,0.5639792,0.0
3238371-1,3238371-2,0.53541416,1.0
8236468-2,8236468-3,0.098940186,1.0
5977483-1,5977483-3,0.47103038,1.0
6441988-1,6441988-4,0.716355,1.0
5931939-2,7315239-1,0.35859972,0.0
4331824-1,4331824-4,0.5371919,1.0
3972411-1,4688317-1,0.7978731,0.0
6060766-1,6060766-3,0.63178325,1.0
7772757-1,7784239-11,0.22452833,0.0
6759615-1,7673274-1,0.26335704,0.0
3862296-1,6611857-2,0.1513923,0.0
3555391-1,7688041-1,0.23470749,0.0
6288509-1,6341272-1,0.29669392,0.0
6124800-1,7053798-2,0.23827194,0.0
3437272-1,3437272-2,0.84345317,1.0
5338949-1,5338949-3,0.73213863,1.0
6611857-10,6959961-2,0.512516,0.0
7197830-1,7197830-3,0.6857459,1.0
6802343-1,6802343-6,0.6614424,1.0
8083869-3,8083869-5,0.8893077,1.0
5175082-2,8179565-3,0.20026587,0.0
8151272-3,8151272-4,0.7798793,1.0
7754281-1,7754281-5,0.8278982,1.0
2854726-2,2854726-5,0.72343147,1.0
7011514-1,8440069-1,0.48858556,0.0
4962498-2,7220358-1,0.4313189,0.0
4458945-1,5405889-1,0.10180135,0.0
3995388-1,5107421-1,0.12658675,0.0
2820005-1,8563140-1,0.63271624,0.0
3804044-1,3804044-3,0.7159103,1.0
4818219-3,4818219-4,0.79336727,1.0
6734019-1,6734019-2,0.86842614,1.0
3418017-1,5047879-1,0.31435567,0.0
5685864-1,5685864-2,0.15763429,1.0
5005694-1,5045696-1,0.31484023,0.0
8628095-1,8628095-2,0.59130055,1.0
2481265-1,5067396-1,0.23775691,0.0
7135847-1,8007480-1,0.25234905,0.0
6460601-1,7461323-1,0.3850532,0.0
4375745-3,4375745-5,0.8550889,1.0
3582077-1,5056910-1,0.11020583,0.0
6132972-3,6132972-4,0.6242115,1.0
2934585-1,8631373-1,0.42494693,0.0
5477138-1,7045952-1,0.05400063,0.0
8578920-1,8578920-3,0.55951566,1.0
7829973-2,7829973-3,0.49041998,1.0
3858807-2,8383648-1,0.53678805,0.0
3819852-1,3819852-2,0.6601156,1.0
7039690-1,8663827-1,0.06350052,0.0
6951125-1,6951125-2,0.88904685,1.0
8083869-3,8083869-5,0.8893077,1.0
4700638-5,4700638-6,0.7049911,0.0
7725194-1,7725194-2,0.17904134,1.0
7423211-3,7423211-8,0.5032863,1.0
6369052-1,6369052-2,0.3014118,1.0
4627117-1,4670630-1,0.3840597,0.0
2772275-2,2772275-3,0.95913684,1.0
6232978-1,7322849-1,0.31404865,0.0
6598598-4,6598598-6,0.9516014,1.0
3785594-4,7869745-1,0.5767741,0.0
3818699-1,3818699-3,0.9461081,1.0
6515778-1,8706098-1,0.12896782,0.0
7241664-1,7506380-1,0.41826978,0.0
6833182-3,8423165-1,0.5876534,0.0
5635609-1,6882281-1,0.6588227,0.0
8046688-1,8186916-1,0.27643344,0.0
8044346-1,8486559-1,0.3159767,0.0
6054085-1,6054085-2,0.64192104,1.0
8483877-1,8483877-2,0.5399273,1.0
2628870-1,8589910-3,0.3965733,0.0
5346454-2,5346454-9,0.8563953,1.0
5460656-1,5460656-6,0.2680546,1.0
7409414-2,7409414-5,0.26586622,0.0
7083246-1,7083246-3,0.22454968,1.0
7536489-3,8691999-1,0.2681022,0.0
7385574-1,7385574-2,0.7591719,1.0
4174715-3,4174715-5,0.60199726,1.0
8575439-2,8575439-4,0.44878185,0.0
5313358-2,5313358-5,0.89187425,1.0
2854446-3,4834741-1,0.76136184,0.0
3712821-1,4555932-1,0.17601508,0.0
4759308-1,6856500-1,0.08813329,0.0
5390126-1,5390126-4,0.6734997,1.0
7016445-1,7265701-1,0.2946652,0.0
7308791-1,7308791-3,0.3287268,1.0
7485476-5,7485476-6,0.60712105,1.0
6766258-3,6766258-5,0.598722,1.0
6053882-2,6053882-4,0.87052333,1.0
6189630-1,8628776-5,0.34546426,0.0
8377065-4,8377065-6,0.84152955,1.0
7711629-4,7711629-8,0.43358985,1.0
8144799-1,8189805-1,0.07841274,0.0
6591562-1,7529129-1,0.114777744,0.0
2997097-1,4763653-1,0.106123865,0.0
6317215-1,6317215-3,0.29122764,1.0
4413978-1,7904673-2,0.31718457,0.0
4090655-2,8226401-1,0.53872424,0.0
7754281-1,7754281-2,0.66318065,1.0
6124168-2,6124168-6,0.5104234,1.0
6997807-1,7887488-1,0.15620221,0.0
4960399-1,4960399-3,0.6401716,1.0
5909360-1,5909360-4,0.32111323,1.0
6726812-1,8077709-1,0.46052447,0.0
6667808-1,7769494-1,0.24772815,0.0
7439666-1,7439666-3,0.789115,1.0
3507068-1,5075308-1,0.29016677,0.0
3550423-1,7850837-1,0.54241425,0.0
3275504-1,3502413-2,0.3313835,0.0
4918135-1,4918135-3,0.73595566,1.0
4033141-3,4033141-4,0.80365855,1.0
2396657-1,8206537-2,0.27941605,0.0
3276904-1,3752620-1,0.10716446,0.0
4230669-1,7205378-1,0.4771843,0.0
6452484-1,6593925-1,0.50979435,0.0
7385574-1,7385574-2,0.7591719,1.0
7527865-2,7527865-3,0.8253784,1.0
4918135-1,4918135-2,0.5585953,1.0
6150707-1,8354585-1,0.788569,0.0
4089230-1,5114198-2,0.1902335,0.0
6263613-1,6536236-1,0.14779413,0.0
7534175-3,7970074-1,0.5779664,0.0
5980441-2,5980441-3,0.81117356,0.0
3843926-1,3843926-3,0.3394708,1.0
5015253-5,8485284-1,0.23366436,0.0
3440936-1,7847594-1,0.3307823,0.0
4107645-1,4107645-4,0.44896016,1.0
5356989-1,5356989-2,0.619555,1.0
4296436-2,4296436-3,0.3581002,1.0
1501118-1,5137971-4,0.76489574,0.0
6993913-1,7045690-2,0.640121,0.0
3583109-1,8133087-1,0.40984902,0.0
4719736-1,4719736-2,0.7733049,1.0
7506085-1,7506085-2,0.31457642,1.0
2628870-1,8589910-3,0.3965733,0.0
3108944-1,4962887-1,0.1492815,0.0
8393241-2,8393241-8,0.9499999,1.0
8612008-1,8612008-2,0.798437,1.0
4185321-1,7163344-1,0.53721035,0.0
4553291-1,4553291-2,0.37240723,1.0
3932584-3,3932584-4,0.59650445,1.0
5624251-1,8129541-1,0.5717368,0.0
5963613-1,5963613-2,0.70096034,1.0
2667581-1,5361999-1,0.80442923,0.0
4219230-4,4719250-1,0.16674265,0.0
3628218-1,4575993-1,0.627978,0.0
6851821-1,6851821-2,0.82618874,1.0
7667327-2,7667327-3,0.30090076,0.0
7011709-2,8226947-2,0.14165458,0.0
5557522-1,5557522-2,0.9117578,1.0
6221754-1,6247678-1,0.15043516,0.0
3851705-1,4537717-1,0.3013998,0.0
6135216-2,6135216-5,0.64516395,1.0
6174175-3,6542494-1,0.3048575,0.0
7962158-1,7962158-4,0.7098422,1.0
7502301-2,7502301-3,0.85034263,1.0
7581838-3,7581838-5,0.6793189,1.0
2628018-1,2628018-3,0.71360415,1.0
4531931-1,8476880-1,0.5110026,0.0
6197948-1,7535011-1,0.49995413,0.0
3981990-1,6350430-1,0.14228861,0.0
4325394-1,6197536-1,0.3884499,0.0
6901812-2,6901812-4,0.61545116,1.0
7385574-1,7385574-2,0.7591719,1.0
7793325-2,7793325-3,0.85161895,1.0
8273519-1,8273519-3,0.67330885,1.0
3483331-1,6398741-1,0.51921946,0.0
7322487-2,7322487-3,0.8582038,1.0
5422734-1,7117615-1,0.4649389,0.0
3420403-1,4584027-1,0.07529893,0.0
3521952-1,6510567-1,0.28726414,0.0
6683889-4,6683889-6,0.5848628,1.0
6723649-1,7132961-1,0.19583787,0.0
6332814-5,6332814-7,0.6397786,1.0
6982478-1,7175038-1,0.3155046,0.0
3692154-1,4020496-2,0.2966529,0.0
3102884-2,7250374-1,0.37698412,0.0
3356592-1,5134245-1,0.64847857,0.0
8391342-23,8391342-30,0.1893359,1.0
6990480-2,7706449-1,0.49430874,0.0
6060766-3,6060766-6,0.6382765,1.0
6099048-1,8230154-1,0.16472368,0.0
7599017-1,8166387-1,0.16622269,0.0
5502503-1,5502503-2,0.9145324,1.0
4518380-1,8591634-1,0.41327807,0.0
8415956-1,8415956-2,0.9263886,1.0
8015663-3,8015663-4,0.83042765,1.0
8396188-1,8396188-3,0.40412736,1.0
5819108-1,5819108-11,0.7678449,1.0
2931397-1,8360259-2,0.14815824,0.0
2769299-1,3976774-1,0.10688781,0.0
5125193-1,5125193-2,0.3528434,1.0
6122623-1,6122623-2,0.22774646,1.0
7461343-1,7813980-1,0.45277977,0.0
3952613-1,7590457-1,0.11669988,0.0
4822278-1,4822278-2,0.91346484,1.0
2772281-7,8663811-1,0.26275435,0.0
4372959-1,6177682-2,0.19340901,0.0
8474637-3,8474637-4,0.9171247,1.0
3935303-1,5444672-1,0.6169427,0.0
2628085-1,2628085-7,0.6839386,1.0
3280044-1,3280044-3,0.41027266,1.0
4671146-3,6450254-1,0.57876533,0.0
4532946-1,6203505-1,0.060517464,0.0
8230156-1,8230156-2,0.89029515,1.0
4325202-2,5858840-1,0.14753288,0.0
8391342-20,8391342-34,0.8450564,1.0
4881626-4,4881626-5,0.9495291,1.0
5846181-1,5846181-8,0.678337,1.0
3603666-1,7716385-1,0.20801607,0.0
8636697-1,8636697-2,0.18767945,1.0
7803128-1,7803128-3,0.7196274,1.0
4502311-1,7469741-2,0.4771951,0.0
5449370-1,8610467-1,0.52919006,0.0
6567768-1,8136328-1,0.6713342,0.0
7419425-1,7419425-2,0.6228345,1.0
3868147-1,4921218-1,0.041403584,0.0
3741472-1,8634112-1,0.4804646,0.0
5353908-1,8178127-1,0.15690695,0.0
7176025-2,7778374-1,0.6504132,0.0
4647800-2,7991702-1,0.20085539,0.0
4463788-1,5750497-1,0.11823277,0.0
6609309-1,6837833-2,0.8227663,0.0
4174714-1,4849313-1,0.10686366,0.0
539248-1,6310527-1,0.4562114,0.0
4745280-1,6558365-4,0.5726281,0.0
4746979-1,7870256-1,0.12562132,0.0
5235655-1,5235655-2,0.8594885,1.0
2627816-2,6824247-1,0.6068686,0.0
3580347-1,3580347-5,0.5047625,1.0
8643187-2,8643187-3,0.17037235,1.0
3141707-6,3141707-8,0.7331416,1.0
3407125-3,3407125-5,0.9666672,1.0
7520796-1,7520796-2,0.6503161,1.0
4962498-1,4962498-2,0.66323173,1.0
4922238-1,6475703-1,0.3849223,0.0
6263613-1,6536236-1,0.14779413,0.0
7513476-4,7513476-8,0.95095104,1.0
2817825-6,6159017-1,0.15762131,0.0
7367386-6,7367386-9,0.3733724,1.0
5943729-11,5943729-3,0.42826563,1.0
6126242-2,6126242-3,0.41905096,1.0
3040089-1,5643278-1,0.71909964,0.0
4579175-1,4579175-3,0.80639213,1.0
4299287-1,4439860-1,0.39460665,0.0
6457022-1,6645598-1,0.16177127,0.0
5819108-1,5819108-8,0.3171474,1.0
6309162-1,6309162-2,0.92798847,1.0
6306110-1,7829719-1,0.18965574,0.0
2780987-1,7943416-1,0.13784857,0.0
8077172-17,8077172-6,0.70241576,1.0
8235956-1,8235956-3,0.89207953,1.0
2766887-1,4114584-1,0.81862825,1.0
5728004-1,8542118-1,0.16525455,0.0
2631492-1,6766475-1,0.35815325,0.0
4308088-2,4308088-5,0.5196275,1.0
2806401-1,7784763-1,0.41465998,0.0
5745586-2,5745586-3,0.82923895,1.0
8137075-1,8614176-1,0.8225437,0.0
3555570-3,3555570-6,0.17528331,0.0
5083266-2,5083266-3,0.28687426,1.0
3764961-1,6625149-2,0.33368194,0.0
3975209-1,3975209-2,0.61414385,1.0
2991462-1,4319336-1,0.3299418,0.0
4899661-1,8058670-1,0.29249215,0.0
3750320-1,5493460-1,0.07210809,0.0
3425229-1,5680081-1,0.10936503,0.0
6552571-2,6552571-3,0.9194548,1.0
6406196-1,8149899-1,0.27219662,0.0
4989581-1,7050183-1,0.0928909,0.0
3957970-1,7526470-1,0.17908573,0.0
7947317-4,7947317-5,0.38048083,1.0
5299170-1,5303287-3,0.4771962,0.0
3891065-1,5325004-1,0.55882674,0.0
7220005-3,7220005-7,0.12913321,1.0
3849750-1,4940323-1,0.31132317,0.0
5155483-1,6883883-1,0.18474211,0.0
4377453-1,4377453-2,0.84912866,1.0
6350341-1,6350341-2,0.7088589,1.0
6332814-2,6332814-5,0.6514982,1.0
4515855-1,4922241-1,0.6178501,0.0
7867306-2,7867306-3,0.89870745,1.0
3927091-1,5380210-1,0.25266376,0.0
2008203-1,7302682-1,0.59496874,0.0
5446369-10,5446369-6,0.8037971,1.0
7569537-3,7569537-4,0.83536947,1.0
5755626-1,8485528-1,0.4323522,0.0
4678475-4,4678475-9,0.7713449,1.0
3479785-1,6192278-1,0.32609674,0.0
6908544-3,6908544-4,0.71149695,1.0
2687639-4,3420572-1,0.5765695,0.0
3968625-1,4839247-1,0.4192664,0.0
6526982-2,6526982-3,0.5483859,1.0
3363060-1,8363435-1,0.12791729,0.0
3580363-1,4959579-1,0.088611215,0.0
4702300-1,4702300-5,0.7449813,1.0
6652254-1,6652254-2,0.20788285,1.0
5909360-1,5909360-4,0.32111323,1.0
2847818-2,2847818-3,0.8533794,1.0
5532934-1,6788114-1,0.24631952,0.0
7419387-3,8202394-2,0.76062894,0.0
4770648-2,7784812-1,0.2611566,0.0
3646164-1,7072995-1,0.10349505,0.0
3263702-3,3263702-4,0.8297757,1.0
3992736-1,3992736-2,0.5667255,1.0
6295374-1,6295374-2,0.17867172,1.0
5390126-1,5390126-4,0.6734997,1.0
4717387-1,4717387-5,0.57667565,1.0
6145046-1,6145046-4,0.70084846,1.0
3345597-1,4173537-1,0.20401333,0.0
8504030-1,8504030-10,0.6772265,0.0
3555570-3,3555570-6,0.17528331,0.0
8288200-1,8288200-2,0.5055317,1.0
3905827-2,6383853-1,0.24069324,0.0
6681482-2,7272571-1,0.56423855,0.0
6913282-1,7006420-2,0.27869043,0.0
3118378-1,6541452-1,0.22064954,0.0
6247437-1,6247437-3,0.8571055,1.0
5120383-2,8283584-1,0.6056297,0.0
6076956-3,6593952-1,0.6689323,1.0
2020471-1,7047887-2,0.15270229,0.0
5712115-4,5712115-7,0.7405308,1.0
6723649-1,7132961-1,0.19583787,0.0
5372497-1,5372497-2,0.3425506,1.0
4881626-1,4881626-3,0.86458224,1.0
7545039-1,7545039-3,0.77588713,1.0
6421557-1,6421557-2,0.58645046,1.0
2903945-1,2903945-4,0.42140684,1.0
4222113-1,7383179-1,0.30057427,0.0
4881631-1,6089065-1,0.2673028,0.0
4969854-1,7192559-1,0.15848033,0.0
8628095-1,8628095-2,0.59130055,1.0
3757813-1,4684858-1,0.53357935,0.0
4304124-2,8441517-1,0.48978752,0.0
3667308-1,8647373-1,0.38876954,0.0
4235171-1,5887698-1,0.32476678,0.0
5769203-1,5769203-2,0.8257512,1.0
3056365-1,4691481-2,0.7343532,0.0
2817864-1,2817864-2,0.69751817,1.0
4313001-1,4313001-2,0.12355429,1.0
7519859-1,7903283-2,0.2152406,0.0
4427155-1,4427155-5,0.6525025,0.0
6475699-1,8614090-1,0.48932898,0.0
3574999-3,3574999-4,0.61529243,1.0
8603415-1,8637793-3,0.45358357,0.0
5414514-1,6290314-1,0.33346236,0.0
3961027-1,7078106-1,0.27823824,0.0
5640890-3,5640890-4,0.7291842,1.0
4081296-2,8694163-1,0.7426252,0.0
7908211-1,8259521-1,0.27663556,0.0
3065218-1,7529124-1,0.23437817,0.0
4053581-1,4053581-2,0.5765626,1.0
4132206-1,4132206-2,0.8460224,1.0
4611067-2,4611067-5,0.87408996,1.0
7416177-2,7416177-5,0.45444354,1.0
4070080-1,7925216-1,0.0951367,0.0
7577353-1,8501704-1,0.5263893,0.0
4819152-2,4819152-3,0.8659258,1.0
8324066-1,8324066-2,0.77646214,1.0
2737786-1,2737786-3,0.7062661,1.0
8145494-1,8145494-3,0.4845464,1.0
6001686-1,7369691-3,0.47060254,0.0
3665217-1,4939210-1,0.4264413,0.0
5731037-1,8593993-1,0.29819313,0.0
8159316-1,8159316-2,0.14133267,1.0
4405976-1,5290639-1,0.15620829,0.0
4426279-1,6029963-1,0.25199872,0.0
518976-2,8634485-1,0.56593925,0.0
5004557-1,7118981-1,0.24557179,0.0
6951159-1,8094050-2,0.31474122,0.0
3161678-1,4971302-1,0.26712477,0.0
7575294-2,7575294-4,0.800279,1.0
3686641-1,3686641-2,0.6372375,1.0
3390432-1,3390432-2,0.36808738,1.0
7463145-2,7463145-4,0.75827205,1.0
8391342-1,8391342-19,0.7867159,1.0
5510768-1,5510768-3,0.8516662,1.0
8705528-1,8705528-12,0.7709401,1.0
6751432-1,7140157-1,0.32664785,0.0
8501706-1,8501706-2,0.49867654,1.0
4685075-1,4685075-2,0.3214133,1.0
3697227-1,8263135-1,0.6371064,0.0
7784239-4,7784239-7,0.9609281,1.0
3361817-1,7472156-1,0.099331975,0.0
4976167-1,8666948-1,0.15773092,0.0
3818699-1,3818699-3,0.9461081,1.0
4627117-1,4670630-1,0.3840597,0.0
5103477-1,5850760-3,0.4377279,0.0
3276793-1,5778559-1,0.39246517,0.0
6687795-1,6687795-2,0.5250321,1.0
4458945-1,5405889-1,0.10180135,0.0
2845357-1,2845357-3,0.5076748,1.0
8500461-3,8500461-6,0.7410031,1.0
3168038-1,5960513-1,0.37434545,0.0
8482808-1,8482808-4,0.8675471,1.0
7607618-1,7607618-2,0.79992855,1.0
6286717-1,6766145-1,0.36199775,0.0
7311546-12,7311546-7,0.84134096,1.0
5470651-1,6896742-1,0.63971025,0.0
4693019-1,6967053-1,0.76879823,0.0
4881626-1,4881626-3,0.86458224,1.0
6503651-3,6503651-4,0.7808552,1.0
3275504-1,3502413-2,0.3313835,0.0
7868213-1,7868213-2,0.78482133,1.0
6612332-1,6635142-1,0.27478293,0.0
3469180-1,8439022-1,0.21118869,0.0
7439666-1,7439666-3,0.789115,1.0
4034504-1,4034504-3,0.22438368,1.0
4618745-1,8467833-1,0.43397796,0.0
7813077-1,7813077-4,0.62674105,1.0
4062205-1,4664843-1,0.5139795,0.0
8255476-1,8255476-3,0.3348064,1.0
4563056-1,4563056-3,0.6418217,1.0
8391342-30,8391342-6,0.32517952,0.0
6503651-3,6503651-4,0.7808552,1.0
3263472-2,3263472-3,0.8263155,1.0
5569297-1,5569297-2,0.3366244,1.0
2804097-1,6450595-1,0.073867284,0.0
5221483-1,5221483-2,0.5224725,1.0
6637366-2,6637366-4,0.6108787,1.0
5508403-1,5508403-2,0.5154796,1.0
5423709-1,5423709-2,0.37046587,1.0
7243093-1,8122563-1,0.050541773,0.0
4424714-1,7457637-1,0.46984848,0.0
5585603-1,8647052-1,0.097721525,0.0
8570721-3,8570721-4,0.78348196,1.0
4549539-1,7535648-1,0.22403379,0.0
4772557-4,7443985-1,0.5909011,0.0
3535731-1,7177021-4,0.27454314,0.0
3756167-1,8493291-1,0.6327204,0.0
5494519-2,5494519-3,0.44097102,1.0
6160050-1,6160050-2,0.36008802,1.0
5633263-1,7727078-1,0.27857602,0.0
6174175-3,6542494-1,0.3048575,0.0
8388796-7,8388796-9,0.5662197,1.0
6434444-6,6434444-9,0.80395675,1.0
8383554-3,8383554-4,0.4306322,1.0
6552571-2,6552571-3,0.9194548,1.0
7568139-1,7568139-2,0.4329198,1.0
5989519-1,7251434-4,0.44104862,0.0
4736906-1,4736906-2,0.7347761,1.0
5903413-1,7364057-2,0.3717678,0.0
3897091-1,3897091-4,0.7703336,1.0
7431987-2,7431987-3,0.68371487,1.0
5584713-1,5584713-2,0.62093025,1.0
7350952-1,7350952-2,0.5673153,1.0
3112085-2,7747065-1,0.5534667,0.0
3521952-1,6510567-1,0.28726414,0.0
5650010-1,5650010-2,0.4612991,1.0
3858807-1,5557159-1,0.13627341,0.0
6683483-1,7138425-1,0.118458815,0.0
3644791-1,7674319-1,0.70640033,0.0
3265699-1,3265699-3,0.917187,1.0
2767148-1,4129584-1,0.15248808,0.0
8213934-2,8213934-3,0.9409449,1.0
4702300-1,4702300-5,0.7449813,1.0
4155967-1,6221687-1,0.8390633,0.0
3544061-1,5797261-1,0.74819744,0.0
3081564-1,8720848-1,0.6042352,0.0
3830245-1,6402165-4,0.4833982,0.0
2629908-1,2629908-4,0.38232407,1.0
8504030-2,8504030-5,0.8907899,1.0
8077172-19,8077172-3,0.67502075,1.0
7034667-1,8322726-1,0.12698825,0.0
3421920-1,7445108-1,0.13457058,0.0
2628085-1,2628085-7,0.6839386,1.0
6446032-1,6446032-2,0.298168,1.0
6966758-1,8056578-1,0.1943174,0.0
3545244-1,4604645-1,0.8538659,0.0
8213934-3,8213934-4,0.84147584,1.0
4296853-1,4633423-1,0.12999879,0.0
4037951-1,6311213-1,0.15255083,0.0
3890227-1,4431013-1,0.1327849,0.0
3590935-1,6901366-1,0.23763412,0.0
4010057-1,6218349-5,0.3651026,0.0
4772557-1,4772557-4,0.55248606,1.0
4318868-1,5051311-2,0.23813604,0.0
4760030-1,5404631-1,0.08770559,0.0
2222674-1,5354394-1,0.16250433,0.0
4818801-1,6754877-1,0.35240653,0.0
4845624-3,4845624-4,0.7318244,1.0
6852677-3,6852677-4,0.67638254,1.0
3040089-2,3040089-4,0.7283171,1.0
3220070-1,8396245-1,0.10313081,0.0
8046688-1,8186916-1,0.27643344,0.0
7649461-1,7649461-5,0.8466265,1.0
5571603-1,5571603-2,0.7419707,1.0
2838224-1,6057187-1,0.3036451,0.0
8198063-1,8198063-2,0.25702122,1.0
5933028-3,5933028-4,0.81272316,1.0
4617071-2,8236776-1,0.9052334,1.0
7559672-1,7559672-2,0.091874525,1.0
4958707-2,5902111-1,0.24927373,0.0
6344064-1,6368206-1,0.24452081,0.0
3667440-2,3667440-5,0.8139834,1.0
3119975-2,3119975-3,0.7088595,1.0
3361768-1,8712097-1,0.31183714,0.0
6332995-1,6332995-2,0.9553873,1.0
5988756-4,5988756-6,0.40880385,1.0
7402542-1,7402542-2,0.41391125,1.0
4777948-4,4777948-6,0.65549856,1.0
4564623-1,4936023-1,0.25613266,0.0
3891165-1,4273471-1,0.4895249,0.0
4722931-1,6410385-1,0.108065695,0.0
7408727-1,7408727-2,0.7553651,1.0
5574251-1,8374996-1,0.6724332,1.0
7220740-3,7220740-5,0.6335691,1.0
5488581-1,5703592-1,0.25297022,0.0
7990443-5,7990443-6,0.9259679,1.0
2944122-1,7160902-2,0.4582985,0.0
8353083-2,8353083-5,0.5189738,1.0
5571603-1,5571603-2,0.7419707,1.0
2983082-1,2983082-2,0.4922633,1.0
4310487-3,8396422-1,0.42384616,0.0
6906647-2,7416831-1,0.66456574,0.0
1903360-1,3223957-2,0.34125844,0.0
5670264-1,7394192-1,0.30349374,0.0
3249926-1,8318612-1,0.12317982,0.0
2993985-1,5733975-3,0.3762607,0.0
7351623-1,7522391-2,0.27014163,0.0
5898109-1,7360218-1,0.6226276,0.0
3343397-2,7395399-1,0.32660183,0.0
3974450-1,3974450-2,0.83479196,1.0
8269075-1,8714042-1,0.7020528,0.0
6958894-3,8078049-1,0.2052881,0.0
5588642-1,8437005-1,0.3285387,0.0
3483331-1,6398741-1,0.51921946,0.0
7808748-1,7808748-2,0.06714878,0.0
3890227-1,4431013-1,0.1327849,0.0
4722931-1,6410385-1,0.108065695,0.0
6420325-1,8500458-1,0.08859486,0.0
5306977-1,5306977-2,0.5411498,1.0
4836125-1,7766229-2,0.37455732,0.0
3438302-1,7872596-1,0.29234204,0.0
8182237-3,8604466-1,0.9680236,0.0
6749096-1,8547566-1,0.15836236,0.0
7918022-1,7918022-3,0.67060286,1.0
3556846-2,3556846-4,0.88031465,1.0
2938567-1,7249778-1,0.353132,0.0
2635979-1,2635979-2,0.96307737,1.0
3673581-1,6878343-1,0.5112232,0.0
5902080-2,5902080-5,0.7648289,1.0
5788510-1,6504752-1,0.3362957,0.0
4998961-1,7414370-1,0.49309066,0.0
3640228-1,7241960-3,0.15763839,0.0
4421974-10,4421974-6,0.74145496,1.0
3017876-1,3017876-3,0.58807284,1.0
3724794-3,3724794-5,0.80276966,1.0
4173238-2,4173238-3,0.58056396,1.0
6585663-1,8645586-1,0.4460191,0.0
3897898-1,3897898-2,0.6687873,1.0
3177918-4,3177918-5,0.5493754,1.0
7113199-1,7113199-6,0.68600357,1.0
6275824-1,6275824-3,0.5363491,1.0
7012558-4,7012558-6,0.65085524,1.0
2584640-2,2584640-3,0.5624266,1.0
5557522-1,5557522-2,0.9117578,1.0
7649103-8,7649103-9,0.6575138,1.0
8391342-2,8391342-26,0.9372215,1.0
6691767-1,6691767-4,0.658244,1.0
6491953-1,6491953-2,0.49451634,1.0
4699197-2,4699197-3,0.2524997,1.0
6921188-1,8132588-1,0.1668453,0.0
4217299-1,7182974-1,0.25761247,0.0
3045723-1,5930210-1,0.5077779,0.0
8088499-6,8088499-8,0.35681513,1.0
6875521-1,8419424-1,0.15241934,0.0
2631534-3,5586839-1,0.5647892,0.0
6286717-1,6766145-1,0.36199775,0.0
7183776-1,8462473-1,0.17228766,0.0
6702893-1,6702893-2,0.86249393,1.0
7433066-1,7510479-1,0.8088299,1.0
5137971-2,5137971-7,0.8559022,1.0
6714089-1,7417090-1,0.16534296,0.0
4461742-1,6625230-2,0.41763276,0.0
2640403-5,2640403-7,0.7048232,1.0
5971652-1,8643395-1,0.15222707,0.0
3746149-1,6693792-1,0.24725229,0.0
6548214-1,8403247-1,0.17499644,0.0
7140078-1,7140078-5,0.6040482,1.0
4361956-1,7840235-1,0.73030126,0.0
4789584-2,4789584-5,0.6319483,1.0
7427433-1,7427433-3,0.8114133,1.0
3421920-1,7445108-1,0.13457058,0.0
2387154-1,2804001-1,0.8798433,0.0
6482199-1,8043810-1,0.08163826,0.0
6681254-2,6681254-4,0.5174677,1.0
7452247-1,7452247-2,0.5565704,1.0
8071213-2,8071213-3,0.6973348,1.0
3183319-2,3183319-3,0.13701497,1.0
8669740-3,8669740-4,0.3124622,1.0
6766258-3,6766258-5,0.598722,1.0
5507783-3,5507783-4,0.8369288,1.0
8084766-3,8084766-6,0.8816631,1.0
5318534-4,5318534-5,0.5777545,1.0
3276871-1,4534062-1,0.36726314,0.0
8428280-7,8428280-9,0.7148834,1.0
3872158-1,7225848-1,0.3493806,0.0
5017632-3,7996811-3,0.46022046,0.0
5654074-3,5654074-4,0.6838923,1.0
5461574-1,8062610-1,0.69314617,0.0
3166684-1,5813425-1,0.12715293,0.0
7772757-1,7784239-11,0.22452833,0.0
7844909-2,7844909-3,0.54216456,1.0
6311398-1,6713073-2,0.152862,0.0
4582463-1,4582463-2,0.9335613,1.0
4153192-1,4153192-7,0.39499745,1.0
3780548-1,4327960-1,0.31521648,0.0
7716112-1,7716112-2,0.5836212,1.0
7306636-1,7813066-1,0.17269352,0.0
5968651-2,5968651-3,0.735187,1.0
6133394-1,6133394-2,0.4505,1.0
7314844-2,7314844-4,0.6019151,1.0
4077640-1,4998414-1,0.25462702,0.0
5024452-1,8287711-4,0.18901178,0.0
2932991-3,2932991-4,0.8914023,1.0
2804096-2,2804096-4,0.1888852,1.0
4100275-1,4100275-3,0.71716946,1.0
3114563-2,3114563-3,0.46215254,1.0
6029187-1,6416119-1,0.2027432,0.0
8129005-1,8129005-3,0.15272607,1.0
8628095-1,8628095-2,0.59130055,1.0
6452480-1,6457075-1,0.25466856,0.0
4765255-2,4765255-6,0.4797133,1.0
2846673-4,2846673-5,0.7090397,1.0
2974668-1,5147401-1,0.41004255,0.0
2557018-1,4421125-4,0.20143627,0.0
4308088-2,4308088-5,0.5196275,1.0
5040846-2,5040846-4,0.18411075,1.0
2769342-1,4857317-1,0.48021725,0.0
8643187-1,8643187-4,0.8167556,1.0
5653710-1,5653710-2,0.40465146,1.0
7475778-1,8326098-2,0.16325992,0.0
5815714-2,5815714-5,0.5444149,1.0
7535648-2,7535648-3,0.51851267,1.0
6332995-1,6332995-2,0.9553873,1.0
4899661-1,8058670-1,0.29249215,0.0
3562056-1,5544451-1,0.2553508,0.0
3429833-1,8141523-1,0.2260012,0.0
3671515-3,3671515-4,0.9380832,1.0
4461742-1,6625230-2,0.41763276,0.0
4558191-2,4558191-3,0.708665,1.0
6293128-1,6293128-2,0.35597298,1.0
5434259-1,7511512-1,0.16086654,0.0
3143102-1,4567365-1,0.31621534,0.0
4899662-1,4899662-2,0.42326665,1.0
8529310-1,8529310-2,0.7687079,1.0
6135216-2,6135216-5,0.64516395,1.0
3862222-1,4407325-1,0.49830967,0.0
5533695-2,8081989-2,0.35719693,0.0
8286409-1,8286409-2,0.49518028,1.0
2817495-2,2817495-3,0.5578895,1.0
2908654-2,2908654-3,0.680242,1.0
7476797-1,7476797-3,0.11915552,0.0
5363107-1,5816241-1,0.08325368,0.0
3603666-1,7716385-1,0.20801607,0.0
3519130-1,6693030-1,0.6565188,0.0
6428001-1,7383197-1,0.41521558,0.0
1395322-4,1395322-5,0.8895039,1.0
5367224-1,5485266-1,0.3179613,0.0
8395467-1,8395467-3,0.40391162,1.0
4738133-1,4738133-2,0.8261341,1.0
3970286-1,7329742-2,0.16479053,0.0
8077048-1,8077048-2,0.47963503,1.0
7381844-1,7381844-2,0.70975506,1.0
4657314-1,6350128-1,0.14045191,0.0
5161513-1,5161513-3,0.44510585,1.0
6421483-1,7954243-1,0.09002475,0.0
4991182-1,7229360-1,0.5293362,0.0
6323394-1,6323394-2,0.8460727,1.0
4584441-1,5593691-1,0.4374976,0.0
4918480-6,4918480-8,0.65097755,1.0
7011274-1,7011274-4,0.4900744,1.0
2933728-1,4541672-6,0.40802267,0.0
5561421-1,8043518-1,0.8566457,0.0
7758736-7,7758736-8,0.8832089,1.0
8046688-1,8186916-1,0.27643344,0.0
4647800-2,7991702-1,0.20085539,0.0
4241042-1,6146672-1,0.16021003,0.0
8570721-1,8570721-3,0.66430306,1.0
2955342-2,2955342-3,0.7798266,1.0
3354801-1,8471370-1,0.5016548,0.0
3404939-2,4018701-2,0.43489298,0.0
6524313-2,6712912-1,0.24611384,0.0
5765119-4,5765119-6,0.91558117,1.0
3686641-1,6717324-1,0.5224162,0.0
8522886-1,8522886-2,0.48801214,1.0
4159605-1,7824977-1,0.4237119,1.0
3549382-1,3756160-1,0.23830546,0.0
5538244-1,8078440-1,0.28449717,0.0
6166013-1,6166013-2,0.40787393,1.0
2783130-1,6256076-1,0.6138345,0.0
3848621-1,6360888-1,0.18457063,0.0
7962158-1,7962158-4,0.7098422,1.0
3853903-1,3853903-3,0.8387631,1.0
6429545-1,8024449-1,0.3361736,0.0
4337180-2,6320563-1,0.36564487,0.0
7485476-2,7485476-4,0.8241967,1.0
6014571-1,6014571-2,0.6164927,1.0
4441244-2,4441244-3,0.7738895,1.0
5684811-1,5684811-2,0.89444053,1.0
3425251-1,6178120-1,0.47872332,0.0
5532777-1,8432426-1,0.39396468,0.0
4578058-2,8572329-2,0.13972136,0.0
4919970-1,6991144-1,0.35230646,0.0
6036831-1,7325579-2,0.24856079,0.0
6099008-1,7382672-1,0.5071405,0.0
3590704-2,3590704-4,0.9050434,1.0
2740245-1,6779149-1,0.28313905,0.0
5571603-4,5571603-5,0.8613962,1.0
3373999-1,3412107-1,0.19512574,0.0
7756575-2,8645975-3,0.21683471,0.0
4716737-1,4716737-2,0.84434205,1.0
8531158-3,8531158-8,0.83992994,1.0
8526613-2,8526613-3,0.8881675,1.0
7440256-1,7440256-2,0.8645859,1.0
4377042-2,4377042-3,0.8439903,1.0
4037568-1,4037568-2,0.7651668,1.0
7158139-2,7158139-3,0.6627232,1.0
2813646-1,2813646-3,0.22873875,1.0
2562358-2,2562358-4,0.7642124,1.0
5603331-1,8674093-2,0.13984722,0.0
4450162-5,5837298-1,0.26515228,0.0
3429833-1,8141523-1,0.2260012,0.0
2876699-1,4391184-1,0.47059107,0.0
7082370-1,7757713-6,0.40105215,0.0
8138144-1,8212369-1,0.16885266,0.0
3407646-1,7567306-1,0.13816175,0.0
4405969-1,4405969-3,0.6252999,1.0
5367597-1,5367597-2,0.3356623,1.0
5627466-1,6362872-1,0.08975607,0.0
7871006-2,7871006-3,0.83139354,1.0
7055463-3,7055463-5,0.72085947,1.0
8391342-20,8391342-31,0.90187424,1.0
3978052-1,3978052-2,0.8291496,1.0
7244171-1,8392858-1,0.15248537,0.0
4955475-2,4955475-4,0.3071412,1.0
6797010-1,7586549-1,0.21176912,0.0
6020266-2,6020266-7,0.09391255,1.0
2789959-1,5370478-1,0.25601226,0.0
6650185-1,7760432-1,0.12999453,0.0
5304564-1,7874336-1,0.13836966,0.0
2876705-3,5330075-1,0.8833445,0.0
8471443-1,8471443-2,0.8985182,1.0
5416792-1,8607350-1,0.18769376,0.0
6713097-1,6713097-5,0.81703794,1.0
3190012-1,6485866-1,0.056337282,0.0
6754653-1,6754653-2,0.59974897,1.0
4597458-1,7969327-2,0.7678429,0.0
6257534-3,6257534-4,0.79555774,1.0
4499620-1,7936921-1,0.56481737,0.0
3311143-1,3311143-2,0.8956878,1.0
8395467-1,8395467-5,0.47794953,1.0
7336829-1,7336829-2,0.76498926,1.0
4699197-1,4699197-3,0.8471043,1.0
6636068-1,7568159-1,0.48690596,0.0
7490089-1,7490089-2,0.98013645,1.0
4008515-1,6504755-1,0.51628315,0.0
4346121-2,4346121-8,0.72538406,1.0
4959818-1,4959818-3,0.68767095,1.0
5905315-1,5905315-2,0.80914605,1.0
4493942-2,6825486-1,0.47403,0.0
6101603-1,6101603-4,0.35005522,1.0
7784239-3,7784239-8,0.8576219,1.0
3180833-1,3180833-4,0.5979488,1.0
4417519-1,5368924-3,0.46814534,0.0
5591132-3,6877974-3,0.57228446,0.0
4527814-1,4527814-2,0.59894127,1.0
4301858-1,8520584-1,0.26704994,0.0
8013533-2,8158664-1,0.2768739,0.0
4689080-1,6929121-5,0.26729783,0.0
3458969-1,3458969-4,0.44016877,1.0
4540530-1,8044442-1,0.6704641,0.0
7219985-1,7606916-2,0.5283869,0.0
3590704-1,3590704-2,0.42387545,1.0
4804400-2,4804400-3,0.7647395,1.0
7454634-4,7454634-5,0.69990265,1.0
4820191-2,7898480-1,0.73425174,0.0
4037410-1,7852333-1,0.44949317,0.0
5649433-1,5649433-2,0.39973122,1.0
2855477-1,5953511-1,0.41652796,0.0
4617089-1,4617089-2,0.76446193,1.0
3894443-2,4832896-1,0.26780075,0.0
5538099-1,7789270-1,0.38711032,0.0
5510981-1,7851003-1,0.82728165,0.0
3793311-1,6243525-1,0.24278809,0.0
3505333-1,7205376-1,0.13926929,0.0
3414006-1,5795860-2,0.27150136,0.0
3026341-1,3026341-3,0.68928194,1.0
3905827-2,6383853-1,0.24069324,0.0
6712784-2,6712784-4,0.63024664,1.0
4226926-1,4230753-1,0.47070792,0.0
3119975-2,3119975-4,0.71597797,1.0
7990443-1,7990443-5,0.90047777,1.0
3627713-1,8360748-1,0.16912647,0.0
4925988-1,4925988-2,0.4669489,1.0
4071151-2,4071151-3,0.5359415,1.0
4558191-2,4558191-3,0.708665,1.0
3868099-1,6771323-2,0.20457932,0.0
2821391-1,2821391-3,0.49561748,1.0
6332814-1,6332814-4,0.70376617,1.0
3518178-1,7437810-1,0.21520334,0.0
4560124-1,4560124-2,0.4294583,1.0
6311300-1,7800327-1,0.7065796,1.0
6984193-4,6984193-5,0.7308401,1.0
6053882-2,6053882-4,0.87052333,1.0
4691467-1,7523289-1,0.26716974,0.0
8474637-1,8474637-4,0.43490505,1.0
2712707-1,2712707-2,0.7710086,1.0
6482787-2,6482787-4,0.69796765,1.0
4683507-1,6566482-1,0.69396,0.0
2702050-1,6128997-3,0.1655537,0.0
6452484-1,6593925-1,0.50979435,0.0
2880967-1,7739235-1,0.14000505,0.0
4676252-2,4676252-3,0.96573246,1.0
4421672-1,5040563-1,0.3864153,0.0
5549419-1,8256020-1,0.5397314,0.0
3830139-1,3846227-1,0.68165284,0.0
2902014-2,7286408-1,0.75045943,0.0
3220113-1,3339075-3,0.39494306,0.0
8515780-1,8515780-2,0.78024054,1.0
3354861-1,8358769-1,0.28075796,0.0
4722564-1,6194572-1,0.29208127,0.0
3132912-1,5340937-1,0.30475864,0.0
5574524-1,7802812-1,0.111600526,0.0
5686962-3,5686962-5,0.7451653,1.0
5745586-5,5745586-6,0.7209027,1.0
2944122-1,7160902-2,0.4582985,0.0
4998851-2,4998851-4,0.796234,1.0
4037678-1,4847499-3,0.5358419,0.0
2916111-1,5074815-2,0.61059403,0.0
4375774-1,4845413-2,0.104127064,0.0
3754402-1,3754402-3,0.7448512,1.0
3026341-1,3026341-3,0.68928194,1.0
6842141-1,8471448-1,0.25220406,0.0
3639158-13,3639158-6,0.8105496,1.0
6713097-4,6713097-7,0.43375847,1.0
8522136-1,8522136-2,0.20094962,1.0
6713097-2,7004259-1,0.50945324,0.0
3364685-1,6156069-1,0.50632,0.0
6370147-1,6370147-2,0.8374521,1.0
4893879-1,8627985-1,0.19104426,0.0
8563620-1,8563620-10,0.7374585,1.0
7604707-2,8567533-1,0.20293212,0.0
4748919-1,6831809-1,0.46553603,0.0
2780987-1,7943416-1,0.13784857,0.0
3140672-1,5729248-1,0.47748506,0.0
5917864-1,5917864-2,0.73037106,1.0
8088499-2,8088499-6,0.47419024,1.0
4691481-1,8247681-1,0.17285994,0.0
4275024-1,5040584-1,0.11772785,0.0
3459706-1,8362994-1,0.41544685,0.0
8445133-2,8687796-1,0.37277728,0.0
3883382-1,6779957-1,0.11875827,0.0
5442073-1,6438837-1,0.114207044,0.0
4121935-1,4121935-2,0.73626596,1.0
4616376-2,4877775-1,0.36940467,0.0
4807174-1,4807174-2,0.68301344,1.0
8391342-15,8391342-20,0.8640529,1.0
4389472-1,8255285-1,0.267202,0.0
2796022-1,2796022-3,0.80916965,1.0
5640890-3,5640890-4,0.7291842,1.0
7220740-1,7220740-2,0.27984947,1.0
2726128-8,6340240-1,0.65884626,0.0
5043195-3,8435640-2,0.29040396,0.0
5698201-1,5698201-2,0.81931007,1.0
5921541-3,5921541-5,0.7646204,1.0
3119975-2,3119975-4,0.71597797,1.0
5581415-1,5581415-4,0.78020036,1.0
5315218-1,5315218-4,0.90333015,1.0
6945338-2,6945338-3,0.70075995,1.0
8202535-1,8202535-3,0.9056393,1.0
3915190-2,5383748-1,0.15317938,0.0
5320044-1,5320044-2,0.22350138,1.0
4931820-1,4931820-3,0.43799305,1.0
7063221-4,7063221-7,0.7170127,1.0
4182008-2,4182008-4,0.7236982,1.0
3484318-1,3484318-2,0.63317895,1.0
3219887-2,7417128-1,0.29740795,0.0
4899662-1,4899662-2,0.42326665,1.0
3699952-1,8391293-2,0.41507846,0.0
8230156-1,8230156-2,0.89029515,1.0
2921143-1,2921143-3,0.7836262,1.0
4331468-2,6516004-1,0.31914172,0.0
4483619-1,4483619-3,0.31321496,1.0
3265699-1,3265699-3,0.917187,1.0
8473938-1,8473938-3,0.84819704,1.0
5971512-2,5971512-3,0.8457985,1.0
8083420-2,8083420-7,0.30330655,1.0
3313754-1,6511183-2,0.12264997,0.0
7992724-2,7992724-3,0.573194,1.0
5674454-1,5674454-2,0.48633224,1.0
4396650-3,6382915-1,0.43891016,0.0
8020051-1,8610430-1,0.15181185,0.0
5442073-1,6438837-1,0.114207044,0.0
4646916-1,5493224-1,0.3265708,0.0
4060408-1,4060408-3,0.6898859,1.0
3745295-1,4927538-1,0.21504743,0.0
2873454-1,6240271-1,0.76717305,0.0
3391814-1,3391814-2,0.32419473,1.0
7598844-1,7598844-3,0.42366835,1.0
3665135-1,5478309-1,0.7168218,1.0
5498118-1,8046443-1,0.54023933,1.0
2831607-1,3747430-1,0.31440026,0.0
7799191-2,7799191-6,0.62167186,1.0
3275535-2,3275535-3,0.7515389,1.0
4685866-7,4685866-8,0.45701793,1.0
4153192-1,4153192-9,0.9655628,1.0
4094880-1,5525600-1,0.48115838,0.0
6173029-1,6173029-2,0.51529855,0.0
7008651-1,8405368-1,0.36589283,0.0
3724598-1,5463000-1,0.22167431,0.0
7073490-3,7073490-4,0.2893197,1.0
3600271-1,5848667-1,0.45715642,0.0
3168013-1,3168013-2,0.45975614,1.0
5324177-1,5324177-2,0.5754702,1.0
5446369-10,5446369-6,0.8037971,1.0
3146916-1,3857984-1,0.4800544,0.0
4212299-1,6951019-1,0.5897983,0.0
4208436-1,7495868-1,0.42769867,0.0
2931455-1,7472409-1,0.16105005,0.0
6905268-1,8203267-1,0.723268,0.0
3861473-1,3861473-3,0.40713456,1.0
5649850-1,5859235-1,0.6826796,0.0
3686605-2,3686605-4,0.836652,1.0
5587134-1,5587134-5,0.46134144,1.0
7708753-2,7708753-3,0.6141104,1.0
7658305-1,7658305-2,0.9567112,1.0
3683167-1,4678760-1,0.70126396,0.0
8646190-6,8646190-9,0.24651857,1.0
5624261-1,7925058-1,0.25150397,0.0
3899623-1,3899623-4,0.30673754,1.0
5965386-1,8515538-5,0.4023933,0.0
6142793-1,6142793-3,0.60363644,1.0
5865279-2,5865279-6,0.75341964,1.0
8077172-19,8077172-9,0.7231474,1.0
3986960-1,5728764-1,0.27535227,0.0
5931939-2,7315239-1,0.35859972,0.0
8071213-2,8071213-3,0.6973348,1.0
4323903-3,4323903-4,0.613092,1.0
4864885-1,8330615-1,0.12971464,0.0
4073031-1,8402331-1,0.14612655,0.0
5306977-1,5306977-2,0.5411498,1.0
7367386-4,7367386-8,0.31186292,1.0
5512414-1,5832401-1,0.3450639,0.0
4063434-2,4063434-6,0.121515244,0.0
7457301-1,8154941-1,0.18890029,0.0
8422025-1,8422025-5,0.75424486,1.0
8088499-1,8088499-6,0.66378933,1.0
4574179-1,4784625-1,0.27430782,0.0
5767008-2,5767008-3,0.9364024,1.0
3796393-1,3796393-2,0.5822061,1.0
8015628-1,8015628-2,0.9003389,1.0
6748463-1,6748463-3,0.8278741,1.0
3942558-2,6699351-1,0.4226827,0.0
5492460-1,6042488-10,0.30617747,0.0
7328963-2,7328963-3,0.78420424,1.0
5299218-1,5299218-3,0.95776874,1.0
3678532-3,7745610-1,0.23077835,0.0
5692993-1,6459065-1,0.48492792,0.0
8636697-1,8636697-2,0.18767945,1.0
3973282-1,4421946-1,0.3289348,0.0
3745102-1,3786388-1,0.19851317,0.0
8326013-1,8326013-3,0.67926574,1.0
5746637-1,5746637-2,0.12235861,1.0
3141707-1,3141707-4,0.75305766,1.0
8686295-2,8686295-3,0.7907836,1.0
4532076-2,4532076-3,0.35634443,1.0
5390126-1,5390126-4,0.6734997,1.0
5406614-1,7430657-1,0.1305325,0.0
7385614-1,7385614-2,0.7192728,1.0
3970068-1,3970068-2,0.898226,1.0
8628278-1,8628278-5,0.69263345,1.0
6485719-1,8183750-1,0.19166039,0.0
4686635-1,8573193-1,0.13186143,0.0
5487393-1,6378479-1,0.55343485,0.0
6120175-1,8507946-1,0.5267326,1.0
6732502-1,7724126-1,0.41460574,0.0
7670619-2,7670619-3,0.88655835,1.0
4830712-1,4830712-5,0.8791863,1.0
4059869-1,4623174-1,0.40365815,0.0
4695652-1,7034751-1,0.28993526,0.0
5062904-1,5974685-1,0.54663306,0.0
5442331-1,8241246-1,0.42758292,0.0
4089230-1,5114198-2,0.1902335,0.0
5784682-4,5784682-5,0.8111229,1.0
5465020-1,6446537-1,0.1831652,0.0
4389099-1,7292116-1,0.18931042,0.0
4377250-1,6591178-1,0.68844885,0.0
7459412-1,7459412-4,0.46523538,1.0
8047717-2,8047717-4,0.83262163,1.0
6900415-1,6900415-6,0.670609,1.0
7199827-1,7682061-1,0.31513286,0.0
4247717-1,6970299-1,0.16780628,0.0
2810823-1,2810823-2,0.33747905,1.0
5632852-1,8531930-1,0.22306815,0.0
7673048-1,7920567-1,0.16522475,0.0
5320044-1,5320044-2,0.22350138,1.0
3677624-1,3677624-2,0.46225408,1.0
5813443-1,5813443-2,0.77979034,1.0
8145651-1,8145651-2,0.31026378,1.0
4542180-1,8415802-1,0.53049856,0.0
6159302-2,6159302-4,0.69421244,1.0
4377453-1,4377453-2,0.84912866,1.0
8489597-2,8530793-3,0.5514775,0.0
8550050-1,8550050-2,0.9137842,1.0
4384870-1,7220053-1,0.12212589,0.0
4840810-1,4840810-2,0.8639169,1.0
3065218-1,7529124-1,0.23437817,0.0
4441241-1,7886462-2,0.2923121,0.0
6724307-1,7330014-1,0.09670028,0.0
3498632-3,3498632-4,0.562069,1.0
5124455-1,5124455-3,0.2687141,1.0
5894316-1,5894316-2,0.6469912,1.0
7237229-2,7237229-4,0.52415437,1.0
8531158-5,8531158-7,0.7358308,1.0
8391342-25,8391342-8,0.9562178,1.0
5137971-2,5137971-3,0.9556223,1.0
7434251-2,7434251-3,0.36018115,1.0
6208225-1,7448406-3,0.6532804,0.0
2845357-1,2845357-3,0.5076748,1.0
7798182-3,7798182-5,0.55778974,1.0
4432260-1,4524392-1,0.52973455,0.0
5065677-2,5065677-3,0.93087333,1.0
3026341-1,3026341-3,0.68928194,1.0
3883268-1,5392909-1,0.32152665,0.0
4717387-1,4717387-5,0.57667565,1.0
6989275-1,8240206-1,0.5856647,0.0
2640403-2,2640403-8,0.95005745,1.0
3089823-1,6154823-1,0.085619025,0.0
6781819-1,7695605-1,0.37523618,0.0
6232788-1,6232788-2,0.23239745,1.0
5632852-1,8531930-1,0.22306815,0.0
7093958-1,8607489-1,0.67380476,0.0
3549408-1,3549408-2,0.62808496,1.0
7708753-2,7708753-3,0.6141104,1.0
3961218-1,8411738-1,0.10953855,0.0
4327555-1,4327555-2,0.5171476,1.0
3425250-1,3425250-2,0.30870095,1.0
3479417-1,6775712-1,0.17776883,0.0
3574999-8,3574999-9,0.76345664,1.0
7559181-2,7559181-3,0.37207666,1.0
5192280-2,8111112-2,0.36262476,0.0
8565020-1,8565020-3,0.6290731,1.0
3727947-1,4204687-1,0.21228911,0.0
3223705-1,4421549-1,0.7320136,0.0
4862293-1,7026700-1,0.40049064,0.0
5306982-1,5351264-1,0.17536068,0.0
8300667-1,8300667-2,0.5802939,1.0
3786919-3,3786919-4,0.7238244,1.0
3173709-1,8377531-1,0.11548005,0.0
1262717-1,3010543-1,0.17600004,0.0
7829718-1,8255725-1,0.08382134,0.0
2607259-1,7690469-1,0.31577352,0.0
8669740-1,8669740-2,0.49438533,1.0
8168801-2,8168801-3,0.4631173,1.0
2800011-1,3159937-1,0.43037328,1.0
8056374-2,8056374-6,0.7042584,1.0
4195264-1,4195264-2,0.5685564,1.0
4119910-3,4938959-1,0.5997744,0.0
5464515-5,5464515-7,0.49825728,1.0
4756263-4,4756263-5,0.70061356,1.0
3758994-2,7493239-1,0.82949615,0.0
6275824-1,6275824-4,0.5932951,1.0
8583680-1,8583680-2,0.21630317,1.0
6708240-1,6708240-2,0.8621347,1.0
6159695-1,6159695-2,0.85032755,1.0
6225725-1,6856497-2,0.17157246,0.0
3038601-2,3038601-3,0.8228824,1.0
3354792-1,3354792-3,0.7503015,1.0
4789813-1,4789813-2,0.45929244,1.0
6933982-1,6933982-2,0.1199059,1.0
5137971-5,5137971-6,0.7488829,1.0
4493364-1,4493364-2,0.94818795,1.0
4221920-1,4221920-2,0.6323062,1.0
5931939-2,7315239-1,0.35859972,0.0
8436292-6,8436292-7,0.62023765,1.0
3089823-1,6154823-1,0.085619025,0.0
5728821-1,7164229-1,0.095309235,0.0
4301526-1,4340456-1,0.22723582,0.0
6722189-2,6722189-4,0.46275392,1.0
5400460-1,6159791-1,0.25654447,0.0
2887894-1,3356594-1,0.23208342,0.0
6603826-1,8476401-3,0.27974236,0.0
5237193-3,5237193-4,0.7803242,1.0
6504238-2,6504238-3,0.4973865,1.0
1805501-1,6842488-1,0.27017218,0.0
5754067-1,7713794-1,0.30738747,0.0
2821771-1,7152526-1,0.65747416,0.0
6007664-1,6203868-1,0.21796757,0.0
3981990-1,6350430-1,0.14228861,0.0
4006563-1,4936818-1,0.1850336,0.0
6667808-1,7769494-1,0.24772815,0.0
4863789-1,4863789-4,0.5025503,1.0
3570192-3,3570192-4,0.9225748,1.0
5836259-1,6698314-1,0.11299555,0.0
4013344-2,4013344-3,0.6725523,1.0
5216582-2,5216582-4,0.73798484,1.0
3212971-1,3212971-2,0.9472752,1.0
8388796-7,8388796-9,0.5662197,1.0
5128960-1,7530160-1,0.25921038,0.0
8179565-1,8179565-2,0.28025565,1.0
5467982-1,6440191-1,0.13138098,0.0
2957226-1,8203365-1,0.241067,0.0
5819108-1,5819108-8,0.3171474,1.0
4008251-1,5872262-3,0.7681481,0.0
4763460-1,8451071-1,0.57357675,0.0
3044576-1,5965108-1,0.19977243,0.0
6295374-3,8147705-1,0.17583711,0.0
5137971-2,5137971-9,0.83032453,1.0
526771-1,8104315-1,0.43064252,0.0
3295846-1,4546785-2,0.8098055,0.0
4347730-1,6320170-1,0.16950683,0.0
7506272-2,7506272-3,0.884361,1.0
3563701-1,5857148-5,0.13755356,0.0
8464303-1,8464303-2,0.44645146,1.0
6380751-1,7879370-1,0.5993462,0.0
5865279-10,5865279-6,0.62014735,1.0
8223722-1,8223722-3,0.66133964,1.0
8628278-1,8628278-5,0.69263345,1.0
4523650-1,7837857-1,0.6220759,0.0
7255995-2,7255995-3,0.25616637,1.0
3300901-1,8602871-1,0.19335587,0.0
3996354-3,3996354-4,0.6906869,1.0
4406011-1,7155113-1,0.3268397,0.0
6857364-1,7452796-1,0.1890397,0.0
4372914-2,4372914-3,0.8621942,1.0
2475604-2,8655243-1,0.49034852,0.0
6311045-3,6311045-5,0.82194775,1.0
4285067-1,4285067-3,0.45998022,1.0
3891025-2,7717458-1,0.50523525,0.0
3338219-1,3338219-2,0.8320778,1.0
3666087-1,3666087-2,0.43668205,1.0
4898337-1,5803689-3,0.49417058,0.0
3399346-1,3399346-3,0.84910655,1.0
6755299-1,8663740-1,0.5373557,0.0
8237419-1,8237419-3,0.44383356,1.0
4939175-1,8141750-1,0.094672754,0.0
6076191-3,6456843-6,0.42700282,0.0
2747453-1,4728328-4,0.6455897,0.0
2561035-1,5991562-3,0.23744516,0.0
3146916-1,3857984-1,0.4800544,0.0
7061685-1,7061685-6,0.38845673,1.0
8218035-1,8218035-2,0.623858,1.0
3545141-1,6010000-1,0.17223294,0.0
3514931-1,7796383-1,0.3282696,0.0
7756316-2,8490074-1,0.22174147,0.0
2726522-1,3484303-1,0.1792221,0.0
6951125-1,6951125-2,0.88904685,1.0
4761595-3,8496000-1,0.6733303,0.0
3817136-1,3817136-5,0.8407937,1.0
3890729-1,6159265-1,0.2889669,0.0
3304601-2,3304601-3,0.36504993,1.0
3611900-1,3611900-2,0.7184722,1.0
3276785-1,3276785-2,0.47828105,1.0
3570283-1,3596587-1,0.39460146,0.0
6159235-1,8114011-1,0.41878635,0.0
6682377-1,7477153-1,0.4125793,0.0
5043164-1,5378858-1,0.48186046,0.0
3109347-2,3109347-3,0.2877514,1.0
6593541-1,6593541-2,0.51412183,1.0
6955064-1,7480892-1,0.63429785,0.0
5961434-1,6100663-1,0.5092747,0.0
5352878-1,5352878-3,0.7680215,1.0
2804096-2,2804096-4,0.1888852,1.0
5842533-1,5842533-2,0.21881945,1.0
5288423-4,5288423-7,0.73767453,1.0
7604966-1,7604966-5,0.38360098,1.0
7500026-2,7500026-7,0.19457762,1.0
3731861-2,7896774-1,0.8652358,0.0
5710965-2,5710965-3,0.520412,1.0
6421483-1,7954243-1,0.09002475,0.0
4374200-1,6434759-1,0.06242383,0.0
2443370-1,7372392-1,0.3210899,0.0
3080302-2,3080302-3,0.49615866,1.0
6815487-1,6815487-2,0.7242627,1.0
5299218-1,5299218-3,0.95776874,1.0
4372959-1,6177682-2,0.19340901,0.0
6598598-6,6598598-9,0.8804208,1.0
5917864-1,5917864-4,0.449448,1.0
2783122-1,4700638-3,0.2179568,0.0
6215614-1,8204692-2,0.212993,0.0
555739-2,555739-3,0.8575703,1.0
2020471-1,7047887-2,0.15270229,0.0
8216569-3,8421185-1,0.43584514,0.0
2788137-1,3462718-1,0.12645502,0.0
3380669-2,3380669-5,0.62699586,1.0
6881513-2,7749946-1,0.23540844,0.0
5113927-7,5113927-9,0.8452986,1.0
4617071-2,8236776-1,0.9052334,1.0
6624159-1,6624159-2,0.7246875,1.0
6624786-1,6624786-3,0.6873602,1.0
5806580-1,5806580-2,0.4892244,1.0
7434289-1,8098805-1,0.4434324,0.0
6159302-2,6159302-4,0.69421244,1.0
6734019-1,6734019-2,0.86842614,1.0
5581415-1,5581415-4,0.78020036,1.0
7032884-1,7032884-2,0.74324715,1.0
7686844-1,7686844-2,0.7000737,1.0
3875126-2,7691707-1,0.53003126,0.0
5960851-1,6849054-1,0.5199757,0.0
2927790-1,4856911-2,0.574261,0.0
3786919-3,3786919-4,0.7238244,1.0
7872057-2,7872057-5,0.9238179,1.0
4325967-1,6760352-1,0.3498875,0.0
5073164-1,5073164-2,0.54098713,1.0
4685866-5,4685866-6,0.7447191,1.0
3354865-1,7896672-1,0.10221072,0.0
8641026-1,8641026-4,0.42873612,1.0
3678544-2,3678544-3,0.3530092,1.0
7677352-1,7677352-3,0.4925174,1.0
6848888-2,6848888-3,0.5230943,1.0
8025792-1,8025792-2,0.28639,1.0
6785302-1,8208042-1,0.3482678,0.0
5450585-1,5450585-2,0.5930989,1.0
5016814-1,7653749-1,0.42050523,0.0
5604601-2,5604601-4,0.57447016,1.0
8386154-10,8386154-11,0.96702206,1.0
6288509-1,6341272-1,0.29669392,0.0
6858974-1,6858974-3,0.54357713,1.0
3017876-1,3017876-3,0.58807284,1.0
5588617-3,5588617-4,0.5071527,1.0
3968662-1,8051537-1,0.45745498,0.0
6531111-1,6531111-2,0.40527728,1.0
6848888-2,6848888-3,0.5230943,1.0
3058185-1,8047970-1,0.23161356,0.0
8669740-2,8669740-3,0.81334525,1.0
3783717-1,6413441-1,0.4403558,0.0
4151583-1,4422897-1,0.25592765,0.0
5488581-1,5703592-1,0.25297022,0.0
6047112-1,6047112-2,0.64458853,1.0
4560322-1,8040591-1,0.2784802,0.0
4611068-1,6615017-1,0.3466663,0.0
3624739-1,3624739-2,0.27044955,1.0
4660492-4,4660492-5,0.5555425,1.0
3101768-1,4096735-1,0.26945385,0.0
2876699-1,4391184-1,0.47059107,0.0
8570721-1,8570721-3,0.66430306,1.0
5668504-1,5668504-3,0.7587969,1.0
5962620-1,7234965-1,0.46356308,0.0
3139357-1,3139357-3,0.57283956,1.0
6332978-1,7484740-1,0.4143121,0.0
3056317-1,3855171-1,0.38044053,0.0
4641927-1,4641927-2,0.57579255,1.0
6134648-1,8312767-1,0.7334198,0.0
7203783-2,7857668-1,0.22757709,0.0
4301858-1,8520584-1,0.26704994,0.0
8495066-4,8495066-5,0.69444484,1.0
3258229-2,3258229-5,0.8682752,1.0
4493942-2,6825486-1,0.47403,0.0
4427155-1,4427155-4,0.46980253,1.0
7683642-1,8152933-1,0.21582055,0.0
3992747-1,6323429-1,0.34315038,0.0
3856155-1,7999680-1,0.22534971,0.0
1208925-1,4763460-1,0.1651209,0.0
4676493-2,4676493-3,0.6246848,1.0
2933728-1,4541672-6,0.40802267,0.0
7352948-1,8360442-3,0.16998142,0.0
7406011-1,8340512-1,0.16364077,0.0
3108944-1,4962887-1,0.1492815,0.0
7454634-4,7454634-5,0.69990265,1.0
3040089-1,3040089-4,0.7749918,1.0
3578199-1,7337643-1,0.20669766,0.0
2938636-1,6015694-1,0.8316213,0.0
6174779-1,6174779-2,0.55501896,1.0
7061535-1,7580308-1,0.45656314,1.0
4277033-2,4277033-5,0.7629946,1.0
5582565-1,5719915-1,0.3288064,0.0
5836259-1,6698314-1,0.11299555,0.0
6615911-1,7504832-1,0.3020502,0.0
2559824-1,5061665-1,0.25989905,0.0
4307668-1,4307668-3,0.55504566,0.0
3038876-1,3038876-2,0.85437334,1.0
3249871-1,6144180-1,0.21436448,0.0
4958625-2,4958625-4,0.9504608,1.0
7666852-1,7802832-2,0.104287975,0.0
7393473-1,7393473-2,0.41039518,1.0
4717387-3,4717387-5,0.9451094,1.0
5215196-1,5215196-3,0.66367775,1.0
3335817-2,3335817-3,0.49342775,1.0
4289164-1,4289164-4,0.55005044,1.0
6656669-2,8478475-1,0.15976344,0.0
8611551-2,8611551-4,0.82352155,1.0
2572046-1,2856403-1,0.6191947,0.0
6884965-4,6884965-5,0.5851025,1.0
5359129-1,6898723-2,0.27886707,0.0
6077891-1,8371419-1,0.14480436,0.0
4315064-1,6413600-1,0.12479282,0.0
6389012-1,6389012-2,0.10659067,1.0
4915886-1,6491668-1,0.14451894,0.0
4357776-2,5266097-1,0.6009674,0.0
7385574-1,7385574-2,0.7591719,1.0
3371494-1,3664476-1,0.3542401,0.0
3519024-1,3519024-2,0.545824,1.0
3957503-2,4157378-1,0.40290463,0.0
8171126-2,8171126-5,0.91990006,1.0
4094663-2,4094663-3,0.89670056,1.0
8610460-1,8610460-2,0.35015538,1.0
5904767-1,5904767-3,0.8811266,1.0
4372959-1,6177682-2,0.19340901,0.0
8395908-1,8395908-2,0.91838795,1.0
5836259-1,6698314-1,0.11299555,0.0
3272560-1,7147685-1,0.10932562,0.0
3025363-1,3896874-1,0.32637045,0.0
3312019-1,5036190-1,0.2086506,0.0
6329029-2,6329029-3,0.48580933,1.0
6681254-2,6681254-4,0.5174677,1.0
8634069-2,8634069-5,0.2881971,1.0
5325025-1,6698274-1,0.89044666,0.0
7511079-1,7511079-3,0.4622091,1.0
4086582-1,4086582-2,0.82128227,1.0
7269882-1,7269882-2,0.1951676,1.0
3437272-1,3437272-2,0.84345317,1.0
7314844-2,7314844-4,0.6019151,1.0
3163399-1,4391425-1,0.34652498,0.0
7961132-1,8580639-1,0.73491156,0.0
6997807-1,7887488-1,0.15620221,0.0
6133394-1,6133394-2,0.4505,1.0
8432416-1,8432416-3,0.51359856,1.0
5688867-1,5688867-2,0.73872024,1.0
4357166-1,5602615-1,0.19090244,0.0
2483951-1,6939799-1,0.22851788,0.0
5492460-1,6042488-10,0.30617747,0.0
7489448-1,8673679-2,0.5261047,0.0
6900415-3,6900415-4,0.6577598,1.0
4564668-1,4564668-3,0.41664895,1.0
3864880-3,3864880-5,0.91783327,1.0
7468019-1,7749959-1,0.41045353,0.0
5654276-1,8486051-1,0.5881819,0.0
5299218-1,5299218-3,0.95776874,1.0
7388669-1,7388669-2,0.46975467,1.0
6982478-1,7175038-1,0.3155046,0.0
4812083-1,4812083-2,0.81615376,1.0
1910599-1,1910599-2,0.7935169,1.0
3087490-1,7278298-1,0.5053037,0.0
7781983-1,7781983-3,0.4677424,1.0
4998851-2,4998851-7,0.7292174,1.0
4602880-1,6098899-1,0.4962351,0.0
3846999-1,5704856-1,0.27769157,0.0
4210738-1,6706647-1,0.5595447,0.0
3902577-2,4330492-1,0.30206263,0.0
4277160-1,5125192-1,0.094076425,0.0
8415640-2,8415640-5,0.3770602,1.0
6101603-1,6101603-4,0.35005522,1.0
3458969-2,3458969-4,0.7419084,1.0
3343401-1,6432979-1,0.7028373,0.0
5088267-1,5088267-3,0.9342387,1.0
6003790-1,6003790-9,0.5526207,1.0
6004815-2,6004815-6,0.33095288,1.0
3943150-1,5669530-1,0.43537137,0.0
6388817-2,6388817-3,0.44281211,1.0
7725582-1,8571962-1,0.4723402,0.0
7781038-2,7781038-3,0.7308492,1.0
6813690-1,6813690-4,0.21543844,1.0
6820329-1,6940042-1,0.24210452,0.0
7376584-2,7376584-3,0.8208009,1.0
4804666-1,7508131-1,0.13097084,0.0
6024327-6,6024327-7,0.967283,1.0
7992912-1,8388796-7,0.67265326,0.0
5998193-1,8473938-8,0.4130309,0.0
8611532-1,8611532-6,0.77005184,1.0
7071887-1,7071887-4,0.55652714,1.0
3868099-1,6771323-2,0.20457932,0.0
7857273-1,7890814-1,0.35980165,0.0
7838119-1,8503597-2,0.8038545,0.0
4806760-1,4806760-2,0.77814966,1.0
7879180-1,7879180-3,0.5500301,1.0
2584074-1,4357681-1,0.19693297,0.0
8512623-1,8512623-2,0.5135714,1.0
7238787-1,7238787-4,0.9125266,1.0
4558191-2,4558191-3,0.708665,1.0
4159969-1,6982483-1,0.48348722,0.0
6702893-1,6702893-2,0.86249393,1.0
3556846-1,3556846-4,0.5741936,1.0
4560314-1,4602450-1,0.120879404,0.0
3240800-3,5661322-1,0.7244586,0.0
4127225-2,4127225-4,0.8180017,1.0
4544474-1,4544474-2,0.50001776,1.0
4100840-3,4898337-1,0.15201753,0.0
7051864-1,7568093-1,0.3539968,0.0
2737770-1,3683167-1,0.12497034,0.0
5405905-1,8387585-1,0.46775842,0.0
3097563-1,7127889-1,0.4937306,0.0
8383554-3,8383554-4,0.4306322,1.0
7644295-1,8144523-1,0.14605568,0.0
3793311-1,6243525-1,0.24278809,0.0
3380110-1,4100235-1,0.92076445,1.0
3214048-2,4006608-1,0.4759225,0.0
2927433-4,2927433-5,0.76719105,1.0
2687548-10,2687548-7,0.32888258,1.0
8326013-1,8326013-2,0.8447517,1.0
4256527-1,8054933-1,0.089690536,0.0
4649734-2,4649734-3,0.8437539,1.0
4456892-1,8243089-2,0.061082497,0.0
3423063-1,4020897-1,0.12115125,0.0
8522136-1,8522136-2,0.20094962,1.0
3433557-1,8093766-1,0.5267849,0.0
4107474-1,8212022-4,0.37893933,0.0
6900415-1,6900415-6,0.670609,1.0
1513593-1,4494585-1,0.39794567,0.0
8092089-4,8092089-5,0.885479,1.0
8395467-4,8395467-5,0.35267523,1.0
3111110-1,8015810-1,0.0837026,0.0
6882583-1,6882583-2,0.38255212,1.0
3597928-1,5359445-3,0.5856104,0.0
3183720-1,6624950-1,0.34895495,0.0
7427433-1,7427433-3,0.8114133,1.0
6656669-2,8478475-1,0.15976344,0.0
6042488-6,6042488-8,0.5832215,1.0
4943824-1,4943824-5,0.1734488,1.0
8388796-7,8388796-9,0.5662197,1.0
7988206-12,7988206-7,0.8369104,1.0
7105417-1,7254168-1,0.14030479,0.0
4829397-1,8089452-1,0.34011006,0.0
6327829-1,6327829-3,0.4202038,1.0
4302557-1,6968826-1,0.18860236,0.0
2806860-1,6329243-1,0.13508745,0.0
6091145-1,7219992-1,0.5758638,1.0
4226926-1,4230753-1,0.47070792,0.0
7543135-2,7543135-4,0.8121839,1.0
4831504-4,6298297-1,0.5585017,0.0
7354550-2,7354550-3,0.94687,1.0
7391590-1,7391590-3,0.4236933,1.0
5394408-2,5394408-3,0.5753577,1.0
4439693-1,6827238-1,0.6320236,0.0
7752367-4,7752367-5,0.71764785,1.0
7981640-2,7981640-3,0.7484464,1.0
7763274-2,7763274-4,0.3783496,1.0
6594285-1,6728653-1,0.18613788,0.0
7609214-1,7609214-5,0.8298509,1.0
6159154-2,6159154-4,0.13251698,1.0
5683985-1,5902078-1,0.33080775,0.0
4415556-1,4415556-2,0.5656406,1.0
3326978-1,8337126-1,0.24959722,0.0
3786831-1,4992788-1,0.13172732,0.0
5829864-1,5829864-2,0.5356444,1.0
5477910-2,5477910-3,0.5222043,1.0
6371746-4,6371746-6,0.5839668,1.0
8162529-1,8162529-2,0.52921206,1.0
5215179-1,6631613-1,0.27460244,0.0
4673761-2,4673761-3,0.68981606,1.0
2737776-1,8415956-1,0.60378754,1.0
8061403-3,8061403-6,0.65708303,1.0
3800653-1,7575332-1,0.88647103,0.0
3730478-1,8258286-3,0.2681831,0.0
3840787-1,5440613-1,0.6926986,0.0
6660059-1,8495172-1,0.2511266,0.0
8223722-1,8223722-3,0.66133964,1.0
2810817-1,2810817-3,0.6360104,1.0
3402005-2,3402005-3,0.76774675,1.0
3180833-1,3180833-4,0.5979488,1.0
4553291-1,4553291-2,0.37240723,1.0
8705528-12,8705528-14,0.44938293,1.0
5597899-1,6018880-1,0.13678198,0.0
7784194-1,8581777-1,0.11799736,0.0
8565020-1,8565020-3,0.6290731,1.0
4838988-1,4958707-2,0.57391167,0.0
4372959-1,6177682-2,0.19340901,0.0
4484343-2,4484343-4,0.34489933,1.0
3878478-1,3878478-3,0.82509947,1.0
4130002-1,4130002-3,0.73342216,1.0
7042143-1,7042143-4,0.5022006,1.0
4730130-4,4730130-5,0.60188293,1.0
2615296-1,8407026-1,0.34801945,0.0
3728555-1,4586434-5,0.20442055,0.0
7667327-2,7667327-3,0.30090076,0.0
4042138-3,6299503-1,0.79878247,0.0
4511337-1,8721406-1,0.37620926,0.0
7673048-1,7920567-1,0.16522475,0.0
7507594-5,7507594-6,0.6302643,1.0
4293508-1,5329980-2,0.22580495,0.0
6257534-3,6257534-4,0.79555774,1.0
5804639-1,7780312-1,0.17868745,0.0
8225500-1,8225500-2,0.609038,1.0
4553660-1,4553660-2,0.8090941,1.0
8168801-2,8168801-3,0.4631173,1.0
5251361-1,8136881-1,0.21672887,0.0
4372324-2,5260851-1,0.06276938,0.0
6969380-1,8131091-1,0.65743756,0.0
6235640-1,7869405-1,0.122740015,0.0
5294926-1,8077048-6,0.061491977,0.0
8260478-3,8260478-5,0.6640311,1.0
7909218-1,7909218-2,0.77174443,1.0
6988727-1,7753272-1,0.29904827,0.0
8133044-1,8133044-8,0.85260624,1.0
6601163-1,7024077-1,0.077287786,0.0
4554038-1,4554038-2,0.49888647,1.0
7834562-1,7839265-1,0.3034026,0.0
2635059-3,3555596-1,0.6968065,0.0
5627820-1,7099753-2,0.27184147,0.0
7365853-1,7365853-2,0.61745995,1.0
5473002-1,5473002-2,0.66077363,1.0
7308791-1,7308791-3,0.3287268,1.0
8386154-10,8386154-11,0.96702206,1.0
4310487-3,8396422-1,0.42384616,0.0
2546414-1,4623183-1,0.31183502,0.0
2965708-1,4750265-1,0.54216063,0.0
6473094-1,6473094-3,0.3551907,1.0
5784682-4,5784682-5,0.8111229,1.0
4043557-1,7585967-1,0.38238963,0.0
4003725-1,4999640-1,0.18719529,0.0
8673864-2,8673864-3,0.58808535,1.0
3969703-1,4579195-1,0.37534538,0.0
7511079-1,7511079-3,0.4622091,1.0
8415640-4,8415640-5,0.7127679,1.0
5404322-1,5569297-1,0.42450002,0.0
3166684-1,5813425-1,0.12715293,0.0
8343286-1,8343286-2,0.56431407,1.0
3874988-3,7761291-1,0.14262159,0.0
3223713-1,7306636-1,0.07159079,0.0
3683167-1,4678760-1,0.70126396,0.0
2956952-2,7700859-2,0.34071583,0.0
2970937-1,7981753-1,0.4712563,0.0
4763574-2,4763574-3,0.7362844,1.0
7764958-1,7764958-3,0.7347414,1.0
7667327-2,7667327-3,0.30090076,0.0
3745295-1,4927538-1,0.21504743,0.0
2631530-1,5818763-1,0.5083994,0.0
3409953-1,4000617-1,0.56251436,0.0
3654305-2,3654305-4,0.9032145,1.0
3037889-1,5731429-1,0.32487845,0.0
3212924-1,4409195-1,0.11038633,0.0
7784239-6,7784239-7,0.8385201,1.0
5654276-1,8486051-1,0.5881819,0.0
6157985-1,6157985-2,0.5974732,1.0
5048704-1,5048704-8,0.68431485,1.0
4497500-1,5470231-1,0.20612675,0.0
4209267-5,4209267-6,0.5070623,1.0
5019922-1,5838883-1,0.12110211,0.0
6785302-1,8208042-1,0.3482678,0.0
2827140-3,2827140-4,0.89312154,1.0
8663839-1,8663839-2,0.2759464,1.0
4647800-2,7991702-1,0.20085539,0.0
4550000-3,6790035-1,0.5705203,0.0
6700539-1,8180324-1,0.32129183,0.0
8391342-1,8391342-17,0.93082815,1.0
2646691-1,8640110-1,0.13103794,0.0
5553064-1,5932522-2,0.08761073,0.0
2631494-1,6179102-1,0.45508042,0.0
7315137-1,7315137-2,0.8571827,1.0
2737770-1,3683167-1,0.12497034,0.0
4831504-2,4831504-3,0.7845386,1.0
6126305-4,6126305-5,0.59632826,1.0
6792401-1,6792401-3,0.8753989,1.0
8178000-1,8178000-2,0.6414421,1.0
3804044-1,3804044-3,0.7159103,1.0
4695429-1,4695429-2,0.6409291,1.0
4233051-1,4233051-2,0.55555135,1.0
7265518-2,7448493-1,0.46367082,0.0
3313754-1,6511183-2,0.12264997,0.0
2815756-5,2815756-6,0.59202427,1.0
6275832-3,6275832-5,0.5463231,1.0
8455660-2,8455660-3,0.6092944,1.0
3180835-1,3180835-2,0.6611598,1.0
8391342-1,8391342-19,0.7867159,1.0
7248360-3,7248360-4,0.55646366,1.0
5237244-1,8604537-1,0.69842815,0.0
3481879-1,6120402-1,0.34440696,0.0
2957226-1,8203365-1,0.241067,0.0
8171126-2,8171126-5,0.91990006,1.0
8673864-2,8673864-4,0.78745604,1.0
4237779-1,4950238-3,0.48613486,0.0
5745586-2,5745586-3,0.82923895,1.0
7459979-2,7459979-5,0.80463916,1.0
5962620-3,5962620-6,0.83722866,1.0
3781259-2,3781259-3,0.68681484,1.0
4246994-1,6054368-1,0.37116212,0.0
4807174-1,4807174-2,0.68301344,1.0
6549290-1,6549290-5,0.38668275,1.0
6997318-1,6997318-2,0.5544833,1.0
8035580-2,8474297-1,0.59770775,0.0
6795349-1,7079354-1,0.34930813,0.0
4998851-2,4998851-7,0.7292174,1.0
5100168-1,5100168-2,0.92386895,1.0
6214173-3,6214173-4,0.7499283,1.0
8105697-2,8105697-7,0.7928631,1.0
3010774-2,3010774-3,0.8789269,1.0
6360730-1,6360730-2,0.7360982,1.0
8515780-1,8515780-2,0.78024054,1.0
4691467-1,7523289-1,0.26716974,0.0
6452196-3,6452196-4,0.7958925,1.0
7337482-2,7337482-3,0.41512603,1.0
7079483-1,7733434-1,0.27157462,0.0
3853903-1,3853903-3,0.8387631,1.0
3339730-3,3339730-4,0.92816335,1.0
7678887-1,7678887-2,0.41203225,1.0
8649573-1,8649573-6,0.8985742,1.0
7491683-1,8458043-1,0.18852766,0.0
5586864-1,5586864-3,0.48935694,1.0
7396112-1,7396112-3,0.59426844,1.0
4304124-2,8441517-1,0.48978752,0.0
4010737-3,6592203-1,0.35097644,0.0
2628000-1,4182779-1,0.59048724,0.0
7390426-1,7390426-2,0.9550382,1.0
7569537-3,7569537-4,0.83536947,1.0
3115888-1,7522847-2,0.3491548,0.0
3580347-4,8107453-1,0.74286324,0.0
4456892-1,8243089-2,0.061082497,0.0
4246994-1,6054368-1,0.37116212,0.0
5965195-1,6726343-1,0.609569,0.0
4555002-1,8408036-1,0.09732062,0.0
8646190-4,8646190-5,0.9401817,1.0
7488857-1,8155124-1,0.21325368,0.0
4121935-1,4121935-2,0.73626596,1.0
3639158-1,3639158-16,0.5931011,1.0
3673581-1,6878343-1,0.5112232,0.0
5337234-9,8304346-1,0.44506848,0.0
8276610-1,8276610-7,0.8824218,1.0
7962471-1,7962471-2,0.27921167,1.0
5340929-1,7535637-1,0.2160764,0.0
2908797-1,8004176-8,0.17482527,0.0
3407696-2,3730474-1,0.39971223,0.0
3104457-1,5449431-1,0.529235,1.0
7757713-1,7757713-3,0.4026815,1.0
7914078-1,7914078-2,0.55926603,1.0
6011142-1,7723034-1,0.16831064,0.0
4150596-1,6914354-1,0.16565153,0.0
7468093-4,7468093-6,0.56082195,1.0
5783215-1,5783215-2,0.5519965,1.0
7482455-1,8087369-2,0.60570395,0.0
6182283-1,7282364-1,0.8609391,0.0
5912312-1,5912312-4,0.4635554,1.0
3186893-1,3698308-1,0.22767386,0.0
7584985-1,7584985-2,0.7243184,1.0
3112085-2,7747065-1,0.5534667,0.0
7506272-2,7506272-3,0.884361,1.0
4746979-1,7870256-1,0.12562132,0.0
1805501-1,6842488-1,0.27017218,0.0
6820894-1,6820894-2,0.6829867,1.0
6343558-1,7552318-1,0.30897972,0.0
5040526-2,5040526-3,0.58262104,1.0
6919950-1,6919950-3,0.72218525,1.0
1906806-3,1906806-8,0.2660225,1.0
7715921-1,7715921-2,0.5258515,1.0
5582569-1,6031599-1,0.4104879,0.0
6824397-4,6824397-6,0.83465886,1.0
6687795-1,6687795-2,0.5250321,1.0
5803979-1,8313313-1,0.5749794,0.0
5946352-1,8707017-2,0.10103711,0.0
3429736-1,4451655-1,0.15680265,0.0
6324149-1,6324149-2,0.82086915,1.0
4393936-1,7970702-1,0.11881868,0.0
8276898-1,8276898-3,0.53647727,1.0
8526613-1,8526613-2,0.697986,1.0
2810817-1,2810817-3,0.6360104,1.0
7431202-1,7431202-4,0.2221887,1.0
4920585-1,7422691-4,0.36346444,0.0
4261525-1,5412141-1,0.24111459,0.0
4631740-1,5156887-1,0.31389976,0.0
8133044-1,8133044-7,0.8636888,1.0
7534175-4,8138176-1,0.79705757,0.0
3146916-1,3857984-1,0.4800544,0.0
4393473-1,8015738-1,0.36303484,0.0
2241629-1,6108451-1,0.4003408,0.0
5512938-4,8046436-1,0.42459413,0.0
7581838-2,7581838-4,0.71320647,1.0
3890227-1,4431013-1,0.1327849,0.0
7559672-2,8540014-1,0.32244805,0.0
6317215-1,6317215-2,0.6094702,1.0
2712707-1,2712707-2,0.7710086,1.0
3505333-1,7205376-1,0.13926929,0.0
2854446-3,4834741-1,0.76136184,0.0
5988756-11,5988756-9,0.82663995,1.0
5557522-1,5557522-2,0.9117578,1.0
4976167-1,8666948-1,0.15773092,0.0
7472508-2,7472508-4,0.83695126,1.0
6027823-1,6922572-1,0.4693872,0.0
514615-1,7214555-1,0.114531465,0.0
4273476-1,4273476-3,0.27173856,1.0
6590731-1,7036693-1,0.21890163,0.0
6020502-1,8543741-1,0.09501159,0.0
8669740-1,8669740-2,0.49438533,1.0
3065627-1,5671648-1,0.09534301,0.0
4058595-1,8442335-1,0.2512727,0.0
6956960-1,8255699-1,0.6807225,0.0
4865644-2,7665863-1,0.5626876,0.0
2923780-1,4214435-1,0.46271777,0.0
5552653-2,5552653-6,0.68593633,1.0
8428280-2,8428280-9,0.7324795,1.0
5220683-1,7292991-1,0.10414829,0.0
2988810-1,2988810-7,0.7824192,1.0
4083712-1,7952297-2,0.4120799,0.0
3927825-1,3927825-3,0.5683718,1.0
7421811-1,7421811-4,0.5270567,1.0
4193158-1,4193158-2,0.8779387,1.0
8541328-1,8541328-3,0.42174682,1.0
7834562-1,7839265-1,0.3034026,0.0
2873457-1,7220015-1,0.47868344,0.0
7852210-1,8668032-2,0.065464325,0.0
7029452-2,7557114-1,0.21080777,0.0
6611857-10,6611857-2,0.9288702,1.0
6885310-1,6885310-2,0.4669042,1.0
3877580-1,6904911-1,0.14207666,0.0
3433557-1,8093766-1,0.5267849,0.0
4005095-1,4005095-2,0.6309586,1.0
2903919-1,8390036-1,0.7711088,0.0
3775671-6,3775671-7,0.71368206,1.0
5237193-3,5237193-4,0.7803242,1.0
4863789-1,4863789-2,0.8272468,1.0
8682950-1,8682950-3,0.8631131,1.0
6710848-1,7506268-1,0.13333122,0.0
3556532-2,3556532-4,0.9191036,1.0
4493364-1,4493364-2,0.94818795,1.0
4417519-1,5368924-3,0.46814534,0.0
7050957-1,7050957-2,0.84825563,1.0
3363046-1,8286381-1,0.32816842,0.0
6506424-2,6506424-3,0.7489673,1.0
7982799-2,7982799-3,0.8059775,1.0
6650185-1,7760432-1,0.12999453,0.0
4009207-1,6555996-1,0.3231388,0.0
2815756-6,2815756-9,0.10456346,1.0
4763460-1,4763460-2,0.2753892,1.0
3280044-2,3280044-5,0.44278124,1.0
4792064-1,4792064-3,0.67162466,1.0
4648144-1,7829736-1,0.13885954,0.0
5820011-1,6791391-1,0.6027533,0.0
6029437-2,6029437-3,0.3578379,1.0
6419825-1,8489654-1,0.14133215,0.0
7988206-11,7988206-8,0.93897367,1.0
8536191-1,8536191-3,0.32760346,0.0
7376584-2,7376584-3,0.8208009,1.0
2564909-1,7853432-1,0.4881303,0.0
7794165-1,7794165-5,0.84249455,1.0
5654074-2,5654074-4,0.86975086,1.0
5515190-1,5515190-2,0.47005922,1.0
5939176-3,8494175-3,0.36859858,0.0
2767148-1,4129584-1,0.15248808,0.0
7299656-6,7299656-9,0.5167956,1.0
4276692-1,4887870-1,0.25182572,0.0
4506531-1,7873799-1,0.2399713,0.0
2737776-1,8415956-1,0.60378754,1.0
6788313-1,6788313-3,0.8054807,1.0
4290039-1,8465737-1,0.49602607,0.0
3883471-1,5786228-3,0.21777038,0.0
8393241-1,8393241-4,0.8532761,1.0
6713097-1,6713097-5,0.81703794,1.0
5582227-1,8106472-1,0.40340722,0.0
6277870-4,6277870-6,0.54711413,1.0
3842688-2,3842688-3,0.68351924,1.0
6873069-2,6873069-3,0.25873303,1.0
5880257-3,5880257-7,0.2462385,1.0
7257187-2,8569691-1,0.7668808,0.0
3116544-1,3424898-1,0.1556829,0.0
6028159-1,8422015-1,0.30858436,0.0
3881385-2,4845449-1,0.38438347,0.0
2827085-4,4662030-1,0.5383129,0.0
5486553-4,5486553-5,0.9289432,1.0
8394712-1,8394712-2,0.56896245,1.0
5686962-2,5686962-4,0.30106083,1.0
3696247-1,8322605-1,0.23331782,0.0
7290120-1,8577335-1,0.22995593,0.0
3549382-1,3756160-1,0.23830546,0.0
4689080-1,6929121-5,0.26729783,0.0
5553467-1,5553467-2,0.40627325,1.0
5234559-1,6881936-1,0.19100699,0.0
8611567-2,8611567-3,0.64144033,1.0
3313757-1,4857866-1,0.35543475,0.0
7236383-1,7236383-4,0.55610484,1.0
2908827-1,2908827-2,0.5036016,1.0
5442030-1,5442030-2,0.73049426,1.0
3629344-1,7532060-1,0.32703647,0.0
5830324-1,7394077-2,0.45565718,0.0
3195365-1,7353901-1,0.22119667,0.0
8217650-4,8217650-5,0.11572882,1.0
4255969-1,6588903-1,0.17594738,0.0
3923556-2,3923556-4,0.7870134,1.0
3890227-1,4431013-1,0.1327849,0.0
3867874-1,8324390-1,0.33347195,0.0
6350341-2,6350341-3,0.63370687,1.0
5963613-1,5963613-2,0.70096034,1.0
4771872-1,8285516-1,0.39006513,0.0
3423063-1,4020897-1,0.12115125,0.0
3533460-1,8021306-1,0.4631332,0.0
4494526-1,7192250-2,0.11067508,0.0
2249601-1,5791344-1,0.38620222,0.0
3863824-3,4064232-1,0.55153966,0.0
3116130-3,4463226-1,0.11104912,0.0
6868756-1,8557790-1,0.8073625,0.0
3425250-1,4681015-1,0.21722016,0.0
6518723-1,7369649-2,0.11885734,0.0
3345597-1,4173537-1,0.20401333,0.0
3115888-1,7522847-2,0.3491548,0.0
3114581-1,3114581-3,0.8009723,1.0
4888695-1,4926545-1,0.38864648,0.0
7667327-2,7667327-3,0.30090076,0.0
4230342-1,6893047-1,0.4356542,0.0
3741472-1,8634112-1,0.4804646,0.0
8105697-2,8105697-7,0.7928631,1.0
4550000-3,6790035-1,0.5705203,0.0
3892021-1,4289217-1,0.37681806,0.0
7174855-1,7506050-2,0.2020391,0.0
7482455-1,8087369-2,0.60570395,0.0
5400417-1,5446890-1,0.20488098,0.0
3354861-1,8358769-1,0.28075796,0.0
7367386-1,7367386-10,0.556932,1.0
3193822-1,6260550-1,0.14369887,0.0
4646916-1,5493224-1,0.3265708,0.0
5654018-1,6449590-1,0.33082312,0.0
8276610-1,8276610-7,0.8824218,1.0
8307809-2,8307809-3,0.9033004,1.0
5688867-1,5688867-2,0.73872024,1.0
7163239-1,7163239-2,0.8542934,1.0
4421342-1,4421342-2,0.8192909,1.0
7772757-1,7784239-11,0.22452833,0.0
5663782-1,6639585-1,0.6693804,0.0
7138425-1,7888275-1,0.46935216,0.0
5815717-2,5815717-4,0.8799674,1.0
2629908-1,2629908-4,0.38232407,1.0
3343415-1,6158927-3,0.11639937,0.0
6526982-2,6526982-3,0.5483859,1.0
7306670-2,7306670-4,0.35453925,1.0
7485476-10,7485476-5,0.66814744,1.0
2995998-1,5405127-1,0.12136678,0.0
3175447-1,6196130-1,0.12600628,0.0
6723649-1,7132961-1,0.19583787,0.0
5989519-1,7251434-4,0.44104862,0.0
4891610-1,7947173-3,0.08712786,0.0
6643316-3,6643316-4,0.3453428,1.0
7734990-1,7734990-2,0.55937284,1.0
4421974-1,4421974-2,0.2709545,1.0
2967013-1,8353083-7,0.14463033,0.0
4397422-1,4901810-1,0.57304883,0.0
6885689-1,6885689-2,0.55962557,1.0
8084681-1,8084681-3,0.26198453,1.0
3847183-3,3847183-4,0.9905319,1.0
8554378-2,8554378-3,0.7857791,1.0
3498786-1,3498786-2,0.50437635,1.0
3500013-1,3500013-2,0.5425211,1.0
4372569-1,7580785-1,0.34113118,0.0
2712707-1,2712707-2,0.7710086,1.0
5972309-1,5972309-2,0.3498635,1.0
5094544-3,5094544-5,0.56528723,1.0
7649492-1,7649492-2,0.63983643,1.0
5065677-2,5065677-3,0.93087333,1.0
4601450-1,6360613-1,0.45939803,0.0
6134648-1,8312767-1,0.7334198,0.0
5460409-1,8605449-4,0.31046155,0.0
4777981-1,4777981-7,0.8500969,1.0
4516082-1,6293141-1,0.52572805,0.0
4278010-1,4278010-3,0.47559533,1.0
6159245-1,6159245-2,0.72729707,1.0
6213664-4,6213664-5,0.87741715,1.0
2687548-3,2687548-5,0.58804387,1.0
2813646-3,2813646-4,0.74921334,1.0
3162267-2,3162267-4,0.28755668,1.0
4766635-1,8238620-1,0.66651523,0.0
6791093-2,6791093-3,0.077620246,1.0
5961508-1,5961508-2,0.6808652,1.0
2944193-1,3533611-1,0.18368982,0.0
7364491-1,7364491-5,0.559835,1.0
4604284-1,7384493-1,0.13090861,0.0
3808072-1,7437123-5,0.38464338,0.0
2553079-1,7656040-1,0.22429238,0.0
7485476-10,7485476-5,0.66814744,1.0
4045234-1,7710430-1,0.45771867,0.0
3614665-1,3614665-2,0.5580437,1.0
6761066-1,6761066-2,0.587642,1.0
6968535-1,7373105-1,0.26608694,0.0
3511952-1,3654119-1,0.57857037,0.0
5473002-1,5473002-2,0.66077363,1.0
3957503-1,3957503-2,0.6296397,1.0
2931397-1,8360259-2,0.14815824,0.0
6862365-4,6862365-5,0.8004009,1.0
6688890-1,7436837-1,0.31183356,0.0
3678532-3,7745610-1,0.23077835,0.0
4567365-1,4996839-1,0.37036243,0.0
3306091-1,3306091-2,0.86737514,1.0
5765119-2,5765119-3,0.73665124,1.0
6304711-1,6304711-6,0.0514826,1.0
5959389-1,6334889-1,0.8507007,0.0
5030424-3,5030424-5,0.854392,1.0
7677352-1,7677352-3,0.4925174,1.0
7716112-1,7716112-2,0.5836212,1.0
2759628-3,2759628-4,0.42050043,1.0
3806681-1,3806681-2,0.5694249,1.0
6217873-1,6543565-1,0.11299684,0.0
4779351-1,7220631-1,0.28349206,0.0
7416177-2,7416177-5,0.45444354,1.0
4616402-1,4760059-2,0.2238353,0.0
4685984-1,7053670-1,0.2669003,0.0
4851822-1,7887195-4,0.67762464,0.0
3696247-1,8322605-1,0.23331782,0.0
7828763-2,7828763-3,0.5550797,1.0
3339676-1,8652111-3,0.6937821,0.0
5613267-1,7443826-3,0.47329825,0.0
7290261-2,7290261-3,0.5485194,1.0
6177071-1,6177071-3,0.77364326,1.0
4173382-1,6100695-1,0.24824727,0.0
4310100-1,8057747-4,0.2547021,0.0
4330179-2,8383597-1,0.23211466,0.0
7803128-1,7803128-3,0.7196274,1.0
7598844-2,7598844-3,0.80433667,1.0
2992923-1,6783228-1,0.26072875,0.0
4042138-1,4042138-5,0.8305974,1.0
6324859-9,6603826-2,0.334698,0.0
6829831-1,6829831-2,0.27805033,1.0
4304535-1,4592900-1,0.18216975,0.0
7442991-1,8387541-1,0.1565266,0.0
6180387-2,6180387-4,0.4521836,1.0
5256449-1,6199854-1,0.31493893,0.0
7470563-1,7470563-3,0.42961967,1.0
3108944-1,4962887-1,0.1492815,0.0
2740115-1,2770807-4,0.21133986,0.0
3644771-1,3644771-3,0.8468814,1.0
7475962-1,7932883-1,0.24124497,0.0
5629837-1,5629837-3,0.32516912,0.0
6324859-6,6324859-7,0.37089318,1.0
5819108-3,5819108-9,0.41780818,1.0
3902577-2,4330492-1,0.30206263,0.0
6751432-1,7140157-1,0.32664785,0.0
3818699-1,3818699-3,0.9461081,1.0
7676773-1,8608521-1,0.25400743,0.0
4345240-4,4345240-5,0.8795072,1.0
7830173-2,7830173-3,0.9329977,1.0
2633341-1,7768392-4,0.32928917,0.0
6477962-1,6477962-3,0.9034565,1.0
3607989-1,3607989-2,0.5790903,1.0
7273174-1,7273174-4,0.79921424,1.0
3830245-1,6402165-4,0.4833982,0.0
4560314-1,4602450-1,0.120879404,0.0
7248360-2,7248360-5,0.49131522,1.0
4421974-3,4421974-8,0.836211,1.0
7457692-1,7457692-2,0.60697585,1.0
7013118-1,8369553-1,0.13698868,0.0
6481116-1,6864317-1,0.1178072,0.0
3407646-1,7567306-1,0.13816175,0.0
6572922-1,7488111-1,0.36388245,0.0
8077172-3,8077172-6,0.37922496,1.0
5649928-1,6048768-1,0.1915956,0.0
8473938-3,8570892-1,0.8165764,0.0
6526994-1,6526994-3,0.7391225,1.0
3518986-2,7726074-1,0.645498,0.0
4427155-1,4427155-5,0.6525025,0.0
3555570-5,3555570-7,0.8200459,1.0
4400552-1,8641989-1,0.47343695,0.0
8133044-14,8133044-16,0.90692353,1.0
7175764-3,7175764-4,0.8435125,1.0
6757016-1,8038926-1,0.63975114,0.0
6199969-1,8051562-1,0.62854844,0.0
7708753-2,7708753-3,0.6141104,1.0
5903413-1,7364057-2,0.3717678,0.0
3132370-1,6711272-1,0.3249589,0.0
7775944-2,7775944-4,0.7974848,1.0
4969854-1,7192559-1,0.15848033,0.0
3728555-1,4586434-5,0.20442055,0.0
4119910-3,4938959-1,0.5997744,0.0
5362928-1,5362928-2,0.6454999,1.0
4313522-1,6886020-1,0.09239216,0.0
2890620-1,3130473-1,0.34739643,0.0
8558814-1,8558814-2,0.59745777,1.0
7238787-1,7238787-3,0.7940995,1.0
6615421-1,7568822-4,0.40985104,0.0
5312644-1,8180395-2,0.24983354,0.0
3819895-1,5546070-1,0.5439948,0.0
5498118-1,8046443-1,0.54023933,1.0
2900109-2,2900109-3,0.6915516,1.0
3712821-1,4555932-1,0.17601508,0.0
3200029-1,4400501-1,0.21403936,0.0
7322487-2,7322487-3,0.8582038,1.0
6783228-3,6783228-6,0.5082811,1.0
4772557-4,7443985-1,0.5909011,0.0
6900415-10,6900415-3,0.65543395,1.0
8383533-1,8383533-5,0.82746327,1.0
5696734-1,5709899-1,0.37698808,0.0
8019170-1,8019170-2,0.73472387,1.0
7653752-1,7653752-2,0.14175023,1.0
7768392-2,7768392-7,0.83751804,1.0
5481954-1,7924160-3,0.21730785,0.0
3668205-2,6087580-1,0.5502864,0.0
3575003-2,3942612-1,0.28429893,0.0
3573578-1,3573578-3,0.6842695,1.0
5039991-1,7746127-1,0.11425232,0.0
5649805-8,5649805-9,0.94657934,1.0
8483877-1,8483877-2,0.5399273,1.0
4931809-1,7780870-2,0.37830743,0.0
3730074-1,3730074-2,0.83640313,1.0
4414386-1,4414386-2,0.7862531,1.0
3464897-1,4136642-2,0.5619637,0.0
3816041-1,4421282-1,0.6632764,0.0
6475699-1,8614090-1,0.48932898,0.0
3987999-3,3987999-4,0.5539676,1.0
5828922-1,8036065-1,0.357308,0.0
5378862-2,5378862-3,0.6930073,1.0
6332814-1,6332814-7,0.39908922,1.0
5476656-3,5476656-7,0.8172492,1.0
4976414-1,6610913-1,0.5693202,0.0
3771407-1,3970361-1,0.20631973,0.0
4170659-3,4170659-8,0.7958299,1.0
3081355-1,5379787-2,0.2884363,0.0
4311034-1,8711864-1,0.42451543,0.0
6749096-1,8547566-1,0.15836236,0.0
5649805-3,5649805-4,0.71935576,1.0
3402005-2,3402005-3,0.76774675,1.0
8669740-1,8669740-2,0.49438533,1.0
2955342-2,2955342-3,0.7798266,1.0
8168801-2,8168801-4,0.69110745,1.0
3102333-2,7716325-1,0.82576877,0.0
5917864-1,5917864-4,0.449448,1.0
4797442-1,6038655-1,0.80501837,0.0
3673351-1,3673351-2,0.6883532,1.0
5712115-2,5712115-6,0.92672414,1.0
7799191-4,7799191-5,0.700118,1.0
8391342-27,8391342-29,0.37389457,1.0
8391342-18,8391342-19,0.75644577,1.0
7311546-12,7311546-3,0.7135242,1.0
4837780-1,5921307-1,0.49070743,0.0
6761066-1,6761066-2,0.587642,1.0
4639334-1,4639334-2,0.3615271,1.0
5654074-3,5654074-4,0.6838923,1.0
6636574-1,7440168-1,0.3686879,0.0
4553663-1,4804603-1,0.6834461,0.0
6113389-1,6113389-4,0.396435,1.0
4811070-1,8258851-1,0.20407543,0.0
3563701-1,5857148-5,0.13755356,0.0
7294179-1,7515696-2,0.1749452,0.0
6783228-3,6783228-6,0.5082811,1.0
3877442-1,5824545-1,0.37979406,0.0
2790127-1,7896596-1,0.24806212,0.0
7763274-2,7763274-4,0.3783496,1.0
3213725-2,8143845-1,0.72355497,0.0
8084795-1,8084795-2,0.6935002,1.0
6299528-2,6299528-8,0.33250967,1.0
4094581-1,4094581-7,0.5134689,1.0
3870132-1,8491323-2,0.5264516,0.0
6713097-2,7004259-1,0.50945324,0.0
3502399-1,8364781-1,0.6062218,0.0
3063239-1,7440240-6,0.20912054,0.0
6745135-1,6745135-4,0.5724157,1.0
5894316-1,5894316-2,0.6469912,1.0
4531685-1,7012553-1,0.13026705,0.0
8130067-1,8130067-2,0.6485194,1.0
2823151-2,2823151-3,0.9209652,1.0
5400417-1,5446890-1,0.20488098,0.0
4359697-1,8452862-1,0.40631407,0.0
7376885-1,8391342-4,0.18542342,0.0
4108142-2,4108142-3,0.095365904,1.0
6611857-10,6959961-2,0.512516,0.0
5372497-1,5372497-2,0.3425506,1.0
3964932-3,3964932-4,0.67758673,1.0
7990443-5,7990443-6,0.9259679,1.0
2892662-1,7255555-1,0.30903414,0.0
2769370-1,6120049-4,0.40517557,0.0
6477962-1,6477962-3,0.9034565,1.0
8129005-2,8129005-3,0.8576945,1.0
8391342-11,8391342-12,0.8942628,1.0
7451160-1,7451160-3,0.84345853,1.0
4209058-1,5412134-1,0.7571377,0.0
2678710-1,2678710-3,0.6630533,1.0
2981764-1,5259598-1,0.26108798,0.0
6966951-2,6966951-3,0.9135574,1.0
7725582-1,8571962-1,0.4723402,0.0
3322208-1,4518717-1,0.15347846,0.0
5382054-1,5715609-1,0.3130508,0.0
8093052-1,8093052-2,0.26963437,1.0
2995939-1,7511067-1,0.22391123,0.0
8515538-1,8515538-5,0.6741854,1.0
4783484-1,6667806-3,0.17270723,0.0
6637358-4,6637358-6,0.8363562,1.0
8042811-1,8042811-5,0.40083146,1.0
2092435-1,8138395-2,0.18721525,0.0
8004176-5,8004176-7,0.69868535,1.0
7695266-7,7695266-9,0.8333057,1.0
2722008-1,4316802-1,0.12265909,0.0
3199017-1,8541753-1,0.23291653,0.0
6882683-1,6882683-2,0.72855407,1.0
2628085-1,2628085-7,0.6839386,1.0
3800334-1,4142935-1,0.062291488,0.0
7104189-1,7838088-1,0.3866282,0.0
3371475-1,6713245-1,0.19266652,0.0
7527899-2,7527899-3,0.7765853,1.0
7891910-1,8176117-2,0.3590509,0.0
5486794-1,5486794-3,0.7975187,1.0
4117822-1,4117822-2,0.48023087,1.0
8158287-1,8158287-4,0.80139107,1.0
4976167-1,8666948-1,0.15773092,0.0
6437917-1,8565710-1,0.33904922,0.0
2045672-1,4081653-2,0.4374374,0.0
3829227-3,8572347-1,0.75732374,0.0
5396407-1,6416382-3,0.38723907,0.0
3027457-1,3545138-1,0.8226583,0.0
7755517-1,7755517-2,0.36128467,1.0
2080628-1,4288837-1,0.29362452,0.0
7758736-10,7758736-5,0.7954547,1.0
5813420-1,6160050-9,0.25177014,0.0
5757412-1,8240573-1,0.44564867,0.0
7461837-1,7461837-2,0.78419584,1.0
4421277-1,4681204-1,0.7857144,0.0
6878928-3,6878928-4,0.7198527,1.0
3249871-1,6144180-1,0.21436448,0.0
5771900-1,5771900-2,0.5926186,1.0
5678687-1,5755244-2,0.17805928,0.0
6580405-1,6580405-2,0.78754276,1.0
8050119-2,8050119-4,0.42995945,1.0
3444535-1,7679833-1,0.18722676,0.0
3625758-1,3625758-2,0.20865199,1.0
6382493-1,6382493-3,0.67475057,1.0
6736139-1,6736139-3,0.8481413,1.0
6373650-1,7173658-2,0.5586492,0.0
6208253-3,6208253-4,0.87620956,1.0
5081500-1,5081500-2,0.56419563,1.0
4454193-1,4454193-2,0.925948,1.0
7908211-1,8259521-1,0.27663556,0.0
3796410-2,3796410-3,0.6370335,1.0
2831607-1,3747430-1,0.31440026,0.0
4159969-1,6982483-1,0.48348722,0.0
7276577-2,7276577-3,0.6067061,1.0
7527865-2,7592682-3,0.26500243,0.0
8365843-1,8365843-2,0.7734568,1.0
5219584-1,5219584-2,0.6419852,1.0
3888042-1,4003755-1,0.4008308,0.0
6933982-1,6933982-2,0.1199059,1.0
3258229-2,3258229-5,0.8682752,1.0
8391342-18,8391342-31,0.5167106,1.0
6397944-1,7244962-1,0.70137876,0.0
4357407-1,6395427-8,0.59975696,0.0
8495066-4,8495066-5,0.69444484,1.0
6482787-2,6482787-4,0.69796765,1.0
6003790-1,6003790-9,0.5526207,1.0
2610659-1,2610659-2,0.7506921,1.0
7353792-3,7353792-4,0.80254865,1.0
7681751-1,8685493-1,0.16556251,0.0
4094581-2,4094581-9,0.7175297,1.0
7399777-1,8133284-1,0.8209039,0.0
7916987-1,7916987-3,0.7097517,1.0
4290765-1,8299386-1,0.767747,0.0
7872057-5,7872057-7,0.8664617,1.0
6885689-1,6885689-2,0.55962557,1.0
4053105-2,4053105-4,0.93254703,1.0
6371506-1,6559182-1,0.6482641,0.0
2627161-1,7673093-1,0.27563047,0.0
6819293-1,8504680-1,0.2941858,0.0
6864998-1,8016748-1,0.42177358,0.0
7391092-1,8147749-1,0.48968086,0.0
4418417-1,5149601-1,0.2174986,0.0
4243476-1,4243476-2,0.5287075,1.0
7465747-3,7465747-6,0.736691,1.0
7485476-1,7485476-8,0.69558775,1.0
4053105-1,4053105-5,0.34723788,1.0
8654339-2,8654339-4,0.3691878,1.0
6531111-1,6531111-2,0.40527728,1.0
3228394-1,3228394-4,0.9582797,1.0
4301882-1,4301882-2,0.55640393,1.0
3873319-6,3873319-7,0.59817696,1.0
3213717-1,5731098-1,0.6097458,0.0
6788313-1,6788313-3,0.8054807,1.0
3421104-1,7711629-7,0.6066532,0.0
3639158-10,3639158-6,0.6188744,1.0
7808539-1,7808539-2,0.14138073,1.0
7253560-1,7253560-5,0.7625165,1.0
6604469-1,6604469-2,0.6403255,1.0
3671523-3,3835996-1,0.37057412,0.0
6831184-1,6856227-1,0.29660267,0.0
5643991-4,7294878-1,0.31829226,0.0
2628025-1,2628025-3,0.22267331,1.0
3514151-1,3514151-4,0.8087398,1.0
7981696-1,7981696-3,0.44427022,1.0
5806301-1,5806301-3,0.85942197,1.0
5629837-1,5629837-3,0.32516912,0.0
4794841-2,5745210-1,0.42793012,0.0
7872057-5,7872057-7,0.8664617,1.0
3696247-1,8322605-1,0.23331782,0.0
3697227-1,8263135-1,0.6371064,0.0
3984805-1,3984805-2,0.7459285,1.0
5912312-3,5912312-5,0.59223706,1.0
5913999-1,5913999-2,0.8071052,1.0
3785901-1,6849054-1,0.5432223,0.0
6162813-1,7275195-1,0.45893824,0.0
5533051-2,5533051-4,0.60149723,1.0
6157985-1,6157985-2,0.5974732,1.0
4678475-2,4678475-9,0.8807159,1.0
8354677-2,8354677-4,0.8620854,1.0
4095838-1,7265467-1,0.26255003,0.0
6963185-1,7386801-3,0.50827,0.0
6180387-2,6180387-4,0.4521836,1.0
5839187-1,5839187-2,0.66407686,1.0
6248870-1,6248870-4,0.9165037,1.0
3737456-1,3737456-3,0.7522634,1.0
3421104-1,7711629-7,0.6066532,0.0
8428280-5,8428280-6,0.87995565,1.0
3276790-1,3354865-1,0.25105146,0.0
3920611-5,3920611-6,0.8302696,1.0
5022516-1,5022516-4,0.5462036,1.0
8391342-2,8391342-26,0.9372215,1.0
5235655-1,5235655-2,0.8594885,1.0
8004358-1,8004358-2,0.39291626,1.0
6062732-1,6062732-3,0.5246,1.0
8611532-1,8611532-6,0.77005184,1.0
7180521-1,7180521-2,0.7530356,1.0
4372324-2,5260851-1,0.06276938,0.0
2956952-2,7700859-2,0.34071583,0.0
3806681-1,3806681-2,0.5694249,1.0
5818906-2,5818906-3,0.57870775,1.0
6567695-1,7931113-2,0.38508457,0.0
7571946-1,7571946-3,0.6473133,1.0
3467773-1,4308088-5,0.37952527,0.0
4228210-1,6392620-1,0.40895265,0.0
3935557-1,6440177-1,0.45084783,0.0
4040646-1,8107657-1,0.55363935,0.0
7775944-2,7775944-4,0.7974848,1.0
7385574-1,7385574-2,0.7591719,1.0
7220005-3,7220005-5,0.4266685,1.0
5467982-1,6440191-1,0.13138098,0.0
7599017-1,8166387-1,0.16622269,0.0
5882333-1,5882333-3,0.48064843,1.0
7992822-1,7992822-5,0.6135361,1.0
6908544-1,6908544-3,0.47877824,1.0
5479100-1,5479100-2,0.76321685,1.0
7039182-1,7039182-2,0.6301469,1.0
3479785-1,6192278-1,0.32609674,0.0
6282074-1,6282074-2,0.48791754,1.0
8133044-4,8133044-7,0.92522174,1.0
6421557-1,6421557-2,0.58645046,1.0
5980456-2,7533098-1,0.41171882,0.0
7273405-1,8254521-1,0.43810886,0.0
7752367-4,7752367-5,0.71764785,1.0
4603113-3,4603113-6,0.6223927,1.0
8104142-2,8104142-3,0.6974632,1.0
6949508-1,6949508-2,0.5318845,1.0
4345234-1,8275140-1,0.09148468,0.0
5939900-1,8255035-1,0.2754978,0.0
2747453-1,4728328-4,0.6455897,0.0
4123283-1,4123283-2,0.8550208,1.0
7336985-1,7336985-2,0.3465057,1.0
8442437-2,8442437-4,0.7430024,1.0
4418103-1,4418103-4,0.42934126,1.0
4154155-1,8387073-1,0.11875881,0.0
4604288-2,4604288-5,0.6527211,1.0
3667308-1,8647373-1,0.38876954,0.0
4136959-7,4943302-1,0.8183748,0.0
5412439-1,5412439-3,0.7734767,1.0
3083330-6,3083330-7,0.9228562,1.0
8364764-2,8364764-8,0.35301906,1.0
2627816-2,6824247-1,0.6068686,0.0
6135158-1,7568610-1,0.65394187,0.0
6332995-1,6332995-2,0.9553873,1.0
5597899-1,6018880-1,0.13678198,0.0
4934108-1,6834095-1,0.25338215,0.0
7577353-1,8501704-1,0.5263893,0.0
4215971-1,7532873-1,0.1298685,0.0
7093958-1,8607489-1,0.67380476,0.0
6531118-1,6531118-3,0.8034785,1.0
7451160-1,7451160-3,0.84345853,1.0
8162529-1,8162529-2,0.52921206,1.0
8295969-1,8544377-1,0.7391693,0.0
7489718-1,8490061-1,0.49514553,0.0
8611532-1,8611532-2,0.75434345,1.0
7322413-1,8186193-1,0.22529739,0.0
2810579-2,5965164-1,0.2563787,0.0
2559826-2,4929368-1,0.6007858,0.0
7171607-2,7171607-4,0.49632397,1.0
4054527-1,7336494-1,0.117901966,0.0
4043557-1,7585967-1,0.38238963,0.0
4813081-1,4813081-2,0.6688389,1.0
6896887-1,6896887-4,0.2168028,1.0
8077172-4,8077172-5,0.6468692,1.0
4215971-1,7532873-1,0.1298685,0.0
3614268-1,7607978-1,0.36321536,0.0
5932891-1,8324066-2,0.121965386,0.0
3209597-1,4247509-1,0.7593369,0.0
6159245-1,6159245-2,0.72729707,1.0
7337482-2,7337482-3,0.41512603,1.0
5084613-1,5084613-4,0.39921534,1.0
3345597-1,6144602-1,0.19434686,0.0
6822671-1,8343286-2,0.37771097,0.0
8383533-1,8383533-5,0.82746327,1.0
4067712-1,4660524-1,0.2774452,0.0
5298516-1,8290849-1,0.18056309,0.0
6887804-1,8450015-1,0.2093402,0.0
5506462-4,8035737-3,0.444034,0.0
4323986-1,7077340-3,0.75564206,0.0
6969380-1,8131091-1,0.65743756,0.0
7216518-1,8452834-1,0.42532027,0.0
7562854-1,7562854-2,0.7954964,1.0
7500736-1,7500736-2,0.7347905,1.0
7364491-1,7364491-5,0.559835,1.0
5588791-1,7718669-1,0.24888296,0.0
7440240-3,7440240-6,0.7572194,1.0
3503657-4,7409413-1,0.46225718,0.0
8346514-2,8346514-3,0.39595947,1.0
8079768-1,8079768-2,0.4412178,1.0
7716585-1,7716585-4,0.18903108,1.0
6601163-1,7024077-1,0.077287786,0.0
8625578-1,8625578-2,0.49894723,1.0
2629908-1,2629908-4,0.38232407,1.0
4206075-1,8069793-2,0.13153023,0.0
6745135-1,6745135-4,0.5724157,1.0
6830720-1,7013300-1,0.1693011,0.0
6426764-2,6426764-6,0.70084506,1.0
3183041-3,3183041-4,0.7403416,1.0
4823427-1,4823427-2,0.91171384,1.0
7737761-2,8578242-2,0.49979696,0.0
4722559-1,8560458-1,0.36036986,0.0
6395427-10,6395427-3,0.6750672,1.0
3851705-1,4537717-1,0.3013998,0.0
3161202-1,7674746-1,0.21681562,1.0
3920611-1,3920611-5,0.26837677,1.0
3168384-1,6965199-1,0.2762219,0.0
7505619-1,8258411-1,0.36525634,0.0
3021899-1,8422947-1,0.2620465,0.0
3637811-2,4347757-1,0.40495417,0.0
6748463-1,6748463-3,0.8278741,1.0
5358187-1,6918799-1,0.11542013,0.0
4533788-1,4533788-2,0.78118104,1.0
4830712-1,4830712-5,0.8791863,1.0
7952588-2,7952588-3,0.5746173,1.0
6907201-2,6907201-3,0.899142,1.0
4617089-1,4617089-2,0.76446193,1.0
6831242-1,6831242-2,0.60137117,1.0
5075292-1,6037806-2,0.3836916,0.0
4626628-2,6066629-1,0.1445217,0.0
4224235-1,6485883-1,0.2723733,0.0
4075213-2,4075213-5,0.10487747,0.0
3302995-1,3302995-3,0.28321138,1.0
7349802-3,7349802-4,0.20302682,1.0
5432727-2,5432727-4,0.702196,1.0
5352878-1,5352878-3,0.7680215,1.0
5991270-1,5991270-4,0.75429493,1.0
3841631-3,8699977-3,0.4943422,0.0
3350251-1,3350251-2,0.4985045,1.0
7367386-4,7367386-8,0.31186292,1.0
3065218-1,7529124-1,0.23437817,0.0
5088267-1,5088267-3,0.9342387,1.0
5382461-1,6857580-1,0.5547776,0.0
8158287-1,8158287-4,0.80139107,1.0
3219887-2,7417128-1,0.29740795,0.0
6419825-1,8489654-1,0.14133215,0.0
3673351-1,3673351-2,0.6883532,1.0
6282116-2,6282116-3,0.80296415,1.0
7168954-2,8695476-1,0.8077441,0.0
3957503-2,4157378-1,0.40290463,0.0
4808524-1,8326455-5,0.58913124,0.0
5996656-1,7053684-1,0.39012483,0.0
5337234-9,8304346-1,0.44506848,0.0
5587403-1,5641517-1,0.30668437,0.0
8047295-4,8047295-5,0.86686856,1.0
3469390-2,8683277-2,0.36644608,0.0
6852677-3,6852677-4,0.67638254,1.0
6176314-1,8202387-2,0.32497993,0.0
6371746-5,6371746-6,0.78162485,1.0
3820849-1,3820849-3,0.67136514,1.0
3199429-2,3199429-4,0.8415923,1.0
6645598-3,6645598-7,0.66361433,1.0
5898109-1,7360218-1,0.6226276,0.0
3459784-3,3459784-6,0.5216456,1.0
5851773-1,6580405-1,0.48182514,0.0
8369283-1,8369283-5,0.86910015,1.0
3212971-1,3517946-1,0.5885053,0.0
3957457-1,6048844-1,0.32897004,0.0
4644830-1,6749758-1,0.16585548,0.0
2729474-1,6558365-2,0.31928307,0.0
8554378-2,8554378-3,0.7857791,1.0
4604288-4,4604288-5,0.90938866,1.0
5414493-1,5414493-2,0.4536263,1.0
8471443-1,8471443-2,0.8985182,1.0
4943824-1,4943824-5,0.1734488,1.0
3114581-1,3114581-5,0.89147824,1.0
5215115-3,5215115-4,0.54797065,1.0
2803813-1,7325297-1,0.33374247,0.0
7216518-1,8452834-1,0.42532027,0.0
3872090-1,3872090-2,0.8375755,1.0
4676493-2,4676493-3,0.6246848,1.0
6704680-4,6946535-1,0.13406019,0.0
2880967-1,7739235-1,0.14000505,0.0
6159695-1,6159695-2,0.85032755,1.0
3119975-2,3119975-4,0.71597797,1.0
5396409-1,8586889-1,0.31194183,1.0
4094958-2,4094958-6,0.84180266,1.0
5972309-1,5972309-2,0.3498635,1.0
6370147-1,6370147-2,0.8374521,1.0
8158287-2,8158287-3,0.1954442,1.0
7676773-1,8608521-1,0.25400743,0.0
5556877-1,5556877-2,0.9193483,1.0
5634570-1,7524921-1,0.16158174,0.0
4173947-1,6942751-1,0.31317496,0.0
8017932-12,8017932-4,0.6987313,1.0
4540525-1,7790320-1,0.34842256,0.0
5294926-1,8077048-6,0.061491977,0.0
2803806-1,3212924-1,0.21774605,0.0
5417264-2,5429124-1,0.5691483,1.0
3713594-1,4533563-1,0.76501775,0.0
8296715-1,8296715-2,0.43234366,1.0
5331254-1,5331254-2,0.5375837,1.0
3685644-1,8155807-1,0.3988457,0.0
4689080-1,6929121-5,0.26729783,0.0
7364491-1,7364491-5,0.559835,1.0
5715253-1,8257447-1,0.45175385,1.0
5346454-10,8497279-1,0.24791147,0.0
6259073-1,8253333-1,0.3874707,0.0
8527556-1,8527556-3,0.7808416,1.0
3180835-1,3180835-2,0.6611598,1.0
3288501-1,4154885-2,0.49190763,0.0
5332170-1,5332170-2,0.30504307,1.0
4297807-1,4297807-2,0.4265454,1.0
7383746-2,7383746-8,0.92468125,1.0
2958503-1,3624739-1,0.20242965,0.0
3302995-1,3302995-3,0.28321138,1.0
4075213-2,4075213-5,0.10487747,0.0
8516557-1,8516557-2,0.9431789,1.0
7574058-2,8362535-1,0.44639695,0.0
4515470-1,6023324-3,0.36612594,0.0
4976414-1,6610913-1,0.5693202,0.0
4750307-5,4750307-7,0.69573194,1.0
3467448-1,7049895-2,0.38389426,0.0
6813687-1,7443679-1,0.055913184,0.0
6582561-1,6582561-2,0.60760516,1.0
7448144-1,7543098-1,0.31511888,0.0
2518134-3,2518134-6,0.59121907,1.0
7695266-4,7695266-5,0.8362646,1.0
2766887-1,4114584-1,0.81862825,1.0
7669359-1,7669359-3,0.88126576,1.0
5589503-1,8405313-1,0.637664,0.0
2997097-1,4763653-1,0.106123865,0.0
6360730-1,6360730-2,0.7360982,1.0
6261092-1,6306630-1,0.525369,0.0
7700296-3,7700296-6,0.80452466,1.0
6158768-1,7653271-1,0.8238948,0.0
5364769-1,5364769-2,0.4470031,1.0
4170659-1,4170659-4,0.9377045,1.0
3173382-1,5682640-1,0.32397997,0.0
4877746-1,4877746-2,0.45599428,1.0
3633290-1,7923707-1,0.23974673,0.0
7311546-12,7311546-3,0.7135242,1.0
7313569-1,7313569-2,0.62010086,1.0
5480074-1,6369391-1,0.28846478,0.0
5854745-5,5854745-6,0.8633281,1.0
7891910-1,8176117-2,0.3590509,0.0
6205782-1,7023760-1,0.30010265,0.0
8391342-1,8391342-19,0.7867159,1.0
4682019-1,6366372-1,0.59238374,0.0
5757412-1,8240573-1,0.44564867,0.0
4417130-1,7852429-1,0.2408159,0.0
6897378-1,6897378-2,0.78277856,1.0
4379642-1,4551368-1,0.13655807,0.0
6020962-1,8202535-3,0.10104082,0.0
6347353-2,6347353-3,0.50144106,0.0
4173238-2,4173238-3,0.58056396,1.0
4275753-1,8350112-1,0.8976792,0.0
6446568-1,6446568-4,0.50119275,1.0
4829397-1,8089452-1,0.34011006,0.0
5835303-1,6514478-1,0.2729696,0.0
5043255-4,5043255-5,0.5991062,1.0
4782403-2,8670129-1,0.59457165,0.0
3909847-1,8162139-1,0.39874724,0.0
5791447-1,6768263-1,0.087892205,0.0
4857828-1,5880256-2,0.38671637,0.0
8515780-1,8515780-2,0.78024054,1.0
6664587-1,7303870-2,0.41008556,0.0
5688745-1,7228786-1,0.4440808,0.0
8190610-1,8190610-3,0.516717,1.0
6713375-1,7834037-1,0.1998172,0.0
4637517-1,7575315-1,0.10316419,0.0
3355351-2,3355351-5,0.42426184,1.0
3896650-1,4085913-1,0.28839335,0.0
8075677-1,8425027-1,0.53798425,0.0
3263472-2,3263472-3,0.8263155,1.0
4436496-2,4436496-3,0.70201546,1.0
4782467-1,4782467-2,0.78435606,1.0
3420403-1,4584027-1,0.07529893,0.0
4094743-3,4094743-4,0.8451056,1.0
8189301-1,8477820-1,0.36898652,0.0
7336985-1,7336985-2,0.3465057,1.0
3143099-1,3541200-1,0.09569621,0.0
3423035-1,5113927-6,0.1803969,0.0
8162322-4,8162322-5,0.8298223,1.0
3376880-1,4772568-1,0.40821385,0.0
4357406-1,5642814-1,0.5956103,0.0
3072064-2,6489369-1,0.4923686,0.0
2829594-1,8115194-1,0.120563954,0.0
3517965-1,5358156-1,0.5128664,0.0
7394590-2,7394590-3,0.35276386,1.0
6453618-1,6453618-2,0.46810123,1.0
8623195-1,8623195-4,0.43773043,1.0
6501228-1,7304265-1,0.5997879,0.0
6230342-1,8365009-1,0.18851775,0.0
5077241-3,5077241-5,0.6702214,1.0
7793119-1,8624929-1,0.22269404,0.0
4297807-1,4297807-2,0.4265454,1.0
4390182-1,4390182-2,0.32910314,1.0
5930829-1,5930829-2,0.41822004,1.0
8428511-2,8428511-4,0.45230824,1.0
6881513-2,7749946-1,0.23540844,0.0
3590704-1,3590704-2,0.42387545,1.0
7990443-5,7990443-6,0.9259679,1.0
4676377-1,6738241-1,0.43091956,0.0
4000642-2,4000642-3,0.83203936,1.0
3583109-1,8133087-1,0.40984902,0.0
5234427-1,8441517-2,0.35509485,0.0
6974749-1,6974749-4,0.62038565,1.0
4268616-1,8709556-8,0.2168386,0.0
4626627-1,4626627-2,0.8283472,1.0
4439748-1,7213836-1,0.29743454,0.0
2892662-1,7255555-1,0.30903414,0.0
8515780-1,8515780-2,0.78024054,1.0
3913202-1,8110285-1,0.56481534,0.0
6134648-1,8312767-1,0.7334198,0.0
4676252-2,4676252-3,0.96573246,1.0
5134821-1,5134821-3,0.537299,0.0
7872057-2,7872057-6,0.46139807,1.0
5932872-1,5932872-2,0.84001887,1.0
3836937-1,4369927-1,0.5848628,0.0
3115888-1,7522847-2,0.3491548,0.0
3198616-2,3198616-6,0.3170193,1.0
8411760-1,8411760-4,0.733342,1.0
5603086-1,5603086-2,0.82519704,1.0
3132318-1,6406201-1,0.1331129,0.0
2567322-2,2567322-4,0.79520226,1.0
5537315-3,5846939-1,0.5664503,0.0
4091000-1,6395019-1,0.46318427,0.0
5610665-1,8628230-1,0.6563602,0.0
7604707-2,8567533-1,0.20293212,0.0
3467773-1,4308088-5,0.37952527,0.0
3178776-1,6210665-1,0.36045894,0.0
4383130-1,4651644-1,0.2708723,0.0
2803854-1,4799239-1,0.06847556,0.0
8455221-2,8455221-4,0.50438315,1.0
3438302-1,7872596-1,0.29234204,0.0
4037410-1,7852333-1,0.44949317,0.0
3860072-1,6006788-1,0.18750802,0.0
8504030-2,8504030-5,0.8907899,1.0
3677972-1,4686639-1,0.35113996,0.0
2963128-1,8457971-2,0.34484273,0.0
3293089-1,3293089-2,0.58109725,1.0
4771872-1,8285516-1,0.39006513,0.0
5532934-1,6788114-1,0.24631952,0.0
6124800-1,7053798-2,0.23827194,0.0
5010550-1,8020180-1,0.19544575,0.0
6311956-3,6996467-1,0.58781344,0.0
7372620-2,7372620-3,0.5556099,1.0
6118281-1,6118281-3,0.6838944,1.0
6595694-1,6826334-1,0.41215092,0.0
3996884-1,3996884-2,0.4412713,1.0
5642131-12,5642131-3,0.3507809,1.0
8386154-1,8386154-11,0.6487636,1.0
2994355-1,7500196-1,0.4704402,0.0
4555936-1,6823590-1,0.09689932,0.0
6290221-1,8614051-1,0.13237317,0.0
3835463-4,3835463-5,0.4624929,1.0
7574058-2,8362535-1,0.44639695,0.0
4253766-1,4353793-1,0.18661757,0.0
3380669-1,3380669-5,0.2939462,1.0
5366995-3,7067576-1,0.3324714,0.0
3747622-1,6174779-2,0.15975538,0.0
6035448-1,6035448-3,0.37682888,1.0
7665777-2,7665777-8,0.90551525,1.0
7597792-1,7597792-2,0.7230083,1.0
3820849-1,3820849-3,0.67136514,1.0
8103283-3,8103283-5,0.30173317,1.0
7711629-4,7711629-8,0.43358985,1.0
7012558-1,7012558-3,0.55221754,1.0
5642873-1,6026882-5,0.0825047,0.0
7867306-2,7867306-4,0.73588526,1.0
5818707-1,6343251-1,0.26042554,0.0
3072501-1,3072501-2,0.79181427,1.0
7367386-1,7367386-10,0.556932,1.0
4209267-1,4209267-5,0.6157648,1.0
8455660-2,8455660-3,0.6092944,1.0
3673848-1,3673848-2,0.4256716,1.0
4121941-1,5502345-1,0.55429876,0.0
8094930-1,8179788-1,0.09789845,0.0
2904264-1,7294531-1,0.41611895,0.0
3891165-1,4273471-1,0.4895249,0.0
4483619-1,4483619-3,0.31321496,1.0
6547447-4,8330607-1,0.34354833,0.0
5263879-2,5263879-4,0.7993705,1.0
6858974-2,7891907-4,0.3262613,0.0
8383623-3,8383623-4,0.37969705,1.0
2694645-1,3665140-1,0.23494731,0.0
4523925-1,6914952-1,0.404037,0.0
4109169-1,8225958-1,0.46461558,0.0
6919333-2,7262721-1,0.23204163,0.0
4522451-2,6245774-1,0.40044126,0.0
6264985-3,6264985-6,0.48295984,1.0
2749185-1,2749185-2,0.71197784,1.0
7757713-1,7757713-3,0.4026815,1.0
3175454-1,3175454-2,0.6954951,1.0
7042143-1,7042143-4,0.5022006,1.0
5438834-1,8214399-1,0.52868205,0.0
7556097-2,7760420-1,0.5876634,0.0
4421974-10,4421974-9,0.61506313,1.0
3523596-1,6157096-1,0.38131556,0.0
2684709-1,8203085-1,0.23795062,0.0
8716159-1,8716159-2,0.85239697,1.0
5371602-1,6085926-1,0.49505302,0.0
5084613-3,8231303-2,0.6939649,0.0
2483705-1,7360229-1,0.10451155,0.0
5943729-6,5943729-9,0.83370155,1.0
7238787-1,7238787-4,0.9125266,1.0
8611532-1,8611532-3,0.5399033,1.0
4659948-1,5834851-1,0.28595674,0.0
5965133-1,5965133-3,0.6641546,1.0
6417333-1,6417333-3,0.85651827,1.0
8709957-1,8709957-2,0.6721715,1.0
7674568-1,7674568-2,0.2318911,1.0
7829973-1,7829973-3,0.61084366,1.0
3696307-3,3696307-4,0.94888836,1.0
6482601-2,7827464-1,0.7556844,0.0
5307848-2,5499781-1,0.18357366,0.0
3853903-1,3853903-3,0.8387631,1.0
3931215-1,5121548-1,0.12482371,0.0
6426764-5,6426764-6,0.8320694,1.0
3183319-3,3183319-5,0.16966651,1.0
5358236-1,6421649-1,0.24292746,0.0
5671544-1,5671544-3,0.7748954,1.0
3955786-1,6652011-1,0.2006776,0.0
7276580-2,7276580-3,0.68247414,1.0
3667307-4,5864518-1,0.39275396,0.0
3008697-3,7337020-1,0.6300028,0.0
2174438-1,2816289-1,0.08632993,0.0
7992912-1,8388796-7,0.67265326,0.0
3835991-1,7607050-1,0.23997869,0.0
2957640-2,4776369-1,0.60084516,0.0
8440084-1,8440084-4,0.69587946,1.0
5144530-2,5144530-4,0.8008615,1.0
6236112-2,6236112-8,0.7883256,1.0
5234294-1,5234294-2,0.60469973,1.0
7890704-1,7890704-5,0.45089495,1.0
3573018-1,4824360-1,0.44167486,0.0
7850398-1,7850398-2,0.085198775,1.0
4362603-1,6968790-1,0.33580077,0.0
2931397-1,8360259-2,0.14815824,0.0
8083887-1,8083887-2,0.6471174,1.0
3590353-1,5409948-1,0.10938773,0.0
6379532-1,7044468-1,0.32577753,0.0
5639452-1,8532189-1,0.08218882,0.0
4549539-1,7535648-1,0.22403379,0.0
4804666-1,7508131-1,0.13097084,0.0
7439666-1,7439666-3,0.789115,1.0
4304151-1,6530031-1,0.45159876,0.0
8700032-2,8700032-5,0.58275914,1.0
7963407-1,7963407-2,0.79616463,1.0
3461007-1,3461007-3,0.5071726,1.0
3737456-1,3737456-3,0.7522634,1.0
4134554-1,4273586-1,0.36909756,0.0
3200155-1,7771195-1,0.28440517,0.0
3097756-1,4568619-1,0.6605449,0.0
4603009-2,7396112-1,0.356578,0.0
4359501-1,7239988-1,0.7869903,0.0
2841809-1,7415228-1,0.11983827,0.0
4793788-1,8648134-1,0.123502344,0.0
4868816-1,8171351-1,0.43888158,0.0
7036117-1,8573490-1,0.32406232,0.0
5075292-1,6037806-2,0.3836916,0.0
5353908-1,8178127-1,0.15690695,0.0
2800875-1,2800875-2,0.9559895,1.0
7059724-1,7769722-1,0.6663415,0.0
7314844-4,7314844-6,0.86509275,1.0
6177071-1,6177071-3,0.77364326,1.0
3159320-1,8250451-1,0.22454338,0.0
5398111-1,7265705-1,0.20087378,0.0
6552571-2,6552571-3,0.9194548,1.0
6601163-1,7024077-1,0.077287786,0.0
3190012-1,6485866-1,0.056337282,0.0
2908797-1,8004176-8,0.17482527,0.0
4898933-3,5215194-1,0.114493035,0.0
2840962-1,3934617-1,0.23226416,0.0
3574999-5,3574999-7,0.84443396,1.0
6284393-4,6284393-5,0.961954,1.0
4331468-2,6516004-1,0.31914172,0.0
5538244-1,8078440-1,0.28449717,0.0
7649476-3,7769750-1,0.103476904,0.0
8067258-1,8067258-4,0.8999296,1.0
7077940-1,7360258-1,0.5068409,0.0
4391172-1,4391172-2,0.74397,1.0
5604111-1,6109563-1,0.4475536,0.0
4251822-1,8415779-1,0.14855066,0.0
6822671-1,8343286-2,0.37771097,0.0
3594901-1,7513476-4,0.15239549,0.0
6724307-1,7330014-1,0.09670028,0.0
6360730-1,6360730-2,0.7360982,1.0
3418017-1,5047879-1,0.31435567,0.0
3931271-1,5396424-1,0.35360327,0.0
1906806-2,1906806-6,0.70907915,1.0
4257951-2,4257951-5,0.71535414,1.0
6743382-3,8237764-1,0.57786775,0.0
8273519-1,8273519-3,0.67330885,1.0
5088267-1,5088267-2,0.4571015,1.0
4604284-1,7384493-1,0.13090861,0.0
7571946-1,7571946-3,0.6473133,1.0
6199400-1,6199400-2,0.8100536,1.0
7584985-1,7584985-2,0.7243184,1.0
4898338-1,5408541-1,0.16937792,0.0
8248082-1,8248082-4,0.84219265,1.0
8017932-4,8017932-6,0.6463687,1.0
7722336-1,7722336-4,0.856009,1.0
3378439-1,4980826-1,0.2545383,0.0
4748557-3,4748557-4,0.8364752,1.0
4812219-2,7327389-1,0.32722387,0.0
8709556-5,8709556-7,0.69701153,1.0
7199476-1,7654201-1,0.06146701,0.0
6952478-1,8159654-1,0.47747687,0.0
5823629-3,8168005-1,0.4651536,1.0
2631534-2,2631534-4,0.35154533,1.0
3276904-1,3752620-1,0.10716446,0.0
2726128-7,6996578-1,0.94128895,0.0
3087232-1,7385614-3,0.12192576,0.0
7796768-2,7796768-4,0.5552911,1.0
6263613-1,6536236-1,0.14779413,0.0
2526450-1,4604288-3,0.52684987,0.0
8393241-8,8393241-9,0.90412635,1.0
4313486-2,4313486-4,0.9491893,1.0
4414950-1,4603812-1,0.12942988,0.0
3994706-1,6813375-1,0.45614162,0.0
5088671-1,5088671-2,0.4464296,1.0
6712609-3,6712609-6,0.9557911,1.0
4137507-1,7998388-3,0.25060773,0.0
5417292-1,7059473-1,0.21872224,0.0
3491216-2,5477346-1,0.8868246,0.0
5156879-1,5156879-2,0.4667721,1.0
3441207-1,4904610-1,0.12712052,0.0
2526494-1,6464482-1,0.845964,0.0
8432127-1,8432127-3,0.8804045,1.0
2815756-5,2815756-6,0.59202427,1.0
4054527-1,7336494-1,0.117901966,0.0
3728555-1,4586434-5,0.20442055,0.0
7367386-10,7367386-7,0.85049963,1.0
4762988-2,4762988-3,0.87231225,1.0
4260503-1,8169091-1,0.18723081,0.0
5337234-4,5337234-5,0.20897079,1.0
8611606-11,8611606-4,0.6075713,1.0
6004815-1,6004815-3,0.34390256,1.0
8004176-1,8004176-3,0.93959403,1.0
eir personal data.\nConclusion: Appearances are often deceptive” is a popular proverb that emphasises the importance of analysing things thoroughly before arriving at a conclusion. Silent calculus presenting at the tip of glans is an extremely rare entity. High index of suspicion is hence required to rule out this uncommon presentation.\nBackground: Transfusion of blood and blood products which is considered as lifesaving modality, to evaluate the trends over the years Jan 2015- July 2019.\nMethods: Blood units collected from all eligible blood donors who donated Whole Blood were subjected to mandatory screening by ELISA for antibodies to HCV. Data was retrieved from Jan 2015- July 2019 and total number of donors who were reactive for anti-HCV was noted. Descriptive statistics was used to estimate prevalence.\nResults: Out of 54991 blood donor samples screened,0.49501088,1.0
7013118-1,8369553-1,0.13698868,0.0
3741472-1,8634112-1,0.4804646,0.0
3108944-1,4962887-1,0.1492815,0.0
7237229-2,7237229-4,0.52415437,1.0
3214811-1,6215988-1,0.28303742,0.0
6743382-2,6743382-3,0.8543132,1.0
3313757-1,4857866-1,0.35543475,0.0
4447152-1,4447152-2,0.6830994,1.0
4857304-1,4857304-2,0.384164,1.0
4750307-1,4750307-2,0.9426,1.0
4812219-2,7327389-1,0.32722387,0.0
6796738-1,6796738-2,0.4311886,1.0
5988756-10,5988756-2,0.6218935,1.0
4278097-1,4278097-2,0.8787579,1.0
2789959-1,5370478-1,0.25601226,0.0
4722546-1,5852841-1,0.42294797,0.0
3141725-1,546198-2,0.12544772,0.0
5124705-1,5124705-3,0.4132608,1.0
3108944-1,4962887-1,0.1492815,0.0
3842732-1,5441140-1,0.26989102,0.0
6915050-1,7739021-1,0.26128978,0.0
6024067-1,8155124-1,0.12395625,0.0
6446032-1,6446032-2,0.298168,1.0
7497165-1,8577476-1,0.34806213,0.0
2876834-1,2876834-3,0.41201842,1.0
4998851-2,4998851-7,0.7292174,1.0
4463788-1,5750497-1,0.11823277,0.0
3017876-2,3017876-4,0.33017734,1.0
8386154-1,8386154-7,0.70567805,1.0
7683200-2,7683200-3,0.7844071,1.0
3500990-1,3500990-2,0.6886475,1.0
5347305-1,6736565-1,0.46844536,1.0
7286403-5,7286403-6,0.6795156,1.0
4612477-1,6984416-1,0.5796767,0.0
3878479-1,3878479-3,0.33319458,1.0
2628025-1,2628025-3,0.22267331,1.0
3877481-1,8284719-1,0.35659543,0.0
8039304-1,8715555-1,0.10111729,0.0
3920673-4,3920673-5,0.6192403,1.0
5815714-2,5815714-5,0.5444149,1.0
6043705-1,6257738-2,0.6236994,0.0
4245924-7,8122203-1,0.5225229,0.0
4700638-12,4700638-6,0.8855225,1.0
7328963-2,7328963-3,0.78420424,1.0
3242024-1,4014139-1,0.4571907,0.0
7752367-4,7752367-5,0.71764785,1.0
8471443-1,8471443-2,0.8985182,1.0
8625578-1,8625578-2,0.49894723,1.0
5137971-2,5137971-7,0.8559022,1.0
8504030-1,8504030-7,0.12763253,1.0
4465165-1,4465165-8,0.35169694,1.0
4209027-1,4209027-3,0.46728992,1.0
4086582-1,4086582-2,0.82128227,1.0
4922238-1,6475703-1,0.3849223,0.0
3751073-1,5578588-1,0.5208687,0.0
4302555-1,7372392-1,0.70838904,0.0
5611870-1,8383637-2,0.12585227,0.0
6492330-1,6826083-1,0.22426432,0.0
4845624-1,4845624-2,0.78941566,1.0
5154232-1,5154232-2,0.29589424,1.0
4804400-2,4804400-3,0.7647395,1.0
8155422-1,8155422-4,0.4984991,1.0
8391342-15,8391342-32,0.556624,1.0
6077891-1,8371419-1,0.14480436,0.0
6920394-1,7924091-1,0.118664004,0.0
5043170-4,5448299-1,0.27121133,0.0
3081564-1,8720848-1,0.6042352,0.0
8406563-2,8406563-3,0.62933534,1.0
5458002-1,7989778-1,0.3799081,0.0
4214487-1,5498975-1,0.27016342,0.0
3546445-1,7545050-1,0.379976,0.0
3922398-1,6100339-1,0.8925703,0.0
3307469-1,5745729-1,0.53077143,0.0
7598844-2,7598844-3,0.80433667,1.0
8352886-3,8352886-4,0.73465943,1.0
6332555-1,6332555-6,0.49101964,1.0
6477962-1,6477962-3,0.9034565,1.0
7587992-5,7587992-8,0.6574777,1.0
5662964-1,5662964-3,0.66064936,1.0
3700161-1,4354087-1,0.17568754,0.0
4013344-2,4013344-3,0.6725523,1.0
6081802-1,7321742-1,0.22189963,0.0
5959389-1,6334889-1,0.8507007,0.0
7737761-2,8578242-2,0.49979696,0.0
4302550-2,4789036-1,0.5279101,0.0
5364769-1,5364769-2,0.4470031,1.0
3438266-1,6100443-1,0.1487857,0.0
5432734-1,5674715-1,0.71027774,0.0
5434259-1,7511512-1,0.16086654,0.0
5223753-1,6716683-1,0.42517903,0.0
4771872-1,8285516-1,0.39006513,0.0
8464303-3,8464303-4,0.904776,1.0
6370147-1,7330935-1,0.30922976,0.0
3514151-1,3514151-4,0.8087398,1.0
3447179-5,7492561-1,0.5738437,0.0
4995784-1,8519668-1,0.16912355,0.0
3275535-2,3275535-3,0.7515389,1.0
7385574-1,7385574-2,0.7591719,1.0
8501810-1,8501810-2,0.71605957,1.0
7443826-2,7443826-8,0.7332839,1.0
7781038-2,7781038-3,0.7308492,1.0
5307848-2,5499781-1,0.18357366,0.0
6217881-1,6217881-4,0.7057304,1.0
3198484-2,3198484-4,0.33568266,1.0
6372864-3,6507051-1,0.29340792,0.0
2803854-1,4799239-1,0.06847556,0.0
7567324-1,7567324-2,0.543548,1.0
7132571-1,7132571-2,0.8165502,1.0
3878860-1,4488522-1,0.43582433,0.0
8077172-2,8077172-21,0.6499546,1.0
6713375-1,7834037-1,0.1998172,0.0
5899771-2,5899771-3,0.9595623,1.0
7110062-1,7110062-2,0.83801836,1.0
4001432-1,4001432-2,0.51648754,1.0
4196524-1,4196524-2,0.51000464,1.0
4732258-1,8515538-4,0.1921704,0.0
5765119-4,5765119-6,0.91558117,1.0
6873498-1,7912834-1,0.30292252,0.0
6600498-2,6600498-3,0.9036564,1.0
2628085-1,2628085-7,0.6839386,1.0
5682741-2,5682741-5,0.670813,1.0
7665777-10,7665777-4,0.8278164,1.0
6379998-1,7396112-1,0.56741095,0.0
3350195-1,5736504-1,0.25259864,0.0
2913817-1,2913817-2,0.66852456,1.0
2559824-1,5061665-1,0.25989905,0.0
7265469-1,7522133-1,0.24987018,0.0
6149306-1,6149306-3,0.72039706,1.0
7427972-1,7427972-2,0.8684048,1.0
3872241-1,3934774-1,0.7449464,0.0
549606-1,549606-3,0.37549683,1.0
2628089-1,3977455-2,0.67704034,0.0
4852783-2,4852783-5,0.7789138,1.0
6852677-3,6852677-4,0.67638254,1.0
3918532-1,3918532-2,0.82031703,1.0
5803709-5,6945574-1,0.37466776,0.0
8494175-1,8494175-2,0.29393458,1.0
5759668-1,5787680-1,0.4664514,0.0
6825492-1,7033924-1,0.22240418,0.0
6506424-2,8215346-1,0.77249765,0.0
8411108-1,8411108-3,0.29897508,1.0
5643991-4,7294878-1,0.31829226,0.0
3429833-1,8141523-1,0.2260012,0.0
4377453-1,4377453-2,0.84912866,1.0
4212299-1,6951019-1,0.5897983,0.0
6682377-1,7477153-1,0.4125793,0.0
3491339-3,3491339-4,0.7023085,1.0
7392355-1,7392355-2,0.59175265,1.0
7721074-5,7721074-6,0.20327683,1.0
7983582-1,8281416-1,0.14845031,0.0
5024452-1,8287711-4,0.18901178,0.0
3052469-1,8101505-1,0.34154123,0.0
6897378-1,6897378-2,0.78277856,1.0
2092435-1,8138395-2,0.18721525,0.0
3957970-1,7526470-1,0.17908573,0.0
3665217-1,4939210-1,0.4264413,0.0
7331860-2,7331860-3,0.8300552,1.0
7648307-1,7993427-1,0.22790508,0.0
5875408-1,6659587-2,0.59069973,0.0
5330051-1,6264594-1,0.88456327,0.0
4877771-1,4877771-4,0.89262223,1.0
4336678-3,4336678-4,0.22944945,1.0
5055948-1,5055948-3,0.7466943,1.0
3653244-1,4898119-1,0.31368858,0.0
4229772-1,6648213-2,0.16875073,0.0
3996636-1,3996636-3,0.81425816,1.0
2988810-3,2988810-8,0.8748214,1.0
7829973-2,7829973-3,0.49041998,1.0
8603360-1,8603360-4,0.27124885,1.0
4081296-2,8694163-1,0.7426252,0.0
7850398-1,7850398-2,0.085198775,1.0
6317215-1,6317215-2,0.6094702,1.0
4780201-1,5799620-1,0.8295126,0.0
4054591-1,4054591-2,0.7520032,1.0
1906806-1,1906806-5,0.63912576,1.0
8207254-1,8207254-3,0.84044206,1.0
5682741-2,5682741-5,0.670813,1.0
2526450-1,4604288-3,0.52684987,0.0
2740025-4,2740025-5,0.94111586,1.0
2631594-1,2700442-1,0.48516613,0.0
3467773-1,4308088-5,0.37952527,0.0
7981707-1,7981707-5,0.32729217,1.0
3364654-1,3999575-1,0.11750255,0.0
4845488-1,8102130-1,0.5896519,0.0
5137971-4,5137971-9,0.72052056,1.0
5043358-1,8554727-1,0.24507104,0.0
4027716-1,4027716-2,0.696583,1.0
4452865-1,4452865-2,0.88911664,1.0
8531269-1,8531269-2,0.8368686,1.0
6374803-1,7713019-1,0.20298322,0.0
3854106-1,3854106-2,0.17773719,1.0
7871073-1,8267720-1,0.4569374,0.0
5435833-2,5435833-4,0.36623788,1.0
8162322-4,8162322-5,0.8298223,1.0
4075213-3,4075213-5,0.798824,1.0
3957503-2,4157378-1,0.40290463,0.0
8460487-2,8460487-5,0.3767695,1.0
7008795-2,7008795-3,0.48837024,1.0
2882553-1,3590512-1,0.16371211,0.0
6306110-1,7829719-1,0.18965574,0.0
3198627-1,5899006-1,0.22437397,0.0
6896594-1,6896594-4,0.5274167,1.0
3957503-1,3957503-2,0.6296397,1.0
6617653-1,7034466-2,0.1379321,0.0
4722559-1,8560458-1,0.36036986,0.0
6447420-1,6447420-2,0.88134956,1.0
4532076-2,4532076-3,0.35634443,1.0
4123504-3,4123504-4,0.25014105,1.0
7385574-1,7385574-2,0.7591719,1.0
8460487-2,8460487-5,0.3767695,1.0
5319513-1,5319513-2,0.91612417,1.0
5234427-1,8441517-2,0.35509485,0.0
8133044-1,8133044-8,0.85260624,1.0
6282074-1,6282074-2,0.48791754,1.0
4333364-1,4946240-1,0.6461451,0.0
4253700-1,4778215-1,0.57322043,1.0
5996661-3,5996661-4,0.49463457,1.0
6444229-1,7549992-1,0.13211033,0.0
8244683-1,8244683-2,0.4689989,1.0
3915190-2,5383748-1,0.15317938,0.0
5494519-1,5494519-3,0.8026816,1.0
3177918-4,3177918-5,0.5493754,1.0
3726924-2,3726924-3,0.67641765,1.0
6020495-1,8688679-1,0.17975573,0.0
5709011-1,5709011-2,0.86490035,1.0
7253536-1,7253536-2,0.7887116,1.0
4286787-1,6839322-1,0.3529398,0.0
4969854-1,8400463-1,0.24166466,0.0
5698993-1,7285567-1,0.12307577,0.0
6080441-1,8403500-1,0.08918018,0.0
6382493-1,6382493-3,0.67475057,1.0
5088267-1,5088267-2,0.4571015,1.0
5846181-1,5846181-6,0.4123568,1.0
7609214-1,7609214-2,0.37923518,1.0
3635147-1,6439376-1,0.39304578,0.0
4216332-1,5496301-2,0.3654818,0.0
4711341-1,4711341-2,0.78433526,1.0
3702654-3,7476338-2,0.46156645,0.0
2241629-1,6108451-1,0.4003408,0.0
6147009-1,7768578-1,0.36995137,0.0
2531126-1,7850656-1,0.36797833,0.0
4295338-1,8650131-1,0.47015542,0.0
8078628-1,8078628-2,0.76929003,1.0
5587403-1,5641517-1,0.30668437,0.0
3017876-1,3017876-4,0.9153433,1.0
7841271-1,7841271-2,0.7055973,1.0
7337025-2,7337025-3,0.7118294,1.0
7053655-1,7053655-7,0.68004733,1.0
5685865-1,5685865-2,0.68242556,1.0
8391342-1,8391342-2,0.8927822,1.0
3881444-1,8135628-1,0.6378461,0.0
4693019-1,6967053-1,0.76879823,0.0
6215614-1,8204692-2,0.212993,0.0
5914151-1,5914151-2,0.52642936,1.0
6858974-1,6858974-3,0.54357713,1.0
4665860-1,4665860-3,0.48891184,1.0
7609899-4,7609899-5,0.71014625,1.0
7561635-1,7847093-4,0.20867379,0.0
2821651-2,2821651-3,0.8008504,1.0
5329676-2,7175762-2,0.17402463,0.0
6501228-1,7304265-1,0.5997879,0.0
5057447-1,5057447-4,0.23431414,1.0
3580346-2,3580346-4,0.8752553,1.0
4253700-1,4778215-1,0.57322043,1.0
3261412-1,7714748-1,0.10668473,0.0
5465520-1,8270060-1,0.24684228,0.0
6667806-2,8696182-2,0.46302986,0.0
5025422-1,5025422-4,0.6973978,1.0
8244683-1,8244683-2,0.4689989,1.0
5760868-1,5865279-7,0.6375162,0.0
3683433-1,5763052-1,0.6584591,0.0
3335817-2,3335817-3,0.49342775,1.0
5346846-1,7044482-1,0.1877706,0.0
6911275-1,6911275-3,0.58648884,1.0
5353837-1,8281404-3,0.62460005,0.0
6906734-1,8123259-1,0.38079774,0.0
4737841-1,4737841-2,0.6682304,1.0
7163239-4,7365035-1,0.41712207,0.0
2880967-1,7739235-1,0.14000505,0.0
5502322-1,6911275-1,0.25665665,0.0
3555570-3,3555570-4,0.5266878,1.0
7675634-2,7675634-3,0.30417597,1.0
4993416-2,8445045-1,0.28886634,0.0
5221483-1,5221483-2,0.5224725,1.0
3407696-2,3407696-5,0.88087684,1.0
8105452-1,8105452-2,0.37643948,1.0
7511846-4,7511846-5,0.6397876,1.0
8214417-1,8214417-2,0.24109359,1.0
4929394-1,6293130-1,0.24302779,0.0
5506462-4,8035737-3,0.444034,0.0
6526982-3,6526982-9,0.4591709,1.0
7465747-3,7465747-6,0.736691,1.0
5725403-1,5725403-2,0.4642238,1.0
6176314-1,8202387-2,0.32497993,0.0
4649734-2,4649734-3,0.8437539,1.0
3491234-1,4495850-1,0.2920151,0.0
4393936-1,7970702-1,0.11881868,0.0
3209597-1,4247509-1,0.7593369,0.0
4429945-1,4429945-2,0.57269,1.0
7656017-1,7773524-1,0.8598963,0.0
4077557-3,4077557-5,0.6262863,1.0
2908355-1,7576745-1,0.37021625,0.0
3918532-1,3918532-2,0.82031703,1.0
3514939-1,5930228-1,0.42730975,0.0
5819108-10,5819108-9,0.8760172,1.0
4904610-3,7387583-1,0.61431366,0.0
6327820-1,6327820-2,0.7504113,1.0
4253754-1,5790922-1,0.11949699,0.0
5627466-1,6362872-1,0.08975607,0.0
3423044-1,3423044-2,0.54175884,1.0
4355643-1,4635580-1,0.7189343,1.0
5947929-1,8667288-1,0.3116314,0.0
7008651-1,8405368-1,0.36589283,0.0
6299528-4,6299528-9,0.9059753,1.0
4700638-5,4700638-6,0.7049911,0.0
2169208-1,4173535-1,0.32435337,0.0
8179970-1,8179970-3,0.5538193,1.0
5493463-1,6974419-1,0.23887284,0.0
4691467-1,7523289-1,0.26716974,0.0
5674454-1,5674454-2,0.48633224,1.0
6712628-1,6735318-1,0.36269426,0.0
6178332-2,6178332-5,0.6323429,1.0
5704783-1,5704783-2,0.30059093,1.0
6324859-8,6324859-9,0.84368217,1.0
3952613-1,7590457-1,0.11669988,0.0
4593990-1,4593990-3,0.46014267,1.0
4194376-1,7402798-1,0.060343668,0.0
6645598-3,6645598-7,0.66361433,1.0
7240659-1,8611763-1,0.5764314,0.0
8577550-2,8577550-3,0.70666903,1.0
4837780-1,5921307-1,0.49070743,0.0
3232486-1,7364406-1,0.13525756,0.0
8628278-3,8628278-5,0.8466131,1.0
4862072-1,7656018-1,0.4420618,0.0
7872057-5,7872057-7,0.8664617,1.0
3726924-2,3726924-3,0.67641765,1.0
6129370-2,6129370-3,0.33977407,1.0
6210852-3,6210852-4,0.3883436,1.0
2627235-1,7220086-1,0.30170476,0.0
4373052-1,8381448-1,0.23565316,0.0
4812083-1,4812083-2,0.81615376,1.0
5728004-1,8542118-1,0.16525455,0.0
6820961-1,7674746-1,0.096620515,0.0
3913202-1,8110285-1,0.56481534,0.0
4095838-1,7265467-1,0.26255003,0.0
7959652-1,8136327-1,0.35704702,0.0
5216238-1,8393765-1,0.1601043,0.0
2803813-1,7325297-1,0.33374247,0.0
5512414-1,5832401-1,0.3450639,0.0
6758956-1,7726407-3,0.44375172,0.0
4857859-1,7595935-2,0.11865849,0.0
5558416-2,7316440-1,0.77388895,0.0
3205526-1,3205526-2,0.7119362,1.0
2610659-1,2610659-2,0.7506921,1.0
6485719-1,8183750-1,0.19166039,0.0
2957226-1,8203365-1,0.241067,0.0
7869353-1,7869353-2,0.8645927,1.0
6708993-1,6708993-3,0.94588673,1.0
5339933-1,6357285-1,0.36261186,0.0
7492794-4,7492794-5,0.5034802,1.0
5094544-1,5094544-3,0.67707676,1.0
5390126-1,5390126-3,0.5794955,1.0
2627235-1,7220086-1,0.30170476,0.0
2847818-2,2847818-3,0.8533794,1.0
8045356-1,8045356-4,0.26041692,1.0
6815487-1,6815487-2,0.7242627,1.0
5418027-1,5418027-4,0.85192263,1.0
8710561-3,8710561-7,0.87345237,1.0
4257951-4,4257951-5,0.4175235,1.0
6286750-1,6286750-3,0.2570053,1.0
6785302-1,8208042-1,0.3482678,0.0
5048704-5,5048704-6,0.07591061,0.0
7863254-4,7863254-5,0.64761156,1.0
5899771-2,5899771-3,0.9595623,1.0
5603331-1,8674093-2,0.13984722,0.0
7725582-1,8571962-1,0.4723402,0.0
3806379-3,5438003-1,0.44734737,0.0
2222674-1,5354394-1,0.16250433,0.0
5308046-1,7171607-5,0.59426343,0.0
3156521-1,3156521-2,0.78180283,1.0
6643316-2,6643316-4,0.7155635,1.0
4657314-1,6350128-1,0.14045191,0.0
8483017-1,8636200-1,0.29610834,0.0
7050957-1,7050957-2,0.84825563,1.0
3562056-1,5544451-1,0.2553508,0.0
5479100-1,5479100-2,0.76321685,1.0
3804044-4,5051316-1,0.2543931,0.0
4484554-1,7308621-1,0.7425662,0.0
2881009-1,4494631-1,0.4544882,0.0
5933858-5,5933858-9,0.6070284,1.0
6897378-1,6897378-2,0.78277856,1.0
7153685-1,7153685-2,0.3206076,1.0
3228394-1,3228394-4,0.9582797,1.0
2956952-2,7700859-2,0.34071583,0.0
2718101-1,2718101-2,0.49765724,1.0
5619035-1,6360827-1,0.3920262,0.0
6060766-2,6060766-6,0.45880148,1.0
5093237-1,5953188-1,0.7790841,0.0
3793311-1,6243525-1,0.24278809,0.0
7337482-2,7337482-3,0.41512603,1.0
4617089-1,4617089-2,0.76446193,1.0
7784239-3,7784239-8,0.8576219,1.0
2387154-1,2804001-1,0.8798433,0.0
5556788-1,5556788-3,0.7941627,1.0
4460201-1,5641859-1,0.33014295,0.0
4423003-1,5117983-1,0.54583216,0.0
2710081-2,2710081-3,0.6503246,1.0
2989757-1,2989757-2,0.7491299,1.0
6208227-1,8202355-3,0.5494236,0.0
2796022-1,2796022-3,0.80916965,1.0
7322487-1,7322487-2,0.8859304,1.0
3959087-1,5627835-1,0.22056691,0.0
7903083-1,8632216-1,0.26596457,0.0
5017845-5,5017845-6,0.88085777,1.0
5537315-3,5846939-1,0.5664503,0.0
3871035-2,3871035-3,0.84827656,1.0
5892070-1,5892070-3,0.64412236,1.0
4181086-1,4781921-2,0.5698172,0.0
4012129-1,4700655-2,0.35682905,0.0
6332555-1,6332555-6,0.49101964,1.0
3544906-4,3544906-9,0.78139067,1.0
7102870-1,8672589-1,0.14716204,0.0
4329938-1,8523476-1,0.5214006,0.0
5492790-3,5492790-4,0.3631874,1.0
2841382-1,7649897-1,0.47668022,0.0
4278096-1,8077672-1,0.120837696,0.0
2808661-1,3296411-1,0.11367629,0.0
6464990-1,8454250-1,0.5663827,0.0
6611857-10,6959961-2,0.512516,0.0
4028562-1,4028562-2,0.108877435,1.0
8042811-3,8042811-4,0.66868305,1.0
3072501-1,3072501-2,0.79181427,1.0
5331254-1,5331254-2,0.5375837,1.0
7763274-2,7763274-4,0.3783496,1.0
5062904-1,5974685-1,0.54663306,0.0
7568409-1,8035037-1,0.15857306,0.0
4123504-4,4123504-7,0.84953153,1.0
6306110-1,7829719-1,0.18965574,0.0
3304171-2,3304171-5,0.8229046,1.0
4581503-1,5551286-1,0.3350107,0.0
5932826-1,5932826-6,0.8872752,1.0
6317215-1,6317215-2,0.6094702,1.0
4337100-1,7534061-1,0.48692328,0.0
4063434-2,4063434-6,0.121515244,0.0
3325621-1,3325621-2,0.63567626,1.0
7036117-1,8573490-1,0.32406232,0.0
8155605-1,8155605-2,0.7202812,1.0
2872848-1,8255754-1,0.32411936,0.0
3874335-1,6938728-1,0.17848204,0.0
3870631-2,6221740-1,0.14420949,0.0
3881450-1,3883190-1,0.33978167,0.0
3751027-2,3751027-3,0.79955864,1.0
5965133-1,8405417-1,0.07604293,0.0
3213717-1,5731098-1,0.6097458,0.0
5533695-3,8626597-1,0.2493348,0.0
8044346-1,8486559-1,0.3159767,0.0
8077721-2,8077721-3,0.8823573,1.0
6968900-3,6968900-4,0.44065428,1.0
6864998-1,8016748-1,0.42177358,0.0
3180694-1,5649067-1,0.24828656,0.0
1906806-3,1906806-6,0.75696486,1.0
5864775-1,6300969-1,0.74853504,0.0
6125267-1,6697460-1,0.18056573,0.0
6317081-1,8521003-1,0.5980346,0.0
2693557-1,4929363-2,0.16230388,0.0
3952392-1,7451310-1,0.5884159,0.0
4316981-1,6031951-1,0.078151666,0.0
3671523-3,3835996-1,0.37057412,0.0
7014659-2,7014659-3,0.31930757,1.0
7196143-1,7196143-2,0.8351082,1.0
4436496-2,4436496-3,0.70201546,1.0
3276803-2,3276803-3,0.671683,1.0
4999637-1,4999637-3,0.702221,1.0
5137971-2,5137971-9,0.83032453,1.0
4158630-1,5992942-1,0.34527728,0.0
7871006-2,7871006-3,0.83139354,1.0
7294899-1,7294899-2,0.9251345,1.0
6028159-1,8422015-1,0.30858436,0.0
3785345-2,3785345-4,0.8472584,1.0
5102924-1,7953407-1,0.40116704,0.0
3912635-2,6537690-2,0.41215128,0.0
6292103-1,6854071-1,0.5899411,0.0
5387823-2,5387823-3,0.573362,1.0
6282074-1,6282074-2,0.48791754,1.0
3751626-1,4242491-1,0.3964119,0.0
4663799-2,4663799-3,0.34277606,1.0
7376584-2,7376584-3,0.8208009,1.0
2772281-2,5588404-1,0.45351353,0.0
3961933-1,4239754-1,0.104146995,0.0
8056374-4,8056374-5,0.58446544,1.0
1906806-5,1906806-7,0.9262472,1.0
5803979-1,5803979-3,0.21750624,1.0
8358528-1,8499675-1,0.2819917,0.0
4554025-1,7003725-1,0.42327926,0.0
5552653-3,6020266-3,0.4140966,0.0
8634069-2,8634069-5,0.2881971,1.0
1395322-4,1395322-5,0.8895039,1.0
5681756-2,5681756-4,0.35682884,1.0
5745586-5,5745586-6,0.7209027,1.0
4100840-1,4100840-4,0.4995114,1.0
4508147-1,4508147-2,0.82111776,1.0
7722336-1,7722336-5,0.8720743,1.0
3505333-1,7205376-1,0.13926929,0.0
6107036-1,8107458-1,0.2552448,0.0
7585963-1,8209712-1,0.22709171,0.0
3502223-2,3502223-6,0.5533737,1.0
6168519-1,6168519-2,0.83874,1.0
7380784-2,7380784-3,0.41054353,1.0
8216690-1,8216690-2,0.5962704,1.0
4429945-1,4429945-2,0.57269,1.0
6336613-2,6336613-3,0.56382364,1.0
6645598-3,6645598-7,0.66361433,1.0
2278152-1,8141366-1,0.20197034,0.0
2817495-2,2817495-3,0.5578895,1.0
3639158-15,3639158-16,0.5062766,1.0
4430159-1,5582226-1,0.8225146,0.0
5523898-2,5523898-3,0.80626863,1.0
5964539-1,5964539-3,0.7956524,1.0
5597919-1,6069030-1,0.2604001,0.0
3570192-4,5562341-1,0.16142553,0.0
1636634-1,3764959-1,0.2352523,0.0
4421382-1,7602521-3,0.22415638,0.0
2783113-1,2783113-2,0.68577427,1.0
6280806-1,6460545-1,0.86583245,0.0
4929394-1,6293130-1,0.24302779,0.0
6370160-1,8097161-1,0.117530584,0.0
6848888-2,6848888-3,0.5230943,1.0
4466356-1,5865279-12,0.25065297,0.0
2726128-2,2726128-7,0.49536812,1.0
5535580-1,6069609-1,0.5897404,0.0
4302515-1,4302515-3,0.6609612,1.0
5161513-3,5161513-6,0.89224803,1.0
3141725-1,546198-2,0.12544772,0.0
3842688-2,3842688-3,0.68351924,1.0
4302118-4,4302118-5,0.5234898,1.0
6996166-2,6996166-3,0.7579414,1.0
4314887-1,4330020-1,0.42829838,0.0
8124580-2,8124580-3,0.5724051,1.0
7344597-1,8626173-1,0.4490014,0.0
8702258-1,8702258-2,0.76968074,1.0
3591061-1,3591061-2,0.79702353,1.0
3372806-1,8016592-1,0.12619774,0.0
8432228-1,8432228-3,0.9145697,1.0
6884965-4,6884965-5,0.5851025,1.0
8591199-1,8591199-2,0.26047522,1.0
3772257-1,4641957-1,0.10471142,0.0
6547447-4,8330607-1,0.34354833,0.0
4251822-1,8415779-1,0.14855066,0.0
4937698-1,7459979-2,0.4867078,0.0
4233104-1,7241257-4,0.77424467,0.0
7712585-2,7712585-4,0.5594929,1.0
6169347-1,7096369-4,0.6412176,0.0
8391342-15,8391342-20,0.8640529,1.0
5588374-1,6453844-1,0.54127526,0.0
5487311-2,5487311-3,0.87723994,1.0
3573578-2,3573578-4,0.39647225,1.0
7132571-1,7132571-2,0.8165502,1.0
7505515-1,7505515-2,0.21695419,1.0
8709964-1,8709964-4,0.6214412,0.0
3099217-1,7398708-1,0.39527917,0.0
3826010-1,5906759-1,0.18233651,0.0
7851455-7,7851455-8,0.8476249,1.0
5640890-3,5640890-4,0.7291842,1.0
4042138-3,6299503-1,0.79878247,0.0
7981640-1,7981640-3,0.755381,1.0
4770648-2,7784812-1,0.2611566,0.0
7794039-1,8610483-1,0.38433695,0.0
3914224-1,3914224-2,0.6535607,1.0
4695429-1,4695429-2,0.6409291,1.0
5643991-4,7294878-1,0.31829226,0.0
6284393-3,6813699-4,0.42743385,0.0
7886293-1,7886293-2,0.7480666,1.0
6048239-1,6226587-1,0.47743237,0.0
4158769-1,5471753-1,0.53097475,0.0
8326146-1,8326146-2,0.4791297,1.0
5493463-1,6974419-1,0.23887284,0.0
5828261-1,7918015-1,0.18177819,0.0
6007433-1,6788312-1,0.2506729,0.0
4341035-2,4341035-3,0.72556114,1.0
3253408-1,6784639-1,0.40014428,0.0
3020523-1,5605360-2,0.4559954,0.0
7330531-2,7330531-3,0.85350126,1.0
6852677-3,6852677-4,0.67638254,1.0
8406844-1,8406844-2,0.3705512,1.0
7488542-2,7488542-4,0.5978245,1.0
4523686-1,7298528-2,0.21002512,0.0
3280069-1,8184519-1,0.25583348,0.0
4245924-1,4245924-8,0.45015612,1.0
5337234-9,8304346-1,0.44506848,0.0
8354677-2,8354677-4,0.8620854,1.0
3214566-1,5461669-1,0.21180993,0.0
7733300-1,8173920-1,0.23274471,0.0
6344064-1,6368206-1,0.24452081,0.0
3972411-1,4688317-1,0.7978731,0.0
4130002-1,4130002-3,0.73342216,1.0
3469907-1,6092529-1,0.14293726,0.0
8123252-1,8165742-1,0.21470836,0.0
7706373-1,8610930-1,0.19257282,0.0
2430565-1,2430565-6,0.6295468,0.0
6518723-1,7369649-2,0.11885734,0.0
5672999-1,7485476-11,0.14177753,0.0
6028424-1,6028424-2,0.27825907,1.0
4531731-1,6477468-1,0.30211762,0.0
3467775-2,3467775-3,0.8040312,1.0
4302555-1,7372392-1,0.70838904,0.0
6005396-1,7596536-1,0.33409825,0.0
7898562-2,8102661-1,0.23533839,0.0
5712115-2,5712115-6,0.92672414,1.0
3220111-1,7053655-7,0.75008225,0.0
8360323-1,8360323-2,0.86432827,1.0
4532946-1,6203505-1,0.060517464,0.0
3010774-2,3010774-3,0.8789269,1.0
6014571-1,6014571-2,0.6164927,1.0
6592301-1,6789400-1,0.6853918,0.0
8386154-2,8386154-3,0.24972415,1.0
3261412-1,7714748-1,0.10668473,0.0
5447535-1,7294899-2,0.4294322,0.0
6160237-3,6160237-4,0.7645634,1.0
7457692-1,7457692-2,0.60697585,1.0
3796393-1,3796393-2,0.5822061,1.0
6813699-2,6813699-5,0.8713198,1.0
4540516-1,7900534-1,0.5782953,0.0
5574221-1,7268493-1,0.19404867,0.0
3580363-1,4959579-1,0.088611215,0.0
7020598-1,7020598-2,0.65502226,1.0
8391342-12,8391342-15,0.8464796,1.0
4578058-2,8572329-2,0.13972136,0.0
3429833-1,8141523-1,0.2260012,0.0
3628441-1,6831243-1,0.11638307,0.0
6135216-2,6135216-4,0.80704695,1.0
8611606-4,8611606-7,0.70583314,1.0
5051311-1,5051311-2,0.12944095,1.0
5367224-1,5485266-1,0.3179613,0.0
5460656-1,5460656-6,0.2680546,1.0
6145046-1,6145046-4,0.70084846,1.0
7315196-1,7315196-3,0.789941,1.0
3820849-1,3820849-3,0.67136514,1.0
6757016-3,6757016-5,0.7241245,1.0
3657462-2,3657462-3,0.25987336,1.0
7990443-1,7990443-6,0.54505956,1.0
4818583-1,4830170-1,0.18726029,0.0
1660560-1,1660560-3,0.8196395,1.0
6263613-1,6536236-1,0.14779413,0.0
4454732-1,8106184-1,0.66838336,0.0
4904610-3,7387583-1,0.61431366,0.0
7784239-3,7784239-4,0.8449874,1.0
8290849-1,8290849-2,0.7098558,1.0
2640403-3,5253495-1,0.6980837,0.0
3168451-1,3465890-1,0.41260254,0.0
4815553-2,7372620-1,0.765178,0.0
4905968-2,6963280-2,0.8404234,0.0
7335480-4,7335480-5,0.9008355,1.0
3696247-1,8322605-1,0.23331782,0.0
4503585-1,8165777-1,0.12813763,0.0
7970079-1,7970079-2,0.6813854,1.0
8647055-1,8647055-2,0.3830175,1.0
3304190-1,7562863-1,0.47042355,0.0
5685864-1,5685864-2,0.15763429,1.0
2995939-1,7511067-1,0.22391123,0.0
3474405-1,3474405-2,0.40491807,1.0
4001234-3,4001234-7,0.7233064,1.0
3780548-1,4327960-1,0.31521648,0.0
6258983-1,6258983-2,0.83771455,1.0
6607705-2,6607705-3,0.95125294,1.0
5355461-1,5355461-2,0.21219325,1.0
6283126-1,7908330-1,0.6868501,0.0
4794526-1,8568035-1,0.41895974,0.0
6598109-1,6598109-3,0.52565575,1.0
5980456-3,5980456-4,0.78527886,1.0
6060766-4,6060766-6,0.8167516,1.0
7737761-2,8578242-2,0.49979696,0.0
2918630-2,2918630-3,0.33460802,1.0
4918484-1,7067578-1,0.49892387,1.0
2628089-1,3977455-2,0.67704034,0.0
8554378-2,8554378-3,0.7857791,1.0
7784239-11,7784239-5,0.52100885,1.0
4198592-1,5556895-1,0.124665305,0.0
2999723-1,5224743-1,0.1284403,0.0
4421951-1,4421951-2,0.26387432,1.0
6591562-1,7529129-1,0.114777744,0.0
7561635-1,7847093-4,0.20867379,0.0
7249276-1,7249276-2,0.48277822,1.0
3424779-2,4195897-1,0.5720827,0.0
3861473-1,3861473-3,0.40713456,1.0
8428280-1,8428280-5,0.831122,1.0
3996354-3,4000642-1,0.21719834,0.0
5865279-12,5865279-8,0.90896124,1.0
3633231-2,8454244-1,0.6849227,0.0
2564909-1,7853432-1,0.4881303,0.0
3886368-1,4431022-1,0.8825797,0.0
4206015-1,4756176-1,0.11673437,0.0
6318134-1,7398381-1,0.4645401,0.0
6951159-1,8094050-2,0.31474122,0.0
4169802-1,6260547-1,0.75170416,0.0
2678710-1,2678710-3,0.6630533,1.0
4203878-1,6619473-1,0.5275627,0.0
3132912-1,5340937-1,0.30475864,0.0
5552653-3,6020266-3,0.4140966,0.0
1308872-1,5968243-1,0.049840968,0.0
4010057-1,6218349-5,0.3651026,0.0
7798182-3,7798182-5,0.55778974,1.0
5088267-1,5088267-3,0.9342387,1.0
5043170-4,5448299-1,0.27121133,0.0
3741472-1,8634112-1,0.4804646,0.0
5155483-1,6883883-1,0.18474211,0.0
7393473-1,7393473-2,0.41039518,1.0
6395072-1,7665777-4,0.36329338,0.0
4129602-2,4129602-4,0.87775594,1.0
4300035-1,4506145-1,0.6889711,0.0
4822278-5,5322519-1,0.29223132,0.0
5842736-1,5842736-2,0.63951874,1.0
6060766-3,6060766-6,0.6382765,1.0
3077507-1,6515748-1,0.2629273,0.0
7171607-1,7171607-2,0.29363415,1.0
8432228-1,8432228-3,0.9145697,1.0
6150707-1,8354585-1,0.788569,0.0
7164702-1,7164702-3,0.51698995,1.0
5353908-1,8178127-1,0.15690695,0.0
4868919-1,4972880-1,0.8876167,0.0
2981764-2,2981764-3,0.6300973,1.0
7110062-1,7110062-2,0.83801836,1.0
8136305-1,8136305-2,0.48654804,1.0
3568895-1,5785647-1,0.55904615,0.0
8386154-10,8386154-11,0.96702206,1.0
5803979-2,5803979-3,0.4155473,1.0
6160237-3,6160237-4,0.7645634,1.0
3232486-1,7364406-1,0.13525756,0.0
3380110-1,4100235-1,0.92076445,1.0
8391342-27,8391342-4,0.737665,1.0
4398927-1,4398927-2,0.90264994,1.0
7992822-1,7992822-3,0.47514442,1.0
8364764-4,8364764-8,0.52794135,1.0
4094958-6,4094958-8,0.2623918,1.0
3371494-1,3664476-1,0.3542401,0.0
4049017-1,4181213-1,0.87777185,0.0
1821026-1,4800938-1,0.2936225,0.0
3895529-1,3895529-2,0.42338786,1.0
8025327-1,8025327-4,0.46227267,1.0
7240659-1,8611763-1,0.5764314,0.0
3465893-1,5903073-1,0.81958145,0.0
8025792-1,8025792-2,0.28639,1.0
7716112-1,7716112-2,0.5836212,1.0
1821026-1,4800938-1,0.2936225,0.0
3678183-3,8716131-1,0.83705795,0.0
4241302-1,8629683-1,0.49570188,0.0
6710881-1,7961707-2,0.8780014,1.0
1790898-2,1790898-3,0.16064529,1.0
8087369-2,8087369-3,0.81877923,1.0
4421672-1,5040563-1,0.3864153,0.0
4685866-7,4685866-8,0.45701793,1.0
5586128-2,5586128-3,0.15219171,1.0
4529691-3,6460612-1,0.77082354,0.0
6896379-2,6896379-3,0.5804547,1.0
5112358-2,5112358-3,0.22339435,1.0
7722635-1,8281630-2,0.19464175,0.0
3891419-1,6498281-1,0.13294147,0.0
5784682-4,5784682-5,0.8111229,1.0
8622899-1,8622899-5,0.7696871,1.0
3126734-4,3126734-5,0.47780812,1.0
6159113-1,6159113-2,0.14913897,1.0
8202334-1,8202334-2,0.39923167,1.0
3447179-5,7492561-1,0.5738437,0.0
5848591-2,5848591-4,0.9389865,1.0
8634069-2,8634069-5,0.2881971,1.0
7220005-3,7220005-5,0.4266685,1.0
3347490-1,3347490-2,0.41386506,1.0
7000928-1,7000928-2,0.5328904,1.0
4820191-2,7898480-1,0.73425174,0.0
4272946-1,5731103-1,0.437976,0.0
4153245-1,4153245-2,0.5652962,0.0
3349988-1,3349988-2,0.6853959,1.0
8424655-1,8424655-2,0.3232026,1.0
2737786-1,2737786-3,0.7062661,1.0
5784682-2,5784682-4,0.50785035,1.0
7394077-1,7394077-2,0.53399426,1.0
3666435-1,7292057-1,0.34417164,0.0
2915398-1,2915398-2,0.21401873,1.0
3878479-1,3878479-3,0.33319458,1.0
4153278-1,4153278-6,0.7561286,1.0
4918135-1,4918135-3,0.73595566,1.0
5219584-1,5219584-2,0.6419852,1.0
8567608-1,8567608-5,0.8063047,1.0
4942951-1,4966356-2,0.21357854,0.0
3958573-1,4014828-1,0.43474236,0.0
5964539-1,5964539-3,0.7956524,1.0
6796684-2,6796684-3,0.79413307,1.0
6531111-1,6531111-2,0.40527728,1.0
6135158-1,7568610-1,0.65394187,0.0
4749697-1,4749697-2,0.38681778,1.0
6009024-1,6322182-1,0.9199641,1.0
7543146-1,7727771-1,0.71690875,0.0
4114706-1,6687342-1,0.1176879,0.0
6692984-1,6963659-1,0.6362192,0.0
3996354-3,4000642-1,0.21719834,0.0
6683483-1,7138425-1,0.118458815,0.0
5582492-1,7829542-1,0.12644461,0.0
2855477-1,5953511-1,0.41652796,0.0
3267073-1,7872594-1,0.7198417,0.0
8496678-2,8496678-3,0.39717677,1.0
5054504-1,6600103-1,0.15299171,0.0
3740606-1,3740606-3,0.24203923,1.0
6611857-10,6959961-2,0.512516,0.0
5137971-4,5137971-8,0.33010587,1.0
3220107-1,8052025-1,0.7227321,0.0
6919333-2,7262721-1,0.23204163,0.0
7238787-1,7238787-3,0.7940995,1.0
2821391-1,2821391-3,0.49561748,1.0
6506424-2,8215346-1,0.77249765,0.0
2909789-1,5968313-2,0.19138508,0.0
6820329-1,6940042-1,0.24210452,0.0
1903360-1,3223957-2,0.34125844,0.0
3502796-1,3502796-2,0.7539701,1.0
3793586-1,8015585-1,0.4669807,0.0
6968900-2,6968900-4,0.7044946,1.0
4816771-1,4816771-3,0.3614261,1.0
5933028-3,5933028-4,0.81272316,1.0
4121941-1,5502345-1,0.55429876,0.0
2823151-1,8448394-3,0.36364222,0.0
3356592-1,5134245-1,0.64847857,0.0
7403927-3,7724121-1,0.8303288,0.0
5757412-1,8240573-1,0.44564867,0.0
3414006-1,5795860-2,0.27150136,0.0
7558676-1,7558676-2,0.3949726,1.0
8517308-2,8517308-3,0.8276612,1.0
2633341-1,7768392-4,0.32928917,0.0
4830034-2,4830034-3,0.7865897,1.0
5803979-1,5803979-3,0.21750624,1.0
6598598-2,6598598-4,0.19153059,1.0
3339730-3,3339730-4,0.92816335,1.0
4016666-1,4456747-2,0.32206622,0.0
6580405-1,6580405-2,0.78754276,1.0
8046457-1,8046471-1,0.53208977,0.0
5503666-1,8682950-1,0.0989694,0.0
7792539-2,7792539-4,0.13950334,1.0
4423003-1,5117983-1,0.54583216,0.0
6344064-1,6368206-1,0.24452081,0.0
4780201-1,5799620-1,0.8295126,0.0
4722564-1,6194572-1,0.29208127,0.0
4228252-1,4296473-1,0.14679274,0.0
3275504-1,3502413-2,0.3313835,0.0
8276898-1,8276898-3,0.53647727,1.0
6051123-1,6875172-1,0.8202894,0.0
8190610-1,8190610-3,0.516717,1.0
2992922-1,2992922-4,0.35152957,1.0
6147009-1,7768578-1,0.36995137,0.0
5030424-3,5030424-5,0.854392,1.0
6052760-1,6052760-2,0.8883942,1.0
5764217-1,8387062-1,0.75797987,0.0
8133044-1,8133044-8,0.85260624,1.0
3796410-2,3796410-3,0.6370335,1.0
6846306-1,7875147-1,0.12191087,0.0
6272042-1,6272042-2,0.65744615,1.0
2772268-1,6524551-1,0.55416983,0.0
3881450-1,3883190-1,0.33978167,0.0
6417296-1,8674554-3,0.6843209,0.0
2813577-5,2813577-6,0.85005647,1.0
3159324-1,8184159-1,0.38490376,0.0
8109047-2,8109047-3,0.8187484,1.0
7253536-1,7253536-2,0.7887116,1.0
6988727-1,7753272-1,0.29904827,0.0
7322487-1,7322487-2,0.8859304,1.0
5088267-1,5088267-2,0.4571015,1.0
8182237-3,8604466-1,0.9680236,0.0
3968977-2,3968977-3,0.8026593,1.0
3421919-1,5289124-2,0.3890921,0.0
6611857-10,6611857-2,0.9288702,1.0
7373970-1,7373970-3,0.8788455,1.0
3810058-1,4276615-1,0.15721108,0.0
6968900-3,6968900-5,0.55532295,1.0
8391342-18,8391342-30,0.9010201,1.0
6917467-1,8577590-1,0.8310463,0.0
8047295-4,8047295-5,0.86686856,1.0
4499620-1,7936921-1,0.56481737,0.0
6344145-3,6766258-4,0.7862047,0.0
4021265-1,6120333-1,0.49822927,0.0
4374200-1,6434759-1,0.06242383,0.0
5446369-6,5446369-8,0.42100918,1.0
8419807-1,8419807-2,0.41970927,1.0
8342471-1,8342471-3,0.44971567,1.0
7040871-1,7040871-2,0.8794599,1.0
5637006-1,5637006-4,0.91471684,1.0
6982478-1,7175038-1,0.3155046,0.0
4162020-3,4162020-4,0.5783136,1.0
5073164-1,5073164-2,0.54098713,1.0
7381844-1,7381844-2,0.70975506,1.0
7868555-1,8050179-2,0.26248345,0.0
3461007-1,3461007-3,0.5071726,1.0
3555570-1,3555570-2,0.81168145,1.0
6806379-1,7321844-1,0.382653,0.0
1579220-2,2821393-1,0.26016617,0.0
3227314-1,7279692-1,0.08966216,0.0
5446369-10,5446369-6,0.8037971,1.0
3072537-1,3072537-2,0.26913613,1.0
7444143-2,7444143-3,0.18048488,1.0
1867809-3,6288569-1,0.80502045,0.0
7290120-1,8577335-1,0.22995593,0.0
3915190-2,5383748-1,0.15317938,0.0
4736906-1,4736906-2,0.7347761,1.0
3846999-1,5704856-1,0.27769157,0.0
5892070-1,5892070-3,0.64412236,1.0
8422025-3,8422025-7,0.96537435,1.0
3667307-4,5864518-1,0.39275396,0.0
8569136-10,8569136-8,0.24670687,1.0
3156521-1,3156521-5,0.4508084,1.0
4077551-1,6897334-1,0.09850027,0.0
3976921-1,7558373-1,0.24399486,0.0
5755626-1,8485528-1,0.4323522,0.0
6914839-1,6914839-4,0.20934498,1.0
5798141-1,7780566-1,0.36841166,0.0
8203287-1,8381434-1,0.3441893,0.0
8182236-2,8182236-4,0.48177978,1.0
1939918-1,4600539-1,0.4147953,0.0
3932602-1,3932602-2,0.1246507,0.0
3467773-1,4308088-5,0.37952527,0.0
3280069-1,8184519-1,0.25583348,0.0
8391342-13,8391342-14,0.09496438,1.0
5488581-1,5703592-1,0.25297022,0.0
8391342-18,8391342-31,0.5167106,1.0
3511956-1,5914224-1,0.65278554,0.0
4235171-1,5887698-1,0.32476678,0.0
4693336-1,4973067-1,0.18668352,0.0
2713839-1,7765866-1,0.547919,0.0
8104142-2,8104142-3,0.6974632,1.0
8359901-2,8359901-3,0.7081552,1.0
5493463-1,6974419-1,0.23887284,0.0
6888207-2,6888207-3,0.63173676,1.0
8218079-3,8218079-5,0.20926455,1.0
3692185-1,4023098-1,0.41449624,0.0
8526613-2,8526613-3,0.8881675,1.0
4375745-2,4375745-5,0.74034554,1.0
2759628-3,2759628-4,0.42050043,1.0
4123504-3,4123504-4,0.25014105,1.0
5642131-1,5642131-11,0.6619947,1.0
4123504-4,4123504-7,0.84953153,1.0
8206866-1,8604427-1,0.46610293,0.0
4616376-2,4877775-1,0.36940467,0.0
3129090-1,6032763-1,0.10642396,0.0
5437791-1,5578590-1,0.30005336,0.0
8188933-1,8188933-2,0.65386975,1.0
2974668-1,5147401-1,0.41004255,0.0
3444054-1,6313962-1,0.7002047,0.0
2627816-2,6824247-1,0.6068686,0.0
4156251-1,6039597-1,0.5780082,0.0
5660978-1,7981621-1,0.46129313,0.0
3350187-1,7683931-1,0.45107448,0.0
4400931-1,8343425-1,0.25882038,0.0
6773958-1,7802620-1,0.6082893,0.0
5126597-1,5324366-1,0.5937442,0.0
3109841-1,4049709-1,0.46431774,0.0
7779730-1,8490660-2,0.08659023,0.0
7163239-1,7163239-3,0.83775795,1.0
8411108-1,8411108-3,0.29897508,1.0
3425229-1,5680081-1,0.10936503,0.0
3891612-2,5977079-7,0.30858383,0.0
8611606-4,8611606-7,0.70583314,1.0
3354430-1,6927290-1,0.4521321,0.0
4123504-4,4123504-7,0.84953153,1.0
4699197-1,4699197-2,0.5376725,1.0
6590551-1,7837857-1,0.40471974,0.0
7780873-4,7780873-5,0.37769362,1.0
4966213-1,6042172-1,0.08657641,0.0
6882267-1,7113142-1,0.24009757,0.0
4779833-1,8142312-1,0.20127992,0.0
2850901-2,7334768-1,0.56939536,0.0
3303530-1,5822601-1,0.28027743,0.0
2631494-1,3999606-2,0.19418713,0.0
3799008-1,3799008-2,0.274798,1.0
5477138-1,7045952-1,0.05400063,0.0
4421974-1,4421974-2,0.2709545,1.0
7252802-1,7252802-2,0.6851021,1.0
5815714-4,8241266-3,0.4870995,0.0
6329029-1,7586178-1,0.5687338,0.0
3863411-1,8481042-1,0.16632776,0.0
6368138-1,8046466-3,0.430576,0.0
8391342-11,8391342-21,0.60168,1.0
2729301-1,4302552-1,0.31756562,0.0
3895529-1,3895529-2,0.42338786,1.0
7450561-2,7450561-3,0.57651246,1.0
3840180-1,6942503-1,0.82735205,0.0
3223713-1,7306636-1,0.07159079,0.0
2765184-1,7306366-2,0.2449939,0.0
7341056-3,7341056-6,0.5430228,1.0
4937697-1,7870231-1,0.22777918,0.0
4176990-1,5126613-1,0.22580417,0.0
6177049-1,8624037-1,0.45796317,0.0
7577353-1,8501704-1,0.5263893,0.0
6264985-3,6264985-6,0.48295984,1.0
2890927-1,2890927-3,0.7492122,1.0
4503585-1,8165777-1,0.12813763,0.0
4100275-1,4100275-3,0.71716946,1.0
4918480-3,4918480-8,0.8979037,1.0
5118829-1,5118829-3,0.6316837,1.0
5989519-1,7251434-4,0.44104862,0.0
2981764-2,2981764-3,0.6300973,1.0
3404939-2,4018701-2,0.43489298,0.0
7543135-1,7543135-3,0.36627603,1.0
8383623-1,8383623-2,0.6610974,1.0
3853903-1,3853903-3,0.8387631,1.0
4540516-1,7900534-1,0.5782953,0.0
3361854-1,3361854-2,0.8295034,1.0
4466787-1,7850036-1,0.17581886,0.0
4925684-1,4925684-2,0.496384,1.0
3410005-1,3410005-2,0.5176258,1.0
7314844-2,7314844-4,0.6019151,1.0
6458957-1,8507415-1,0.6115455,0.0
5295534-1,5295534-2,0.5091458,1.0
2246138-1,5799975-1,0.20184545,0.0
8050119-2,8050119-4,0.42995945,1.0
8044872-1,8044872-4,0.931343,1.0
3624739-1,3624739-2,0.27044955,1.0
6434444-6,6434444-8,0.8019813,1.0
7966198-2,7966198-3,0.6223319,1.0
4302357-1,5558370-1,0.39868778,0.0
4302118-4,4302118-5,0.5234898,1.0
7061685-1,7061685-6,0.38845673,1.0
4374304-1,6844161-1,0.45547667,0.0
5040846-2,5040846-4,0.18411075,1.0
3223705-1,4421549-1,0.7320136,0.0
4998851-2,4998851-4,0.796234,1.0
7220740-1,7220740-2,0.27984947,1.0
6598109-1,6598109-3,0.52565575,1.0
4857363-1,4857363-2,0.38937572,1.0
7035525-1,7035525-3,0.49630198,1.0
4196524-1,4196524-2,0.51000464,1.0
6434444-6,6434444-8,0.8019813,1.0
3326978-1,8337126-1,0.24959722,0.0
3741924-1,8528636-2,0.25433677,0.0
7706373-1,8610930-1,0.19257282,0.0
8383533-1,8383533-5,0.82746327,1.0
3522321-2,3522321-3,0.4831976,1.0
3503657-4,7409413-1,0.46225718,0.0
7519596-1,8140954-1,0.35280254,0.0
7008651-1,8405368-1,0.36589283,0.0
5479100-1,5479100-2,0.76321685,1.0
7443648-2,7443648-5,0.3021126,1.0
3803119-1,3803119-3,0.7314386,1.0
8654339-2,8654339-4,0.3691878,1.0
2790148-2,2790148-5,0.61022824,1.0
5022210-1,6008761-1,0.16404952,0.0
5359129-1,6898723-2,0.27886707,0.0
7641057-1,8299428-1,0.5978376,0.0
5776002-1,5984462-1,0.4820356,0.0
4989349-2,8062245-1,0.84168315,0.0
3793316-1,8237923-1,0.5474769,0.0
8399375-4,8399375-8,0.59376615,1.0
7663930-3,7663930-6,0.36279076,1.0
4155975-1,8451524-1,0.450802,0.0
5921541-2,5921541-4,0.9294735,1.0
7729179-3,7729179-7,0.63274866,1.0
2769338-1,6744741-1,0.5751713,0.0
7915259-3,7915259-9,0.8178135,1.0
3463145-1,5649707-1,0.7680854,0.0
4436496-2,4436496-3,0.70201546,1.0
6847994-2,6847994-4,0.8662228,1.0
5154232-1,5154232-2,0.29589424,1.0
7587992-6,7587992-7,0.84050506,1.0
3490115-1,6189376-1,0.17181629,0.0
8044346-1,8486559-1,0.3159767,0.0
2993988-2,2993988-4,0.8143802,1.0
4275024-1,5040584-1,0.11772785,0.0
5447072-3,7275598-1,0.88197094,0.0
4094581-1,4094581-7,0.5134689,1.0
3459794-1,5244042-1,0.1457004,0.0
4246994-1,6054368-1,0.37116212,0.0
7427446-1,8164508-1,0.44313338,0.0
4823427-1,4823427-2,0.91171384,1.0
6864998-1,8016748-1,0.42177358,0.0
6929121-2,6929121-3,0.36307862,1.0
8056374-1,8056374-2,0.7370871,1.0
6173029-1,6173029-2,0.51529855,0.0
4233061-1,4675478-1,0.40206677,0.0
3961299-1,5586128-4,0.16105224,0.0
2699057-1,2699057-6,0.8856302,1.0
5512414-1,5832401-1,0.3450639,0.0
8386154-4,8386154-9,0.3709229,1.0
7527865-6,7527865-7,0.6381619,1.0
3514151-1,3514151-4,0.8087398,1.0
5828042-1,7315262-1,0.11544611,0.0
3913202-1,8110285-1,0.56481534,0.0
8406844-1,8406844-2,0.3705512,1.0
7275443-2,7275443-3,0.28104487,1.0
7011709-2,8226947-2,0.14165458,0.0
6350920-1,6350920-2,0.44122905,1.0
2080628-1,7781776-1,0.21981427,0.0
6966758-1,8056578-1,0.1943174,0.0
8364764-2,8364764-8,0.35301906,1.0
4296463-1,7026719-1,0.173724,0.0
6129370-2,6129370-3,0.33977407,1.0
3992736-1,3992736-2,0.5667255,1.0
4329938-1,8523476-1,0.5214006,0.0
2694645-1,3665140-1,0.23494731,0.0
4573076-1,5094012-1,0.70856357,0.0
3654626-1,8173402-1,0.15262872,0.0
5806410-1,5806410-2,0.33270887,1.0
8198063-1,8198063-2,0.25702122,1.0
4054067-1,4054067-3,0.7419388,1.0
6024489-1,6024489-3,0.55071324,1.0
3183035-1,3183035-3,0.79930896,1.0
3306208-1,7772838-1,0.38985303,0.0
7574249-1,7574249-2,0.33868974,1.0
8385252-2,8385252-4,0.62838906,1.0
3044576-1,5965108-1,0.19977243,0.0
4173249-1,8117474-1,0.28447974,0.0
8432228-1,8432228-3,0.9145697,1.0
6028364-1,7125505-1,0.4816669,0.0
2700584-1,4635960-3,0.62965786,0.0
5337234-11,5337234-9,0.9490035,1.0
3511956-1,5914224-1,0.65278554,0.0
4137619-1,4137619-2,0.44097096,1.0
5818906-2,5818906-3,0.57870775,1.0
3519130-1,6693030-1,0.6565188,0.0
6174175-3,6542494-1,0.3048575,0.0
4865706-2,4865706-3,0.61361283,1.0
6416752-1,6416752-2,0.9827003,1.0
3463145-1,3463145-2,0.8959216,1.0
3022561-1,6367946-1,0.36004743,0.0
2749194-1,2749194-3,0.9447123,1.0
4073031-1,8402331-1,0.14612655,0.0
4749697-1,4749697-2,0.38681778,1.0
5225327-2,5225327-4,0.6851137,1.0
2613408-1,4143527-2,0.28308243,0.0
3670521-3,3670521-4,0.48191738,1.0
5932522-2,5932522-4,0.9187803,1.0
4005246-4,5935437-1,0.7723813,0.0
7035095-1,7522393-1,0.62007797,1.0
6799647-1,6799647-2,0.4315904,1.0
6258717-3,6258717-4,0.6950947,1.0
7006440-8,7006440-9,0.37232038,1.0
7863254-4,7863254-5,0.64761156,1.0
4222113-1,7383179-1,0.30057427,0.0
7082866-1,7082866-2,0.8557195,1.0
4898933-1,7254858-2,0.38614094,0.0
6332995-1,6332995-2,0.9553873,1.0
5988756-4,5988756-6,0.40880385,1.0
7924014-1,8041260-2,0.12737355,0.0
4510828-1,8007117-1,0.10435093,0.0
3891165-1,4273471-1,0.4895249,0.0
7543102-1,7543102-4,0.87871957,1.0
4304535-1,4592900-1,0.18216975,0.0
3637811-2,4347757-1,0.40495417,0.0
2737776-1,8415956-1,0.60378754,1.0
4493364-1,4493364-2,0.94818795,1.0
6160050-1,6160050-2,0.36008802,1.0
3083330-6,3083330-7,0.9228562,1.0
6887611-1,7430863-1,0.29818365,0.0
2939409-1,3841599-2,0.762301,0.0
7789569-1,8240843-3,0.710772,0.0
4174715-3,4174715-5,0.60199726,1.0
7712266-2,7712266-4,0.41775063,1.0
3441207-1,4904610-1,0.12712052,0.0
4070211-1,6706917-2,0.4586838,0.0
2772281-1,2772281-4,0.5397614,1.0
2721584-1,4341380-2,0.22922634,0.0
3190012-1,6485866-1,0.056337282,0.0
7241664-1,7506380-1,0.41826978,0.0
8367389-2,8367389-5,0.6693681,1.0
4749697-1,4749697-2,0.38681778,1.0
5553475-2,5553475-4,0.76664245,1.0
5045255-1,5045255-2,0.44131827,1.0
4119910-3,4938959-1,0.5997744,0.0
3083330-6,3083330-7,0.9228562,1.0
2529260-1,4601425-1,0.2830627,0.0
2611977-1,7497766-1,0.7837748,0.0
4107223-2,4107223-3,0.71360815,1.0
5010550-1,8020180-1,0.19544575,0.0
4129924-1,6426094-1,0.1857653,0.0
6643316-4,6643316-8,0.38290405,1.0
3312019-1,5036190-1,0.2086506,0.0
6799453-1,7335879-1,0.7537563,0.0
4417130-1,7852429-1,0.2408159,0.0
3705847-1,3705847-2,0.4931453,1.0
7006440-7,7006440-9,0.3194459,1.0
6615017-1,6615017-2,0.445581,1.0
6242806-1,6607872-1,0.27425262,0.0
8550050-1,8550050-2,0.9137842,1.0
3200029-1,4400501-1,0.21403936,0.0
3555570-3,3555570-4,0.5266878,1.0
5056286-1,7773109-1,0.61325824,0.0
8710561-1,8710561-3,0.4709831,1.0
6173044-1,6173044-2,0.48746446,1.0
6007331-1,7455421-1,0.4690008,0.0
2697057-1,5583973-1,0.73497546,0.0
7904161-2,7904161-3,0.6545423,1.0
8352886-3,8352886-4,0.73465943,1.0
4314661-1,4314661-3,0.6684566,1.0
4604288-4,4604288-5,0.90938866,1.0
3772751-1,7515150-1,0.25611755,0.0
6549290-1,6549290-5,0.38668275,1.0
2740291-1,2740291-4,0.31072658,1.0
7249276-1,7249276-2,0.48277822,1.0
6798273-1,8044788-2,0.203918,0.0
3182394-2,3182394-3,0.29455715,1.0
3965955-2,3965955-3,0.46934322,1.0
3026341-5,3026341-9,0.43353596,0.0
5668510-1,7818179-1,0.58866346,0.0
4075213-3,4075213-5,0.798824,1.0
4654907-1,7319805-1,0.46607465,0.0
3183736-1,3183736-2,0.63702667,1.0
8709556-5,8709556-7,0.69701153,1.0
6530164-1,8313357-1,0.46268627,0.0
8096473-1,8364615-4,0.29278395,0.0
5688745-1,7228786-1,0.4440808,0.0
4421277-1,4681204-1,0.7857144,0.0
6851821-1,6851821-2,0.82618874,1.0
6486600-3,6486600-6,0.29738405,1.0
5649746-1,6195983-3,0.2572794,0.0
6905268-1,8203267-1,0.723268,0.0
3677003-1,3915162-2,0.68633753,0.0
2845143-1,4398782-1,0.6011503,0.0
3482756-1,4735251-1,0.2038173,0.0
3314837-3,8425135-2,0.78275484,0.0
7716585-3,7716585-4,0.60642165,1.0
8354677-2,8354677-4,0.8620854,1.0
5702779-2,5702779-3,0.84439903,1.0
4881626-1,4881626-3,0.86458224,1.0
3853465-1,3853465-4,0.25979486,1.0
3253408-1,6784639-1,0.40014428,0.0
6847994-3,6847994-5,0.9396591,1.0
4012129-1,4700655-2,0.35682905,0.0
3300901-1,8602871-1,0.19335587,0.0
4210738-1,6706647-1,0.5595447,0.0
2850509-1,4845356-1,0.44156006,0.0
7781038-2,7781038-3,0.7308492,1.0
3072064-2,6489369-1,0.4923686,0.0
6682377-1,7477153-1,0.4125793,0.0
6395427-4,6395427-8,0.49480748,1.0
5010374-1,6177674-3,0.18724391,0.0
4259078-1,5069236-1,0.735734,0.0
5175082-2,8179565-3,0.20026587,0.0
5433337-1,8536809-1,0.85849005,0.0
4934552-1,8575683-1,0.8928046,0.0
8206866-1,8604427-1,0.46610293,0.0
3891161-1,8491334-1,0.5904577,1.0
8028151-10,8028151-4,0.93273485,1.0
6305571-1,8107913-1,0.43199065,0.0
8668032-1,8668032-3,0.93789,1.0
8391342-12,8391342-20,0.71173793,1.0
6929121-3,8608632-1,0.15049273,0.0
8015663-3,8015663-5,0.86913013,1.0
8326455-5,8326455-6,0.6816228,1.0
4103488-1,7872479-1,0.8168647,0.0
6446032-1,6446032-2,0.298168,1.0
5139888-2,7866723-1,0.25115204,0.0
2174438-1,2816289-1,0.08632993,0.0
5118859-1,5464515-9,0.15505306,0.0
8495066-4,8495066-5,0.69444484,1.0
4808524-1,8326455-5,0.58913124,0.0
8391342-21,8391342-24,0.5739372,1.0
8690437-1,8690437-2,0.8417417,1.0
6743382-2,6743382-3,0.8543132,1.0
4778215-1,4778215-2,0.8455971,1.0
8027707-1,8027707-3,0.47005773,1.0
2246138-1,5799975-1,0.20184545,0.0
5649746-1,6195983-3,0.2572794,0.0
4600521-1,5134166-1,0.23747192,0.0
8047295-3,8047295-4,0.8812272,1.0
7014704-1,7014704-2,0.7344121,1.0
4637965-1,4818585-1,0.58360565,0.0
8078628-1,8078628-2,0.76929003,1.0
5237193-3,5237193-4,0.7803242,1.0
8130067-1,8130067-2,0.6485194,1.0
8611478-2,8611478-3,0.5208461,1.0
3339080-1,3339080-2,0.72675425,1.0
6028159-1,8422015-1,0.30858436,0.0
6719522-1,6719522-2,0.5012268,1.0
3173382-1,5682640-1,0.32397997,0.0
7993970-1,7993970-2,0.24274781,1.0
6388527-1,6388527-2,0.90444833,1.0
3590704-1,3590704-2,0.42387545,1.0
3826010-1,5906759-1,0.18233651,0.0
8395467-4,8395467-5,0.35267523,1.0
7385046-1,7385046-2,0.8695829,1.0
6572922-1,7488111-1,0.36388245,0.0
6196253-1,6196253-2,0.5224872,1.0
2800056-2,4563831-1,0.40199873,0.0
5611870-1,8383637-2,0.12585227,0.0
2769342-1,4857317-1,0.48021725,0.0
4235191-1,7678883-1,0.47677937,0.0
3361768-1,8712097-1,0.31183714,0.0
6913282-1,7006420-2,0.27869043,0.0
3310787-1,6635170-1,0.5788044,0.0
3740606-1,3740606-3,0.24203923,1.0
5685864-1,5685864-2,0.15763429,1.0
4094581-2,4094581-9,0.7175297,1.0
7033701-1,7033701-3,0.5512122,1.0
8622899-1,8622899-6,0.58201855,1.0
6324859-2,6324859-4,0.3772817,1.0
6501230-1,6501230-3,0.76420045,1.0
6360200-2,8240598-1,0.45861405,0.0
8047295-4,8047295-5,0.86686856,1.0
4296853-1,4633423-1,0.12999879,0.0
6160050-1,6160050-2,0.36008802,1.0
3345597-1,6144602-1,0.19434686,0.0
7385614-3,7385614-4,0.94080204,1.0
3573578-1,3573578-3,0.6842695,1.0
6754891-1,7541998-1,0.37670574,0.0
4362838-1,4362838-2,0.3738304,1.0
3083330-6,3083330-7,0.9228562,1.0
8249843-2,8249843-3,0.7891172,1.0
6744737-1,6744737-2,0.3481236,1.0
5962620-4,5962620-6,0.17488539,1.0
7158139-2,7158139-3,0.6627232,1.0
3841631-3,8699977-3,0.4943422,0.0
5009641-1,7784344-1,0.15967393,0.0
3021899-1,8422947-1,0.2620465,0.0
5484628-2,5484628-3,0.84653527,1.0
4782530-1,4782530-2,0.12293036,1.0
3728605-1,7872745-1,0.9129636,0.0
4315080-2,7174868-1,0.72762495,0.0
5613318-1,7923699-3,0.48207453,0.0
5757412-1,8240573-1,0.44564867,0.0
6272042-1,6272042-2,0.65744615,1.0
4611895-1,4611895-2,0.48277155,1.0
7988206-12,7988206-7,0.8369104,1.0
2769299-1,3976774-1,0.10688781,0.0
3423063-1,8569136-4,0.4685131,0.0
3469907-1,6092529-1,0.14293726,0.0
3741979-3,4114602-1,0.75223523,0.0
6900415-10,6900415-3,0.65543395,1.0
8391342-2,8391342-26,0.9372215,1.0
5447531-2,5447531-3,0.32933456,1.0
8534428-2,8534428-4,0.74130297,1.0
5865279-11,5865279-2,0.48346987,1.0
2938629-1,3311090-1,0.5197065,0.0
5981586-1,6618195-1,0.52614105,0.0
4430642-1,4430642-4,0.5950475,1.0
6711615-1,7922450-1,0.5924226,0.0
8394628-1,8454150-1,0.28977314,0.0
6261092-1,6306630-1,0.525369,0.0
7074426-3,7074426-6,0.34407416,1.0
7003160-1,8465228-1,0.51386684,0.0
3220107-1,8052025-1,0.7227321,0.0
6238377-1,8264441-1,0.24970591,0.0
4881626-4,4881626-5,0.9495291,1.0
5337234-11,5337234-9,0.9490035,1.0
6006860-1,7681189-1,0.45154145,0.0
2930304-1,7283930-1,0.76785713,0.0
6481116-1,6864317-1,0.1178072,0.0
6854088-1,6854088-2,0.5311202,1.0
5832407-1,7780062-1,0.1433082,0.0
3125654-2,6199147-1,0.5869739,0.0
3166681-1,5029257-2,0.1175992,0.0
7105784-2,7105784-3,0.7185974,1.0
3986960-1,5728764-1,0.27535227,0.0
5504811-1,6547240-1,0.41126466,0.0
8296715-1,8296715-2,0.43234366,1.0
5846181-4,5846181-5,0.61172616,1.0
7180523-1,7947317-1,0.13214552,0.0
4170659-3,4170659-7,0.28529373,1.0
4209268-1,5518093-1,0.35505858,0.0
6180816-1,7960044-1,0.58392274,0.0
3449433-1,5405650-1,0.38720396,0.0
6796684-2,6796684-3,0.79413307,1.0
4173377-1,7709073-1,0.5391561,0.0
555739-2,555739-3,0.8575703,1.0
8585856-1,8638050-1,0.21517713,0.0
8092089-3,8092089-7,0.7982912,1.0
8476401-2,8476401-3,0.70054084,1.0
5765119-4,5765119-6,0.91558117,1.0
3114581-1,3114581-5,0.89147824,1.0
5345890-2,5345890-4,0.31868115,1.0
6230411-2,6230411-4,0.29400972,1.0
4038860-1,4038860-2,0.5250444,1.0
4375745-2,4375745-5,0.74034554,1.0
3056317-1,3855171-1,0.38044053,0.0
8611532-4,8611532-8,0.81006354,1.0
3198616-2,3198616-6,0.3170193,1.0
3770888-1,3770888-3,0.11832385,1.0
7907711-4,7907711-6,0.50381297,1.0
4157506-1,5106230-1,0.61178637,0.0
8669740-1,8669740-2,0.49438533,1.0
4349915-1,4349915-2,0.7840504,1.0
7829973-2,7829973-3,0.49041998,1.0
6788313-3,6788313-4,0.44281337,1.0
5571603-4,5571603-5,0.8613962,1.0
4357039-1,4357039-3,0.5755209,1.0
4445055-1,6919948-1,0.33474797,0.0
2963128-1,8457971-2,0.34484273,0.0
6921188-1,8132588-1,0.1668453,0.0
3965955-2,3965955-3,0.46934322,1.0
8611567-2,8611567-3,0.64144033,1.0
8705528-13,8705528-5,0.85426694,1.0
6037803-2,6037803-3,0.7267375,1.0
3523596-1,6157096-1,0.38131556,0.0
8531269-1,8531269-3,0.94228023,1.0
3412558-1,4029459-2,0.24073213,0.0
2846278-3,6869208-1,0.55413777,0.0
5042891-1,7315059-1,0.4969463,0.0
4320515-1,4573614-1,0.1959959,0.0
4396542-2,5809600-1,0.25247917,0.0
3519269-1,5731184-1,0.44525233,0.0
2726555-1,6452583-1,0.35656908,0.0
7220005-3,7220005-5,0.4266685,1.0
4054527-1,7336494-1,0.117901966,0.0
3474405-1,3474405-2,0.40491807,1.0
7132175-2,7132175-3,0.18725197,1.0
4947710-1,4947710-2,0.71940535,1.0
4060408-2,4060408-3,0.83959544,1.0
4804666-1,7508131-1,0.13097084,0.0
3491234-1,4495850-1,0.2920151,0.0
4357406-1,5642814-1,0.5956103,0.0
5337234-4,5337234-9,0.9039289,1.0
2908822-1,4949336-1,0.29724103,0.0
2684421-2,2684421-3,0.8638746,1.0
7393473-1,7393473-2,0.41039518,1.0
4999637-1,4999637-3,0.702221,1.0
8534428-2,8534428-4,0.74130297,1.0
5325025-1,6698274-1,0.89044666,0.0
8105452-1,8105452-2,0.37643948,1.0
3223705-1,4421549-1,0.7320136,0.0
4593990-1,4593990-2,0.2615482,1.0
8591199-1,8591199-2,0.26047522,1.0
7318102-2,7318102-3,0.6837734,1.0
6919333-2,7262721-1,0.23204163,0.0
3404939-2,4018701-2,0.43489298,0.0
7683687-1,7683687-2,0.47285655,1.0
4489500-1,4489500-2,0.51325256,1.0
6300953-1,6300953-4,0.6614875,1.0
5051666-1,5298907-1,0.12848581,0.0
5043195-3,8435640-2,0.29040396,0.0
5663782-1,6639585-1,0.6693804,0.0
4504872-5,4504872-6,0.7268583,1.0
5518118-2,7688456-1,0.9083035,0.0
6124168-2,6124168-6,0.5104234,1.0
5103477-1,5850760-3,0.4377279,0.0
7535564-1,7535564-2,0.53707623,1.0
