UID-1,UID-2,Shadow Prediction,Shadow Label
5649850-1,5859235-1,0.41616893,0.0
7485476-2,7485476-5,0.5726256,1.0
6573798-1,6573798-2,0.76193625,1.0
6282116-2,6282116-3,0.45614192,1.0
3423746-1,4196524-1,0.2687292,0.0
4096417-1,6497202-1,0.24984655,0.0
8083420-2,8083420-7,0.578508,1.0
5161513-1,5161513-3,0.51310766,1.0
5340050-1,7641488-1,0.17931731,0.0
3822421-1,6357366-1,0.3368539,0.0
5961508-1,5961508-2,0.6438207,1.0
4518382-1,6039649-1,0.29157668,0.0
6421557-1,6421557-2,0.4847861,1.0
4247869-4,4247869-6,0.6282401,1.0
3777329-1,3777329-2,0.13539536,1.0
5798098-1,5798098-3,0.42476922,1.0
5642131-14,5642131-3,0.3538613,1.0
8393241-10,8393241-8,0.49023348,1.0
4733515-1,6727404-1,0.21739858,0.0
4676493-2,4676493-3,0.5022657,1.0
6756614-1,7750746-1,0.44183123,0.0
2901615-1,3133010-2,0.116059735,0.0
5497421-1,8172662-1,0.1501846,0.0
4405312-4,4405312-5,0.8746662,1.0
6671889-1,8505106-3,0.26650164,0.0
5358137-1,7154249-1,0.15134397,0.0
8286377-4,8286377-5,0.3447441,1.0
4720199-2,7586353-1,0.42231923,0.0
7422691-1,7422691-5,0.79762715,1.0
5912077-1,5949551-3,0.4361546,0.0
6434444-4,6434444-5,0.9410608,1.0
3897766-1,3897766-2,0.7279122,1.0
5423709-1,5423709-2,0.52122843,1.0
6323394-1,6323394-2,0.8755343,1.0
8077513-1,8555577-3,0.32045144,0.0
4115070-1,7333338-6,0.11012839,0.0
4516082-1,6293141-1,0.3916449,0.0
8710561-5,8710561-6,0.82927024,1.0
3481879-1,6120402-1,0.5830204,0.0
3078257-1,5540523-1,0.17502977,0.0
6419825-1,8489654-1,0.13800614,0.0
4155967-1,6221687-1,0.8305847,0.0
8109047-1,8109047-2,0.48161516,1.0
6290221-1,8614051-1,0.2990232,0.0
6319526-1,6319526-4,0.8305173,1.0
5619454-1,8674200-1,0.54855204,0.0
3733041-4,7847177-1,0.61723864,0.0
4641175-1,7386129-1,0.15316255,0.0
4396650-3,6382915-1,0.1722413,0.0
5679770-6,5679770-7,0.718283,1.0
5700606-1,7918020-1,0.57523966,0.0
6160050-3,6160050-7,0.59107566,1.0
7352948-1,8360442-3,0.06541446,0.0
5653710-1,5653710-2,0.62561524,1.0
7140141-3,7140141-4,0.907815,1.0
5413249-1,5413249-2,0.21347225,1.0
5660978-1,7981621-1,0.17439651,0.0
7543135-2,7543135-4,0.597124,1.0
5442331-1,8241246-1,0.8392274,0.0
7457301-1,8154941-1,0.51825476,0.0
3687156-1,5992757-1,0.18331212,0.0
4905968-2,6963280-2,0.6062181,0.0
6788313-3,6788313-4,0.7778548,1.0
7538799-1,8362537-1,0.52969867,0.0
6433453-1,8088595-1,0.07114662,0.0
8500051-1,8500051-2,0.5079343,1.0
3669470-1,4244719-1,0.5935831,1.0
5011511-1,5011511-2,0.7042798,1.0
6997807-1,7887488-1,0.35267463,0.0
7330531-2,7330531-3,0.9098103,1.0
5485294-1,7989559-1,0.23472019,0.0
4015153-1,8046456-1,0.4161487,0.0
6911660-1,6911660-4,0.7048937,1.0
5486553-4,5486553-5,0.9459675,1.0
3981990-1,6350430-1,0.03593064,0.0
5126597-1,5324366-1,0.081509545,0.0
4925988-1,4925988-3,0.8294235,1.0
7490089-1,7813008-1,0.09518795,0.0
3844387-1,6159014-1,0.5947907,0.0
6996166-1,6996166-3,0.46191278,1.0
6791392-1,6791392-2,0.4988505,1.0
3005218-1,8645491-1,0.09972018,0.0
4705729-2,4705729-3,0.34176594,1.0
8061522-2,8061522-4,0.49072272,1.0
3804807-1,4123284-1,0.29715553,0.0
5597659-1,6354114-1,0.41473508,0.0
2944857-1,2944857-4,0.69274443,1.0
4500871-1,4500871-2,0.22655632,1.0
7479646-1,7676797-1,0.10699387,0.0
3897098-3,3897098-4,0.8311222,1.0
4528898-1,5623967-1,0.044269856,0.0
7867306-2,7867306-4,0.80418456,1.0
4857254-1,7349140-2,0.57412356,0.0
5530451-1,7302649-1,0.3359796,0.0
6925373-3,8254450-5,0.47542807,0.0
5308046-1,6057701-1,0.5530986,0.0
6637358-4,6637358-6,0.77901393,1.0
6018315-1,6018315-3,0.7318842,1.0
4232833-1,8621951-1,0.14475773,0.0
3339798-1,5446369-6,0.43083647,0.0
4374304-1,6844161-1,0.38496482,0.0
6732602-2,6732602-5,0.26793227,1.0
6636700-1,7218456-1,0.50977397,0.0
5848591-2,5848591-4,0.74790466,1.0
3391635-1,4536835-2,0.40661395,0.0
6099048-1,8230154-1,0.2214724,0.0
5469888-1,5469888-2,0.8324921,1.0
6236112-2,6236112-5,0.7143223,1.0
8569136-5,8569136-6,0.6059661,1.0
8342471-3,8342471-4,0.8322801,1.0
3751626-1,4242491-1,0.22562964,0.0
5943729-11,5943729-3,0.6840835,1.0
3017924-1,3853859-1,0.5421566,0.0
8710561-3,8710561-7,0.6933231,1.0
8388796-7,8388796-9,0.31271356,1.0
3247781-1,7305666-1,0.36816254,0.0
8559640-5,8559640-6,0.9175081,1.0
5745586-5,5745586-6,0.91267663,1.0
2868038-1,2868038-3,0.71214193,1.0
6615017-1,6615017-2,0.23186624,1.0
7024078-1,7924160-1,0.46039355,0.0
4173947-1,6942751-1,0.2500839,0.0
2844426-1,2844426-4,0.6613995,1.0
5803979-2,5803979-3,0.70978445,1.0
2931397-1,8360259-2,0.569527,0.0
4021265-1,6120333-1,0.23748942,0.0
6482601-2,7827464-1,0.28612748,0.0
4660716-1,8166483-1,0.41285083,0.0
7316559-1,7316559-3,0.47406936,1.0
4333364-1,4946240-1,0.22503355,0.0
8396188-1,8396188-3,0.7578746,1.0
7295558-1,7295558-2,0.7057967,1.0
6011165-1,6901674-1,0.18301821,0.0
6355664-1,8565714-1,0.6586852,0.0
6037803-1,6037803-4,0.68256587,1.0
2584640-2,2584640-3,0.59200764,1.0
7538793-1,7538793-3,0.65956664,1.0
5846181-1,5846181-6,0.7206676,1.0
5437993-1,5437993-2,0.68757176,1.0
3635220-1,7297480-1,0.49997738,0.0
8286377-4,8286377-5,0.3447441,1.0
6660476-1,8575338-3,0.31721333,0.0
8260478-3,8260478-5,0.6787474,1.0
6047112-1,6047112-2,0.823037,1.0
6035448-1,6035448-3,0.2592582,1.0
5237193-3,5237193-4,0.6042123,1.0
7055463-3,7055463-5,0.61160153,1.0
3502796-1,3502796-2,0.85495627,1.0
6958894-3,8078049-1,0.047510047,0.0
4345240-4,4345240-5,0.7396216,1.0
6615256-2,6615256-4,0.84889907,1.0
7083186-1,8451514-1,0.2333768,0.0
5621271-1,5996655-1,0.12719347,0.0
8408424-1,8408424-2,0.7552806,1.0
5686962-2,5686962-4,0.7120017,1.0
4418103-1,4418103-4,0.67619455,1.0
6302191-1,6302191-3,0.84264755,1.0
4086573-2,4086573-3,0.78516805,1.0
5642873-1,6026882-5,0.09616992,0.0
5857344-4,7222518-1,0.9098974,0.0
8611478-1,8611478-4,0.51646256,1.0
8652111-2,8652111-3,0.84469396,1.0
5769203-1,5769203-2,0.7720861,1.0
4830034-2,4830034-3,0.6279613,1.0
8549330-1,8549330-2,0.635144,1.0
4603113-3,4603113-6,0.7755939,1.0
8084738-1,8084738-2,0.38258573,1.0
5540391-1,6257534-6,0.22350045,0.0
8105697-1,8105697-4,0.20584635,1.0
6159695-1,6159695-2,0.80524,1.0
4918135-1,4918135-2,0.7073425,1.0
4939672-1,7325214-1,0.050049677,0.0
3895529-1,3895529-2,0.50804406,1.0
4531450-2,4531450-4,0.54896635,1.0
3150839-1,3150839-4,0.5102644,1.0
4258350-1,4258350-2,0.6112802,1.0
7004578-1,7004578-2,0.22028631,1.0
5545587-1,6590676-1,0.08364623,0.0
8565626-1,8679042-1,0.22878408,0.0
7546245-1,7546245-2,0.85317945,1.0
2788137-1,3462718-1,0.39441767,0.0
3010774-1,3010774-3,0.9010832,1.0
5656962-2,7552379-1,0.42821035,0.0
2783130-1,6256076-1,0.88250023,0.0
2806860-1,6329243-1,0.0543836,0.0
5019922-1,5838883-1,0.17081372,0.0
2872603-1,4377368-1,0.3006716,0.0
6022295-2,6022295-3,0.52136093,1.0
6129370-2,6129370-3,0.88248444,1.0
7153685-1,7153685-2,0.29744664,1.0
4010737-2,4010737-3,0.5748496,1.0
3614304-1,6158700-1,0.19969568,0.0
5830324-1,7394077-2,0.33154455,0.0
5930217-1,7064361-1,0.32250077,0.0
5427703-3,5427703-5,0.64736825,1.0
4722546-1,5852841-1,0.18588531,0.0
5532947-1,6086521-1,0.49863857,0.0
4405976-1,5290639-1,0.43685412,0.0
5569391-2,5569391-3,0.77318746,1.0
3385500-1,3385500-2,0.88034487,1.0
4918135-1,4918135-2,0.7073425,1.0
6486600-2,6486600-5,0.562455,1.0
6062773-1,8613576-1,0.10722914,0.0
3699952-1,8391293-2,0.7325795,0.0
7201630-1,8196506-1,0.16455178,0.0
5712115-4,5712115-7,0.8112697,1.0
5591132-3,6877974-3,0.06731374,0.0
8045623-1,8045623-3,0.97283673,1.0
4689839-1,4689839-3,0.699175,1.0
6103365-1,6103365-3,0.7351148,1.0
7359153-2,8474819-1,0.2395645,0.0
7035095-1,7522393-1,0.71634275,1.0
5137971-4,5137971-8,0.62058157,1.0
5820018-1,5820018-3,0.38044536,1.0
5314260-1,6389040-4,0.32777733,0.0
2430565-2,2430565-4,0.9466945,1.0
5678687-1,5755244-2,0.16786578,0.0
5624242-2,5624242-4,0.7998284,1.0
4129927-1,4129927-2,0.5131279,1.0
5987393-2,6330970-1,0.41018847,0.0
2963759-2,6037806-1,0.89400244,0.0
4616569-1,4616569-6,0.7817369,1.0
8383533-1,8383533-5,0.6812296,1.0
8543281-3,8543281-4,0.7198798,1.0
2655058-1,4743229-1,0.4437882,0.0
3343425-1,3343425-2,0.7850661,1.0
7343954-1,7343954-2,0.9106542,1.0
3088941-2,3088941-3,0.9277164,1.0
3040089-1,5643278-1,0.9424207,0.0
3038876-1,3038876-2,0.76860917,1.0
7711629-4,7711629-7,0.61015487,1.0
3660495-1,7294899-2,0.6714047,1.0
6434444-4,6434444-5,0.9410608,1.0
8358528-1,8499675-1,0.11367261,0.0
5540391-1,6257534-6,0.22350045,0.0
5943729-2,5943729-7,0.77489865,1.0
4049767-1,4049767-2,0.70279324,1.0
2859338-1,3768297-1,0.10389816,0.0
3860072-1,6006788-1,0.18363233,0.0
4071151-2,4071151-3,0.90321803,1.0
5221483-1,5221483-2,0.6158619,1.0
6251325-1,8525266-1,0.1778793,0.0
8668032-1,8668032-3,0.93204176,1.0
3446909-2,3446909-5,0.46545893,1.0
4028916-1,6162351-1,0.37451422,0.0
8140026-2,8383649-2,0.5392464,0.0
5139749-1,5139749-2,0.61714333,1.0
4480301-1,4480301-3,0.7818995,1.0
7649103-3,7649103-4,0.94042313,1.0
3173709-1,8377531-1,0.26903424,0.0
8391342-25,8391342-33,0.74550736,1.0
5968651-2,5968651-3,0.80662364,1.0
5654276-1,8486051-1,0.48799434,0.0
5530460-2,5530460-5,0.71622455,1.0
3733704-3,3733704-4,0.44361714,1.0
4090488-1,6691534-1,0.34095392,0.0
5340929-1,7535637-1,0.70737416,0.0
3010774-1,3010774-3,0.9010832,1.0
6336730-1,6336730-7,0.6984853,1.0
6916609-1,6916609-2,0.6975836,1.0
5494519-1,5494519-3,0.5880878,1.0
3446003-1,4456891-1,0.0761896,0.0
6788313-3,6788313-4,0.7778548,1.0
8495066-3,8495066-4,0.92256916,1.0
6683483-1,7138425-1,0.20437407,0.0
4575794-2,5148816-1,0.16977459,0.0
6862365-1,6862365-2,0.68058103,1.0
2806401-1,7784763-1,0.6181767,0.0
3639700-1,6054368-1,0.6835983,0.0
7353707-2,7353707-4,0.47494185,1.0
7640421-1,7962156-1,0.4974339,0.0
8236763-1,8362859-1,0.2080864,0.0
6592301-1,6789400-1,0.48299286,0.0
5124705-1,5124705-3,0.79211104,1.0
2718101-1,2718101-2,0.7285508,1.0
6919950-1,6919950-3,0.75628567,1.0
4228084-1,6100634-2,0.09030821,0.0
7547550-2,7547550-8,0.69034064,1.0
6304711-2,6304711-3,0.7846779,1.0
7158139-2,7158139-3,0.3983022,1.0
3803119-2,7673280-3,0.64301777,0.0
8017932-12,8017932-9,0.8316585,1.0
5056286-1,7773109-1,0.7392159,0.0
3570283-1,3596587-1,0.047897946,0.0
6600893-1,7815080-1,0.19777332,0.0
3232486-1,7364406-1,0.33004126,0.0
3514151-1,3514151-4,0.7792648,1.0
3958573-1,4014828-1,0.3440371,0.0
5798098-1,5798098-3,0.42476922,1.0
4703874-1,8575337-1,0.27346593,0.0
4683507-1,6566482-1,0.7530807,0.0
3223705-1,4421549-1,0.2028491,0.0
3652046-1,5322266-1,0.59797513,0.0
3223146-3,3223146-6,0.9120883,1.0
3665217-1,4939210-1,0.2519257,0.0
3667321-1,3667321-2,0.4432186,1.0
6897378-1,6897378-2,0.62454474,1.0
3970286-1,7329742-2,0.35675585,0.0
3079613-1,3651229-4,0.17411777,0.0
8133044-1,8133044-16,0.5679902,1.0
4058595-1,8442335-1,0.45565623,0.0
3052469-1,8101505-1,0.061131433,0.0
4998851-1,4998851-7,0.69707453,1.0
4212299-1,6951019-1,0.29063827,0.0
2994355-1,7500196-1,0.48506603,0.0
3696307-3,3696307-4,0.72486037,1.0
3521952-1,6510567-1,0.26390642,0.0
5715600-1,7327387-1,0.59872675,0.0
3083330-6,5908506-1,0.2658349,0.0
3229071-1,5964560-1,0.3999322,0.0
6799647-1,6799647-2,0.6865296,1.0
6505215-2,6716731-1,0.20410898,0.0
2988810-3,2988810-8,0.5730105,1.0
2749194-1,2749194-3,0.79985315,1.0
5324177-1,5324177-2,0.84780306,1.0
8035580-2,8474297-1,0.645233,0.0
3265699-1,3265699-3,0.78959566,1.0
4736659-1,6047565-1,0.18241708,0.0
6572922-1,7488111-1,0.19301347,0.0
2435111-1,2435111-2,0.86575514,1.0
4563056-1,4563056-3,0.5471693,1.0
8191643-1,8191643-3,0.87578404,1.0
4831504-1,4831504-3,0.5965411,1.0
2245961-2,2245961-3,0.52025646,1.0
5288912-2,5288912-4,0.8173454,1.0
7808748-1,7808748-2,0.12449303,0.0
3469390-2,8683277-2,0.8540425,0.0
3952613-1,7590457-1,0.42628968,0.0
1501118-1,5137971-4,0.47599435,0.0
2880967-1,7739235-1,0.29514208,0.0
6671889-1,8505106-3,0.26650164,0.0
6831184-1,6856227-1,0.5626831,0.0
5697583-1,5894579-1,0.4719692,0.0
7119093-1,7249895-1,0.12631154,0.0
4671146-3,6450254-1,0.36473733,0.0
3874362-1,5121568-1,0.45380446,0.0
6956960-1,8255699-1,0.1273033,0.0
6776213-2,6967357-1,0.13801491,0.0
6275824-1,6275824-4,0.47108972,1.0
5504811-1,6547240-1,0.64219594,0.0
3912635-2,6537690-2,0.17435358,0.0
8211030-3,8211030-5,0.6872641,1.0
7992724-2,7992724-3,0.94107914,1.0
3475916-1,7805523-1,0.29493314,0.0
2995998-1,3623462-1,0.27119023,0.0
4077557-4,4077557-9,0.46274874,1.0
4246994-1,6054368-1,0.31720927,0.0
7847093-2,7847093-4,0.42032343,1.0
6896379-2,6896379-3,0.74370265,1.0
3132910-1,3132910-2,0.47429532,1.0
4532076-2,4532076-3,0.6959696,1.0
4398927-1,4398927-2,0.80306894,1.0
5039314-1,7748197-1,0.5142183,0.0
4124786-2,4124786-3,0.7953138,1.0
2045672-1,4081653-2,0.2922045,0.0
5530411-4,5530411-5,0.85225254,1.0
3126734-4,3126734-5,0.5722817,1.0
8133044-14,8133044-16,0.9456788,1.0
7011274-1,7011274-2,0.8691645,1.0
4155887-1,4155887-3,0.67541754,1.0
4010026-1,8356265-1,0.057837676,0.0
7014704-1,7014704-2,0.37973174,1.0
4881626-1,4881626-3,0.88748,1.0
7327572-1,8399293-2,0.12407418,0.0
3698236-1,5799648-1,0.20243144,0.0
3522321-2,3522321-3,0.84065634,1.0
5754067-1,7713794-1,0.33889338,0.0
6990480-2,7706449-1,0.7851318,0.0
4534057-1,6199139-1,0.8161355,0.0
6776213-2,6967357-1,0.13801491,0.0
7981930-1,8359591-1,0.54735506,0.0
1903360-1,3223957-2,0.18865207,0.0
5041413-1,5041413-2,0.7343599,1.0
4418103-1,4418103-4,0.67619455,1.0
5529623-4,5529623-5,0.7089716,1.0
6601193-2,6601193-3,0.5137525,1.0
5458002-1,7989778-1,0.8073171,0.0
6795349-1,7079354-1,0.8890194,0.0
4454193-1,4454193-2,0.32808793,1.0
4421974-10,4421974-9,0.49924648,1.0
7997683-1,7997683-2,0.323263,1.0
3385805-1,8247731-1,0.17152652,0.0
2526448-1,3812853-1,0.42199236,0.0
6593915-1,6593915-7,0.7122813,1.0
7990443-1,7990443-6,0.71152854,1.0
7711629-6,7711629-9,0.43746707,1.0
4263490-1,7680184-1,0.5595491,0.0
4924409-1,4924409-2,0.2672946,1.0
4508147-1,4508147-2,0.7318869,1.0
7714405-1,7714405-3,0.63163286,1.0
7850410-1,7850410-2,0.722386,1.0
5947929-1,8667288-1,0.71954525,0.0
4357776-2,5266097-1,0.7544992,0.0
2839977-1,4807175-2,0.17868881,0.0
8155605-2,8606088-1,0.72400343,0.0
4693019-1,6967053-1,0.8707535,0.0
7092682-2,7092682-3,0.8187109,1.0
8061403-1,8061403-5,0.56954676,1.0
3420670-1,8429020-1,0.50480217,0.0
3700161-1,4354087-1,0.10532205,0.0
6302382-1,7082866-2,0.19533595,0.0
5806410-1,5806410-2,0.4031314,1.0
5987393-2,6330970-1,0.41018847,0.0
6304711-1,6304711-6,0.7377323,1.0
2813577-5,2813577-6,0.9013194,1.0
2729252-2,2729252-4,0.6900682,1.0
4672531-1,7482979-1,0.088679515,0.0
7500026-2,7500026-4,0.30769756,1.0
6530164-1,8313357-1,0.3688929,0.0
3186893-1,3698308-1,0.17600338,0.0
7481472-3,7481472-4,0.79332286,1.0
5476656-3,5476656-7,0.41050446,1.0
2932991-3,2932991-4,0.9511992,1.0
3467775-2,3467775-3,0.78066605,1.0
6764574-4,6764574-5,0.8841481,1.0
2939409-1,3841599-2,0.35015798,0.0
4897205-1,5107665-1,0.18344249,0.0
7061516-1,7061516-2,0.23689504,1.0
3665217-1,4939210-1,0.2519257,0.0
6594285-1,6728653-1,0.46507686,0.0
5726839-1,5726839-4,0.8300425,1.0
2873454-1,6240271-1,0.2031647,0.0
3506073-1,8238592-1,0.15215121,0.0
2994792-3,5865526-1,0.8159914,0.0
4885613-1,7904161-1,0.31584066,0.0
4421318-1,8247787-1,0.37599316,0.0
4976152-1,8416638-1,0.28710058,0.0
6079505-1,6425598-1,0.12723711,0.0
8159316-1,8159316-2,0.46000424,1.0
8057747-2,8057747-5,0.30532107,1.0
7244171-1,8392858-1,0.03390779,0.0
8591199-1,8591199-2,0.5915908,1.0
3861378-1,4224248-1,0.3137706,0.0
5862465-1,6935334-1,0.5366153,0.0
3922398-1,6100339-1,0.6841353,0.0
2661527-1,4714482-1,0.8776867,0.0
4075213-3,4075213-5,0.9501291,1.0
5523898-2,5523898-3,0.8876265,1.0
8147995-1,8147995-2,0.71724576,1.0
7892226-1,7892226-2,0.6270595,1.0
5201065-2,5201065-9,0.90597683,1.0
3883268-1,5392909-1,0.24885693,0.0
6332814-5,6332814-8,0.8132746,1.0
4610337-2,6407471-1,0.36586976,0.0
4296853-1,4633423-1,0.4087051,0.0
5387823-2,5387823-3,0.72410583,1.0
3541160-1,7477961-1,0.3490191,0.0
6128999-1,6507808-1,0.041545395,0.0
3635147-1,6439376-1,0.9573491,0.0
2813646-3,2813646-4,0.9218287,1.0
6531111-1,6531111-2,0.33000723,1.0
7749935-6,7749935-8,0.64252037,1.0
7203783-2,7857668-1,0.12789269,0.0
4502247-1,7220005-7,0.42815545,0.0
6130330-1,7276394-1,0.4177942,0.0
8435921-7,8435921-8,0.41306838,1.0
2903920-2,7793427-1,0.45107847,0.0
5043164-1,5378858-1,0.55243766,0.0
4461724-3,7369032-1,0.5178771,0.0
3754402-2,3754402-3,0.91655356,1.0
4656959-1,7908722-1,0.74023354,0.0
8611532-1,8611532-5,0.9042761,1.0
3860153-1,4294453-1,0.46068296,1.0
4744458-1,7909126-1,0.26235154,0.0
4518634-1,4932008-1,0.5664696,0.0
4597458-1,7969327-2,0.17903748,0.0
6997318-1,6997318-2,0.42345086,1.0
8522886-1,8522886-2,0.48444885,1.0
3544906-11,3544906-8,0.4903126,1.0
8441517-2,8441517-4,0.86608875,1.0
4603322-1,4603322-2,0.85456437,1.0
1660560-1,1660560-2,0.59025735,1.0
2722008-1,4316802-1,0.22053853,0.0
4535012-1,6750314-1,0.10400136,0.0
8075677-1,8425027-1,0.06613984,0.0
4691481-1,8247681-1,0.17943376,0.0
6929121-2,6929121-3,0.8839248,1.0
2776156-2,2776156-3,0.542661,1.0
3146942-2,3146942-3,0.64640725,1.0
4175871-1,4506839-1,0.21670158,0.0
3897091-1,3897091-4,0.95631224,1.0
4597458-1,7969327-2,0.17903748,0.0
6311045-2,6311045-6,0.8449391,1.0
7988206-12,7988206-7,0.73186624,1.0
4886413-1,6368983-1,0.21959043,0.0
4813076-2,4813076-3,0.5840194,1.0
5624666-1,8121091-1,0.17477661,0.0
5463772-1,8365855-1,0.38841513,0.0
5765119-1,5765119-6,0.47201526,1.0
5613706-1,6639706-1,0.29974988,0.0
4804602-1,8435476-1,0.18142672,0.0
5538095-1,5538095-2,0.7035409,1.0
4136409-1,5429156-1,0.4454152,0.0
2908654-2,2908654-3,0.46139497,1.0
8522136-1,8522136-2,0.35056636,1.0
3214566-1,5461669-1,0.16471104,0.0
3161023-1,7053463-1,0.04849025,0.0
7663930-1,7663930-6,0.4787732,1.0
6319694-1,8621310-1,0.10820607,0.0
6434444-6,6434444-9,0.87829506,1.0
3447677-2,6507376-1,0.6273243,0.0
6236582-2,6236582-3,0.64489895,1.0
6230342-1,8365009-1,0.18217294,0.0
5939009-1,7154239-1,0.34883416,0.0
5457574-1,6555907-1,0.2624415,0.0
7720770-3,7720770-4,0.9208262,1.0
3827920-1,3827920-2,0.45387048,1.0
3267057-1,6477493-1,0.13399008,0.0
7493264-1,7493264-2,0.15658838,1.0
4047698-1,6145046-5,0.15948717,0.0
7996811-5,7996811-6,0.9280895,1.0
6882683-1,6882683-2,0.77007663,1.0
3817060-1,3817060-2,0.75000525,1.0
6275832-2,6275832-4,0.60835046,1.0
7051864-1,7568093-1,0.41323006,0.0
5838759-1,8357521-1,0.631204,1.0
5988756-6,5988756-8,0.6981294,1.0
5845586-4,5845586-5,0.67638826,1.0
8278993-2,8278993-3,0.44522583,1.0
8083751-1,8083751-3,0.710963,1.0
3891612-2,5977079-7,0.28963518,0.0
3148996-1,7021241-1,0.18116778,0.0
7726239-1,7726239-2,0.53239197,1.0
3835511-2,3835511-7,0.9134144,1.0
3444054-1,6313962-1,0.18981989,0.0
4881626-4,4881626-8,0.8177664,1.0
8391342-1,8391342-17,0.7209917,1.0
6611857-6,6611857-9,0.71219325,1.0
7789569-1,8240843-3,0.54077905,0.0
7092682-2,7092682-3,0.8187109,1.0
3606746-1,3731623-1,0.12331211,0.0
3514931-1,7796383-1,0.07540946,0.0
2740291-2,2740291-4,0.70178777,1.0
2803854-1,4799239-1,0.14609875,0.0
8494175-1,8494175-2,0.9332215,1.0
3891612-2,5977079-7,0.28963518,0.0
5838759-1,8357521-1,0.631204,1.0
7431202-1,7431202-2,0.48901987,1.0
7306636-1,7813066-1,0.5107853,0.0
4885613-1,7904161-1,0.31584066,0.0
3223713-1,7306636-1,0.16965142,0.0
4455125-3,8264871-1,0.67819643,0.0
6851821-1,6851821-2,0.93564606,1.0
3830360-1,4745599-1,0.17151263,0.0
8276321-1,8276321-2,0.5538628,1.0
4143527-1,4143527-2,0.71558267,1.0
3420382-1,3420382-2,0.65617704,1.0
4967634-1,5651601-1,0.31566823,0.0
3540695-1,4327555-2,0.31120256,0.0
5279107-1,5728000-1,0.7104944,0.0
4274489-1,6786171-5,0.3054923,0.0
7187478-1,7417122-1,0.13388798,0.0
8077172-11,8077172-6,0.94116557,1.0
8377065-11,8377065-9,0.77859455,1.0
3569556-1,3741701-1,0.39794812,0.0
5485298-1,7228453-2,0.56834537,0.0
7669359-1,7669359-3,0.5832204,1.0
7952588-1,7952588-2,0.35682333,1.0
2816349-1,4409093-1,0.5712818,0.0
4761595-3,8496000-1,0.87460005,0.0
7035095-1,7522393-1,0.71634275,1.0
6395427-4,6395427-8,0.6735866,1.0
6835147-3,8223983-1,0.19303939,0.0
7543102-1,7543102-4,0.86333096,1.0
5690429-3,6717351-1,0.7407312,1.0
3544661-1,3700847-1,0.10032526,0.0
8616346-2,8616346-4,0.9183322,1.0
8611551-5,8626982-1,0.74213624,0.0
8168801-2,8168801-4,0.14968248,1.0
3467925-2,7946834-1,0.32799417,0.0
8710561-3,8710561-7,0.6933231,1.0
8489597-2,8530793-3,0.6565628,0.0
2815756-5,2815756-9,0.777044,1.0
5900559-1,5900559-4,0.7825478,1.0
2790148-2,2790148-5,0.7914542,1.0
8354677-2,8354677-4,0.75315917,1.0
5043255-4,5043255-5,0.79619527,1.0
8391342-20,8391342-31,0.8393525,1.0
5331254-1,5331254-2,0.50124925,1.0
2612684-1,6861041-1,0.26537207,0.0
6552571-2,6552571-3,0.85830504,1.0
3833898-1,4942540-1,0.2399882,0.0
3302995-1,3302995-3,0.3686997,1.0
3625758-1,3625758-2,0.9057207,1.0
6256161-1,8263270-1,0.3980895,0.0
6208225-1,7448406-3,0.34596065,0.0
7153685-1,7153685-2,0.29744664,1.0
8391342-2,8391342-26,0.75660646,1.0
2481265-1,5067396-1,0.2649463,0.0
2628085-7,2628085-9,0.7236976,1.0
5850760-1,5850760-3,0.710883,1.0
2769433-1,4719736-2,0.2192428,0.0
8391342-8,8391342-9,0.8432439,1.0
4612477-1,6984416-1,0.40337762,0.0
4603322-1,4603322-2,0.85456437,1.0
2640403-3,5253495-1,0.4809411,0.0
5325020-1,8196388-1,0.24259457,0.0
3459794-1,5244042-1,0.7346169,0.0
3502399-1,8364781-1,0.30348468,0.0
8083887-1,8083887-2,0.5634046,1.0
6176975-1,7520241-1,0.29173175,0.0
2740062-1,3307458-1,0.56987596,0.0
5031828-1,8316786-1,0.14228576,0.0
5678687-1,5755244-2,0.16786578,0.0
7749935-2,7749935-8,0.83123803,1.0
4423003-1,5117983-1,0.6207096,0.0
4662665-1,7188982-1,0.06039474,0.0
2817825-4,2817825-5,0.93582726,1.0
3891612-3,8259393-1,0.38433847,0.0
6693393-1,6940036-4,0.15302047,0.0
4849704-1,5422731-2,0.058821376,0.0
7322487-1,7322487-2,0.5364725,1.0
6166144-1,8214366-1,0.3780147,0.0
3074291-1,6598396-1,0.13752437,0.0
8190610-1,8190610-3,0.564536,1.0
3789090-1,6177085-1,0.12086786,0.0
3173382-1,5682640-1,0.4081807,0.0
6113765-1,6504019-1,0.5554275,0.0
6952720-2,6952720-3,0.51532084,1.0
4364005-2,7344136-1,0.23936988,0.0
7092682-2,7092682-3,0.8187109,1.0
3586573-1,6337783-1,0.14931151,0.0
8407525-1,8524235-1,0.22577561,0.0
3652099-1,8406562-1,0.30671048,0.0
6503405-1,6503405-3,0.80475086,1.0
3079613-1,3651229-4,0.17411777,0.0
7796768-2,7796768-4,0.20632823,1.0
8611606-1,8611606-6,0.9089871,1.0
6945338-2,6945338-3,0.71284467,1.0
3665135-1,5478309-1,0.56511784,1.0
6713097-2,7004259-1,0.33336368,0.0
6324859-2,6324859-4,0.5762241,1.0
8645492-1,8645492-2,0.11314676,1.0
6417333-2,6417333-4,0.65025264,1.0
2117016-1,3519746-1,0.25744522,0.0
5939900-1,8255035-1,0.14834784,0.0
3843640-5,3843640-6,0.92491245,1.0
4430159-1,6984027-1,0.56977034,0.0
5738576-1,8272919-1,0.41809353,0.0
3884113-2,3884113-3,0.75189465,1.0
6157201-1,8699918-1,0.7375331,0.0
6077891-1,8371419-1,0.130218,0.0
4797442-1,6038655-1,0.62223274,0.0
4633544-1,8559640-2,0.7215557,0.0
3686641-1,3686641-2,0.7806683,1.0
7644295-1,8144523-1,0.12570122,0.0
8372087-1,8572351-1,0.15820655,0.0
6738168-1,6738168-2,0.70302206,1.0
5765119-1,5765119-6,0.47201526,1.0
6371506-1,6559182-1,0.81361544,0.0
4885613-1,7904161-1,0.31584066,0.0
2983082-1,2983082-2,0.8325627,1.0
4268616-1,8709556-8,0.23845646,0.0
6968900-2,6968900-3,0.7273261,1.0
4843071-1,5843968-1,0.067393534,0.0
3178776-1,6210665-1,0.3950184,0.0
8284703-1,8284703-3,0.3131327,1.0
8391342-8,8391342-9,0.8432439,1.0
5653710-1,5653710-2,0.62561524,1.0
5667717-1,7273386-1,0.36025813,0.0
7545039-1,7545039-3,0.8337329,1.0
6667806-2,8696182-2,0.7151382,0.0
5200989-1,8212911-1,0.6639369,0.0
6851821-1,6851821-2,0.93564606,1.0
3871035-2,3871035-3,0.80560094,1.0
5632852-1,8531930-1,0.36316487,0.0
7199827-1,7682061-1,0.40444106,0.0
3109664-1,6475964-1,0.302527,0.0
3670521-3,3670521-4,0.41921318,1.0
4058595-1,8442335-1,0.45565623,0.0
4898933-3,5215194-1,0.061318293,0.0
4835739-1,5723965-1,0.13285393,0.0
5124705-1,5124705-3,0.79211104,1.0
6057339-1,6057339-2,0.69890594,1.0
4204775-1,5965110-1,0.39920104,0.0
4730130-4,4730130-5,0.70678395,1.0
5912312-3,5912312-5,0.2544352,1.0
5347305-1,6736565-1,0.44863924,1.0
4100840-3,4898337-1,0.072366394,0.0
7829630-6,7829630-7,0.7761352,1.0
5803979-2,5803979-3,0.70978445,1.0
4851822-1,7887195-4,0.1924386,0.0
3600271-1,5848667-1,0.123958774,0.0
3099207-1,4664839-1,0.04113629,0.0
4807951-1,6018289-1,0.4258821,0.0
8560865-1,8560865-2,0.4501203,1.0
6230342-1,8365009-1,0.18217294,0.0
4269538-1,7666621-1,0.5805899,0.0
4307636-1,6900885-2,0.2368056,0.0
7828325-1,7828325-2,0.47066796,1.0
8369283-1,8369283-5,0.61647606,1.0
3830332-2,7282360-1,0.51536524,0.0
3897098-3,3897098-4,0.8311222,1.0
4553364-1,7050623-2,0.41186255,0.0
7364183-2,7685842-1,0.29763448,0.0
6159245-1,6159245-2,0.67953616,1.0
3830139-1,3846227-1,0.43216097,0.0
3102883-1,4333549-1,0.17463546,0.0
5398372-1,5398372-2,0.4828827,1.0
3935303-1,5444672-1,0.6389851,0.0
8278993-2,8278993-3,0.44522583,1.0
7568822-3,7568822-4,0.951183,1.0
5588617-3,5588617-4,0.85977715,1.0
4936179-1,6671888-1,0.3699328,0.0
8353083-4,8353083-5,0.8410808,1.0
6370578-1,6370578-4,0.72763586,1.0
2222674-1,5354394-1,0.20722803,0.0
4918480-6,4918480-8,0.8551231,1.0
3657462-2,3657462-3,0.14045975,1.0
5346945-1,8255048-1,0.07975823,0.0
2932991-3,2932991-4,0.9511992,1.0
7689230-1,8613558-1,0.30341324,0.0
8133044-1,8133044-15,0.58009315,1.0
3276871-1,4534062-1,0.22642815,0.0
4601450-1,6360613-1,0.55813974,0.0
6251240-1,7193879-1,0.35894284,0.0
4535012-1,6750314-1,0.10400136,0.0
7490089-1,7813008-1,0.09518795,0.0
5749547-4,7481371-1,0.2930327,0.0
3267057-1,6477493-1,0.13399008,0.0
6611857-6,6611857-9,0.71219325,1.0
8088476-1,8088476-2,0.75879496,1.0
4238183-1,6402861-3,0.3444322,0.0
3793586-1,8015585-1,0.21163502,0.0
3483317-1,3483317-2,0.8458339,1.0
2769370-1,6120049-4,0.428266,0.0
4395949-1,5134173-1,0.6108587,0.0
4272946-1,5731103-1,0.4054031,0.0
3191478-1,6006902-1,0.19982101,0.0
2607259-1,7690469-1,0.37155724,0.0
4026547-2,8039198-1,0.37001175,0.0
4549539-1,7535648-1,0.46009675,0.0
6530164-1,8313357-1,0.3688929,0.0
4241302-1,8629683-1,0.4279776,0.0
4287898-4,6057532-1,0.38326293,0.0
2640403-4,2640403-9,0.43721303,1.0
4207459-1,7732258-1,0.58109856,0.0
4936179-1,6671888-1,0.3699328,0.0
7850410-1,7850410-2,0.722386,1.0
8077172-3,8077172-6,0.89258975,1.0
4820630-1,4820630-2,0.624396,1.0
3730032-1,6964363-1,0.16797253,0.0
8606994-1,8606994-2,0.3469481,1.0
4184659-2,7519726-2,0.7304368,0.0
4579175-1,4579175-3,0.8659758,1.0
5667698-1,6819644-1,0.21836208,0.0
3633290-1,7923707-1,0.17793211,0.0
5341648-1,6945348-1,0.15369274,0.0
6613401-1,6613401-2,0.5336021,1.0
3891161-1,8491334-1,0.5303703,1.0
2474644-1,8488421-1,0.062000286,0.0
7429779-1,8136987-1,0.2042522,0.0
8646190-10,8646190-8,0.79599124,1.0
3639158-16,3639158-3,0.6872395,1.0
5488070-1,8255753-1,0.40381303,0.0
8563620-1,8563620-4,0.40231496,1.0
7829606-3,7829606-4,0.4103083,1.0
4898933-3,5215194-1,0.061318293,0.0
8634069-4,8634069-5,0.9097337,1.0
5819108-3,5819108-9,0.78282505,1.0
8666976-3,8666976-5,0.43914396,1.0
4711341-2,4711341-4,0.7854613,1.0
4392492-1,5988205-1,0.36104718,0.0
2758879-1,2758879-3,0.7695662,1.0
2726128-7,6996578-1,0.93085533,0.0
7577788-1,7577788-2,0.5068187,1.0
4246651-1,4246651-2,0.257589,1.0
2844426-1,2844426-4,0.6613995,1.0
5939900-1,8255035-1,0.14834784,0.0
7551866-1,7551866-3,0.8228814,1.0
3957451-1,4077262-1,0.14309959,0.0
7720338-1,7720338-2,0.41546226,1.0
3819895-1,5546070-1,0.16939451,0.0
3540710-1,4492332-1,0.26345247,0.0
7399777-1,8133284-1,0.2581891,0.0
7721074-3,7721074-4,0.70690984,1.0
8138144-1,8212369-1,0.3592108,0.0
8217650-4,8217650-5,0.3520781,1.0
4173238-2,4173238-3,0.7264693,1.0
5907517-1,8682950-6,0.115023464,0.0
2740309-1,5670264-1,0.13821049,0.0
5854318-1,5960523-1,0.13729931,0.0
8494847-1,8494847-2,0.87102294,1.0
5066581-1,6206910-3,0.13465881,0.0
5299170-1,5303287-3,0.3355668,0.0
7543135-1,7543135-3,0.62180966,1.0
3328978-1,5726839-4,0.31639275,0.0
8223270-1,8538929-1,0.40105423,0.0
3507074-1,5858849-1,0.27928075,0.0
2931408-1,3708819-3,0.3147116,0.0
8611478-2,8611478-3,0.9242076,1.0
5670264-1,7394192-1,0.28766337,0.0
4454733-1,7443681-1,0.28315836,0.0
5980456-3,5980456-4,0.59344065,1.0
5818707-1,6343251-1,0.59376526,0.0
6955030-2,6955030-3,0.849187,1.0
6452484-1,6593925-1,0.41855398,0.0
5857324-2,5857324-3,0.7708477,1.0
7385574-1,7385574-2,0.74878365,1.0
7609899-5,7609899-6,0.5348809,1.0
3546214-2,3546214-3,0.6647151,1.0
3522506-1,7180307-1,0.16145273,0.0
8278444-1,8278444-2,0.8255191,1.0
4794526-1,8568035-1,0.387152,0.0
2749185-2,7006051-1,0.7944541,0.0
6692984-1,6963659-1,0.37014636,0.0
4639334-1,4639334-2,0.34748396,1.0
3914336-1,3914336-2,0.5102876,1.0
5634570-1,7524921-1,0.17509094,0.0
7711629-4,7711629-8,0.730321,1.0
3373979-1,7519275-1,0.1827567,0.0
3834874-1,3834874-2,0.6259502,1.0
5726839-2,5726839-4,0.8732905,1.0
3373999-1,3412107-1,0.18286999,0.0
3667327-1,7850374-1,0.6851126,0.0
4214487-1,5498975-1,0.18161054,0.0
3687156-1,5992757-1,0.18331212,0.0
5390126-1,5390126-3,0.7688283,1.0
8330605-4,8330605-7,0.8415443,1.0
8183782-1,8183782-2,0.68984556,1.0
6613401-1,6613401-2,0.5336021,1.0
8471443-1,8471443-2,0.26504317,1.0
4222113-1,7383179-1,0.5700195,0.0
7501124-1,8107669-1,0.69335765,0.0
3056793-1,6507645-1,0.16322453,0.0
3891421-2,5485294-1,0.7492711,0.0
6616899-2,6616899-3,0.79244536,1.0
1308872-1,5968243-1,0.21035798,0.0
6956960-1,8255699-1,0.1273033,0.0
4405312-4,4405312-5,0.8746662,1.0
4795432-1,7524601-1,0.15844652,0.0
6611857-1,6611857-2,0.30644765,1.0
2561035-1,5991562-3,0.6694215,0.0
2890504-1,8447050-1,0.3593148,0.0
6007331-1,7455421-1,0.32700044,0.0
4685866-3,4685866-4,0.21395265,0.0
4492330-1,5494060-1,0.07884346,0.0
6521673-1,7253880-1,0.29030442,0.0
6660059-1,8495172-1,0.1616429,0.0
4042138-3,6299503-1,0.5087861,0.0
7176767-1,7220692-1,0.63598645,0.0
6533970-1,6533970-5,0.8625315,1.0
8077172-3,8077172-6,0.89258975,1.0
6076956-3,6593952-1,0.8344482,1.0
2776156-1,7476698-1,0.10401902,0.0
8688966-2,8688966-3,0.54260236,1.0
4465165-1,4465165-8,0.80413187,1.0
3549382-1,3756160-1,0.22313829,0.0
8565020-1,8565020-3,0.6395901,1.0
4704474-3,4704474-5,0.9336295,1.0
4296409-3,4296409-6,0.9559428,1.0
8046688-1,8186916-1,0.2602332,0.0
4531731-1,6477468-1,0.17682917,0.0
3996884-1,3996884-2,0.7359001,1.0
5120621-2,5120621-4,0.78077084,1.0
5752727-2,5752727-3,0.59160715,1.0
7450561-3,7450561-4,0.7826642,1.0
7265518-2,7448493-1,0.3756972,0.0
2740257-1,5833207-1,0.32364818,0.0
3177918-4,3177918-5,0.74136215,1.0
4736596-1,5786248-1,0.17445146,0.0
3114376-1,7380821-1,0.26064408,0.0
7321844-3,7321844-5,0.59130055,1.0
2762828-1,2762828-2,0.80061865,1.0
5943729-2,5943729-7,0.77489865,1.0
5533695-2,8081989-2,0.59325206,0.0
6679892-1,8173629-1,0.18444519,0.0
3152183-1,3152183-2,0.5202939,1.0
6796684-2,6796684-3,0.630114,1.0
3892123-1,5820439-1,0.27930543,0.0
6593541-1,6593541-2,0.84197927,1.0
6660476-1,8575338-3,0.31721333,0.0
6261630-1,6261630-3,0.55786157,1.0
3258229-2,3258229-5,0.839276,1.0
8532053-1,8532053-2,0.6470421,1.0
6246865-1,6246865-3,0.3862254,1.0
2740062-1,3307458-1,0.56987596,0.0
8061522-2,8061522-4,0.49072272,1.0
3070676-1,7186106-1,0.48637968,0.0
7352948-1,8360442-3,0.06541446,0.0
3238371-1,3238371-2,0.78743124,1.0
5674454-1,5674454-2,0.35959148,1.0
3994694-1,3994694-2,0.6339415,1.0
8602920-1,8602920-3,0.5944374,1.0
3427702-1,3660934-1,0.37216437,0.0
6264985-3,6264985-6,0.83151644,1.0
4164326-1,5644696-1,0.06825187,0.0
3394863-2,3394863-3,0.1402684,1.0
4432823-1,5031298-2,0.7239618,0.0
4999637-1,5564113-2,0.5973226,0.0
4765255-2,4765255-6,0.50429296,1.0
3429736-1,4451655-1,0.13099396,0.0
8413199-3,8413199-5,0.83662933,1.0
4188469-1,4350873-1,0.10885193,0.0
3777329-2,4836079-1,0.563435,0.0
3302999-1,3981269-1,0.123971224,0.0
7171607-2,7171607-5,0.7221738,1.0
6900415-1,6900415-9,0.62476933,1.0
3639802-1,3639802-3,0.49530914,1.0
7988206-11,7988206-8,0.8660118,1.0
3556411-1,3556411-2,0.48735818,1.0
5858623-1,6445561-1,0.55499876,0.0
6261630-1,6261630-3,0.55786157,1.0
8611532-1,8611532-3,0.8190242,1.0
6728972-1,7891040-1,0.10062542,0.0
4840810-1,4840810-2,0.7960547,1.0
3020523-1,5605360-2,0.24158451,0.0
3697227-1,8263135-1,0.8024986,0.0
4868816-1,8171351-1,0.08644417,0.0
6395427-4,6395427-8,0.6735866,1.0
5055948-1,5055948-3,0.73771155,1.0
4372569-1,7580785-1,0.24287531,0.0
3712390-1,7417326-1,0.27083683,0.0
4302118-2,4302118-3,0.2765372,1.0
6095973-5,6095973-9,0.53445584,1.0
8162322-4,8162322-5,0.41847184,1.0
3343425-1,3343425-2,0.7850661,1.0
3335562-1,5618968-1,0.42443344,0.0
2964787-1,2964787-2,0.605357,1.0
8260478-3,8260478-5,0.6787474,1.0
2557018-1,4421125-4,0.5358529,0.0
5228659-2,5228659-3,0.54216176,1.0
6503405-1,6503405-3,0.80475086,1.0
8536866-1,8536866-2,0.5283802,1.0
4610337-2,6407471-1,0.36586976,0.0
3678544-2,3678544-3,0.5119291,1.0
8360293-1,8360293-3,0.34739444,1.0
3638520-1,7019391-1,0.5063381,0.0
6726812-1,8077709-1,0.4431457,0.0
3968654-1,5053268-1,0.42354685,0.0
5410684-1,6230594-1,0.597924,0.0
5490117-1,5946589-1,0.19173574,0.0
3943150-1,5669530-1,0.18327653,0.0
3570192-3,3570192-4,0.65003157,1.0
7196948-1,8123093-2,0.59220177,0.0
4616569-2,4616569-5,0.4010866,1.0
4005246-4,5935437-1,0.5032594,0.0
6715557-1,8693695-1,0.04171637,0.0
7263007-1,7430073-1,0.16083068,0.0
7869353-1,7869353-2,0.8276879,1.0
6452482-1,7542055-3,0.27049997,0.0
6162813-1,7275195-1,0.11929395,0.0
4866745-1,5200824-1,0.4144538,0.0
7584985-1,7584985-2,0.75792354,1.0
3810058-1,4276615-1,0.15988505,0.0
7641057-1,8299428-1,0.28208306,0.0
7641057-1,8299428-1,0.28208306,0.0
4506926-1,7303542-1,0.27864844,0.0
6835147-1,6835147-2,0.67411274,1.0
6144594-1,6708912-3,0.4538871,0.0
4702300-2,4702300-4,0.9416388,1.0
5530451-1,7302649-1,0.3359796,0.0
3913137-2,3913137-5,0.46697468,1.0
7802837-1,7802837-2,0.20899454,1.0
2572046-1,2856403-1,0.6251233,0.0
8151272-4,8151272-6,0.3983209,1.0
5464515-10,5464515-3,0.40971002,1.0
4047694-1,4047694-4,0.7309836,1.0
5005326-1,5512412-1,0.35844934,0.0
6911677-1,7504875-1,0.29215547,0.0
8428280-7,8428280-9,0.9011621,1.0
5746636-2,5746636-5,0.72994834,1.0
5893346-3,5893346-6,0.32205388,1.0
6095652-2,6095652-3,0.49384433,1.0
3890721-2,5091006-1,0.64043754,0.0
4745143-1,4745143-3,0.49763164,1.0
4120480-1,4120480-2,0.18297891,1.0
8364936-1,8364936-2,0.18876104,1.0
8606994-1,8606994-2,0.3469481,1.0
3927262-2,3927262-3,0.8932932,1.0
5556707-1,5556707-2,0.47587758,1.0
7844909-2,7844909-3,0.59668577,1.0
3183319-3,3183319-5,0.8408393,1.0
6592467-1,8304196-1,0.5073334,0.0
8628278-3,8628278-5,0.9451333,1.0
2963128-1,8457971-2,0.40984797,0.0
2933483-1,2933483-2,0.48139176,1.0
4173453-1,8373187-4,0.6576137,0.0
6491668-1,8172316-1,0.33263615,0.0
2698088-2,2698088-3,0.9655039,1.0
7315091-2,8613452-1,0.29683778,0.0
7392355-1,7392355-2,0.64965653,1.0
5464515-10,5464515-3,0.40971002,1.0
8482707-1,8482707-3,0.71428794,1.0
4847509-1,4847509-3,0.13022825,1.0
3391635-1,4536835-2,0.40661395,0.0
6230411-2,6230411-4,0.51261383,1.0
3264539-1,8647707-1,0.56747925,0.0
4862293-1,7026700-1,0.3235133,0.0
4094581-4,4094581-5,0.6301587,1.0
5824501-1,5824501-3,0.24448507,1.0
4611895-1,4611895-2,0.57843965,1.0
2989757-1,2989757-2,0.49223095,1.0
6456843-1,6456843-2,0.4535403,1.0
3292829-1,6408117-1,0.27649876,0.0
7867306-1,7867306-5,0.20000854,1.0
6047112-1,6047112-2,0.823037,1.0
4053105-1,4053105-5,0.60075986,1.0
3390432-1,3390432-2,0.7202427,1.0
5535580-1,6069609-1,0.8334512,0.0
4370029-1,7758028-1,0.7784253,0.0
4868919-1,4972880-1,0.33721396,0.0
3959541-1,7405752-2,0.16613062,0.0
5124705-1,5124705-3,0.79211104,1.0
3750320-1,5493460-1,0.76891,0.0
2966983-1,7511076-1,0.11806328,0.0
8133044-14,8133044-16,0.9456788,1.0
7988206-11,7988206-2,0.33659512,1.0
5540391-1,6257534-6,0.22350045,0.0
5055928-1,5619092-1,0.2700755,0.0
5437993-1,5437993-2,0.68757176,1.0
5400481-1,6779941-1,0.25595048,0.0
5355461-1,5355461-2,0.30395642,1.0
8699499-2,8699499-3,0.68595964,1.0
7506038-1,7506038-3,0.7931038,1.0
5346454-2,5346454-9,0.8635512,1.0
2667616-1,2667616-2,0.9327013,1.0
6257738-1,6257738-2,0.78241146,1.0
6758956-1,7726407-3,0.30375966,0.0
4745280-1,5005548-1,0.09242443,0.0
6572922-1,7488111-1,0.19301347,0.0
3724794-4,3724794-8,0.7362821,1.0
5113927-3,5113927-7,0.8748962,1.0
8279986-2,8279986-3,0.85354406,1.0
4009207-1,6555996-1,0.24710114,0.0
3074291-1,6598396-1,0.13752437,0.0
3796393-1,3796393-2,0.81656665,1.0
4573076-1,5094012-1,0.20698813,0.0
3479817-2,3479817-3,0.49600726,1.0
5726710-2,6970103-1,0.48880613,0.0
4263490-1,7680184-1,0.5595491,0.0
4008251-1,5872262-3,0.43638986,0.0
5156879-1,5156879-2,0.5077359,1.0
4918135-1,4918135-2,0.7073425,1.0
4685866-5,4685866-6,0.8209829,1.0
6401550-1,7162573-1,0.6515005,0.0
7440236-1,7440236-2,0.76502705,1.0
2791725-1,4821986-1,0.40003458,0.0
4397422-1,4901810-1,0.23372704,0.0
2930656-2,2930656-5,0.5368477,1.0
2850862-1,6629265-2,0.3543339,0.0
6952478-1,8159654-1,0.2576298,0.0
5042895-3,7846074-1,0.352867,0.0
6005396-1,7596536-1,0.13334931,0.0
3877481-1,8284719-1,0.09388847,0.0
3555570-1,3555570-2,0.8396387,1.0
5845586-4,5845586-5,0.67638826,1.0
4493942-2,6825486-1,0.5600234,0.0
4173238-1,4173238-3,0.7053124,1.0
7380784-2,7380784-3,0.5521545,1.0
6744737-1,6744737-2,0.8218446,1.0
4881626-4,4881626-5,0.95880914,1.0
4315005-1,6022339-1,0.58460075,0.0
3500990-1,3500990-2,0.8928779,1.0
5215196-1,5215196-3,0.6857488,1.0
2174500-2,6188732-1,0.45866248,0.0
3038601-2,3038601-3,0.52961814,1.0
8300667-1,8300667-2,0.59407204,1.0
8182236-2,8182236-4,0.76930285,1.0
5951146-1,5951146-4,0.7206027,1.0
2790127-1,7896596-1,0.08821955,0.0
3508530-1,7654559-1,0.1286984,0.0
4438352-2,8548719-2,0.26362374,0.0
5912312-1,5912312-4,0.52109045,1.0
3249926-1,8318612-1,0.5198537,0.0
4518176-1,8575279-2,0.727206,0.0
8612008-1,8612008-2,0.77738315,1.0
6963185-1,7386801-3,0.4148646,0.0
4054063-1,6460898-1,0.0480891,0.0
2847211-1,8428625-1,0.3003368,0.0
7819403-2,7819403-3,0.33208957,1.0
5358137-1,7154249-1,0.15134397,0.0
3636826-1,7787855-1,0.80845517,0.0
2993985-1,5733975-3,0.07103515,0.0
6332814-1,6332814-4,0.85683787,1.0
4808524-1,8326455-5,0.1152709,0.0
5372497-1,5372497-2,0.5494244,1.0
2788137-1,3462718-1,0.39441767,0.0
4444563-2,4444563-5,0.8897784,1.0
3914332-1,5216217-1,0.5467273,0.0
6047546-1,7752548-1,0.27857792,0.0
4738659-1,4738659-3,0.6380704,1.0
3079672-1,4621341-3,0.38104478,0.0
4722521-1,7682940-1,0.20559023,0.0
6272042-1,6272042-2,0.5869753,1.0
7927549-3,7927549-7,0.75103736,1.0
3220070-1,8396245-1,0.22264782,0.0
6158768-1,7653271-1,0.70140445,0.0
4689839-1,4689839-3,0.699175,1.0
4568311-1,4568311-2,0.7421661,1.0
5113927-3,5113927-7,0.8748962,1.0
3078257-1,5540523-1,0.17502977,0.0
1079877-1,1079877-2,0.8511923,1.0
7353792-3,7353792-4,0.74217623,1.0
3075397-1,3075397-2,0.24476515,1.0
4049767-1,4049767-2,0.70279324,1.0
5368924-2,5368924-6,0.64157474,1.0
7695266-10,7695266-6,0.5744569,1.0
5019922-1,5838883-1,0.17081372,0.0
3600993-1,3693925-1,0.035638623,0.0
2789959-1,5370478-1,0.5236722,0.0
3580346-2,3580346-4,0.8692682,1.0
4564623-1,4936023-1,0.34568506,0.0
3358600-1,5412970-1,0.691708,0.0
4057620-3,4879228-1,0.31544143,0.0
6323412-1,7285250-1,0.173056,0.0
2846566-2,2846566-3,0.53882027,1.0
5057447-1,5057447-2,0.85279554,1.0
5660978-3,7641029-1,0.15735437,0.0
3265436-1,8143657-1,0.62480587,0.0
6645598-5,6645598-6,0.6242698,1.0
7180521-1,7180521-2,0.5843871,1.0
6324859-9,6603826-2,0.11178833,0.0
4947710-3,5624249-1,0.26210737,0.0
6332814-5,6332814-7,0.7235567,1.0
6556747-1,7787867-1,0.32427937,0.0
7239032-1,7239032-3,0.3481228,1.0
6598598-4,6598598-7,0.59894556,1.0
5591119-1,5591119-2,0.73636234,1.0
5545587-1,6590676-1,0.08364623,0.0
6397731-1,7083191-1,0.26331758,0.0
5668504-1,5668504-3,0.69868135,1.0
6766258-1,6766258-4,0.39166003,1.0
7238787-1,7238787-3,0.41605234,1.0
2927790-1,4856911-2,0.5330609,0.0
3364664-1,6273428-1,0.12025759,0.0
4886413-1,6368983-1,0.21959043,0.0
6157985-1,6157985-2,0.6703998,1.0
6251240-1,7193879-1,0.35894284,0.0
6916609-1,6916609-2,0.6975836,1.0
4182008-2,4182008-3,0.8358877,1.0
7784239-3,7784239-8,0.8638042,1.0
5473002-1,5473002-2,0.7878511,1.0
3097756-1,4568619-1,0.44785413,0.0
4391156-1,6364371-1,0.2719023,0.0
8611606-3,8611606-9,0.6787236,1.0
4063434-2,4063434-6,0.17084163,0.0
5552653-3,6020266-3,0.11634698,0.0
7988206-11,7988206-8,0.8660118,1.0
5442073-1,6438837-1,0.18525046,0.0
5862465-1,6935334-1,0.5366153,0.0
4196295-1,8215124-2,0.071786396,0.0
6913282-1,7006420-2,0.21927553,0.0
7712266-2,7712266-4,0.758979,1.0
7851455-6,7851455-9,0.57449514,1.0
3666435-1,7292057-1,0.7766465,0.0
8019170-1,8019170-2,0.44873765,1.0
7069149-1,7069149-2,0.6919343,1.0
5514321-1,6260550-5,0.250701,0.0
5099962-1,5099962-2,0.34976748,1.0
8069347-2,8069347-3,0.7481379,1.0
3226297-1,7982184-1,0.30604455,0.0
3728137-1,5139770-1,0.4480669,0.0
4527814-1,4527814-2,0.769052,1.0
4257951-2,4257951-5,0.67611146,1.0
3978052-1,3978052-2,0.84855634,1.0
3909042-1,3909042-2,0.4674736,1.0
8061403-3,8061403-6,0.6860696,1.0
5387823-3,5387823-6,0.79220057,1.0
4955467-3,4955467-4,0.523619,1.0
7273174-3,7273174-4,0.9361022,1.0
5352878-1,5352878-3,0.6558885,1.0
3508530-1,7654559-1,0.1286984,0.0
5463103-1,7670377-1,0.13216563,0.0
6176846-1,7322230-1,0.51182234,0.0
3544661-1,3700847-1,0.10032526,0.0
6590132-2,6590132-3,0.24400006,1.0
4522451-2,6245774-1,0.5869872,0.0
3888042-1,4003755-1,0.67318946,0.0
4362994-1,4676217-1,0.14184764,0.0
6777932-1,8077420-1,0.2433062,0.0
3793311-1,6243525-1,0.47862145,0.0
3996150-1,3996150-2,0.4239544,1.0
3201580-1,3201580-2,0.59277844,1.0
5054641-1,5799649-1,0.3236287,0.0
3808072-1,7437123-5,0.10267029,0.0
5338949-1,5338949-3,0.69249785,1.0
3981230-1,8567520-1,0.056388654,0.0
8436292-4,8436292-6,0.38133204,1.0
4296853-1,4633423-1,0.4087051,0.0
3965922-1,7915159-1,0.39887306,0.0
5818707-1,6343251-1,0.59376526,0.0
1791015-1,5931247-1,0.1851485,0.0
8290849-1,8290849-2,0.64418364,1.0
4849312-1,4849312-2,0.8178765,1.0
6758956-1,7726407-3,0.30375966,0.0
5016814-1,7653749-1,0.18676743,0.0
7772757-1,7784239-11,0.124360375,0.0
6549290-1,6549290-5,0.7250117,1.0
4075213-3,4075213-6,0.97538555,1.0
6681254-2,6681254-4,0.80491835,1.0
3628218-1,4575993-1,0.04307233,0.0
2944122-1,7160902-2,0.28092238,0.0
8311836-1,8311836-2,0.66351193,1.0
8276321-1,8276321-2,0.5538628,1.0
4515855-1,4922241-1,0.57184976,0.0
4308088-2,4308088-9,0.52293384,1.0
3789302-2,3789302-3,0.8474737,1.0
6052760-1,6052760-2,0.915771,1.0
3696307-3,3696307-4,0.72486037,1.0
4965527-1,6637670-1,0.48286694,0.0
8279693-1,8279693-2,0.19143659,1.0
8492880-3,8492880-4,0.87866384,1.0
5043164-1,5378858-1,0.55243766,0.0
7590748-1,7590748-5,0.85093075,1.0
4529691-3,6460612-1,0.11078155,0.0
3083330-6,5908506-1,0.2658349,0.0
3418041-1,7000441-3,0.056569632,0.0
4685866-3,4685866-4,0.21395265,0.0
4010044-1,7066351-2,0.055771213,0.0
4421277-1,4681204-1,0.7831203,0.0
3355033-1,4371897-1,0.21318655,0.0
2726128-2,2726128-7,0.31430957,1.0
7292423-4,7319832-1,0.8296983,0.0
3341186-1,4280760-1,0.41716105,0.0
2944193-1,3533611-1,0.26760465,0.0
2880280-1,6306582-1,0.5318187,0.0
3524032-1,8131148-1,0.58002996,1.0
8705528-12,8705528-6,0.74768496,1.0
8543281-3,8543281-4,0.7198798,1.0
8428707-1,8428707-3,0.6704694,1.0
5322511-1,5322511-2,0.93216014,1.0
2769370-1,6120049-4,0.428266,0.0
5977743-1,7477961-5,0.10834571,0.0
4532946-1,6203505-1,0.32879475,0.0
7451169-6,7552537-1,0.8802228,0.0
7520796-1,7520796-2,0.91638905,1.0
7366761-2,7366761-4,0.7100946,1.0
3600993-1,3693925-1,0.035638623,0.0
7981640-1,7981640-3,0.6223647,1.0
6704680-4,6946535-1,0.24983636,0.0
2640350-1,6452622-1,0.5948032,0.0
6849151-1,7394134-1,0.59738755,0.0
5813420-1,6160050-9,0.50047016,0.0
3318093-1,5649238-1,0.5835331,0.0
7469690-1,7963417-6,0.62091804,0.0
6332995-1,6332995-2,0.9249505,1.0
5227125-1,7229076-1,0.38296714,0.0
5022516-1,5022516-4,0.79866886,1.0
7392355-1,7392355-2,0.64965653,1.0
6344145-3,6766258-4,0.37621498,0.0
4749697-1,4749697-2,0.81778896,1.0
5352878-1,5352878-3,0.6558885,1.0
8214898-1,8214898-2,0.32238403,1.0
3355351-2,3355351-5,0.8622852,1.0
8045356-1,8045356-4,0.3354888,1.0
8563620-12,8563620-2,0.800681,1.0
6713097-1,6713097-2,0.818928,1.0
2831607-1,3747430-1,0.437733,0.0
3932584-3,3932584-4,0.8686322,1.0
4182018-1,7591671-1,0.09541653,0.0
7459382-1,8276599-1,0.052414384,0.0
2698142-2,5243888-1,0.37845924,0.0
5000566-2,5444672-1,0.89017886,0.0
6360200-2,8240598-1,0.456969,0.0
4008251-1,5872262-3,0.43638986,0.0
3502796-1,3502796-2,0.85495627,1.0
8436623-3,8436623-4,0.75707346,1.0
7587992-6,7587992-7,0.88143414,1.0
3446003-1,4456891-1,0.0761896,0.0
5540391-1,6257534-6,0.22350045,0.0
5998279-1,8016381-1,0.63682336,0.0
8565626-1,8679042-1,0.22878408,0.0
5492790-2,5492790-4,0.2907435,1.0
8273319-1,8273319-2,0.8548724,1.0
6742885-1,6857365-1,0.4516663,0.0
3258229-2,3258229-5,0.839276,1.0
3407646-1,7567306-1,0.18343344,0.0
4823427-1,4823427-2,0.44041586,1.0
5939900-1,8255035-1,0.14834784,0.0
4457970-3,4457970-5,0.74973935,1.0
8111301-1,8111301-2,0.74542665,1.0
3326852-1,6389484-1,0.21755819,0.0
1794493-2,1794493-5,0.58238935,1.0
2822157-2,7418552-1,0.6718196,0.0
8391342-2,8391342-30,0.69581324,1.0
3364643-2,3364643-4,0.71579677,1.0
4504868-1,4587881-1,0.53793347,0.0
5765119-4,5765119-6,0.5020376,1.0
8569136-8,8569136-9,0.81603324,1.0
4465165-1,4465165-8,0.80413187,1.0
7323262-1,7323262-2,0.43528765,0.0
6881513-2,7749946-1,0.29941753,0.0
5882333-1,5882333-3,0.9476336,1.0
7176767-1,7220692-1,0.63598645,0.0
5667698-1,6819644-1,0.21836208,0.0
8362581-1,8362581-2,0.89505345,1.0
4665860-1,4665860-3,0.62052536,1.0
2845144-2,2845144-4,0.6248681,1.0
8700716-1,8700716-4,0.5372144,1.0
3418041-1,7000441-3,0.056569632,0.0
7714405-1,7714405-2,0.8612664,1.0
7295558-1,7295558-2,0.7057967,1.0
4285067-1,4285067-3,0.73384637,1.0
4531633-1,6791274-1,0.54856837,0.0
7907711-4,7907711-6,0.5866457,1.0
6900840-1,7536491-1,0.37516537,0.0
6900415-1,6900415-6,0.8340757,1.0
8346514-2,8346514-3,0.8888808,1.0
3796393-1,8489774-1,0.34440753,0.0
4897129-2,4897129-3,0.2905823,1.0
4452865-1,4452865-2,0.5229217,1.0
7962158-1,7962158-4,0.7751492,1.0
4461739-1,6177674-1,0.51478016,0.0
3141560-1,3141560-2,0.62437797,1.0
7556219-1,7556219-2,0.33313027,1.0
4337100-1,7534061-1,0.060416143,0.0
4450489-1,5421492-1,0.35189676,0.0
3132318-1,6406201-1,0.6679725,0.0
4532076-1,4532076-3,0.6016019,1.0
6003790-7,6003790-9,0.49506354,1.0
2678828-1,3968620-3,0.5834227,0.0
2850186-1,7749864-1,0.24735792,0.0
7199827-1,7682061-1,0.40444106,0.0
8391342-17,8391342-6,0.34816587,1.0
5190044-2,7079263-1,0.56286997,0.0
2772281-1,2772281-4,0.42385262,1.0
3999607-2,3999607-5,0.80439466,1.0
3361817-1,7472156-1,0.19488785,0.0
4532076-2,4532076-3,0.6959696,1.0
3113994-2,8629690-1,0.39110076,0.0
3872386-1,8323577-1,0.5890883,0.0
7106567-2,7106567-3,0.9625982,1.0
4427221-1,7548966-1,0.17162926,0.0
3667440-4,3667440-5,0.7945079,0.0
4857859-1,7595935-2,0.20252411,0.0
6426764-3,6426764-6,0.54260856,1.0
3686605-1,3686605-5,0.4852918,1.0
4770648-1,7529493-1,0.26713288,0.0
4094958-2,4094958-6,0.7357928,1.0
2839977-1,4807175-2,0.17868881,0.0
4579311-1,7080896-1,0.106878564,0.0
4835656-1,7784746-1,0.39588413,0.0
4569790-1,6019328-1,0.7559024,0.0
3820849-1,3820849-3,0.92152774,1.0
3804044-2,3804044-3,0.59771824,1.0
3199123-1,6291407-1,0.12791578,0.0
6388527-1,6388527-2,0.65935093,1.0
4857320-1,8509110-1,0.05649404,0.0
2933483-1,2933483-2,0.48139176,1.0
7892226-1,7892226-2,0.6270595,1.0
3263702-1,3263702-3,0.5006579,1.0
3987316-1,4148739-2,0.21941671,0.0
4302118-2,4302118-3,0.2765372,1.0
6158977-1,8653749-3,0.37846488,0.0
3679789-1,3679789-2,0.6584356,1.0
8416436-1,8416436-2,0.7348048,1.0
5215207-2,5215207-3,0.36846486,1.0
4384320-1,4384320-2,0.35769764,1.0
6881513-2,7749946-1,0.29941753,0.0
4722931-1,6410385-1,0.29672727,0.0
4720496-1,6451252-1,0.101651914,0.0
4246994-1,6054368-1,0.31720927,0.0
7213832-1,8298106-1,0.27053714,0.0
5898585-2,5898585-3,0.7676676,1.0
7472508-2,7472508-4,0.28804415,1.0
4206075-1,8069793-2,0.32766497,0.0
7199476-1,7654201-1,0.06598509,0.0
1242107-1,5376154-1,0.41061947,0.0
7098361-1,7292137-1,0.26024148,0.0
3842732-1,5441140-1,0.20450158,0.0
4297807-1,4297807-2,0.6048855,1.0
8391342-2,8391342-30,0.69581324,1.0
7001130-1,8189572-1,0.24113025,0.0
8202334-1,8202334-2,0.7118317,1.0
7011709-2,8226947-2,0.26762447,0.0
4881626-4,4881626-5,0.95880914,1.0
2430565-3,2430565-4,0.56482494,1.0
4532024-1,7911044-1,0.29832256,0.0
4554038-1,4554038-2,0.5666144,1.0
5135402-1,5415788-1,0.08974426,0.0
3088941-2,3088941-3,0.9277164,1.0
2702050-1,6128997-3,0.4538336,0.0
4535005-1,4535005-2,0.44098863,1.0
2944857-1,2944857-4,0.69274443,1.0
8391342-12,8391342-20,0.9182533,1.0
5845586-4,5845586-5,0.67638826,1.0
2729301-1,4302552-1,0.54498464,0.0
3250606-1,8579559-1,0.17279978,0.0
3483705-1,4904588-1,0.09318772,0.0
3614182-1,4166389-1,0.29378393,0.0
6935621-1,8349918-1,0.05325011,0.0
4655030-1,4884798-1,0.3495032,0.0
3919861-1,6440334-1,0.33572522,0.0
5747772-1,6159285-1,0.9218509,1.0
5095500-1,8314556-1,0.24934646,0.0
7759551-2,7759551-5,0.6217814,1.0
8709964-1,8709964-3,0.8048084,1.0
5686962-2,5686962-4,0.7120017,1.0
4037678-1,4847499-3,0.06965513,0.0
6524313-2,6712912-1,0.6639465,0.0
8522886-1,8522886-2,0.48444885,1.0
4955044-1,4955044-3,0.9438944,1.0
4006563-1,4936818-1,0.2846464,0.0
4831504-4,6298297-1,0.53278965,0.0
8391342-30,8391342-6,0.20382823,0.0
3502833-1,5997605-1,0.60457575,0.0
5815717-1,5815717-3,0.07549122,1.0
7193214-1,8186093-3,0.14379773,0.0
2577938-2,2577938-5,0.8976731,1.0
8409346-2,8409346-3,0.604866,1.0
6533970-3,6533970-4,0.7934396,1.0
6822881-2,6822881-3,0.8081596,1.0
7365046-1,8364993-1,0.08170804,0.0
7311546-3,8059039-1,0.88832235,0.0
5234427-1,8441517-2,0.22914429,0.0
7988206-12,7988206-3,0.87465614,1.0
2851007-2,2851007-3,0.7125851,1.0
1308872-1,5968243-1,0.21035798,0.0
6683483-1,7138425-1,0.20437407,0.0
2890927-1,2890927-3,0.7845562,1.0
6236582-2,6236582-3,0.64489895,1.0
6624786-1,6624786-3,0.25853243,1.0
5603086-1,5603086-2,0.62854046,1.0
8056374-1,8056374-2,0.7798153,1.0
3139357-1,3139357-3,0.6552043,1.0
5965133-2,5965133-3,0.4279501,1.0
3810491-1,8710360-1,0.30586374,0.0
6029987-1,7233718-1,0.07603973,0.0
1794493-5,1794493-6,0.8350845,1.0
8072080-2,8435096-2,0.1568887,0.0
8543281-3,8543281-4,0.7198798,1.0
3500081-1,3500081-3,0.21870585,1.0
4846392-1,7669217-2,0.22963479,0.0
3227429-1,6458862-3,0.340045,0.0
4811243-1,6299518-1,0.45477173,0.0
6792401-1,6792401-3,0.6669746,1.0
5503666-1,8682950-1,0.19065921,0.0
2596173-1,7310891-1,0.040818896,0.0
5449307-3,8662187-3,0.2663475,0.0
3051894-1,6713256-1,0.57022023,0.0
3830245-1,6402165-4,0.48715907,0.0
7061535-1,7580308-1,0.37118232,1.0
4285067-1,4285067-3,0.73384637,1.0
3477366-2,3506459-2,0.74312186,0.0
7431202-1,7431202-2,0.48901987,1.0
8088499-6,8088499-8,0.70482093,1.0
7587992-6,7587992-7,0.88143414,1.0
3679789-1,3679789-2,0.6584356,1.0
3350304-1,6874281-1,0.3074477,0.0
2988810-2,2988810-4,0.6661471,1.0
6233036-2,7985940-1,0.45450452,0.0
5649746-1,6195983-3,0.1143061,0.0
6023324-4,6023324-5,0.5640958,1.0
6362702-6,6362702-8,0.81518584,1.0
6869208-1,6869208-2,0.8644251,1.0
4678475-2,4678475-9,0.8161084,1.0
3630059-2,3630059-3,0.5289611,1.0
8248082-4,8248082-5,0.89691216,1.0
3312686-1,6000749-1,0.50582546,0.0
4792615-1,4792615-2,0.78580964,1.0
4398927-3,4398927-4,0.9076968,1.0
2872603-1,4377368-1,0.3006716,0.0
4611895-1,4611895-2,0.57843965,1.0
7607606-4,8504235-5,0.22136888,0.0
6802603-1,6802603-3,0.096342295,1.0
3675438-2,3675438-5,0.77637273,1.0
5363107-1,5816241-1,0.5172127,0.0
2615296-1,8407026-1,0.78929275,0.0
5759668-1,5787680-1,0.2226446,0.0
2955342-2,2955342-3,0.8077516,1.0
7793325-2,7793325-3,0.8369704,1.0
6341312-1,7008287-2,0.44066483,0.0
4458945-1,5405889-1,0.6304527,0.0
8075760-1,8075760-3,0.7967062,1.0
4206930-1,8052521-1,0.18443006,0.0
6601193-2,6601193-3,0.5137525,1.0
5569297-1,5569297-2,0.65252084,1.0
7427433-1,7427433-3,0.47863248,1.0
7199072-1,7199072-3,0.6781172,1.0
6159118-1,7006440-5,0.3367343,0.0
4372324-2,5260851-1,0.16713022,0.0
7819403-1,7819403-2,0.25237387,1.0
8391342-28,8391342-29,0.75190604,1.0
3275535-2,3275535-3,0.71303314,1.0
5582424-1,5582424-2,0.5852568,1.0
6656669-2,8478475-1,0.15523927,0.0
6862365-3,6862365-5,0.92479044,1.0
4777948-4,4777948-6,0.45487973,1.0
4884233-1,8375329-3,0.12951279,0.0
1884161-1,5295570-1,0.31678256,0.0
4092188-1,4747966-1,0.6704019,0.0
1821026-1,4800938-1,0.36825573,0.0
4405312-4,4405312-5,0.8746662,1.0
3400881-1,6018445-1,0.047086425,0.0
7008770-2,7008770-3,0.496183,1.0
7468093-1,7468093-6,0.492419,1.0
3081564-1,8720848-1,0.24384597,0.0
2762556-1,8707333-1,0.34299806,0.0
3177918-4,3177918-5,0.74136215,1.0
8428280-1,8428280-7,0.66840374,1.0
8151272-3,8151272-4,0.70056456,1.0
8611606-4,8611606-8,0.37515,1.0
3846999-1,5704856-1,0.12007775,0.0
5960082-1,7727771-1,0.3136018,0.0
6505230-1,8710844-2,0.051232886,0.0
3521819-1,5541649-2,0.33806688,0.0
3936521-1,7060429-4,0.382625,0.0
8377065-4,8377065-6,0.7069955,1.0
3969703-1,4579195-1,0.23834749,0.0
6491953-1,6491953-2,0.61684364,1.0
4317216-1,7132205-1,0.2771676,0.0
5933028-3,5933028-4,0.62051374,1.0
5337234-10,5337234-9,0.21589054,1.0
5615344-1,5615344-3,0.32160285,1.0
6869208-1,6869208-2,0.8644251,1.0
5490117-1,5946589-1,0.19173574,0.0
6503405-2,6503405-4,0.7531926,1.0
2430565-1,2430565-6,0.106582955,0.0
4301858-1,8520584-1,0.100459695,0.0
7299656-6,7299656-9,0.34421968,1.0
6822881-2,6822881-3,0.8081596,1.0
7907711-4,7907711-6,0.5866457,1.0
4023056-2,5736959-1,0.3995199,0.0
4410506-2,8622799-1,0.2576271,0.0
5334173-1,8606326-1,0.23290141,0.0
3556846-2,3556846-4,0.895931,1.0
5372808-1,7283930-1,0.16525096,0.0
2890620-1,3130473-1,0.15688884,0.0
7187478-1,7417122-1,0.13388798,0.0
5329676-2,7175762-2,0.33210698,0.0
3819729-1,8046551-1,0.47237775,0.0
2651189-2,2651189-4,0.3505599,1.0
3872090-1,3872090-2,0.9111671,1.0
4527814-1,4527814-2,0.769052,1.0
7556097-2,7760420-1,0.40235236,0.0
3459508-6,3654115-1,0.67996514,0.0
4027671-1,5902113-1,0.09112826,0.0
5556877-1,5556877-2,0.8923552,1.0
7490089-1,7813008-1,0.09518795,0.0
6885689-1,6885689-2,0.8185025,1.0
7763274-2,7763274-4,0.5649228,1.0
8123252-1,8165742-1,0.32254145,0.0
6783228-2,6783228-6,0.7338837,1.0
3088941-2,3088941-3,0.9277164,1.0
3275535-2,3275535-3,0.71303314,1.0
6159695-1,6159695-2,0.80524,1.0
3927091-1,4268615-1,0.5480618,0.0
4386778-1,7387005-1,0.4045226,0.0
5951146-1,5951146-4,0.7206027,1.0
5635179-1,7489675-1,0.2488635,0.0
7489606-1,8354941-1,0.7129557,1.0
2672125-1,7802127-1,0.6287665,0.0
4999048-4,4999048-5,0.7994159,1.0
6429643-1,7150691-1,0.3155997,0.0
8182236-2,8182236-4,0.76930285,1.0
1079877-1,1079877-2,0.8511923,1.0
6549290-4,6549290-5,0.3407079,1.0
7204895-4,7204895-5,0.91382056,1.0
4546965-1,4546965-2,0.48007888,1.0
7988206-11,7988206-8,0.8660118,1.0
4816771-1,4816771-3,0.7046153,1.0
3063926-1,3063926-2,0.592713,1.0
6426014-1,6688888-1,0.23954809,0.0
3198616-5,3198616-6,0.67939365,1.0
7982799-1,7982799-3,0.3961724,1.0
4490611-1,7206957-1,0.25779817,0.0
8123257-2,8123257-8,0.7051561,1.0
4984831-1,8571254-1,0.07131551,0.0
4054063-1,6460898-1,0.0480891,0.0
3862222-1,4407325-1,0.4266589,0.0
2636015-2,2636015-3,0.69740254,1.0
6309162-1,6309162-2,0.8885927,1.0
7828763-2,7828763-3,0.5865552,1.0
6148037-2,6148037-3,0.56213945,1.0
5054641-1,5799649-1,0.3236287,0.0
3881450-1,3883190-1,0.056138612,0.0
4094581-4,4094581-5,0.6301587,1.0
5042625-3,5042625-7,0.6119352,1.0
6444229-1,7549992-1,0.09467645,0.0
3502399-1,8364781-1,0.30348468,0.0
5245938-1,5245938-3,0.7262655,1.0
4345234-1,8275140-1,0.4184055,0.0
3280044-1,3280044-3,0.7184546,1.0
4083712-1,7952297-2,0.32035586,0.0
7593724-6,7593724-7,0.90202206,1.0
6180826-1,8343560-1,0.81193507,0.0
2518134-3,2518134-6,0.8777146,1.0
5040587-1,7396391-2,0.072260305,0.0
4255969-1,6588903-1,0.2958061,0.0
4649734-2,4649734-3,0.8899155,1.0
2687548-10,2687548-4,0.8082262,1.0
4947865-5,4947865-7,0.7513465,1.0
4549739-1,5215251-2,0.5692959,0.0
7319819-1,7319819-4,0.6671622,1.0
3089794-1,7329406-1,0.5103938,0.0
3056365-1,4691481-2,0.6838204,0.0
6180387-2,6180387-4,0.6302388,1.0
4454732-1,8106184-1,0.4360633,0.0
7545039-1,7545039-3,0.8337329,1.0
3843926-1,3843926-3,0.6110451,1.0
8646915-1,8646915-2,0.5809555,1.0
7581128-3,7886462-1,0.1714851,0.0
6526982-2,6526982-3,0.87695694,1.0
7568409-1,8035037-1,0.107125334,0.0
7396272-3,7396272-4,0.47752345,1.0
4293508-1,5329980-2,0.10967041,0.0
3955822-1,3955822-3,0.950656,1.0
3129090-1,7712585-1,0.23058261,0.0
5498934-1,5498934-2,0.85364336,1.0
4603009-2,7396112-1,0.29173282,0.0
4641175-1,7386129-1,0.15316255,0.0
3065627-1,5671648-1,0.49384376,0.0
7422691-1,7422691-5,0.79762715,1.0
7265914-1,7265914-3,0.34969968,1.0
8622899-1,8622899-6,0.73202807,1.0
3927090-1,3927090-2,0.35210666,1.0
4235191-1,7678883-1,0.8079833,0.0
5288423-3,5288423-7,0.95442176,1.0
4830034-2,4830034-3,0.6279613,1.0
7799191-4,7799191-5,0.23014538,1.0
2831607-1,3747430-1,0.437733,0.0
6533988-1,8473713-1,0.3682673,0.0
6031991-2,6326137-1,0.17420219,0.0
3639158-16,3639158-3,0.6872395,1.0
3580908-1,8477825-1,0.4421166,0.0
4478336-2,4478336-3,0.60401887,1.0
4812219-2,7327389-1,0.35567245,0.0
7434251-1,7434251-2,0.74950653,1.0
6835147-1,6835147-2,0.67411274,1.0
7851455-6,7851455-9,0.57449514,1.0
8133774-1,8133774-2,0.90806764,1.0
3163399-1,4391425-1,0.4915485,0.0
3671523-1,3671523-3,0.21766628,1.0
5344045-2,8176117-2,0.5229369,0.0
8319722-1,8319722-2,0.82032806,1.0
7990443-1,7990443-6,0.71152854,1.0
3465893-1,5903073-1,0.29200453,0.0
4700638-1,4700638-6,0.6618467,1.0
2988051-1,7591986-1,0.41238648,0.0
6643316-2,6643316-4,0.80169606,1.0
3005218-1,8645491-1,0.09972018,0.0
6645598-5,6645598-6,0.6242698,1.0
8286377-4,8286377-5,0.3447441,1.0
8705528-12,8705528-6,0.74768496,1.0
7649492-1,7649492-2,0.11158599,1.0
6300953-1,6300953-4,0.50487626,1.0
4811078-1,7242611-1,0.39167026,0.0
3843926-1,3843926-3,0.6110451,1.0
2772268-2,2772268-3,0.47105467,1.0
6103365-1,6103365-5,0.8555282,1.0
6257534-3,6257534-4,0.8557099,1.0
3699915-2,3699915-4,0.4925984,1.0
8611567-2,8611567-3,0.89588034,1.0
5850760-1,5850760-3,0.710883,1.0
7315662-1,7991103-1,0.12026935,0.0
8588720-1,8588720-4,0.9048901,1.0
7132571-1,7132571-2,0.46480465,1.0
7204895-4,7204895-5,0.91382056,1.0
5655631-1,5838924-1,0.63040805,0.0
8077172-10,8077172-12,0.8162942,1.0
4404004-1,5464515-1,0.40893337,0.0
4860231-1,4943058-1,0.13545935,0.0
2988810-1,2988810-7,0.739584,1.0
3143102-1,4567365-1,0.16694789,0.0
8563620-1,8563620-4,0.40231496,1.0
4375774-1,4845413-2,0.43834582,0.0
6028364-1,7125505-1,0.1843226,0.0
4141667-1,4558815-1,0.38930833,0.0
4920585-1,7422691-4,0.24824646,0.0
4752811-1,7085831-1,0.14683901,0.0
7276577-1,8665631-1,0.028140804,0.0
8391342-30,8391342-31,0.28815967,0.0
4504872-7,4504872-8,0.6122052,1.0
4592502-1,5798104-1,0.3051645,0.0
4182008-2,4182008-4,0.68014216,1.0
4596050-1,7719191-1,0.5075908,0.0
8570721-1,8570721-3,0.43235826,1.0
5848591-2,5848591-4,0.74790466,1.0
3978081-1,7256736-5,0.27584907,0.0
4576891-1,4576891-2,0.82024527,1.0
5783215-1,5783215-2,0.5949167,1.0
6900415-1,6900415-9,0.62476933,1.0
3025820-1,3025820-2,0.7361253,1.0
4276692-1,4887870-1,0.3664546,0.0
4304535-1,4592900-1,0.23634408,0.0
5712115-1,5712115-2,0.33418107,1.0
1764017-1,1764017-2,0.21409658,1.0
3710946-1,5046003-1,0.24469095,0.0
3876018-1,4228573-1,0.593678,0.0
7773689-1,7773689-3,0.85593164,1.0
4024947-1,6662438-1,0.65540725,0.0
3313754-1,6511183-2,0.1627492,0.0
3002418-1,6712354-2,0.4085949,0.0
5125815-1,5125815-2,0.25417987,1.0
8384399-2,8667370-1,0.6183901,0.0
4271393-1,7500185-1,0.6148931,0.0
5045255-1,5045255-2,0.60479355,1.0
8080742-1,8080742-2,0.83813566,1.0
7290261-2,7290261-3,0.5711198,1.0
3482756-1,4735251-1,0.42922872,0.0
8391342-1,8391342-17,0.7209917,1.0
4091000-1,6395019-1,0.3685309,0.0
7963417-2,7963417-7,0.72093105,1.0
7004772-1,7004772-2,0.57927847,1.0
2713839-1,7765866-1,0.40843388,0.0
8611532-1,8611532-2,0.7382392,1.0
5503666-1,8682950-1,0.19065921,0.0
7163344-1,8063807-1,0.16767351,0.0
5094544-1,5094544-2,0.7036122,1.0
7457301-1,8154941-1,0.51825476,0.0
3283526-1,3283526-3,0.81767803,1.0
7277936-1,7277936-2,0.47821444,1.0
6952720-2,6952720-3,0.51532084,1.0
8243089-3,8243089-6,0.26589844,1.0
7758736-10,7758736-5,0.89026177,1.0
3556532-2,3556532-4,0.8875469,1.0
6521673-1,7253880-1,0.29030442,0.0
7585963-1,8209712-1,0.14078887,0.0
4715053-1,4715053-2,0.7496429,1.0
3146942-2,3146942-3,0.64640725,1.0
7829606-3,7829606-4,0.4103083,1.0
3380669-1,3380669-5,0.6139447,1.0
4421342-1,4421342-2,0.7751968,1.0
8388796-3,8388796-8,0.6599854,1.0
5137971-2,5137971-7,0.67410594,1.0
4806760-1,4806760-2,0.8430604,1.0
3644791-1,7674319-1,0.5498272,0.0
8674165-2,8674165-3,0.8462244,1.0
5161513-3,5161513-6,0.8444821,1.0
6607705-2,6607705-3,0.95384884,1.0
7656017-1,7773524-1,0.75095826,0.0
5728004-1,8542118-1,0.35540852,0.0
8103283-3,8103283-5,0.834108,1.0
6700633-2,6700633-3,0.7440674,1.0
3304208-1,3304208-3,0.44631916,1.0
4532076-2,4532076-3,0.6959696,1.0
3373999-1,3412107-1,0.18286999,0.0
6126056-3,6126056-4,0.20794114,1.0
4847322-1,8343437-2,0.59396476,0.0
7408727-1,7408727-3,0.37254947,1.0
4398927-1,4398927-2,0.80306894,1.0
6015712-1,6015712-2,0.80967903,1.0
2810579-2,5965164-1,0.32764027,0.0
5959389-1,6334889-1,0.109167874,0.0
6976742-1,6976742-2,0.8777721,1.0
3557623-1,7429217-1,0.29089147,0.0
3275535-2,3275535-3,0.71303314,1.0
7225378-1,7607752-1,0.09016321,0.0
7996811-5,7996811-6,0.9280895,1.0
6344925-1,6625246-1,0.47362024,0.0
7444143-2,7444143-3,0.46559653,1.0
8360323-1,8360323-2,0.7865527,1.0
4748557-3,4748557-4,0.8479998,1.0
4155769-1,6131847-1,0.32032466,0.0
3686641-1,3686641-2,0.7806683,1.0
6896887-1,6896887-4,0.617813,1.0
7431987-2,7431987-3,0.0848225,1.0
2965708-1,4750265-1,0.23720492,0.0
2713839-1,7765866-1,0.40843388,0.0
7711629-4,7711629-8,0.730321,1.0
4506145-1,4549351-1,0.3407625,0.0
4808524-1,8326455-5,0.1152709,0.0
6344923-1,6350341-1,0.36217204,0.0
5407778-1,5407778-3,0.7525699,1.0
3861473-2,5868890-1,0.39218292,0.0
7830173-2,7830173-3,0.76770663,1.0
3568895-1,5785647-1,0.5572957,0.0
4630934-1,7935095-1,0.36119822,0.0
5784682-1,5784682-4,0.42997015,1.0
4262882-1,4612547-1,0.25291264,0.0
3803128-1,4506145-1,0.21086358,0.0
3363060-1,8363435-1,0.26382825,0.0
3190012-1,6485866-1,0.18275501,0.0
4208499-2,4208499-3,0.42609227,1.0
5654074-2,5654074-4,0.73897666,1.0
2800018-1,2800018-2,0.70072526,1.0
4192832-1,5015569-1,0.17453828,0.0
5051124-1,5051124-3,0.8020798,1.0
4077551-1,6897334-1,0.29801372,0.0
3086330-1,4087858-1,0.24680562,0.0
6215614-1,8204692-2,0.58710796,0.0
8435921-4,8435921-7,0.5209842,1.0
6598598-4,6598598-6,0.7565601,1.0
8248082-4,8248082-5,0.89691216,1.0
8084766-3,8084766-6,0.79666483,1.0
8628278-3,8628278-5,0.9451333,1.0
3465888-1,5318607-1,0.35580796,0.0
7031900-1,7337468-1,0.30461374,0.0
7328963-2,7328963-3,0.5969113,1.0
6906734-1,8123259-1,0.3307391,0.0
3970442-1,7189718-1,0.38081098,0.0
8096340-1,8096340-3,0.94382507,1.0
7147292-2,7275959-1,0.061502017,0.0
5680512-1,8145658-1,0.5753378,0.0
5768481-4,6292349-1,0.17564915,0.0
4362838-1,4362838-2,0.19099827,1.0
6006860-1,7681189-1,0.34400097,0.0
3292829-1,6408117-1,0.27649876,0.0
6758956-1,7726407-3,0.30375966,0.0
8236763-1,8362859-1,0.2080864,0.0
5571603-4,5571603-5,0.950192,1.0
4164326-1,5644696-1,0.06825187,0.0
7315091-2,8613452-1,0.29683778,0.0
6533970-1,6533970-5,0.8625315,1.0
3737622-2,3737622-4,0.42434967,1.0
3156521-1,3156521-5,0.3605174,1.0
4918135-3,4918135-4,0.7494811,1.0
6824788-1,6824788-2,0.8813347,1.0
3026341-5,3026341-6,0.9503409,1.0
4744458-1,7909126-1,0.26235154,0.0
3992747-1,6323429-1,0.15990852,0.0
3920611-1,3920611-2,0.4772427,1.0
4932791-1,4932791-2,0.3259231,1.0
7252802-1,7252802-2,0.6117756,1.0
6884965-4,6884965-5,0.29159406,1.0
5137971-2,5137971-9,0.79586494,1.0
6712628-1,6735318-1,0.24616255,0.0
2627201-1,8404425-1,0.17930748,0.0
8075336-1,8075336-2,0.254697,1.0
5043170-3,5043170-5,0.39680424,1.0
3447677-2,6507376-1,0.6273243,0.0
3049879-1,6315145-1,0.5339933,0.0
8574092-1,8574092-4,0.6986049,1.0
4124786-2,4124786-3,0.7953138,1.0
8383623-3,8383623-4,0.56928736,1.0
2908827-1,2908827-2,0.69301885,1.0
8063915-2,8063915-4,0.68146104,1.0
8144799-1,8189805-1,0.3001506,0.0
4752811-1,7085831-1,0.14683901,0.0
2845357-1,2845357-3,0.5139386,1.0
3422854-1,3422854-3,0.33267412,1.0
4295261-2,8193653-1,0.6187039,0.0
3154864-1,7140141-2,0.31635243,0.0
5624666-1,8121091-1,0.17477661,0.0
5613706-1,6639706-1,0.29974988,0.0
4943824-1,4943824-5,0.13198856,1.0
4736596-1,5786248-1,0.17445146,0.0
3481879-1,6120402-1,0.5830204,0.0
4405312-4,4405312-5,0.8746662,1.0
4397422-1,4901810-1,0.23372704,0.0
4137619-1,4137619-2,0.717478,1.0
4681223-1,4681223-2,0.5592705,1.0
3848791-1,8097641-1,0.68479687,0.0
5629837-1,5629837-3,0.16331238,0.0
7254669-1,7254669-2,0.7774144,1.0
2861021-1,5883438-1,0.16094735,0.0
3968977-1,3968977-2,0.8190155,1.0
4181086-1,4781921-2,0.7685287,0.0
5137971-1,5137971-5,0.8518346,1.0
4130002-2,4130002-3,0.6676277,1.0
4616569-2,4616569-5,0.4010866,1.0
7554384-2,7554384-6,0.8944484,1.0
7803128-1,7803128-3,0.83189666,1.0
3576192-2,6280254-1,0.44347364,0.0
8077172-1,8077172-10,0.95737046,1.0
3764695-1,5110930-1,0.10635723,0.0
3221906-1,6426556-1,0.1414401,0.0
4384870-1,7220053-1,0.03342813,0.0
6095973-1,6095973-2,0.35966647,1.0
4393936-1,7970702-1,0.17453009,0.0
7505619-1,8258411-1,0.1517721,0.0
8259403-1,8259403-4,0.4404532,1.0
3336230-1,7006328-1,0.18031086,0.0
3987316-1,4148739-2,0.21941671,0.0
4919970-1,6991144-1,0.4391137,0.0
5353450-1,8008274-1,0.16963637,0.0
3775324-1,3775324-2,0.26153108,1.0
7365046-1,8364993-1,0.08170804,0.0
7132571-1,7132571-2,0.46480465,1.0
6330528-2,7036577-1,0.50858796,0.0
2904264-1,7294531-1,0.3064365,0.0
5510143-1,7707935-2,0.3631004,0.0
6205315-1,6205315-2,0.56390435,1.0
4518176-1,8575279-2,0.727206,0.0
5337234-10,5337234-4,0.680724,1.0
7472508-2,7472508-3,0.6092491,1.0
2856359-1,2856359-2,0.50693667,1.0
4603113-5,4603113-7,0.6544281,1.0
8237419-1,8237419-3,0.59315634,1.0
6798273-1,8044788-2,0.437072,0.0
5031279-1,7720747-1,0.3296633,0.0
2817825-6,6159017-1,0.57270867,0.0
7140078-1,7140078-3,0.5949204,1.0
4504631-2,4504631-3,0.659923,1.0
4434493-2,4434493-4,0.84605455,1.0
3975885-1,4544811-4,0.104764804,0.0
3195172-2,6976720-1,0.7056619,0.0
7716112-1,7716112-2,0.5359011,1.0
6956960-1,8255699-1,0.1273033,0.0
8061403-4,8061403-6,0.6989013,1.0
4387352-1,4837620-1,0.4173245,0.0
2904264-1,7294531-1,0.3064365,0.0
7119018-1,8186315-1,0.70133233,0.0
7992912-1,8388796-7,0.14367649,0.0
8110243-1,8502552-1,0.45436385,0.0
8133044-14,8133044-16,0.9456788,1.0
5897987-1,5897987-2,0.2761939,1.0
6549290-1,6549290-5,0.7250117,1.0
6137194-2,6137194-3,0.69704366,1.0
3209597-1,4247509-1,0.2618922,0.0
7001130-1,8189572-1,0.24113025,0.0
8399375-4,8399375-8,0.7874575,1.0
5288912-2,5288912-4,0.8173454,1.0
7562854-1,7562854-2,0.49223772,1.0
1794493-2,1794493-5,0.58238935,1.0
2716679-2,7948315-1,0.16150135,0.0
3161023-1,7053463-1,0.04849025,0.0
8105697-2,8105697-7,0.3968822,1.0
5051175-1,6859411-2,0.10498345,0.0
5847931-1,8565014-1,0.2070138,0.0
3443651-1,5925185-2,0.057194408,0.0
3738031-1,4365146-1,0.19665718,0.0
3938365-1,3938365-2,0.4624008,1.0
5346920-1,7066495-2,0.7022334,0.0
6598109-1,6598109-3,0.69369215,1.0
6309162-1,6309162-2,0.8885927,1.0
2246138-1,5799975-1,0.43976977,0.0
5960165-1,6065136-1,0.5050766,0.0
3503657-4,7409413-1,0.20683424,0.0
3639802-1,3639802-3,0.49530914,1.0
6368138-1,8046466-3,0.43809912,0.0
8218079-3,8218079-5,0.7245329,1.0
4026547-2,8039198-1,0.37001175,0.0
8201691-1,8201691-2,0.76958334,1.0
7485476-1,7485476-8,0.73572403,1.0
3646555-2,8700716-4,0.3884093,0.0
3927825-1,3927825-3,0.6795356,1.0
7322415-1,7322415-3,0.82355,1.0
4173580-1,4173580-2,0.4660088,1.0
2710081-2,2710081-3,0.9111191,1.0
3780548-1,4327960-1,0.23036137,0.0
3407646-1,7567306-1,0.18343344,0.0
4793556-1,6836415-1,0.09221152,0.0
7336724-1,7336724-5,0.62310016,1.0
6869208-1,6869208-2,0.8644251,1.0
3077506-1,5704870-1,0.23905405,0.0
6052517-1,8610878-1,0.189507,0.0
7562854-1,7562854-2,0.49223772,1.0
6101515-1,6922397-1,0.09422142,0.0
8574092-1,8574092-4,0.6986049,1.0
4532024-1,7911044-1,0.29832256,0.0
7328963-2,7328963-3,0.5969113,1.0
3936521-1,7060429-4,0.382625,0.0
7745691-1,7745691-6,0.8503581,1.0
4759308-1,6417322-1,0.10446885,0.0
2846673-4,2846673-5,0.80181223,1.0
7868555-1,8050179-2,0.5027785,0.0
4882752-1,8504045-2,0.34451684,0.0
5686962-1,5686962-4,0.60469,1.0
3163772-1,7803169-1,0.25981796,0.0
3354865-1,7896672-1,0.2808412,0.0
4955461-1,7983607-1,0.446533,0.0
2804096-2,2804096-5,0.43118304,1.0
7427829-1,7837828-1,0.12724204,0.0
7609899-5,7609899-6,0.5348809,1.0
5624705-1,6881997-1,0.23290211,0.0
3199411-1,4940515-1,0.4944174,0.0
4721167-1,4747941-1,0.81433725,0.0
3158120-1,8383700-1,0.22178033,0.0
2596173-1,7310891-1,0.040818896,0.0
5862465-1,6935334-1,0.5366153,0.0
8202535-1,8202535-3,0.6949923,1.0
2740198-1,8236782-1,0.22527206,0.0
4863789-1,4863789-4,0.2873719,1.0
4162020-3,4162020-4,0.32071483,1.0
7006440-1,7006440-7,0.831743,1.0
6486600-3,6486600-6,0.31616998,1.0
3692185-1,4023098-1,0.30171654,0.0
4318868-1,5051311-2,0.36701357,0.0
7069276-1,7074426-5,0.18527128,0.0
7244733-2,8505801-2,0.68881375,0.0
2862513-1,2862513-2,0.680331,1.0
7265239-1,7265239-2,0.9437218,1.0
6142793-1,6142793-3,0.77962244,1.0
3249945-2,3249945-4,0.5168872,1.0
3349473-1,8093108-1,0.38522843,0.0
6526982-8,6526982-9,0.5865214,1.0
7314080-1,7314080-2,0.5983364,0.0
3425251-1,6178120-1,0.054250352,0.0
3544061-1,5797261-1,0.07824029,0.0
4005090-1,7588309-1,0.6373251,0.0
7992822-1,7992822-5,0.61928576,1.0
3892123-1,5820439-1,0.27930543,0.0
3229071-1,5964560-1,0.3999322,0.0
4569403-1,8052149-1,0.67349416,0.0
6296127-1,7158957-1,0.13066415,0.0
6603818-1,6708964-3,0.55319595,0.0
4842903-2,4842903-3,0.7552653,1.0
2843128-1,2843128-2,0.39358866,1.0
3205378-1,4298924-1,0.31470057,0.0
3758994-2,7493239-1,0.7981265,0.0
4407315-1,8352636-1,0.38620558,0.0
4005095-1,4005095-2,0.7031204,1.0
7383746-2,7383746-8,0.9768904,1.0
7569616-1,8084778-3,0.34580177,0.0
3464797-1,3731973-1,0.57298946,0.0
4529691-3,6460612-1,0.11078155,0.0
7292423-1,7292423-3,0.74745435,1.0
2857477-1,7505946-1,0.035153944,0.0
3349473-1,8093108-1,0.38522843,0.0
3888039-1,3888039-2,0.3542868,1.0
4304535-1,4592900-1,0.23634408,0.0
8392756-2,8392756-3,0.57292926,1.0
6311248-1,6510002-1,0.18765123,0.0
4275753-1,8350112-1,0.47609925,0.0
6829919-1,8612008-1,0.41997433,0.0
6679892-1,8173629-1,0.18444519,0.0
3423044-1,3423044-2,0.8815432,1.0
3556846-2,3556846-4,0.895931,1.0
2966983-1,7511076-1,0.11806328,0.0
2640403-4,2640403-9,0.43721303,1.0
3687156-1,5992757-1,0.18331212,0.0
5477910-2,5477910-3,0.8616445,1.0
3932584-1,3932584-4,0.93064916,1.0
3599747-1,3599747-2,0.29880428,1.0
3170628-1,8493511-1,0.13410778,0.0
2740124-1,3080807-1,0.26009846,0.0
5289268-3,5289268-4,0.35212088,1.0
2584074-1,4357681-1,0.28627735,0.0
4898933-3,5215194-1,0.061318293,0.0
5749100-2,5845715-1,0.521395,0.0
6079216-1,8285789-3,0.11483407,0.0
2804096-2,2804096-5,0.43118304,1.0
4800921-1,6109194-2,0.2626053,0.0
3099207-1,4664839-1,0.04113629,0.0
7676819-1,7944653-3,0.060889862,0.0
5228664-1,5228664-3,0.16695063,1.0
2984298-1,8325872-1,0.19914986,0.0
6829831-1,6829831-2,0.53834015,1.0
5899771-2,5899771-3,0.687605,1.0
7754281-1,7754281-5,0.45494884,1.0
3474963-1,5075289-3,0.3683037,0.0
5051311-1,5051311-2,0.75086004,1.0
3744717-1,3744717-2,0.66629183,1.0
2780987-1,7943416-1,0.23144242,0.0
2358907-3,2358907-5,0.6324844,1.0
5586844-1,5624261-1,0.48255378,0.0
2861021-1,5883438-1,0.16094735,0.0
3999607-2,3999607-5,0.80439466,1.0
4584441-1,5593691-1,0.64705265,0.0
7716585-1,7716585-4,0.59663844,1.0
7708753-2,7708753-3,0.63936794,1.0
3589229-1,3589229-2,0.7632626,1.0
5216238-1,8393765-1,0.06386469,0.0
7804088-1,7804088-5,0.7264812,1.0
6232788-1,6232788-2,0.5323653,1.0
7444143-2,7444143-3,0.46559653,1.0
5566028-1,6855496-1,0.10365088,0.0
8124580-3,8124580-7,0.3924857,1.0
7581128-3,7886462-1,0.1714851,0.0
4010044-1,4214711-2,0.17149442,0.0
3549382-1,3756160-1,0.22313829,0.0
4460230-1,5989148-1,0.098540716,0.0
4114614-1,4114614-2,0.6271687,1.0
7040871-1,7040871-2,0.63911486,1.0
4274852-4,5825047-1,0.17134823,0.0
2740025-4,2740025-5,0.5484078,1.0
4269622-5,4269622-6,0.8368781,1.0
4171577-1,4171577-3,0.36028254,1.0
6054085-1,6054085-2,0.7701882,1.0
5580965-1,7910263-1,0.17238168,0.0
3199017-1,8541753-1,0.24299592,0.0
4828895-1,4828895-2,0.54924554,1.0
4155887-3,4155887-4,0.7968294,1.0
4307668-1,4307668-3,0.11928385,0.0
2729252-4,4632558-1,0.7167459,0.0
3206442-1,7764537-1,0.41645575,0.0
3463145-1,3463145-2,0.6310268,1.0
5367760-1,5468554-1,0.67259854,0.0
7990443-1,7990443-5,0.8883746,1.0
3968662-1,8051537-1,0.2935619,0.0
3204234-2,3204234-3,0.49964148,1.0
2700442-1,6909245-1,0.29524782,0.0
2821765-1,7337592-1,0.3495086,0.0
4107645-1,4107645-4,0.6499131,1.0
3119975-2,3119975-4,0.9295861,1.0
8013533-2,8158664-1,0.15725307,0.0
4865644-2,4865644-3,0.4968171,1.0
6069660-1,6069660-2,0.79345596,1.0
6887611-1,7430863-1,0.35844836,0.0
6826298-1,6826298-2,0.8915101,1.0
7243093-1,8122563-1,0.35299554,0.0
7674568-1,7674568-2,0.7620087,1.0
7998683-2,7998683-4,0.6667413,1.0
3727947-1,4204687-1,0.28679532,0.0
6135216-2,6135216-5,0.5895876,1.0
8527556-2,8527556-4,0.5113575,1.0
7500736-1,7500736-2,0.63960046,1.0
4459098-1,4459098-2,0.5269966,1.0
2908827-1,2908827-2,0.69301885,1.0
8574092-1,8574092-4,0.6986049,1.0
3881444-1,8135628-1,0.56441,0.0
3239292-1,8069671-1,0.04032261,0.0
6751432-1,7140157-1,0.74107367,0.0
7163239-4,7365035-1,0.5001057,0.0
4150596-1,6914354-1,0.3424707,0.0
8182236-2,8182236-4,0.76930285,1.0
6587640-1,7210684-1,0.35369208,0.0
4765255-2,4765255-4,0.44431052,1.0
3610454-1,8517457-1,0.5597841,0.0
3922193-4,3922193-5,0.5511541,1.0
1906806-3,1906806-8,0.6935895,1.0
7292165-1,7305571-1,0.19129813,0.0
4934112-1,8279986-1,0.58325046,0.0
8391342-30,8391342-6,0.20382823,0.0
5126035-8,5825044-1,0.24341154,0.0
4502482-1,7944606-1,0.39301512,0.0
5586844-1,5624261-1,0.48255378,0.0
3111127-4,5074022-2,0.30691212,0.0
5668506-1,6531118-1,0.0698829,0.0
6799453-1,7335879-1,0.19903749,0.0
2637292-2,2637292-3,0.93439424,1.0
4531450-2,4531450-4,0.54896635,1.0
6857254-1,6857254-3,0.8292408,1.0
4357039-1,4357039-3,0.3715658,1.0
2822157-1,3266151-1,0.4263138,0.0
3905827-2,6383853-1,0.2502775,0.0
5126035-8,5825044-1,0.24341154,0.0
5457574-1,6555907-1,0.2624415,0.0
6199400-1,6199400-2,0.36381796,1.0
7567324-1,7567324-2,0.5772851,1.0
3860664-1,7931599-1,0.2334228,0.0
5965133-2,8170622-1,0.44777498,0.0
2626702-1,8058662-1,0.14778711,0.0
4660492-1,4660492-3,0.92728585,1.0
4818583-1,4830170-1,0.2169136,0.0
4325202-2,5858840-1,0.6509841,0.0
3402005-1,3402005-2,0.062086962,1.0
5356989-1,7423086-1,0.13059793,0.0
3645620-4,3645620-5,0.910773,1.0
7903083-1,8632216-1,0.728627,0.0
6426764-2,6426764-6,0.8065598,1.0
6660059-1,8495172-1,0.1616429,0.0
4387824-1,8273158-1,0.34793204,0.0
6304522-1,7746005-1,0.2706469,0.0
8082285-1,8107456-1,0.14161788,0.0
6259073-1,8253333-1,0.08437899,0.0
3458969-1,3458969-2,0.7263841,1.0
6452196-2,6452196-4,0.2590468,1.0
4065464-1,5336392-1,0.07324596,0.0
3514151-3,3514151-4,0.5957762,1.0
7443648-2,7443648-5,0.41430458,1.0
5122605-2,8147490-1,0.095684715,0.0
3039827-1,5846865-1,0.3839176,0.0
5432727-2,5432727-4,0.7822326,1.0
6198602-1,6357919-1,0.23837185,0.0
3119975-2,3119975-4,0.9295861,1.0
8570721-3,8570721-4,0.674402,1.0
4504868-1,4587881-1,0.53793347,0.0
5981586-1,6618195-1,0.19335751,0.0
4518390-1,7405971-1,0.56513995,1.0
3673319-1,5221483-1,0.22419474,0.0
1224859-2,1224859-3,0.61193854,1.0
3349586-1,4228594-1,0.5043707,0.0
4676493-2,4676493-3,0.5022657,1.0
8211030-1,8211030-3,0.78586495,1.0
3548394-1,3708060-1,0.11532983,0.0
6919333-2,7262721-1,0.50829273,0.0
6526982-3,6526982-9,0.67332155,1.0
7322092-1,7322092-2,0.5109526,1.0
4728983-1,8012175-1,0.74012923,0.0
4188946-1,4188946-4,0.86995035,1.0
4779351-1,7220631-1,0.25763896,0.0
7367386-6,7367386-9,0.3161888,1.0
8550277-3,8550277-4,0.605496,1.0
2791725-1,4821986-1,0.40003458,0.0
2944122-1,7160902-2,0.28092238,0.0
7286403-5,7286403-6,0.15820852,1.0
6180891-1,6380150-1,0.2662198,0.0
2776156-2,2776156-3,0.542661,1.0
5829721-2,5829721-3,0.45142177,1.0
4777981-2,4777981-9,0.38862926,1.0
2687548-10,2687548-7,0.64630246,1.0
4699197-2,4699197-3,0.8855894,1.0
4546785-1,4546785-3,0.8211466,1.0
4253700-1,4778215-1,0.59618026,1.0
4392492-1,5988205-1,0.36104718,0.0
7006440-4,7006440-5,0.73907334,1.0
3639158-13,3639158-6,0.5961725,1.0
7529487-1,7529487-3,0.82105887,1.0
2672125-1,7802127-1,0.6287665,0.0
4502311-1,7469741-2,0.3306965,0.0
4454193-1,4454193-2,0.32808793,1.0
7653752-1,7653752-2,0.65145665,1.0
3271498-1,4311362-3,0.09359834,0.0
7470563-1,7470563-3,0.92653024,1.0
3514151-1,3514151-4,0.7792648,1.0
4804401-2,7366417-1,0.21813397,0.0
4129602-2,4129602-4,0.7714804,1.0
3582082-1,6710493-1,0.24954827,0.0
6332814-1,6332814-4,0.85683787,1.0
3780548-1,4327960-1,0.23036137,0.0
4998851-3,4998851-5,0.61066556,1.0
3283526-1,3283526-3,0.81767803,1.0
6757016-3,6757016-5,0.4492393,1.0
3371494-1,3664476-1,0.19105491,0.0
4166964-1,4333544-1,0.56232643,0.0
7431202-1,7431202-4,0.5885047,1.0
4278096-1,8077672-1,0.09282183,0.0
2740295-2,5052910-1,0.34995246,0.0
3220159-1,5314846-1,0.6322104,0.0
5481954-1,5481954-2,0.88272965,1.0
3556846-2,3556846-4,0.895931,1.0
6433453-1,8088595-1,0.07114662,0.0
6447420-1,6447420-2,0.61897326,1.0
5652128-1,5652128-2,0.6382672,1.0
5506090-1,5506090-3,0.6264172,1.0
3935303-1,3935303-2,0.627678,1.0
3529930-2,4023003-1,0.6101293,0.0
4307725-2,4307725-3,0.20221153,1.0
7020598-1,7020598-2,0.6882504,1.0
2249601-1,5791344-1,0.44818482,0.0
4308088-2,4308088-5,0.39838266,1.0
6766258-3,6766258-5,0.90063566,1.0
3175447-1,6196130-1,0.07726016,0.0
3364643-2,4219198-1,0.11181581,0.0
8047295-3,8047295-4,0.9693088,1.0
6293945-3,8592773-1,0.098105565,0.0
3814995-1,6132149-1,0.49160802,1.0
3846999-1,5704856-1,0.12007775,0.0
7982799-2,7982799-3,0.784351,1.0
4289971-1,5968291-1,0.31205148,0.0
4777948-1,4777948-4,0.4521433,1.0
3049979-1,6984774-1,0.12919447,0.0
7757713-1,7757713-3,0.6852639,1.0
7071737-2,7071737-4,0.7808564,1.0
4121941-1,5502345-1,0.6642538,0.0
7983550-1,7983550-2,0.3807509,1.0
3887233-1,6288501-1,0.3986186,0.0
6885310-1,6885310-2,0.16583543,1.0
4171941-1,8362796-1,0.41227725,0.0
6958894-3,8078049-1,0.047510047,0.0
4302515-1,4302515-3,0.7320879,1.0
3407696-2,3407696-5,0.7332712,1.0
4325967-1,6760352-1,0.4790585,0.0
7448144-1,7543098-1,0.4515437,0.0
7255656-1,8102744-1,0.36225167,0.0
3667314-1,5498116-1,0.5172515,0.0
7856932-2,7856932-3,0.7878445,1.0
4208499-2,4208499-3,0.42609227,1.0
7398031-1,7398031-3,0.7046386,1.0
2607259-1,7690469-1,0.37155724,0.0
4918135-3,4918135-4,0.7494811,1.0
3132318-1,6406201-1,0.6679725,0.0
7914078-1,7914078-2,0.5401502,1.0
7546245-1,7546245-2,0.85317945,1.0
4438352-2,8548719-2,0.26362374,0.0
5015253-3,5015253-6,0.6402352,1.0
2526092-1,3068105-1,0.22716384,0.0
3583109-1,8133087-1,0.468444,0.0
4391172-1,4391172-2,0.48787782,1.0
5932891-1,8324066-2,0.4334215,0.0
4208436-1,7495868-1,0.30229455,0.0
2801516-1,8613957-1,0.55536985,0.0
3206442-1,7764537-1,0.41645575,0.0
3570283-1,3596587-1,0.047897946,0.0
6368138-1,8046466-3,0.43809912,0.0
3707324-2,3707324-3,0.6758295,1.0
8083887-1,8083887-2,0.5634046,1.0
3073952-1,7105784-2,0.2720658,0.0
5397814-1,5397814-2,0.8790166,1.0
7962471-1,7962471-2,0.26209873,1.0
6603818-1,6603818-2,0.67368656,1.0
6956960-1,8255699-1,0.1273033,0.0
6713375-1,7834037-1,0.5273699,0.0
6160050-4,6160050-5,0.8201411,1.0
4579175-1,4579175-3,0.8659758,1.0
5768949-1,6556741-1,0.09795357,0.0
2567322-2,2567322-4,0.7148805,1.0
4811243-1,6299518-1,0.45477173,0.0
4323608-1,4834819-1,0.4944462,0.0
8077172-17,8077172-6,0.6292208,1.0
4162020-3,4162020-4,0.32071483,1.0
5368377-1,5368377-2,0.8582493,1.0
5755626-1,8485528-1,0.4265756,0.0
3986960-1,5728764-1,0.2980985,0.0
4465165-1,4465165-8,0.80413187,1.0
5518118-2,7688456-1,0.66161627,0.0
8092089-3,8092089-7,0.15788741,1.0
6180816-1,7960044-1,0.34224927,0.0
8705528-12,8705528-6,0.74768496,1.0
3312794-3,4451783-1,0.5964662,0.0
3163399-1,4391425-1,0.4915485,0.0
7423211-1,7423211-8,0.557888,1.0
4336764-1,5461560-1,0.38852227,0.0
2831607-1,3747430-1,0.437733,0.0
6421483-1,7954243-1,0.12246432,0.0
5473084-1,8323314-1,0.37096834,0.0
4899403-1,7506276-1,0.14100319,0.0
6482199-1,8043810-1,0.19043998,0.0
8168801-2,8168801-3,0.3275728,1.0
3345597-1,4173537-1,0.1759779,0.0
3923556-2,3923556-4,0.7409038,1.0
2169208-1,4173535-1,0.3792319,0.0
2772281-1,2772281-3,0.70302653,1.0
5367597-1,5367597-2,0.69955766,1.0
6477962-1,6477962-3,0.8982494,1.0
7867306-2,7867306-4,0.80418456,1.0
3527052-2,3527052-3,0.86929214,1.0
7140078-1,7140078-3,0.5949204,1.0
5649805-10,5649805-4,0.80458486,1.0
7808539-1,7808539-2,0.48438287,1.0
3710964-1,3710964-2,0.23457597,1.0
6066702-1,6955030-1,0.26429358,0.0
2631492-1,6766475-1,0.15578634,0.0
5017632-3,7996811-3,0.09678903,0.0
4429388-1,4438191-1,0.30045012,0.0
5435833-2,5435833-4,0.50957227,1.0
7505515-1,7505515-2,0.2967056,1.0
3412810-1,5662332-1,0.055327844,0.0
4584512-1,7395378-1,0.33303115,0.0
4140119-1,4140119-2,0.597602,1.0
7726359-2,8343453-1,0.37915772,0.0
6118110-1,6230366-1,0.29998437,0.0
5494519-1,5494519-3,0.5880878,1.0
6205315-1,6205315-2,0.56390435,1.0
3705847-1,3705847-2,0.8673367,1.0
4154155-1,8387073-1,0.42200494,0.0
7082370-1,7757713-6,0.34647238,0.0
8395467-1,8395467-5,0.77373904,1.0
2577938-1,2577938-3,0.8780538,1.0
6940155-2,6940155-3,0.6405934,1.0
3979793-1,3979793-2,0.9055291,1.0
8504303-2,8504303-4,0.5152576,1.0
3979793-1,3979793-2,0.9055291,1.0
2993985-1,5733975-3,0.07103515,0.0
7150566-1,7150566-2,0.8676389,1.0
5201065-1,5201065-4,0.64150107,1.0
5765119-2,5765119-3,0.85882974,1.0
8294413-2,8294413-5,0.742482,1.0
4313486-2,4313486-4,0.8918054,1.0
8083751-1,8083751-3,0.710963,1.0
6379532-1,7044468-1,0.17550004,0.0
4053105-2,4053105-3,0.7148783,1.0
4722564-1,6194572-1,0.46243247,0.0
5382054-1,5715609-1,0.62749165,0.0
4338667-1,5031857-1,0.3737155,0.0
6238297-2,6238297-3,0.6968087,1.0
4678475-4,4678475-9,0.84835905,1.0
6503405-2,6503405-4,0.7531926,1.0
4375745-3,4375745-5,0.64862925,1.0
7393473-2,7393473-3,0.4670869,1.0
6042488-6,6042488-8,0.713789,1.0
4212299-1,6951019-1,0.29063827,0.0
4372959-1,6177682-2,0.28552786,0.0
5469202-1,8316880-1,0.6877389,0.0
4299425-1,4299425-2,0.586456,1.0
4005095-1,4005095-2,0.7031204,1.0
6465686-1,6465686-3,0.59765464,1.0
7440256-1,7440256-2,0.60188466,1.0
8464303-1,8464303-2,0.7801009,1.0
4010068-1,4146130-1,0.2115009,0.0
7569616-1,8084778-3,0.34580177,0.0
8027707-1,8027707-3,0.7366215,1.0
5126035-8,5825044-1,0.24341154,0.0
8673864-2,8673864-4,0.44778454,1.0
5295539-1,5733959-1,0.28701752,0.0
4891832-1,5465657-1,0.23382969,0.0
6530164-1,8313357-1,0.3688929,0.0
4212299-1,8712219-1,0.3738009,0.0
6732502-1,7724126-1,0.3442748,0.0
5943729-6,5943729-9,0.9627253,1.0
4395949-1,5134173-1,0.6108587,0.0
6824397-4,6824397-5,0.7508846,1.0
7952588-1,7952588-2,0.35682333,1.0
4570001-1,6194242-1,0.760346,0.0
5525297-1,7423228-1,0.20937172,0.0
5112881-1,5112881-2,0.4615784,1.0
7488857-1,8155124-1,0.1445466,0.0
5553064-1,5932522-2,0.5863114,0.0
6053882-3,6053882-4,0.6201527,1.0
3712386-1,3712386-3,0.67836374,1.0
3646555-2,8700716-4,0.3884093,0.0
2628089-1,3977455-2,0.36504382,0.0
6257534-4,6257534-6,0.7895425,1.0
3228394-1,3228394-4,0.9033775,1.0
4531931-1,8476880-1,0.5619889,0.0
4065275-1,4065275-2,0.7859198,1.0
4296220-1,8507155-1,0.33136693,0.0
6006723-1,6243525-1,0.85023683,0.0
5346945-1,8255048-1,0.07975823,0.0
3088857-1,7906273-1,0.07825821,0.0
3479417-1,6775712-1,0.35912523,0.0
3799008-1,3799008-2,0.5561876,1.0
4604284-1,7384493-1,0.22438356,0.0
3555570-3,3555570-4,0.8253217,1.0
6996166-2,6996166-3,0.7260522,1.0
2626786-1,5298529-1,0.19030814,0.0
3808072-1,7437123-5,0.10267029,0.0
4235191-1,7678883-1,0.8079833,0.0
5754067-1,7713794-1,0.33889338,0.0
7943385-3,7943385-4,0.38342878,1.0
3465337-1,4691603-1,0.34083366,0.0
3935557-1,6440177-1,0.0812239,0.0
4089230-1,5114198-2,0.8105668,0.0
5615344-1,5615344-3,0.32160285,1.0
4203675-1,7533407-1,0.36033633,1.0
6405358-1,6405358-2,0.58724475,1.0
3861473-2,5868890-1,0.39218292,0.0
2583964-1,3847183-1,0.27326813,0.0
3338219-1,3338219-2,0.19731012,1.0
7535648-2,7535648-3,0.5236072,1.0
3116544-1,3424898-1,0.30303597,0.0
4515513-3,4515513-4,0.472081,1.0
6968900-2,6968900-4,0.5878405,1.0
3487304-1,3487304-3,0.974164,1.0
3608993-1,7008586-2,0.69209296,0.0
514615-1,7214555-1,0.14624958,0.0
2944857-1,2944857-4,0.69274443,1.0
6310511-1,6310511-3,0.8604391,1.0
7793325-3,7793325-4,0.37974158,1.0
2276236-1,3296432-2,0.24737668,0.0
8622899-1,8622899-6,0.73202807,1.0
3521952-1,6510567-1,0.26390642,0.0
7350967-2,7350967-3,0.9669084,1.0
6815487-1,6815487-2,0.63345903,1.0
7524933-2,7524933-3,0.354271,1.0
4235171-1,5887698-1,0.06619833,0.0
6260670-1,6260670-2,0.890702,1.0
2276236-1,3296432-2,0.24737668,0.0
2821765-1,7337592-1,0.3495086,0.0
2966751-2,2966751-3,0.90158004,1.0
6451804-1,7035525-4,0.42373112,0.0
6014571-1,6014571-2,0.26560664,1.0
5432727-2,5432727-4,0.7822326,1.0
2249601-1,5791344-1,0.44818482,0.0
5962620-3,5962620-6,0.9135663,1.0
8071213-2,8071213-3,0.77408123,1.0
5865279-5,5865279-9,0.8948492,1.0
5126035-8,5825044-1,0.24341154,0.0
7069149-1,7069149-2,0.6919343,1.0
7675634-2,7675634-3,0.5778234,1.0
7012740-1,7012740-2,0.67447394,1.0
3349988-1,3349988-2,0.58631384,1.0
7244171-1,8392858-1,0.03390779,0.0
4529691-3,6460612-1,0.11078155,0.0
6126305-4,6126305-5,0.45388103,1.0
4377410-1,7451160-2,0.5327237,0.0
4717387-1,4717387-5,0.79294175,1.0
8075677-1,8425027-1,0.06613984,0.0
5308138-1,5308138-4,0.6537728,1.0
7784239-6,7784239-7,0.82942027,1.0
4206930-1,8052521-1,0.18443006,0.0
7695266-10,7695266-7,0.7017208,1.0
5646301-1,5646301-2,0.7789194,1.0
5809810-3,8638056-1,0.14297959,0.0
7768392-5,7768392-8,0.80641884,1.0
8038423-1,8515523-1,0.3119235,0.0
3361822-1,5682697-1,0.161806,0.0
8155578-4,8155578-5,0.47439203,1.0
3996354-3,4000642-1,0.31699446,0.0
6759615-1,7673274-1,0.65993786,0.0
8083869-3,8083869-5,0.88925666,1.0
6815487-1,6815487-2,0.63345903,1.0
5723948-1,7520796-4,0.3064509,0.0
2164940-1,4904584-1,0.2887115,0.0
2075483-1,2075483-3,0.8910916,1.0
5710965-2,5710965-3,0.6009361,1.0
3874988-3,7761291-1,0.23804902,0.0
3814995-1,6132149-1,0.49160802,1.0
4026847-1,6794398-1,0.25239256,0.0
4094743-4,4094743-6,0.9482747,1.0
3005640-1,6744737-2,0.8591897,0.0
6728972-1,7891040-1,0.10062542,0.0
7145377-1,8362581-2,0.38344315,0.0
5315218-1,5315218-4,0.93831354,1.0
8104983-1,8104983-2,0.72868395,1.0
3505635-1,3505635-2,0.33440474,1.0
4071151-2,4071151-3,0.90321803,1.0
6766258-1,6766258-4,0.39166003,1.0
6438405-1,7482350-1,0.76057696,0.0
2813577-2,2813577-4,0.7541061,1.0
5005527-1,5538079-1,0.7155334,0.0
6428001-1,7383197-1,0.6396304,0.0
3883268-1,5392909-1,0.24885693,0.0
8569136-8,8569136-9,0.81603324,1.0
3724794-5,3724794-7,0.7337254,1.0
4750307-1,4750307-2,0.21450026,1.0
5161513-3,5161513-6,0.8444821,1.0
4532076-2,4532076-3,0.6959696,1.0
6101603-1,6101603-4,0.47308603,1.0
7839804-1,7839804-2,0.69264585,1.0
6549290-4,6549290-5,0.3407079,1.0
4966802-1,6668535-1,0.2151621,0.0
4611895-1,4611895-2,0.57843965,1.0
7071686-1,8410986-1,0.12931,0.0
7789137-1,7789137-2,0.22872174,1.0
6919399-1,6919399-2,0.72058743,1.0
8699499-2,8699499-3,0.68595964,1.0
5765119-2,5765119-3,0.85882974,1.0
4283393-1,5409946-1,0.25156075,0.0
6140438-2,6140438-5,0.59159195,1.0
3862296-1,3873319-8,0.7834497,0.0
7665777-11,7665777-7,0.80403537,1.0
6819644-1,6819644-2,0.5839123,1.0
4290765-1,8299386-1,0.37280563,0.0
8522886-1,8522886-2,0.48444885,1.0
3546214-2,3546214-3,0.6647151,1.0
2984347-1,6694281-1,0.65147036,0.0
2856528-2,2856528-3,0.89516056,1.0
4660492-1,4660492-3,0.92728585,1.0
6336619-1,6336619-2,0.5291049,1.0
8038423-1,8515523-1,0.3119235,0.0
6900415-3,6900415-4,0.8256123,1.0
7670619-2,7670619-3,0.72982544,1.0
3487024-1,5335820-1,0.40301237,0.0
3540695-1,4327555-2,0.31120256,0.0
3081564-1,8720848-1,0.24384597,0.0
5691872-2,5691872-3,0.842048,1.0
3318202-1,4958684-1,0.55150354,0.0
7490089-1,7813008-1,0.09518795,0.0
6681482-2,7272571-1,0.64178616,0.0
8182237-3,8604466-1,0.6463902,0.0
6257534-4,6257534-6,0.7895425,1.0
3407125-3,3407125-5,0.9417333,1.0
8606994-1,8606994-2,0.3469481,1.0
8643187-2,8643187-3,0.78911364,1.0
8004176-1,8004176-3,0.92074186,1.0
4094581-4,4094581-5,0.6301587,1.0
7507594-5,7507594-6,0.65173525,1.0
3858146-1,3858146-2,0.6486476,1.0
6788313-3,6788313-4,0.7778548,1.0
3051894-1,6713256-1,0.57022023,0.0
1906873-1,1906873-2,0.21236977,1.0
4611067-2,4611067-5,0.8839054,1.0
4659983-1,4659983-3,0.75359035,1.0
6719522-1,6719522-2,0.6733303,1.0
7852210-1,8668032-2,0.19170025,0.0
3304601-2,8053136-1,0.070076585,0.0
4307636-1,6900885-2,0.2368056,0.0
5369260-1,7584303-1,0.08208244,0.0
8391686-1,8671071-2,0.15738833,0.0
3701835-3,5891952-1,0.5113823,0.0
2992923-1,6783228-1,0.24095972,0.0
5410684-1,6230594-1,0.597924,0.0
8391342-15,8391342-20,0.7583685,1.0
7527899-2,7527899-3,0.80177724,1.0
3878860-1,4488522-1,0.32733154,0.0
3817060-1,3817060-2,0.75000525,1.0
4424714-1,7457637-1,0.49440253,0.0
3555570-3,3555570-6,0.16219714,0.0
3822421-1,6357366-1,0.3368539,0.0
5464515-2,5464515-5,0.63134605,1.0
7446424-2,7446424-4,0.6357441,1.0
4345245-1,7218931-5,0.20250458,0.0
6160237-3,6160237-4,0.8494409,1.0
8281154-7,8281154-8,0.5451981,1.0
6176846-1,7322230-1,0.51182234,0.0
3391621-1,5642479-3,0.8997332,0.0
7850398-1,7850398-2,0.5510296,1.0
4123283-1,4123283-2,0.8594723,1.0
3335562-1,4159905-1,0.44528794,0.0
4129924-1,6426094-1,0.54397285,0.0
7609899-4,7609899-5,0.69495314,1.0
8391342-30,8391342-31,0.28815967,0.0
7871073-1,8267720-1,0.18174829,0.0
8133044-4,8133044-6,0.60538733,1.0
4765299-1,4765299-5,0.14011636,1.0
8500461-3,8500461-6,0.6559726,1.0
3683465-1,5646313-1,0.18257865,0.0
2762556-1,8707333-1,0.34299806,0.0
7220005-3,7220005-7,0.5558698,1.0
4779833-1,8142312-1,0.11342599,0.0
7440256-1,7440256-2,0.60188466,1.0
8422455-2,8422455-3,0.92779475,1.0
5907517-1,8682950-6,0.115023464,0.0
4745143-1,4745143-3,0.49763164,1.0
3302999-1,3981269-1,0.123971224,0.0
8087369-2,8087369-3,0.7414537,1.0
8391342-18,8391342-30,0.83662945,1.0
1791015-1,5931247-1,0.1851485,0.0
6314796-1,6314796-2,0.35971624,1.0
7045945-1,7045945-3,0.9053019,1.0
7273174-3,7273174-4,0.9361022,1.0
5486553-6,5486553-7,0.742759,1.0
4040073-1,5628183-1,0.88715136,1.0
8015162-3,8015162-4,0.5827404,1.0
3583087-1,4776813-1,0.06680204,0.0
5101515-1,7274261-2,0.54991657,0.0
8383533-4,8383533-5,0.6562037,1.0
5398111-1,7265705-1,0.57134986,0.0
3608993-1,7008586-2,0.69209296,0.0
7485476-10,7485476-5,0.6057968,1.0
3700751-1,4370002-1,0.16417491,0.0
4318027-1,4318027-2,0.84347254,1.0
7700296-3,7700296-6,0.8952394,1.0
3263702-2,3263702-4,0.5866084,1.0
6347353-2,6347353-3,0.34319016,0.0
3341841-1,3341841-2,0.48934773,1.0
3502796-1,3502796-2,0.85495627,1.0
6713097-2,7004259-1,0.33336368,0.0
4239373-1,5950186-1,0.46650198,0.0
2740309-1,5670264-1,0.13821049,0.0
4496068-1,6126179-1,0.17169595,0.0
3666087-1,3666087-2,0.763622,1.0
6595396-1,6595396-2,0.51475966,1.0
3214566-1,5461669-1,0.16471104,0.0
5094544-1,5094544-3,0.53204906,1.0
6900415-10,6900415-3,0.25497556,1.0
7174277-1,7174277-2,0.7426298,1.0
8641026-1,8641026-4,0.65181714,1.0
4567365-1,4996839-1,0.6880018,0.0
2762828-1,2762828-2,0.80061865,1.0
8515176-1,8515176-5,0.22115941,1.0
4233051-1,4233051-2,0.7289168,1.0
3506073-1,8238592-1,0.15215121,0.0
2904264-1,7294531-1,0.3064365,0.0
3407032-1,3407032-4,0.0733476,1.0
3817136-1,3817136-5,0.8600699,1.0
3232486-1,7364406-1,0.33004126,0.0
3341744-1,3789622-1,0.7293885,0.0
2740025-4,2740025-5,0.5484078,1.0
7808539-1,7808539-2,0.48438287,1.0
8147850-3,8147850-4,0.12988159,1.0
4209058-1,5412134-1,0.6701115,0.0
4937529-3,7168968-1,0.34347004,0.0
4287898-1,8325097-1,0.26940766,0.0
6816128-1,7262705-1,0.42169407,0.0
6521673-1,7253880-1,0.29030442,0.0
3350234-1,3350234-2,0.56906515,1.0
5423380-1,5685861-2,0.29195362,0.0
4208436-1,7495868-1,0.30229455,0.0
8432357-1,8432357-2,0.3537412,1.0
6332814-2,6332814-5,0.72089076,1.0
4719265-1,6323364-1,0.14104807,0.0
4891832-1,5465657-1,0.23382969,0.0
3429988-1,3806668-1,0.5539494,0.0
3934696-1,7220345-1,0.49635383,0.0
3847183-3,3847183-4,0.74847466,1.0
3544061-1,5797261-1,0.07824029,0.0
3883399-1,5324991-1,0.22235392,0.0
6304711-1,6304711-6,0.7377323,1.0
6914839-1,6914839-4,0.3495012,1.0
5156880-1,7474559-1,0.36613566,0.0
5803709-5,6945574-1,0.7628865,0.0
5450585-1,5450585-2,0.6772363,1.0
8225171-1,8225171-5,0.52323943,1.0
5337234-2,5337234-9,0.90394783,1.0
5417292-1,7059473-1,0.22060408,0.0
5984346-1,6351429-1,0.5694799,0.0
7982799-1,7982799-3,0.3961724,1.0
7763274-2,7763274-4,0.5649228,1.0
4655028-1,6136512-1,0.2532801,0.0
6759615-1,7673274-1,0.65993786,0.0
6286750-1,6286750-3,0.7090489,1.0
7861059-2,7861059-5,0.66593814,1.0
7069149-1,7069149-2,0.6919343,1.0
3505333-1,7205376-1,0.32693648,0.0
3343397-2,7395399-1,0.7655729,0.0
4173238-1,4173238-3,0.7053124,1.0
8269075-1,8714042-1,0.4005312,0.0
7580395-1,7580395-2,0.5295963,1.0
6676810-2,6676810-3,0.72492665,1.0
7220740-1,7220740-2,0.6711772,1.0
4210738-1,6706647-1,0.62959087,0.0
7519859-1,7903283-2,0.22404401,0.0
3335575-1,5619703-1,0.08600685,0.0
7367413-1,7367413-2,0.8738992,1.0
2964793-1,4693350-1,0.5324775,0.0
2769305-1,7154946-3,0.36040407,0.0
5467348-1,8007176-3,0.5976136,0.0
3333799-1,4515888-1,0.47467834,0.0
6332814-1,6332814-7,0.7833155,1.0
5137971-4,5137971-8,0.62058157,1.0
6882683-1,6882683-2,0.77007663,1.0
4398927-1,4398927-2,0.80306894,1.0
8237419-1,8237419-3,0.59315634,1.0
7325412-1,8557646-1,0.07923147,0.0
7234342-1,7234342-2,0.92543596,1.0
5865279-1,5865279-7,0.73831654,1.0
8439402-1,8439402-2,0.57843494,1.0
7511846-4,7511846-5,0.21476147,1.0
7292165-1,7305571-1,0.19129813,0.0
2700576-2,2700576-4,0.7434206,1.0
5809810-3,8638056-1,0.14297959,0.0
5679770-6,5679770-7,0.718283,1.0
6482601-2,7827464-1,0.28612748,0.0
6151349-1,8542406-1,0.13485561,0.0
5447072-3,7275598-1,0.8158832,0.0
1262717-1,3010543-1,0.40811062,0.0
5498934-1,5498934-2,0.85364336,1.0
4891832-1,5465657-1,0.23382969,0.0
3183720-1,6624950-1,0.20038559,0.0
7383351-1,8132458-3,0.22148769,0.0
5319094-1,6219321-1,0.21636882,0.0
7196464-1,7196464-3,0.74351174,1.0
4722521-1,7682940-1,0.20559023,0.0
4678552-2,4678552-3,0.91490024,1.0
4748919-1,6831809-1,0.14755529,0.0
3590935-1,6901366-1,0.24751821,0.0
6683483-1,7138425-1,0.20437407,0.0
6883863-2,6883863-4,0.5240977,1.0
5530411-4,5530411-5,0.85225254,1.0
4856713-2,5906593-2,0.6095373,0.0
3978081-1,7256736-5,0.27584907,0.0
6516020-1,7831216-1,0.036188982,0.0
4704474-4,4704474-5,0.7181908,1.0
5019922-1,5838883-1,0.17081372,0.0
7299656-10,7299656-5,0.8758696,1.0
4556711-2,4556711-4,0.8128924,1.0
6023325-1,6023325-2,0.17979372,1.0
3934696-1,7220345-1,0.49635383,0.0
6275832-1,6275832-2,0.8076578,1.0
8129005-1,8129005-2,0.5420229,1.0
3544066-1,6702279-1,0.16356908,0.0
3469907-1,6092529-1,0.23130353,0.0
8162529-1,8162529-2,0.33253333,1.0
5835379-2,7015833-1,0.68139386,0.0
3474966-1,8557518-1,0.6024535,0.0
5055933-3,5380242-1,0.8144903,0.0
2747453-1,4728328-4,0.11140096,0.0
3513240-2,5889891-1,0.4893393,0.0
7422691-1,7422691-5,0.79762715,1.0
7892226-1,7892226-2,0.6270595,1.0
5917864-1,5917864-2,0.4172145,1.0
6713097-3,6713097-6,0.8629605,1.0
4250924-1,4899633-1,0.3522259,0.0
7315662-1,7991103-1,0.12026935,0.0
8276965-1,8276965-2,0.29420945,1.0
8294413-2,8294413-5,0.742482,1.0
6023324-4,6023324-5,0.5640958,1.0
6126056-3,6126056-4,0.20794114,1.0
3325621-1,4913998-3,0.35035765,0.0
4208436-1,7495868-1,0.30229455,0.0
4421951-1,4421951-2,0.42992195,1.0
3891065-1,5325004-1,0.49435624,0.0
7852210-1,8668032-2,0.19170025,0.0
4054591-1,4054591-2,0.8471865,1.0
7745691-1,7745691-6,0.8503581,1.0
7265518-2,7448493-1,0.3756972,0.0
3098416-1,4257951-1,0.3400039,0.0
7861059-2,7861059-3,0.27498305,1.0
3533460-1,8021306-1,0.5088918,0.0
3438302-1,7872596-1,0.042184107,0.0
8396188-1,8396188-3,0.7578746,1.0
8191643-1,8191643-2,0.70358247,1.0
3634244-2,3634244-3,0.83139163,1.0
7768392-2,7768392-7,0.6323994,1.0
6259073-1,8253333-1,0.08437899,0.0
1805501-1,6842488-1,0.5571193,0.0
8129005-1,8129005-2,0.5420229,1.0
6199400-1,6199400-2,0.36381796,1.0
7706373-1,8610930-1,0.43130878,0.0
7794039-1,8610483-1,0.7406424,0.0
3112085-2,7747065-1,0.49399477,0.0
3212924-1,4409195-1,0.3332177,0.0
7936921-1,8051572-1,0.578252,0.0
5450585-1,5450585-2,0.6772363,1.0
3990828-2,3990828-3,0.44382572,1.0
5892321-1,6219324-1,0.30093107,0.0
3487304-1,3487304-3,0.974164,1.0
4056708-2,4729030-1,0.5836248,0.0
4472661-1,4472661-3,0.917849,1.0
3764695-1,5110930-1,0.10635723,0.0
6336613-2,6336613-3,0.3453756,1.0
6929121-3,6929121-5,0.81253564,1.0
3976921-1,7558373-1,0.35775435,0.0
4843071-1,5843968-1,0.067393534,0.0
4269538-1,7666621-1,0.5805899,0.0
3996636-1,3996636-3,0.8752466,1.0
4838988-1,4958707-2,0.30755517,0.0
5894316-1,5894316-2,0.8687359,1.0
4792151-4,4792151-5,0.9034326,1.0
6429545-1,8024449-1,0.15174855,0.0
2848321-1,8281394-1,0.2905808,0.0
3519024-1,8680034-1,0.40818572,0.0
8563620-10,8563620-12,0.67663956,1.0
3518986-2,3667323-2,0.200551,0.0
8386154-2,8386154-3,0.6743719,1.0
5819108-1,5819108-4,0.77509815,1.0
6160050-3,6160050-7,0.59107566,1.0
6103365-1,6103365-3,0.7351148,1.0
3970350-1,7581029-1,0.1721378,0.0
3097756-1,4568619-1,0.44785413,0.0
7305484-3,7305484-4,0.31640512,1.0
3530248-1,5733119-2,0.17636809,0.0
1884161-1,5295570-1,0.31678256,0.0
548304-1,7469333-1,0.8544455,1.0
7451169-6,7552537-1,0.8802228,0.0
4766804-1,4766804-3,0.9439074,1.0
6682377-1,7477153-1,0.23942508,0.0
4789584-2,4789584-3,0.19130193,1.0
3858807-1,5557159-1,0.27808043,0.0
4899661-1,8058670-1,0.3604626,0.0
4819152-3,5083268-1,0.5036044,0.0
4550594-1,7137220-3,0.3424266,0.0
3114581-1,3114581-3,0.21078828,1.0
4196295-1,8215124-2,0.071786396,0.0
4685866-4,4685866-5,0.6643922,1.0
4782467-1,4782467-3,0.27073598,1.0
6095973-6,6095973-9,0.7208751,1.0
7722336-1,7722336-5,0.82222617,1.0
8391342-27,8391342-4,0.880395,1.0
8269075-1,8714042-1,0.4005312,0.0
3927300-1,3927300-2,0.48066813,1.0
3952392-1,7451310-1,0.37433258,0.0
4192832-1,5015569-1,0.17453828,0.0
5896856-1,5896856-3,0.69294345,1.0
5051311-1,5051311-2,0.75086004,1.0
4943815-4,4943815-5,0.42951462,1.0
2939336-1,527874-1,0.5607723,0.0
4320515-1,4573614-1,0.11616187,0.0
8296715-1,8296715-2,0.32690245,1.0
7725194-1,7725194-2,0.5319928,1.0
4733515-1,6727404-1,0.21739858,0.0
5466218-1,5803715-1,0.34991115,0.0
5588642-1,8437005-1,0.66476214,0.0
3917530-2,3917530-3,0.7634563,1.0
3667440-2,3667440-3,0.6715208,1.0
2813577-5,2813577-6,0.9013194,1.0
2908797-1,8004176-8,0.078095995,0.0
5854745-4,5854745-5,0.85757184,1.0
5898143-1,7837355-1,0.15173022,0.0
2678710-1,2678710-3,0.58116233,1.0
7240659-1,8611763-1,0.66133296,0.0
3897635-1,3897635-2,0.747243,1.0
8531269-1,8531269-3,0.71357363,1.0
4244720-1,4244720-3,0.73061013,1.0
6371746-5,6371746-6,0.58724135,1.0
6896887-1,6896887-4,0.617813,1.0
2631594-1,2700442-1,0.53059226,0.0
3610454-1,8517457-1,0.5597841,0.0
5725898-1,5725898-3,0.64565086,1.0
4155769-1,6131847-1,0.32032466,0.0
5387823-3,5387823-6,0.79220057,1.0
5894316-1,5894316-2,0.8687359,1.0
5048704-5,5048704-6,0.5674435,0.0
6573798-1,6573798-2,0.76193625,1.0
4013344-1,4013344-2,0.5669854,1.0
8688966-2,8688966-3,0.54260236,1.0
2856528-1,2856528-5,0.3955231,1.0
5613267-1,7443826-3,0.6414895,0.0
8186578-3,8186578-5,0.50628674,1.0
3116130-3,4463226-1,0.58008826,0.0
8391342-8,8391342-9,0.8432439,1.0
5532902-1,7803163-1,0.31287763,0.0
8384399-2,8667370-1,0.6183901,0.0
5649815-1,6502980-1,0.45977914,0.0
3863824-3,4064232-1,0.4733506,0.0
3212971-1,3517946-1,0.49269092,0.0
4579311-1,7080896-1,0.106878564,0.0
5516313-3,7105072-3,0.6079514,0.0
4402186-1,5353397-1,0.4511077,0.0
4189521-1,4267925-1,0.39175892,0.0
5649001-1,5649001-2,0.44342166,1.0
2169208-1,4173535-1,0.3792319,0.0
2645401-1,2645401-3,0.39985764,1.0
3819852-1,3819852-2,0.29426032,1.0
4762988-2,4762988-3,0.8555674,1.0
7113199-1,7113199-6,0.5035761,1.0
2876834-2,2876834-4,0.5376928,1.0
3986296-1,3986296-3,0.5806715,1.0
4217299-1,7182974-1,0.09353612,0.0
7808748-1,7808748-2,0.12449303,0.0
4596050-1,7719191-1,0.5075908,0.0
3671523-1,3671523-2,0.80183274,1.0
6066802-1,6066802-4,0.65802485,1.0
5732422-1,6882598-1,0.10602858,0.0
7481472-3,7481472-4,0.79332286,1.0
5698993-1,7285567-1,0.059387967,0.0
8391342-11,8391342-21,0.8913669,1.0
4230886-1,4230886-4,0.22688548,1.0
5613049-1,5613049-2,0.21676728,1.0
3935898-1,6113842-2,0.11495632,0.0
7828763-2,7828763-3,0.5865552,1.0
3500013-1,3500013-2,0.6638362,1.0
5025568-1,6663284-1,0.07275837,0.0
6436364-3,6436364-6,0.7813221,1.0
2998665-1,6394271-1,0.2204555,0.0
4447152-1,4447152-2,0.3249314,1.0
1526717-1,6106746-1,0.21647805,0.0
3580347-4,8107453-1,0.5331472,0.0
8290849-2,8514746-3,0.10129242,0.0
1906806-10,1906806-2,0.9161289,1.0
8260478-1,8260478-5,0.46800974,1.0
8611606-3,8611606-7,0.7134754,1.0
5214600-1,6188040-1,0.5396553,0.0
6372864-3,6507051-1,0.32174742,0.0
8673864-2,8673864-4,0.44778454,1.0
1702536-1,1702536-3,0.48637608,1.0
5100168-2,5100168-3,0.67774516,1.0
3163772-1,7803169-1,0.25981796,0.0
7763274-2,7763274-4,0.5649228,1.0
8700649-2,8700649-4,0.30154076,1.0
3573018-1,4824360-1,0.7081904,0.0
5815648-1,7023736-1,0.4701491,0.0
6636068-1,8270715-2,0.5878323,0.0
2740245-1,6779149-1,0.3831921,0.0
2822157-1,3266151-1,0.4263138,0.0
4873987-1,6407372-2,0.55188173,1.0
3423746-1,4196524-1,0.2687292,0.0
2910292-1,2910292-2,0.8122862,1.0
6925859-1,6925859-2,0.5210165,1.0
7758736-5,7758736-7,0.9268133,1.0
6752274-2,7667625-1,0.5052906,0.0
4792151-4,4792151-5,0.9034326,1.0
4522430-1,7524967-1,0.48362052,0.0
4192832-1,5015569-1,0.17453828,0.0
8077316-1,8438750-1,0.44282165,0.0
8391342-21,8391342-33,0.84569454,1.0
4272946-1,5731103-1,0.4054031,0.0
3418017-1,5047879-1,0.09165959,0.0
4377410-1,7451160-2,0.5327237,0.0
3785901-1,6849054-1,0.51226217,0.0
6813687-1,7443679-1,0.13367698,0.0
6217881-1,6217881-4,0.79619586,1.0
4024936-1,4719720-1,0.054739397,0.0
4367037-1,6019205-2,0.08757822,0.0
7569537-1,7569537-3,0.69428235,1.0
3959541-1,7405752-2,0.16613062,0.0
2908822-1,4949336-1,0.14807132,0.0
7433066-1,7510479-1,0.52142495,1.0
2100043-1,6601221-1,0.4758778,0.0
3633290-1,7923707-1,0.17793211,0.0
6572922-1,7488111-1,0.19301347,0.0
5330051-1,6264594-1,0.7100508,0.0
8025327-1,8025327-4,0.44481456,1.0
5698201-1,5698201-2,0.76052815,1.0
4277160-1,5125192-1,0.46054494,0.0
3730032-1,6964363-1,0.16797253,0.0
5904767-1,5904767-3,0.51657873,1.0
6018315-1,6018315-3,0.7318842,1.0
6609309-1,6837833-2,0.24503544,0.0
5836259-1,6698314-1,0.25139743,0.0
4421974-3,4421974-8,0.35847786,1.0
2800011-1,3159937-1,0.6432772,1.0
4535012-1,6750314-1,0.10400136,0.0
7011274-1,7011274-4,0.62874466,1.0
5746637-1,5746637-2,0.61121285,1.0
8155578-1,8155578-4,0.6583306,1.0
5161513-3,5161513-6,0.8444821,1.0
8017932-4,8017932-6,0.8395312,1.0
6919950-1,6919950-3,0.75628567,1.0
6526982-2,6526982-3,0.87695694,1.0
3354861-1,3354861-2,0.5139429,1.0
6304711-2,6304711-3,0.7846779,1.0
549606-1,549606-3,0.80004346,1.0
5547087-1,5547087-2,0.5772493,1.0
7737761-1,7737761-2,0.6901543,1.0
2612684-1,6861041-1,0.26537207,0.0
4516082-1,6293141-1,0.3916449,0.0
5820868-1,8255278-1,0.14146054,0.0
8083887-1,8083887-2,0.5634046,1.0
3154864-1,7140141-2,0.31635243,0.0
6724307-1,7330014-1,0.40598446,0.0
3249871-1,6144180-1,0.15567778,0.0
5828922-1,8036065-1,0.34762722,0.0
4813076-2,4813076-3,0.5840194,1.0
4918480-1,4918480-2,0.868726,1.0
7399777-1,8133284-1,0.2581891,0.0
5682741-4,5682741-5,0.7933266,1.0
5102997-1,5102997-2,0.68082803,1.0
6615911-1,7504832-1,0.5047287,0.0
4689030-1,4689030-3,0.9117787,1.0
6205782-1,7023760-1,0.04589226,0.0
7908211-1,8259521-1,0.6319751,0.0
7585363-1,7585363-2,0.35661322,1.0
7455599-1,7598250-1,0.15372586,0.0
3698236-1,5799648-1,0.20243144,0.0
6437917-1,8565710-1,0.55150723,0.0
8004358-2,8004358-3,0.5479014,1.0
5039314-1,7748197-1,0.5142183,0.0
3915190-2,5383748-1,0.27444085,0.0
6051123-1,6119344-1,0.41733938,0.0
5766654-1,5766654-3,0.55833024,1.0
5016814-1,7653749-1,0.18676743,0.0
5512414-1,5832401-1,0.339849,0.0
2702050-1,6128997-3,0.4538336,0.0
6244106-2,6244106-3,0.46029,1.0
3209597-1,4247509-1,0.2618922,0.0
3421104-1,7711629-7,0.19503708,0.0
4943824-2,4943824-3,0.66210204,1.0
5320317-1,6637575-1,0.434345,0.0
7580395-1,7580395-2,0.5295963,1.0
7175764-3,7175764-4,0.92660147,1.0
6984358-1,7011579-1,0.079125196,0.0
7590748-1,7590748-5,0.85093075,1.0
3276790-1,3354865-1,0.0763355,0.0
7061685-2,7061685-5,0.22965153,1.0
4322315-1,6726419-2,0.21890037,0.0
4308088-2,4308088-7,0.651914,1.0
4949204-1,5878908-1,0.5058199,0.0
4117857-1,5917864-3,0.36063722,0.0
3099207-1,4664839-1,0.04113629,0.0
3206442-1,7764537-1,0.41645575,0.0
4748919-1,6831809-1,0.14755529,0.0
7273174-1,7273174-9,0.7662297,1.0
4374304-1,6844161-1,0.38496482,0.0
7829718-1,8255725-1,0.3454518,0.0
8211030-1,8211030-5,0.55225086,1.0
4689080-1,6929121-5,0.623677,0.0
2631492-1,6766475-1,0.15578634,0.0
4866384-1,5857345-1,0.33673286,0.0
4567244-1,7818764-1,0.182392,0.0
5044740-1,7583703-5,0.08298689,0.0
2876699-1,4391184-1,0.16212414,0.0
3678638-1,6094884-1,0.46375135,0.0
7328963-2,7328963-3,0.5969113,1.0
3318202-1,4958684-1,0.55150354,0.0
6050776-1,6050776-2,0.4176867,1.0
3355351-2,3355351-5,0.8622852,1.0
4881626-4,4881626-5,0.95880914,1.0
5343144-1,7033701-2,0.30180362,0.0
5965767-1,6134406-1,0.3409079,0.0
4290039-1,8465737-1,0.6053075,0.0
3959541-1,7405752-2,0.16613062,0.0
4676493-2,4676493-3,0.5022657,1.0
5553467-1,5553467-2,0.7541306,1.0
6802343-1,6802343-6,0.8815246,1.0
7867464-1,7867464-2,0.5563118,1.0
3847183-3,3847183-4,0.74847466,1.0
3712821-1,4555932-1,0.4148161,0.0
5372808-1,7283930-1,0.16525096,0.0
5556707-1,5556707-2,0.47587758,1.0
4184659-2,7519726-2,0.7304368,0.0
4120482-1,7641478-4,0.16635348,0.0
4207233-1,4207233-2,0.46318924,1.0
2925357-1,6849017-1,0.19060211,0.0
2932991-3,2932991-4,0.9511992,1.0
8248082-1,8248082-4,0.6250036,1.0
3529426-1,4738668-1,0.35747123,0.0
3728039-1,7793034-1,0.11205577,0.0
2775699-1,5702700-1,0.11212806,0.0
4387824-1,8273158-1,0.34793204,0.0
4616569-6,4616569-8,0.73715764,1.0
6259073-1,6259073-2,0.4803716,1.0
5237176-3,5237176-5,0.7553397,1.0
4392492-1,5988205-1,0.36104718,0.0
6379532-1,7044468-1,0.17550004,0.0
5043164-1,5378858-1,0.55243766,0.0
6643709-2,6643709-3,0.2779803,1.0
4077558-1,4202187-1,0.83989084,0.0
4169830-1,6098632-1,0.28529543,0.0
5154232-1,5154232-2,0.91107863,1.0
2499992-1,6344145-5,0.24733837,0.0
6819293-1,6827854-1,0.5255504,0.0
3162799-2,5727644-1,0.40689942,0.0
3073952-1,7105784-2,0.2720658,0.0
7034667-1,8322726-1,0.19866757,0.0
5387823-3,5387823-6,0.79220057,1.0
3757841-1,7582061-1,0.61129403,0.0
5893346-2,5893346-7,0.22966218,1.0
4540122-1,4540122-4,0.18182126,1.0
5962620-3,5962620-5,0.91394067,1.0
8113413-5,8113413-7,0.77171373,1.0
5674454-1,5674454-2,0.35959148,1.0
3026341-5,3026341-9,0.19323817,0.0
4429388-1,4438191-1,0.30045012,0.0
7485476-2,7485476-4,0.93827,1.0
2718116-2,2718116-3,0.43592903,1.0
7315137-1,7315137-4,0.8862117,1.0
2916110-1,8453400-1,0.49961066,0.0
4811078-1,7242611-1,0.39167026,0.0
7464283-1,7464283-2,0.58073,1.0
6526982-2,6526982-3,0.87695694,1.0
6773958-1,7802620-1,0.43922576,0.0
2848321-1,8281394-1,0.2905808,0.0
8311836-1,8311836-2,0.66351193,1.0
3724598-1,5463000-1,0.33430353,0.0
4484648-1,8557447-1,0.6728041,0.0
7543146-1,7727771-1,0.27981317,0.0
5795860-1,5795860-3,0.7198414,1.0
6601163-1,7024077-1,0.42414376,0.0
6702856-1,6702856-2,0.8284816,1.0
6448983-3,6448983-4,0.4766159,1.0
7374822-1,8189269-1,0.26423702,0.0
5965133-2,5965133-3,0.4279501,1.0
4497500-1,5470231-1,0.13765532,0.0
3530226-2,7672747-1,0.5899035,0.0
7535553-2,7535553-3,0.866605,1.0
4885181-2,4885181-5,0.70615846,1.0
6713375-1,7834037-1,0.5273699,0.0
5532902-1,7803163-1,0.31287763,0.0
3422854-2,3422854-3,0.9222146,1.0
7102870-1,8672589-1,0.20325837,0.0
4611936-1,6019244-4,0.15575631,0.0
3741979-3,4114602-1,0.5684849,0.0
3974436-1,4515516-1,0.69275707,0.0
4413978-1,7904673-2,0.1335489,0.0
6888207-2,6888207-3,0.57549006,1.0
4302118-1,4302118-4,0.62742865,1.0
7455533-1,7455533-2,0.80962133,1.0
7140141-3,7140141-4,0.907815,1.0
4100275-1,4100275-3,0.74560654,1.0
5818707-1,6343251-1,0.59376526,0.0
7265047-1,7443826-7,0.20108889,0.0
4816024-1,7370676-1,0.39746016,0.0
6264993-2,8330682-1,0.65967244,0.0
6176975-1,7520241-1,0.29173175,0.0
6429643-1,7150691-1,0.3155997,0.0
2843666-1,8084685-1,0.04886879,0.0
3917530-2,3917530-3,0.7634563,1.0
4123266-1,6136515-1,0.61592305,0.0
7295558-1,7295558-2,0.7057967,1.0
2995998-1,3623462-1,0.27119023,0.0
3522339-3,3522339-4,0.9023185,1.0
3518961-3,7520403-1,0.7093763,0.0
2615291-2,2615291-3,0.9084921,1.0
2640403-4,2640403-9,0.43721303,1.0
7343954-1,7343954-2,0.9106542,1.0
7055463-4,7057106-2,0.5181079,0.0
5139888-2,7866723-1,0.5369557,0.0
2998665-1,6394271-1,0.2204555,0.0
7535648-2,7535648-3,0.5236072,1.0
6785302-1,8208042-1,0.35975972,0.0
3289491-1,3866317-1,0.12607785,0.0
7767836-1,7767836-2,0.6316529,1.0
3421920-1,7445108-1,0.075003155,0.0
4157506-1,5106230-1,0.2501598,0.0
7337025-2,7337025-3,0.6622786,1.0
4513765-1,6215986-1,0.39679548,0.0
8047717-2,8047717-4,0.93956053,1.0
7992822-1,7992822-3,0.5937538,1.0
3502399-1,8364781-1,0.30348468,0.0
7722336-1,7722336-5,0.82222617,1.0
6893042-1,6893042-2,0.91751534,1.0
6260410-1,6260410-2,0.83037335,1.0
3168013-1,3168013-2,0.49773642,1.0
4513410-1,4513410-2,0.4987403,1.0
6506424-2,6506424-3,0.5907578,1.0
5875408-1,5875408-2,0.5951543,1.0
6712628-1,6735318-1,0.24616255,0.0
6233036-2,7985940-1,0.45450452,0.0
4291005-1,7758736-5,0.44074035,0.0
4296436-2,4791652-1,0.6278741,0.0
7534175-3,7970074-1,0.37774083,0.0
3522339-5,3522339-8,0.8401721,1.0
4372569-1,7580785-1,0.24287531,0.0
3267057-1,6477493-1,0.13399008,0.0
8385252-1,8385252-2,0.64701855,1.0
6700539-1,8180324-1,0.3667152,0.0
6287128-1,6287128-2,0.5361144,1.0
4290039-1,8465737-1,0.6053075,0.0
8569136-3,8569136-8,0.84261626,1.0
5372497-1,5372497-2,0.5494244,1.0
2636015-2,2636015-3,0.69740254,1.0
3078545-1,3078545-2,0.65339166,1.0
3200155-1,7771195-1,0.037750363,0.0
5290791-2,5290791-3,0.5159449,1.0
7367386-1,7367386-10,0.79787856,1.0
2526450-1,4604288-3,0.6303252,0.0
4762988-2,4762988-3,0.8555674,1.0
6351509-1,6351509-2,0.78881204,1.0
5688187-4,5688187-5,0.7967532,1.0
5988756-2,5988756-5,0.817285,1.0
6873498-1,7912834-1,0.5026486,0.0
8260478-1,8260478-5,0.46800974,1.0
6590551-1,7837857-1,0.1338141,0.0
8129005-2,8129005-3,0.8605656,1.0
3220159-1,5314846-1,0.6322104,0.0
5705885-1,7335125-1,0.36745784,0.0
7519859-1,7903283-2,0.22404401,0.0
5977743-1,7477961-5,0.10834571,0.0
3198484-2,3198484-4,0.50326437,1.0
6199932-1,6199932-4,0.86005694,1.0
8361508-1,8717938-1,0.14176841,0.0
5586128-2,5586128-3,0.599841,1.0
7071686-1,8410986-1,0.12931,0.0
4937698-1,7459979-2,0.48261875,0.0
2810823-1,2810823-2,0.8058411,1.0
5457574-1,6555907-1,0.2624415,0.0
6362702-6,6362702-8,0.81518584,1.0
4460230-1,5989148-1,0.098540716,0.0
5139749-1,5139749-2,0.61714333,1.0
4716737-1,4716737-2,0.91991794,1.0
8550277-3,8550277-4,0.605496,1.0
3877481-1,8167473-1,0.44950008,0.0
5684811-1,5684811-2,0.6751948,1.0
8103283-3,8103283-5,0.834108,1.0
5960851-1,6849054-1,0.19610697,0.0
3155122-1,7869367-2,0.44262588,0.0
2938567-2,6992528-1,0.3414867,0.0
5510981-1,7851003-1,0.3187168,0.0
7640421-1,7962156-1,0.4974339,0.0
3842730-2,3842730-3,0.9609557,1.0
5437791-1,5578590-1,0.48087737,0.0
4494188-1,7703702-1,0.27991256,0.0
4008070-1,7426976-1,0.1512909,0.0
5960165-1,6065136-1,0.5050766,0.0
3548377-1,7262374-1,0.37995556,0.0
5839187-1,5839187-2,0.6451073,1.0
4720199-2,7586353-1,0.42231923,0.0
3423746-1,4196524-1,0.2687292,0.0
3639158-1,3639158-16,0.79524773,1.0
5502322-1,6911275-1,0.19255795,0.0
5025950-1,5415487-1,0.2373285,0.0
8352886-3,8352886-4,0.8966744,1.0
4182018-1,5215196-2,0.48319742,0.0
5000538-1,7952637-3,0.71647847,0.0
5653710-1,5653710-2,0.62561524,1.0
6380677-1,8567533-1,0.19188704,0.0
3697985-3,3697985-4,0.6487082,1.0
5998849-1,7412652-1,0.22919185,0.0
7154276-2,7183833-1,0.9093661,0.0
2827129-1,4739748-1,0.40097713,0.0
6814334-1,6822667-1,0.6781999,0.0
6799453-1,7335879-1,0.19903749,0.0
4736659-1,6047565-1,0.18241708,0.0
5582569-1,6031599-1,0.13287091,0.0
3976921-1,7558373-1,0.35775435,0.0
3995150-1,4468993-1,0.7231275,0.0
7551866-1,7551866-3,0.8228814,1.0
3679789-1,3679789-2,0.6584356,1.0
5100168-1,5100168-2,0.9047365,1.0
6453618-1,6453618-2,0.55905896,1.0
7434278-2,7434278-4,0.5914885,1.0
8173232-2,8173232-3,0.56880933,1.0
8705528-10,8705528-4,0.65527636,1.0
4326292-1,4413529-1,0.40929198,0.0
4053105-2,4053105-4,0.73246574,1.0
5968738-2,5968738-3,0.82568413,1.0
2800875-1,2800875-2,0.9353695,1.0
4109038-1,4109038-2,0.85891837,1.0
3504291-1,5485284-1,0.7203093,0.0
2957226-1,8203365-1,0.36901632,0.0
3738031-1,4365146-1,0.19665718,0.0
6854088-1,6854088-2,0.84726924,1.0
3847260-1,4468626-1,0.70612043,0.0
4483619-1,4483619-3,0.2583331,1.0
3677624-1,3677624-2,0.47784632,1.0
7898215-1,7898215-3,0.47278437,1.0
5400460-1,6159791-1,0.26264516,0.0
8080742-1,8080742-2,0.83813566,1.0
4357039-1,4357039-3,0.3715658,1.0
3205368-2,6970377-2,0.5742738,0.0
3052619-1,8685962-1,0.71669096,0.0
4195895-2,4195895-6,0.28869835,1.0
7581128-3,7886462-1,0.1714851,0.0
2955342-2,2955342-3,0.8077516,1.0
6062703-2,6062703-4,0.7843855,1.0
7051864-1,7568093-1,0.41323006,0.0
4702300-3,4702300-5,0.7696027,1.0
3479817-2,3479817-3,0.49600726,1.0
6613401-1,6613401-2,0.5336021,1.0
3639158-11,3639158-15,0.8007644,1.0
7389435-1,7527010-1,0.26571822,0.0
5819702-1,6824689-1,0.059160523,0.0
4918480-6,4918480-8,0.8551231,1.0
8504303-3,8504303-6,0.7098929,1.0
5473002-1,5473002-2,0.7878511,1.0
6018315-1,6704680-3,0.10915515,0.0
3607783-1,7125463-1,0.43907613,0.0
5175060-1,8159338-1,0.21281067,0.0
4813076-2,4813076-3,0.5840194,1.0
7367386-1,7367386-10,0.79787856,1.0
3699950-1,6290305-1,0.3723176,0.0
6503405-1,6503405-3,0.80475086,1.0
4259002-1,4259002-3,0.92028624,1.0
6125267-1,6697460-1,0.6635913,0.0
5880257-3,5880257-7,0.5537164,1.0
8527556-2,8527556-4,0.5113575,1.0
5234414-1,8556010-1,0.22489862,0.0
5103332-2,5103332-3,0.62143797,1.0
4646916-1,5493224-1,0.40527454,0.0
6504238-2,7430658-1,0.64963806,0.0
5466218-1,5803715-1,0.34991115,0.0
7074426-3,7074426-6,0.5900581,1.0
6160237-3,6160237-4,0.8494409,1.0
4819152-3,5083268-1,0.5036044,0.0
1906806-1,1906806-5,0.6529898,1.0
4353272-5,4353272-7,0.9296719,1.0
3341744-1,3789622-1,0.7293885,0.0
6911275-1,6911275-3,0.385792,1.0
5102924-1,7953407-1,0.30764002,0.0
5728004-1,8542118-1,0.35540852,0.0
4301526-1,4340456-1,0.30576384,0.0
3116544-1,3424898-1,0.30303597,0.0
4217299-1,7182974-1,0.09353612,0.0
4123281-1,4574787-2,0.18362576,0.0
2531126-1,7850656-1,0.5004733,0.0
5084613-1,5084613-4,0.5288704,1.0
6319694-1,8621310-1,0.10820607,0.0
8025810-1,8025810-3,0.43800846,1.0
4939175-1,8141750-1,0.19722416,0.0
6207033-1,6215584-1,0.192879,0.0
3860123-1,3860123-2,0.550438,1.0
6405358-3,6405358-5,0.8327159,1.0
4930592-1,8325998-1,0.13461769,0.0
5437791-1,5578590-1,0.48087737,0.0
2984327-1,7863688-1,0.50219315,0.0
8569136-8,8569136-9,0.81603324,1.0
3214515-1,6695534-1,0.44240367,0.0
7663930-3,7663930-6,0.7667056,1.0
7249276-1,7249276-2,0.3829164,1.0
6311045-3,6311045-5,0.8138308,1.0
6318134-1,7398381-1,0.5413138,0.0
3829261-1,6475846-1,0.121909946,0.0
8191643-1,8191643-3,0.87578404,1.0
4711341-1,4711341-2,0.77603406,1.0
8611532-1,8611532-6,0.82733124,1.0
4540561-1,5139943-1,0.6121639,0.0
4245924-2,4245924-3,0.44085604,1.0
4702300-2,4702300-4,0.9416388,1.0
6246865-1,6246865-3,0.3862254,1.0
7681751-1,8685493-1,0.13608734,0.0
5582424-1,5582424-2,0.5852568,1.0
2995939-1,7511067-1,0.2610015,0.0
4369997-1,8638045-1,0.42234156,0.0
5313358-2,5313358-6,0.8850803,1.0
4247717-1,6970299-1,0.36028653,0.0
8705528-4,8705528-9,0.6275371,1.0
6533970-1,6533970-5,0.8625315,1.0
4421263-1,8627933-2,0.31520435,0.0
2862032-1,4374287-1,0.31540316,0.0
4591497-1,5540298-1,0.44538972,0.0
8603360-1,8603360-4,0.690052,1.0
4686810-3,4686810-7,0.3707123,1.0
7645293-1,7645293-2,0.28996658,1.0
6057339-1,6057339-2,0.69890594,1.0
5061933-1,8045623-6,0.4871401,0.0
6473802-1,6946315-1,0.6086331,0.0
8004358-2,8004358-3,0.5479014,1.0
4071151-2,4071151-3,0.90321803,1.0
7898480-1,8718394-1,0.35730582,0.0
5040526-2,5040526-3,0.6206272,1.0
7992724-2,7992724-3,0.94107914,1.0
4540530-1,8044442-1,0.33990854,0.0
6341853-1,7784403-1,0.014727764,0.0
4413978-1,7904673-2,0.1335489,0.0
8591199-1,8591199-2,0.5915908,1.0
6371611-1,6995493-1,0.35705215,0.0
7952588-1,7952588-2,0.35682333,1.0
3677624-1,3677624-2,0.47784632,1.0
4816771-1,4816771-3,0.7046153,1.0
4410540-1,5890000-1,0.08982234,0.0
2693830-1,4333530-1,0.3284665,0.0
4958625-2,4958625-4,0.84568244,1.0
5932826-1,5932826-9,0.88482237,1.0
7695605-3,7695605-5,0.6095355,1.0
4156251-1,6039597-1,0.13884674,0.0
8591199-1,8591199-2,0.5915908,1.0
6829824-1,8361549-1,0.82343066,0.0
3524443-2,5558405-1,0.48300081,0.0
3427702-1,3660934-1,0.37216437,0.0
7536469-1,8476203-1,0.4387776,0.0
7034667-1,8322726-1,0.19866757,0.0
5962620-5,5962620-6,0.67856604,1.0
5582227-1,8106472-1,0.09362848,0.0
5917864-1,5917864-4,0.20821154,1.0
6480815-1,6982492-1,0.43687853,0.0
3573578-1,3573578-3,0.6658711,1.0
6896379-2,6896379-3,0.74370265,1.0
4541672-5,4541672-7,0.6684309,1.0
4275024-1,5040584-1,0.21022667,0.0
4475253-1,7024084-1,0.21590734,0.0
5845586-4,5845586-5,0.67638826,1.0
4438148-1,5791511-1,0.08992659,0.0
5589583-1,6479779-2,0.41840655,0.0
6748463-1,6748463-3,0.82255584,1.0
4715053-1,4715053-2,0.7496429,1.0
8015663-3,8015663-5,0.7346233,1.0
3979793-1,3979793-2,0.9055291,1.0
5630053-1,8437584-2,0.5537923,0.0
3117683-1,8011348-1,0.2015846,0.0
4347730-1,6320170-1,0.3668684,0.0
2854726-2,2854726-5,0.7197168,1.0
6905268-1,8203267-1,0.37484622,0.0
2637292-2,2637292-3,0.93439424,1.0
3931215-1,5121548-1,0.12662548,0.0
3219782-1,5949169-1,0.23616028,0.0
5547862-1,5547862-3,0.09578191,1.0
7302719-2,7302719-4,0.36498263,1.0
5007427-1,8338125-1,0.4195317,0.0
4531748-1,6399858-1,0.30390787,0.0
4439693-1,6827238-1,0.50848913,0.0
7354470-1,7354470-2,0.37717816,1.0
5358137-1,7154249-1,0.15134397,0.0
7042135-1,7042135-4,0.7571199,1.0
5025414-1,8249210-1,0.034608815,0.0
4070211-1,6706917-2,0.22113465,0.0
5397814-1,5397814-2,0.8790166,1.0
7406011-1,8340512-1,0.480368,0.0
4129602-3,4129602-4,0.7314882,1.0
3221229-1,8360293-2,0.6513465,0.0
8047717-2,8047717-4,0.93956053,1.0
4006567-1,8140414-1,0.20862477,0.0
2927790-1,4856911-2,0.5330609,0.0
8038423-1,8405177-1,0.1222235,0.0
4759308-1,6417322-1,0.10446885,0.0
5222632-2,5525505-1,0.4124589,0.0
8611606-3,8611606-9,0.6787236,1.0
5769203-1,5769203-2,0.7720861,1.0
5043170-3,5043170-5,0.39680424,1.0
6023324-4,6023324-5,0.5640958,1.0
6362702-6,6362702-8,0.81518584,1.0
3846999-1,5704856-1,0.12007775,0.0
1884161-1,5295570-1,0.31678256,0.0
7683687-1,7683687-2,0.83323234,1.0
3350187-1,7683931-1,0.66631883,0.0
3343401-1,6432979-1,0.44697374,0.0
2740025-1,2740025-5,0.8033257,1.0
3051892-2,3051892-3,0.63789046,1.0
4108142-1,4108142-3,0.3019461,1.0
3970037-1,5102616-1,0.085776374,0.0
4296463-1,7026719-1,0.30157262,0.0
6615256-2,6615256-4,0.84889907,1.0
6548214-1,8403247-1,0.514261,0.0
3190012-1,6485866-1,0.18275501,0.0
7164702-1,7164702-3,0.89346355,1.0
8182237-3,8604466-1,0.6463902,0.0
6792401-1,6792401-3,0.6669746,1.0
5126597-1,5324366-1,0.081509545,0.0
2892662-1,7255555-1,0.21669503,0.0
2278152-1,8141366-1,0.33536455,0.0
3575366-1,3677018-1,0.5925016,0.0
6906647-2,7416831-1,0.9361827,0.0
3141707-3,3141707-8,0.88899726,1.0
3109347-2,3109347-3,0.7196329,1.0
3928844-1,4065667-2,0.09751232,0.0
6151349-1,8542406-1,0.13485561,0.0
5371385-1,7999680-1,0.28251746,0.0
5125193-1,5125193-2,0.5025876,1.0
5245938-1,5245938-3,0.7262655,1.0
5769257-1,5769257-3,0.8422448,1.0
8432127-1,8432127-3,0.70129406,1.0
4166964-1,4333544-1,0.56232643,0.0
3125361-1,4151641-1,0.27653193,0.0
4417130-1,7852429-1,0.26691708,0.0
6208086-2,6208086-3,0.6800899,1.0
5022210-1,6008761-1,0.39989007,0.0
5584713-1,5584713-2,0.85224193,1.0
8091771-1,8116470-1,0.20640525,0.0
8361508-1,8717938-1,0.14176841,0.0
3350304-1,6874281-1,0.3074477,0.0
3919721-2,3919721-6,0.70614624,1.0
8492880-3,8492880-4,0.87866384,1.0
7695266-10,7695266-7,0.7017208,1.0
5610706-1,5862080-1,0.0603693,0.0
8077172-12,8077172-2,0.8560594,1.0
4008070-1,7426976-1,0.1512909,0.0
4544561-1,7812878-1,0.5047547,1.0
8238287-1,8480130-2,0.63525385,0.0
8702258-1,8702258-2,0.6963863,1.0
2740025-1,2740025-5,0.8033257,1.0
7315662-1,7991103-1,0.12026935,0.0
5485298-1,7228453-2,0.56834537,0.0
6799453-1,7335879-1,0.19903749,0.0
6595396-1,6595396-2,0.51475966,1.0
4221920-1,4221920-2,0.90051264,1.0
3343415-1,6158927-3,0.13057294,0.0
3644771-1,3644771-3,0.83367157,1.0
2856359-1,2856359-2,0.50693667,1.0
5590420-1,5590420-2,0.87697357,1.0
5564121-1,7676473-1,0.25126007,0.0
4559789-1,5368924-4,0.13975504,0.0
6189630-1,8628776-5,0.22322921,0.0
7924014-1,8041260-2,0.34430033,0.0
3111127-4,5074022-2,0.30691212,0.0
4700638-5,4700638-6,0.5317233,0.0
3580347-4,8107453-1,0.5331472,0.0
4763574-2,7469900-1,0.70417005,0.0
5064303-1,6326102-2,0.28520674,0.0
5821967-1,6537290-1,0.1783841,0.0
3429736-1,4451655-1,0.13099396,0.0
7187478-1,7417122-1,0.13388798,0.0
6441988-1,6441988-4,0.5166852,1.0
7641057-1,8299428-1,0.28208306,0.0
6715557-1,8693695-1,0.04171637,0.0
7061685-1,7061685-6,0.8365457,1.0
2577938-2,2577938-5,0.8976731,1.0
8077316-1,8438750-1,0.44282165,0.0
3519269-2,6778327-1,0.12446513,0.0
5784682-3,6173002-1,0.38562346,0.0
3034078-1,8702295-1,0.3199181,0.0
8360293-1,8360293-3,0.34739444,1.0
4611895-1,4611895-2,0.57843965,1.0
4845624-1,4845624-2,0.8861991,1.0
3660495-1,7294899-2,0.6714047,1.0
4947757-3,4947757-4,0.39192253,1.0
4715053-1,4715053-2,0.7496429,1.0
6830498-3,6830498-4,0.55161464,1.0
2718140-2,2718140-3,0.7016391,1.0
2561035-1,5991562-3,0.6694215,0.0
6284393-4,6284393-5,0.9234184,1.0
3238371-1,3238371-2,0.78743124,1.0
8028151-10,8028151-4,0.8655284,1.0
7191367-2,7191367-3,0.32087854,1.0
8133044-14,8133044-16,0.9456788,1.0
4053105-2,4053105-4,0.73246574,1.0
4283528-3,8363978-1,0.31233335,0.0
2820011-1,8443882-1,0.26560947,0.0
6095652-2,6095652-3,0.49384433,1.0
2772268-1,6524551-1,0.12834693,0.0
4228252-1,4296473-1,0.48081535,0.0
3887163-1,7595504-1,0.33225226,0.0
6347353-2,6347353-3,0.34319016,0.0
3897898-1,3897898-2,0.8009646,1.0
7808748-1,7808748-2,0.12449303,0.0
8247613-1,8247613-2,0.7686583,1.0
4540516-1,7900534-1,0.21107903,0.0
4554038-1,4554038-2,0.5666144,1.0
8260478-3,8260478-5,0.6787474,1.0
5655631-1,5838924-1,0.63040805,0.0
6060766-1,6060766-3,0.6754769,1.0
3263266-1,3263266-3,0.8658271,1.0
5510143-1,7707935-2,0.3631004,0.0
3724794-5,3724794-7,0.7337254,1.0
2718101-1,2718101-2,0.7285508,1.0
4189061-1,4189061-3,0.6186185,1.0
5663782-1,6639585-1,0.741052,0.0
3920673-1,3920673-5,0.74855477,1.0
5815717-2,5815717-4,0.28320822,1.0
8360293-1,8360293-3,0.34739444,1.0
4550994-1,7763274-8,0.037974093,0.0
8083869-3,8083869-5,0.88925666,1.0
3554425-1,3754362-1,0.7207031,0.0
3388578-1,4689081-1,0.11528675,0.0
4545786-1,7642573-1,0.55721223,0.0
7712585-2,7712585-4,0.89822286,1.0
6142793-1,6142793-3,0.77962244,1.0
2938629-1,3311090-1,0.14143358,0.0
5237504-1,7328963-1,0.08442985,0.0
3488388-1,4385322-4,0.55885315,0.0
3280044-2,3280044-5,0.6807712,1.0
3897098-3,3897098-4,0.8311222,1.0
6520636-1,7143194-1,0.4609688,0.0
6080050-1,6080050-2,0.24298388,1.0
2984327-1,7863688-1,0.50219315,0.0
3483331-1,6398741-1,0.34909555,0.0
4993830-1,7559758-1,0.7721757,0.0
5394408-2,5394408-3,0.3476444,1.0
4794841-2,5745210-1,0.22613497,0.0
4508633-1,7556097-1,0.4699321,0.0
6341853-1,7784403-1,0.014727764,0.0
7581128-3,7886462-1,0.1714851,0.0
2610650-1,2940861-1,0.34529412,0.0
8424655-1,8424655-2,0.11038593,1.0
5968295-1,5968295-2,0.37928662,1.0
5705885-1,7335125-1,0.36745784,0.0
3724794-1,3724794-3,0.7579629,1.0
8494847-1,8494847-2,0.87102294,1.0
5819108-1,5819108-11,0.6093745,1.0
4325394-1,6197536-1,0.15936942,0.0
5865279-5,5865279-9,0.8948492,1.0
3145886-1,5598866-1,0.14275587,0.0
3712386-1,3712386-3,0.67836374,1.0
7248360-2,7248360-5,0.7295424,1.0
4087859-1,7902498-1,0.13541332,0.0
5051666-1,5298907-1,0.19187821,0.0
7231770-3,7231770-4,0.48117805,1.0
5325020-1,8196388-1,0.24259457,0.0
7071887-1,7071887-4,0.6739365,1.0
5804661-1,5804661-2,0.30996606,1.0
8464303-1,8464303-3,0.8791661,1.0
5690429-3,6717351-1,0.7407312,1.0
3125654-2,6199147-1,0.81331486,0.0
5289268-5,5289268-6,0.8531317,1.0
7653752-1,7653752-2,0.65145665,1.0
3800554-1,8083853-1,0.12207846,0.0
3129090-1,6032763-1,0.4239435,0.0
5819108-1,5819108-4,0.77509815,1.0
6848981-1,6848981-2,0.22888605,1.0
7364074-1,8491327-2,0.30367216,0.0
6301448-1,7526997-1,0.3058519,0.0
4495801-1,4615979-2,0.26394814,0.0
4560132-1,8448995-1,0.12801923,0.0
6047546-1,7752548-1,0.27857792,0.0
5703631-2,7189886-2,0.20490082,0.0
2241597-1,6370060-2,0.33410835,0.0
6311045-3,6311045-5,0.8138308,1.0
6047112-1,6047112-2,0.823037,1.0
7529487-1,7529487-3,0.82105887,1.0
4094581-1,4094581-9,0.8775492,1.0
5343645-2,5362702-1,0.3077181,0.0
7335120-1,7335120-2,0.6342964,1.0
4336678-3,4336678-4,0.06146644,1.0
3163772-1,7803169-1,0.25981796,0.0
7988206-5,7988206-9,0.79794365,1.0
8515716-2,8515716-3,0.81033707,1.0
4576891-1,4576891-2,0.82024527,1.0
2424062-1,3401493-1,0.7377915,0.0
3771407-1,3970361-1,0.17013842,0.0
2952784-1,7550959-1,0.42834222,0.0
7770226-1,7770226-3,0.4892684,1.0
7434278-2,7434278-4,0.5914885,1.0
4955467-3,4977809-1,0.3920517,0.0
3129090-1,6032763-1,0.4239435,0.0
6598598-2,6598598-4,0.47640377,1.0
6053882-3,6053882-4,0.6201527,1.0
3669470-1,4244719-1,0.5935831,1.0
6205782-1,7023760-1,0.04589226,0.0
7716585-1,7716585-4,0.59663844,1.0
7138425-1,7888275-1,0.4605955,0.0
3350036-1,7535559-1,0.041941386,0.0
8080742-1,8080742-2,0.83813566,1.0
5042622-1,5042622-3,0.6964353,1.0
2626702-1,8058662-1,0.14778711,0.0
8526613-1,8526613-2,0.3243224,1.0
5836194-1,5836194-3,0.13882364,0.0
5436421-1,7385463-1,0.2773453,0.0
4357166-1,5602615-1,0.23937488,0.0
2956951-1,6485539-1,0.56249225,0.0
3901553-1,4808525-1,0.16132739,0.0
4437287-1,6681500-1,0.079910465,0.0
3671523-3,3835996-1,0.738234,0.0
8705528-10,8705528-13,0.69237435,1.0
4717387-1,4717387-5,0.79294175,1.0
5290631-1,5290631-3,0.9031637,1.0
7003725-1,7457575-1,0.5694668,0.0
5681756-1,5681756-3,0.7837272,1.0
6129370-2,6129370-3,0.88248444,1.0
7383746-2,7383746-8,0.9768904,1.0
3582082-1,6710493-1,0.24954827,0.0
6135216-2,6135216-4,0.67672867,1.0
5041540-1,6920296-1,0.37862316,0.0
3685644-1,8155807-1,0.66602534,0.0
3302999-1,3981269-1,0.123971224,0.0
2430565-1,2430565-6,0.106582955,0.0
6024327-6,6024327-7,0.91999364,1.0
7784141-1,8440054-1,0.24338429,0.0
5752727-1,5752727-3,0.4081912,0.0
3507068-1,5075308-1,0.10253131,0.0
5541649-1,5541649-2,0.6766987,1.0
6526982-8,6526982-9,0.5865214,1.0
6260410-1,6260410-2,0.83037335,1.0
2627161-1,7673093-1,0.14135714,0.0
6080050-1,6080050-2,0.24298388,1.0
4590181-1,8362572-1,0.38460723,0.0
5114732-1,5742471-3,0.05119094,0.0
3723993-2,8021310-1,0.106409654,0.0
3095553-1,6837609-1,0.61901206,0.0
8646190-3,8646190-8,0.9250901,1.0
8111301-1,8111301-2,0.74542665,1.0
6978972-1,7810099-1,0.4594237,0.0
7199072-1,7199072-3,0.6781172,1.0
7886293-1,7886293-2,0.6972789,1.0
3707324-2,3707324-3,0.6758295,1.0
4372324-2,5260851-1,0.16713022,0.0
8408424-1,8408424-2,0.7552806,1.0
7204337-1,7509544-1,0.62530774,0.0
4132206-1,4132206-2,0.8283541,1.0
6969380-1,8131091-1,0.5670902,0.0
3920611-4,3920611-5,0.87760967,1.0
7755517-1,7755517-2,0.699766,1.0
7276577-1,8665631-1,0.028140804,0.0
3612238-1,8248356-1,0.6177313,0.0
2803872-1,4220613-1,0.042418666,0.0
4162020-4,4162020-5,0.51017654,1.0
6571265-1,8524807-1,0.25162363,0.0
7154265-1,7154265-3,0.7343701,1.0
8432228-1,8432228-3,0.4860443,1.0
6282074-1,6282074-2,0.8907261,1.0
2995939-1,7511067-1,0.2610015,0.0
2584074-1,4357681-1,0.28627735,0.0
3437272-1,3960816-1,0.53694713,0.0
5547087-1,5547087-2,0.5772493,1.0
3201580-1,3201580-2,0.59277844,1.0
3554425-1,3754362-1,0.7207031,0.0
8113413-3,8113413-7,0.9176214,1.0
2776156-1,2776156-2,0.8938619,1.0
4815553-2,7372620-1,0.4767681,0.0
6369346-6,6369346-8,0.74716157,1.0
4840810-2,4840810-3,0.6191043,1.0
6248870-1,6248870-4,0.73126173,1.0
3883268-1,5392909-1,0.24885693,0.0
5225700-1,5976994-1,0.36721304,0.0
6829919-1,8612008-1,0.41997433,0.0
3132910-1,3132910-2,0.47429532,1.0
4010003-1,7313138-1,0.14566132,0.0
4315080-2,7174868-1,0.34246475,0.0
7721074-3,7721074-4,0.70690984,1.0
3373999-1,3412107-1,0.18286999,0.0
7738107-1,7738107-2,0.4878153,1.0
2840741-1,7515789-1,0.27282044,0.0
2846339-1,7873797-1,0.49942765,0.0
4719241-1,7034466-1,0.71660566,0.0
6798500-1,8690437-2,0.5222237,0.0
7826043-1,7826043-3,0.78113675,1.0
2933483-1,2933483-2,0.48139176,1.0
8419807-1,8419807-2,0.5941707,1.0
6802343-1,6802343-6,0.8815246,1.0
3339730-1,7449875-1,0.83882177,0.0
2858138-1,6982442-2,0.21306942,0.0
3101768-1,4096735-1,0.66409034,0.0
3580908-1,8477825-1,0.4421166,0.0
6472080-1,7098364-1,0.13970314,0.0
5603331-1,8674093-2,0.30733186,0.0
3467448-1,7049895-2,0.23673424,0.0
5704783-1,5704783-2,0.20833188,1.0
6437917-1,8565710-1,0.55150723,0.0
6956960-1,8255699-1,0.1273033,0.0
3928346-1,6784672-1,0.6031425,0.0
5417292-1,5417292-2,0.8004867,1.0
4567244-1,7818764-1,0.182392,0.0
2772268-1,6524551-1,0.12834693,0.0
3180833-1,3180833-4,0.77003074,1.0
5101515-1,7274261-2,0.54991657,0.0
2771801-1,5002063-1,0.37695682,0.0
1904453-1,7704158-1,0.15432848,0.0
6988727-1,7753272-1,0.0309882,0.0
7431202-1,7431202-3,0.6167544,1.0
3073952-1,7105784-2,0.2720658,0.0
3733041-5,3733041-6,0.915729,1.0
3699915-2,3699915-4,0.4925984,1.0
7001130-1,8189572-1,0.24113025,0.0
8717640-1,8717640-2,0.8004707,1.0
7903083-1,8632216-1,0.728627,0.0
5308138-1,5308138-4,0.6537728,1.0
4872566-3,5894316-2,0.55738235,0.0
6344064-1,6368206-1,0.37208158,0.0
8529193-1,8529193-4,0.79345477,1.0
4820630-1,4820630-2,0.624396,1.0
5299170-1,5303287-3,0.3355668,0.0
8004358-2,8004358-3,0.5479014,1.0
8177776-1,8177776-2,0.7544539,1.0
4274852-2,4274852-3,0.82491183,1.0
5366995-3,7067576-1,0.8414337,0.0
4616569-6,4616569-8,0.73715764,1.0
7440222-1,7440222-3,0.7046081,1.0
7383746-10,7383746-7,0.77872956,1.0
3212603-1,3212603-2,0.7347294,1.0
5682741-2,5682741-5,0.92404485,1.0
2020471-1,7047887-2,0.2931661,0.0
6587640-1,7210684-1,0.35369208,0.0
4711341-1,4711341-2,0.77603406,1.0
2527499-1,3863830-1,0.23621492,0.0
3803128-1,4506145-1,0.21086358,0.0
4387824-1,8273158-1,0.34793204,0.0
6466910-1,6466910-2,0.51875514,1.0
3522321-2,3522321-3,0.84065634,1.0
2584076-1,5304557-1,0.3959208,0.0
2868038-1,2868038-3,0.71214193,1.0
514549-1,514549-2,0.84450376,1.0
2813646-3,2813646-4,0.9218287,1.0
2018713-1,3816041-1,0.4416672,0.0
529263-1,529263-6,0.53085554,1.0
6159695-1,6159695-2,0.80524,1.0
3130473-3,3130473-5,0.8371127,1.0
3385545-1,6660579-1,0.41717562,0.0
4692029-1,4692029-3,0.7011956,1.0
6744799-1,7417317-1,0.5884742,0.0
2879730-2,2879730-4,0.4153669,1.0
3913202-1,8110285-1,0.5314401,0.0
2780987-1,7943416-1,0.23144242,0.0
6851821-1,6851821-2,0.93564606,1.0
6151349-1,8542406-1,0.13485561,0.0
6813690-1,6813690-4,0.7231258,1.0
6023325-1,6023325-2,0.17979372,1.0
7253871-1,7326677-1,0.2985061,0.0
5343133-1,5343133-3,0.3262511,1.0
5538099-1,7789270-1,0.02124517,0.0
6166144-1,8214366-1,0.3780147,0.0
6080731-1,7166291-1,0.5194754,1.0
4811243-1,6299518-1,0.45477173,0.0
5961434-1,6100663-1,0.09853652,0.0
2737786-1,2737786-3,0.40744942,1.0
7443826-3,7443826-6,0.8802093,1.0
7335056-1,7335056-2,0.45168766,1.0
4393898-1,4393898-2,0.36825094,1.0
5962620-3,5962620-6,0.9135663,1.0
5040579-1,5824901-1,0.3717816,0.0
8622899-1,8622899-6,0.73202807,1.0
5043170-4,5448299-1,0.35824898,0.0
3146916-1,3857984-1,0.33673254,0.0
4411725-1,4411725-2,0.49493176,1.0
6716331-2,6716331-4,0.67401344,1.0
6020495-1,8688679-1,0.10725218,0.0
8295969-1,8544377-1,0.8382702,0.0
7218296-1,7218296-2,0.62889665,1.0
6693393-1,6940036-4,0.15302047,0.0
2938629-1,3311090-1,0.14143358,0.0
6955030-1,6955030-2,0.8910678,1.0
6329029-1,7586178-1,0.29975557,0.0
6719522-1,6719522-2,0.6733303,1.0
6395072-1,7665777-4,0.039154176,0.0
3314863-1,8576766-1,0.40630123,0.0
4123504-3,4123504-4,0.6527271,1.0
3848791-1,8097641-1,0.68479687,0.0
5299218-1,5299218-3,0.76460344,1.0
4828835-1,6098876-1,0.27689824,0.0
4313489-1,4313489-5,0.793832,1.0
4454732-1,8106184-1,0.4360633,0.0
3919721-2,3919721-6,0.70614624,1.0
5571603-4,5571603-5,0.950192,1.0
8272497-2,8272497-3,0.8983689,1.0
7569537-1,7569537-3,0.69428235,1.0
6275824-1,6275824-4,0.47108972,1.0
6424550-1,7501890-1,0.086493656,0.0
2876699-1,4391184-1,0.16212414,0.0
3044576-1,5965108-1,0.7562861,0.0
1702536-1,1702536-3,0.48637608,1.0
8039310-2,8039310-4,0.723183,1.0
3490115-1,6189376-1,0.2901351,0.0
3751626-1,4242491-1,0.22562964,0.0
4228160-1,8392413-1,0.18668176,0.0
4020557-1,4456757-1,0.28173736,1.0
8133044-10,8133044-16,0.41445082,1.0
5118859-1,5464515-9,0.15427525,0.0
5590420-1,5590420-2,0.87697357,1.0
5840715-1,8120279-1,0.085918315,0.0
3546445-1,7545050-1,0.41017443,0.0
6601232-3,6601232-4,0.4039981,1.0
4273528-2,8218350-2,0.2916064,0.0
5988756-2,5988756-4,0.81647563,1.0
5442030-1,5442030-2,0.3956267,1.0
5688745-1,7228786-1,0.5804192,0.0
4024936-1,4719720-1,0.054739397,0.0
6311234-1,7253935-1,0.050963905,0.0
4534750-1,7153818-1,0.12335911,0.0
5747782-1,6919952-1,0.3342892,0.0
4738133-3,8330202-2,0.21306328,0.0
2529260-1,4601425-1,0.396552,0.0
5016814-1,7653749-1,0.18676743,0.0
4268508-1,7989822-1,0.24228078,0.0
2693847-1,2693847-3,0.0611233,0.0
4962498-2,7220358-1,0.40112945,0.0
3350234-1,3350234-2,0.56906515,1.0
8705528-12,8705528-14,0.6572026,1.0
2856359-1,2856359-2,0.50693667,1.0
6236582-2,6236582-3,0.64489895,1.0
3328978-1,5726839-4,0.31639275,0.0
5507564-1,7952297-2,0.18750879,0.0
8077172-19,8077172-3,0.9032706,1.0
7695266-4,7695266-5,0.6481887,1.0
4042138-3,4042138-5,0.38656744,1.0
8522886-1,8522886-2,0.48444885,1.0
7421811-1,7421811-4,0.42039338,1.0
5083266-2,5083266-3,0.549481,1.0
3051098-1,5378851-1,0.21804884,0.0
2531126-1,7850656-1,0.5004733,0.0
4421263-1,8627933-2,0.31520435,0.0
3569403-1,3569403-2,0.5502309,1.0
3972859-1,4531603-1,0.13330849,0.0
6020495-1,8688679-1,0.10725218,0.0
6124800-1,7053798-2,0.18218419,0.0
4888757-1,6387697-1,0.103391975,0.0
5823629-3,8168005-1,0.7689096,1.0
5653710-1,5653710-2,0.62561524,1.0
4973717-1,8281434-1,0.32433492,0.0
3800554-1,8083853-1,0.12207846,0.0
7802837-3,7802837-4,0.4881125,1.0
8069347-2,8069347-3,0.7481379,1.0
8391342-33,8391342-6,0.40533492,1.0
3881444-1,8135628-1,0.56441,0.0
3458969-1,3458969-2,0.7263841,1.0
7574249-1,7574249-2,0.2979818,1.0
4546965-1,4546965-2,0.48007888,1.0
5806580-2,5806580-3,0.6625729,1.0
7422691-1,7422691-5,0.79762715,1.0
3304208-2,3304208-3,0.79154086,1.0
5353837-1,8281404-3,0.633893,0.0
8044872-1,8044872-4,0.78763866,1.0
8395908-1,8395908-2,0.26208985,1.0
5304564-1,7874336-1,0.27984667,0.0
5767008-2,5767008-3,0.76577884,1.0
8004358-1,8004358-2,0.41461194,1.0
4532076-2,4532076-3,0.6959696,1.0
6643709-2,6643709-3,0.2779803,1.0
2481265-1,5067396-1,0.2649463,0.0
5681756-1,5681756-3,0.7837272,1.0
5103477-1,5850760-3,0.39476243,0.0
4812638-1,5982477-1,0.16974562,0.0
6439376-1,7137218-1,0.7229844,0.0
6465686-1,6465686-3,0.59765464,1.0
4162020-1,4162020-2,0.8756867,1.0
7502318-1,7502318-2,0.68129045,1.0
4550000-3,6790035-1,0.60475963,0.0
8330605-4,8330605-7,0.8415443,1.0
4947710-3,5624249-1,0.26210737,0.0
4492330-1,5494060-1,0.07884346,0.0
4247011-1,4683505-2,0.12802324,0.0
3459711-2,3459711-3,0.2398034,1.0
4881626-1,4881626-3,0.88748,1.0
8391342-2,8391342-26,0.75660646,1.0
4053105-1,4053105-5,0.60075986,1.0
4009207-1,6555996-1,0.24710114,0.0
3121716-1,7862149-1,0.8984716,0.0
6046101-1,6046101-3,0.70448476,1.0
4003725-1,4999640-1,0.21822622,0.0
4362838-1,4362838-2,0.19099827,1.0
3843927-1,8520833-1,0.31223089,0.0
3047871-1,4369979-1,0.29411134,0.0
4086582-3,4086582-4,0.28699043,1.0
8428280-1,8428280-3,0.81803066,1.0
5635609-1,6882281-1,0.5854859,0.0
4770648-1,7529493-1,0.26713288,0.0
4063632-1,8272273-1,0.51075006,0.0
8140026-2,8383649-2,0.5392464,0.0
4302550-2,4789036-1,0.51754534,0.0
4207233-1,4207233-2,0.46318924,1.0
2913817-1,2913817-2,0.5201514,1.0
1794225-1,6464439-1,0.25706565,0.0
6701391-3,8272405-1,0.7265643,0.0
3162267-2,3162267-3,0.39383852,1.0
6066675-1,6066675-2,0.46417308,1.0
5423709-1,5423709-2,0.52122843,1.0
5215179-1,6631613-1,0.10351387,0.0
4576891-1,4576891-2,0.82024527,1.0
6041957-1,6041957-2,0.45888156,1.0
3589229-1,3589229-2,0.7632626,1.0
4420345-1,8186932-1,0.40912738,0.0
6004815-2,6004815-6,0.5853782,1.0
4010026-1,8356265-1,0.057837676,0.0
5051124-1,5051124-3,0.8020798,1.0
8158287-1,8158287-4,0.72483754,1.0
3228381-1,5318534-5,0.30400634,0.0
8171126-2,8171126-5,0.87888545,1.0
6207850-1,7803366-2,0.28654853,0.0
8129005-2,8129005-4,0.3394911,1.0
4695429-1,4695429-2,0.36228633,1.0
6085930-1,6085930-2,0.52617973,1.0
3639158-4,3639158-5,0.4275892,1.0
7150566-1,7150566-2,0.8676389,1.0
4033901-1,4033901-3,0.66458106,1.0
4931935-1,7519964-1,0.44006062,0.0
7006440-4,7006440-5,0.73907334,1.0
3808070-1,7481995-1,0.52249366,0.0
4686635-3,4686635-4,0.77444375,1.0
6125267-1,6697460-1,0.6635913,0.0
6314796-1,6314796-2,0.35971624,1.0
3212924-1,4409195-1,0.3332177,0.0
7449561-1,7785353-1,0.4069618,0.0
7053655-1,7053655-7,0.8543813,1.0
6787415-1,6787415-3,0.6676097,1.0
7527865-2,7592682-3,0.13585572,0.0
3705847-1,3705847-2,0.8673367,1.0
4835656-1,7784746-1,0.39588413,0.0
8123288-1,8123288-2,0.3022398,1.0
6396038-1,6567763-1,0.37274933,0.0
5473002-1,5473002-2,0.7878511,1.0
2833305-1,3295727-1,0.2815511,0.0
5053003-1,5053003-3,0.54623395,1.0
4876077-1,7569537-3,0.273021,0.0
2822336-1,7991776-1,0.17236023,0.0
7013298-2,7013298-4,0.52949536,1.0
4106200-1,7330645-1,0.44654796,0.0
8683277-3,8683277-4,0.5862314,1.0
3927825-1,3927825-3,0.6795356,1.0
7083246-1,7083246-3,0.7257092,1.0
8211030-3,8211030-5,0.6872641,1.0
8201076-1,8201076-2,0.22773519,1.0
3631795-1,4377806-1,0.7593845,0.0
5821967-1,6537290-1,0.1783841,0.0
7541246-3,7541246-4,0.91849875,1.0
8155578-1,8155578-4,0.6583306,1.0
3034078-1,8702295-1,0.3199181,0.0
4550994-1,7763274-8,0.037974093,0.0
4315080-2,7174868-1,0.34246475,0.0
6309162-1,6309162-2,0.8885927,1.0
6101603-1,6101603-4,0.47308603,1.0
4021265-1,6120333-1,0.23748942,0.0
4816771-1,4816771-3,0.7046153,1.0
5588617-3,5588617-4,0.85977715,1.0
8069347-1,8069347-2,0.2484868,1.0
6079505-1,6425598-1,0.12723711,0.0
8284755-1,8721166-1,0.61791694,0.0
5359129-1,6898723-2,0.16821772,0.0
8422025-4,8422025-5,0.5230894,1.0
8391342-12,8391342-20,0.9182533,1.0
3814995-1,6132149-1,0.49160802,1.0
3508530-1,7654559-1,0.1286984,0.0
5604111-1,6109563-1,0.12447672,0.0
8428280-1,8428280-7,0.66840374,1.0
8129005-1,8129005-3,0.3747166,1.0
7737761-1,7737761-2,0.6901543,1.0
5290791-1,5290791-3,0.8115667,1.0
3267069-1,7779183-2,0.2721083,0.0
2790127-1,7896596-1,0.08821955,0.0
5507564-1,7952297-2,0.18750879,0.0
2929554-2,7176331-1,0.49516496,0.0
7543135-2,7543135-4,0.597124,1.0
3890227-1,4431013-1,0.12063944,0.0
4077551-1,6897334-1,0.29801372,0.0
3555570-1,3555570-2,0.8396387,1.0
4532076-1,4532076-3,0.6016019,1.0
8435921-4,8435921-7,0.5209842,1.0
3737622-4,3737622-5,0.7124519,1.0
3634244-2,3634244-3,0.83139163,1.0
3851705-1,4537717-1,0.35789275,0.0
8077172-19,8077172-9,0.67448467,1.0
8203267-1,8240129-1,0.34486493,0.0
8528572-1,8528572-4,0.7244095,1.0
7535771-2,8606058-1,0.24091145,0.0
4849312-1,4849312-2,0.8178765,1.0
5296994-1,5771932-1,0.28372547,0.0
2873457-1,7220015-1,0.42045254,0.0
5022210-1,6008761-1,0.39989007,0.0
6091145-1,7219992-1,0.65440094,1.0
6080441-1,8403500-1,0.13883772,0.0
6024067-1,8155124-1,0.17104976,0.0
8119832-2,8119832-4,0.8555186,1.0
5225327-2,5225327-4,0.83363354,1.0
7890704-1,7890704-5,0.54939914,1.0
3970286-1,7329742-2,0.35675585,0.0
2726128-8,6340240-1,0.57618225,0.0
6450233-1,6670194-1,0.2950517,0.0
5253479-1,7744216-2,0.18427943,0.0
7367413-1,7367413-2,0.8738992,1.0
5946352-1,8707017-2,0.84212035,0.0
2174438-1,2816289-1,0.25829417,0.0
7168954-2,8695476-1,0.61351293,0.0
4719388-1,7405101-4,0.06546517,0.0
7006440-8,7006440-9,0.50100666,1.0
4549487-1,8635639-1,0.22662093,0.0
4311034-1,8711864-1,0.12934919,0.0
4000642-2,4000642-3,0.92018425,1.0
7273174-1,7273174-4,0.9054228,1.0
7275443-2,7275443-3,0.31840217,1.0
4973717-1,7364491-6,0.5691942,1.0
5836194-3,5836194-4,0.6922146,1.0
4579311-1,7080896-1,0.106878564,0.0
8077172-15,8077172-16,0.95131516,1.0
7577353-1,8501704-1,0.3335166,0.0
5679770-6,5679770-7,0.718283,1.0
2626575-3,2626575-4,0.65040636,1.0
5613318-1,7923699-3,0.45123556,0.0
5121555-1,5422832-1,0.36263582,0.0
3963350-2,5760075-1,0.3617715,0.0
3785594-4,7869745-1,0.29353952,0.0
5324177-1,5324177-2,0.84780306,1.0
3544066-1,6702279-1,0.16356908,0.0
6449466-2,6449466-3,0.8727207,1.0
8083420-2,8083420-7,0.578508,1.0
7039690-1,8663827-1,0.3304963,0.0
5771900-1,5771900-2,0.35412076,1.0
3519780-1,4141396-1,0.118558496,0.0
4685866-3,4685866-4,0.21395265,0.0
5980456-3,5980456-4,0.59344065,1.0
4686810-3,4686810-7,0.3707123,1.0
4881626-1,4881626-3,0.88748,1.0
6482787-2,6482787-4,0.8753349,1.0
8046457-1,8046471-1,0.35176775,0.0
4549487-1,8635639-1,0.22662093,0.0
5175082-2,8179565-3,0.14441343,0.0
3902577-2,4330492-1,0.71226305,0.0
4424714-1,7457637-1,0.49440253,0.0
8504303-3,8504303-6,0.7098929,1.0
7011274-1,7011274-2,0.8691645,1.0
8201691-1,8201691-2,0.76958334,1.0
7366761-2,7366761-4,0.7100946,1.0
5626808-1,7886453-2,0.26751655,0.0
2174500-2,6188732-1,0.45866248,0.0
4166964-1,4333544-1,0.56232643,0.0
5467348-1,8007176-3,0.5976136,0.0
4750307-2,4750307-6,0.2828628,0.0
3712390-1,7417326-1,0.27083683,0.0
5712115-2,5712115-6,0.8499238,1.0
8391342-21,8391342-24,0.6009747,1.0
5591119-1,5591119-2,0.73636234,1.0
7507594-5,7507594-6,0.65173525,1.0
6929121-1,6929121-6,0.9157608,1.0
5865279-11,5865279-2,0.87300634,1.0
6939971-1,8364296-2,0.025976945,0.0
5095500-1,8314556-1,0.24934646,0.0
8395467-1,8395467-3,0.43094474,1.0
3238371-1,3238371-2,0.78743124,1.0
3519780-1,4141396-1,0.118558496,0.0
8042546-1,8042546-3,0.40315545,1.0
3098416-1,4257951-1,0.3400039,0.0
7468019-1,7749959-1,0.42966095,0.0
3047375-2,3047375-4,0.8615772,1.0
4812219-2,7327389-1,0.35567245,0.0
4421669-1,8006498-1,0.09682604,0.0
6858974-1,6858974-3,0.65079767,1.0
4246490-1,6034130-1,0.3606736,0.0
4372569-1,7580785-1,0.24287531,0.0
4037259-1,4288835-1,0.5065819,0.0
4250924-1,4899633-1,0.3522259,0.0
2740021-1,3573578-3,0.60285383,0.0
5299218-2,5299218-3,0.8968706,1.0
8394712-1,8394712-2,0.8388768,1.0
6956960-1,8255699-1,0.1273033,0.0
5142319-1,8460218-1,0.66913116,0.0
1361803-2,4989396-1,0.73674023,0.0
2776156-1,7476698-1,0.10401902,0.0
4421342-1,4421342-2,0.7751968,1.0
3097563-1,7127889-1,0.7055566,0.0
5360033-1,5360033-4,0.40436348,1.0
7203783-2,7857668-1,0.12789269,0.0
4177003-1,7829722-1,0.34030524,0.0
6159235-1,8114011-1,0.2672208,0.0
5331254-1,5331254-2,0.50124925,1.0
8709964-1,8709964-4,0.32496873,0.0
4295338-1,8650131-1,0.49513716,0.0
5650010-1,5650010-2,0.69333154,1.0
2709968-1,6775712-1,0.066475205,0.0
5234414-1,8556010-1,0.22489862,0.0
4137535-1,4800766-1,0.24099681,0.0
4173354-1,6796715-1,0.6581126,0.0
3421104-1,7711629-7,0.19503708,0.0
7008770-1,7008770-2,0.53233963,1.0
1236943-1,6588153-1,0.47686678,0.0
4770648-1,7529493-1,0.26713288,0.0
2659845-1,2873892-1,0.22421354,0.0
3038601-2,3038601-3,0.52961814,1.0
4828835-1,6098876-1,0.27689824,0.0
3020588-1,3475881-1,0.06820868,0.0
7593724-2,7593724-5,0.6356783,1.0
4675650-1,4675650-2,0.6116723,1.0
6835147-3,8223983-1,0.19303939,0.0
6208253-3,6208253-4,0.5160758,1.0
3418041-1,7000441-3,0.056569632,0.0
3178020-1,3220812-1,0.42174158,0.0
4692029-1,4692029-3,0.7011956,1.0
7366761-2,7366761-4,0.7100946,1.0
8162322-2,8162322-5,0.8502443,1.0
4856713-2,5906593-2,0.6095373,0.0
3284018-1,3976550-1,0.6302629,0.0
2614979-1,4689988-1,0.27451977,0.0
4865706-2,4865706-3,0.89886117,1.0
5627820-1,7099753-2,0.1553735,0.0
3119975-1,3119975-4,0.7472608,1.0
8352886-1,8352886-2,0.6669102,1.0
2635124-1,4616569-2,0.5966396,0.0
6157985-1,6157985-2,0.6703998,1.0
7963407-1,7963407-2,0.8075459,1.0
3170099-1,3170099-3,0.6116005,1.0
2776156-7,2776156-9,0.8322427,1.0
2999723-1,5224743-1,0.26193005,0.0
8151272-3,8151272-4,0.70056456,1.0
5360033-2,5360033-3,0.4981933,1.0
5057447-1,5057447-2,0.85279554,1.0
8244683-1,8244683-2,0.6604522,1.0
8126942-1,8126942-2,0.27215543,1.0
7501909-1,8655056-2,0.47095075,0.0
1192795-1,7268049-1,0.29660887,0.0
4602778-1,4602778-2,0.5454856,1.0
7575294-2,7575294-4,0.48214975,1.0
3881444-1,8135628-1,0.56441,0.0
5142319-1,8460218-1,0.66913116,0.0
7981640-1,7981640-3,0.6223647,1.0
5996661-3,5996661-4,0.70745045,1.0
7644292-1,7644292-2,0.4141095,0.0
3830360-1,4745599-1,0.17151263,0.0
3425251-1,6178120-1,0.054250352,0.0
3539892-1,3539892-2,0.90537304,1.0
3853903-1,3853903-3,0.483805,1.0
3777329-2,4836079-1,0.563435,0.0
5619035-1,6360827-1,0.046286426,0.0
8379640-1,8379640-3,0.64913946,1.0
5490117-1,5946589-1,0.19173574,0.0
3645620-4,3645620-6,0.7369929,1.0
4357680-1,5835428-1,0.49864712,0.0
8391342-22,8391342-30,0.8989396,1.0
3667440-4,3667440-5,0.7945079,0.0
5184834-1,7133745-2,0.051715385,0.0
7752735-1,8136465-1,0.37336293,0.0
4937097-1,5907893-2,0.316488,0.0
7577353-1,8501704-1,0.3335166,0.0
2988810-1,2988810-7,0.739584,1.0
3335817-2,3335817-3,0.34308288,1.0
6748463-1,6748463-2,0.8728239,1.0
6861045-1,7947317-8,0.42189148,0.0
4808524-1,8326455-5,0.1152709,0.0
3932584-1,3932584-4,0.93064916,1.0
3114312-3,3114312-4,0.8801475,1.0
3552861-2,3552861-3,0.72970265,1.0
4198563-1,4198563-5,0.8887907,1.0
7775944-2,7775944-4,0.7691351,1.0
7322487-2,7322487-3,0.9355072,1.0
3921299-2,7850688-1,0.40020472,0.0
6346695-2,6346695-4,0.40421247,1.0
5588617-3,5588617-4,0.85977715,1.0
4140120-1,8542851-1,0.29373488,0.0
7199476-1,7654201-1,0.06598509,0.0
6615421-1,7568822-4,0.25481737,0.0
3037889-1,5731429-1,0.6040288,0.0
5798141-1,7780566-1,0.05946768,0.0
8569136-8,8569136-9,0.81603324,1.0
6660059-1,8495172-1,0.1616429,0.0
7303768-1,8713581-1,0.24379176,0.0
4398786-1,4398786-2,0.6766092,1.0
6446568-1,6446568-4,0.7208594,1.0
3890227-1,4431013-1,0.12063944,0.0
3996884-1,3996884-2,0.7359001,1.0
5039314-1,7748197-1,0.5142183,0.0
8144799-1,8189805-1,0.3001506,0.0
8504030-2,8504030-5,0.70791966,1.0
8278993-2,8278993-3,0.44522583,1.0
5640890-3,5640890-4,0.71599466,1.0
3421919-1,5289124-2,0.22187892,0.0
7318102-2,7318102-3,0.8688808,1.0
7437123-4,7437123-5,0.92038316,1.0
4937698-1,7459979-2,0.48261875,0.0
7768392-5,7768392-8,0.80641884,1.0
7303855-1,8007422-1,0.65275764,0.0
7829973-1,7829973-3,0.38002923,1.0
4737841-1,4737841-2,0.41642964,1.0
7315137-1,7315137-4,0.8862117,1.0
4761596-1,8402444-1,0.3090082,0.0
2769342-1,4857317-1,0.59171164,0.0
7886293-1,7886293-2,0.6972789,1.0
7327572-1,8399293-2,0.12407418,0.0
5732422-1,6882598-1,0.10602858,0.0
7898070-2,8712239-1,0.25876784,0.0
2018713-1,3816041-1,0.4416672,0.0
5469202-1,8316880-1,0.6877389,0.0
4153245-1,6624868-2,0.8226789,0.0
5304564-1,7874336-1,0.27984667,0.0
7559672-2,8540014-1,0.7057842,0.0
6598598-4,6598598-7,0.59894556,1.0
2993988-2,2993988-4,0.8773554,1.0
5951146-1,5951146-4,0.7206027,1.0
5029321-1,8192795-1,0.26030982,0.0
4173238-2,4173238-3,0.7264693,1.0
7204895-1,7275236-1,0.15324096,0.0
2740025-1,2740025-5,0.8033257,1.0
6846306-1,7875147-1,0.14275217,0.0
4681223-1,4681223-2,0.5592705,1.0
5807679-1,6919393-1,0.89596784,0.0
4415178-1,4415178-4,0.76751524,1.0
8133044-4,8133044-7,0.8363169,1.0
3420403-1,4584027-1,0.16022928,0.0
6144594-1,6708912-3,0.4538871,0.0
4939672-1,7325214-1,0.050049677,0.0
3724794-1,3724794-2,0.75237316,1.0
5593448-1,5593448-3,0.42946345,1.0
5603086-1,5603086-2,0.62854046,1.0
7511846-5,8439401-1,0.102484226,0.0
3777315-1,4301543-1,0.73685914,0.0
8646190-4,8646190-5,0.8215436,1.0
2840790-1,3177914-1,0.4231994,0.0
7538799-1,8362537-1,0.52969867,0.0
5294926-1,8077048-6,0.6197453,0.0
3119975-1,3119975-4,0.7472608,1.0
5619454-1,8674200-1,0.54855204,0.0
6089705-1,6259073-1,0.26605317,0.0
4124786-2,4124786-3,0.7953138,1.0
5510768-1,5510768-3,0.77942795,1.0
6018315-1,8238270-1,0.29356566,0.0
2075483-1,2075483-3,0.8910916,1.0
8408294-1,8408294-2,0.46745557,1.0
5394855-1,5394855-3,0.2557273,1.0
6003790-7,6003790-9,0.49506354,1.0
7385614-3,7385614-4,0.71328217,1.0
4852783-2,4852783-5,0.41425925,1.0
5875408-1,5875408-2,0.5951543,1.0
5477910-2,5477910-3,0.8616445,1.0
4306070-1,4306070-2,0.63803667,1.0
518976-2,8634485-1,0.27988607,0.0
7040398-1,8525259-1,0.062777236,0.0
3537207-1,5733889-1,0.09887075,0.0
5784682-3,6173002-1,0.38562346,0.0
6486600-2,6486600-5,0.562455,1.0
6713255-1,8098889-1,0.515136,0.0
3328978-1,5726839-4,0.31639275,0.0
5686962-2,5686962-4,0.7120017,1.0
6592301-1,6789400-1,0.48299286,0.0
4054067-2,4054067-3,0.25351098,1.0
6177071-1,6177071-3,0.70597756,1.0
7423211-1,7423211-8,0.557888,1.0
2994792-1,2994792-2,0.5337347,1.0
7237229-1,,0.8499418,1.0
7485476-1,7485476-8,0.73572403,1.0
3313757-1,4857866-1,0.35383618,0.0
3796393-1,3796393-2,0.81656665,1.0
5538099-1,7789270-1,0.02124517,0.0
4617421-1,7139628-1,0.33556402,0.0
3343415-1,6158927-3,0.13057294,0.0
5201065-5,5201065-9,0.86078346,1.0
5346937-1,7728114-1,0.10383428,0.0
3871035-2,3871035-3,0.80560094,1.0
4873987-1,6407372-2,0.55188173,1.0
3326978-1,8337126-1,0.35599482,0.0
3868147-1,4921218-1,0.07416348,0.0
6959158-2,6959158-4,0.17558189,1.0
8015663-3,8015663-5,0.7346233,1.0
4322482-1,4322482-2,0.7020089,1.0
4047698-1,6145046-5,0.15948717,0.0
7221050-1,7479482-1,0.43879476,0.0
7306366-2,7306366-3,0.5696048,1.0
5988756-2,5988756-4,0.81647563,1.0
6473094-1,6473094-3,0.38478312,1.0
8326013-1,8326013-3,0.64726484,1.0
2432066-1,7588683-1,0.28219268,0.0
5234294-1,5234294-2,0.6323141,1.0
3425250-1,4681015-1,0.3046735,0.0
6713097-2,7004259-1,0.33336368,0.0
5832195-1,5832195-5,0.74090195,1.0
6374803-1,7713019-1,0.25238794,0.0
3986653-2,3986653-3,0.36490327,1.0
6135216-2,6135216-4,0.67672867,1.0
3893468-1,6006638-3,0.32553747,0.0
6166908-1,6166908-2,0.9003867,1.0
5407778-1,5407778-3,0.7525699,1.0
4722564-1,6194572-1,0.46243247,0.0
3280069-1,8184519-1,0.5367903,0.0
4290039-1,8465737-1,0.6053075,0.0
4166964-1,4333544-1,0.56232643,0.0
8460922-3,8460922-4,0.74458396,1.0
4475532-1,6159116-3,0.14400011,0.0
2840960-1,7512028-1,0.1426611,0.0
4730130-4,4730130-5,0.70678395,1.0
7910093-3,7910093-8,0.73008174,1.0
3439305-1,7454860-1,0.13243105,0.0
2740257-1,5833207-1,0.32364818,0.0
2908797-1,8004176-8,0.078095995,0.0
2740278-1,6671882-1,0.5398609,0.0
4691481-1,8247681-1,0.17943376,0.0
6611857-10,6959961-2,0.51632285,0.0
4508147-1,4508147-2,0.7318869,1.0
1687152-1,8015043-1,0.18888779,0.0
2771959-1,3687154-1,0.48593977,0.0
8611606-7,8611606-8,0.7369505,1.0
4413978-1,7904673-2,0.1335489,0.0
3385805-1,8247731-1,0.17152652,0.0
5642873-1,6026882-5,0.09616992,0.0
3697985-4,3697985-6,0.81443405,1.0
6968900-3,6968900-5,0.62226665,1.0
2627161-1,7673093-1,0.14135714,0.0
4617973-1,4617973-2,0.87324077,1.0
5047021-1,5832135-1,0.1504736,0.0
8544915-2,8544915-3,0.7343929,1.0
6007664-1,6203868-1,0.18536757,0.0
3972859-1,4531603-1,0.13330849,0.0
3307457-1,8436747-2,0.0844192,0.0
3487220-1,8213297-1,0.14733408,0.0
4299425-1,4299425-2,0.586456,1.0
6593915-1,6593915-7,0.7122813,1.0
4529691-3,6460612-1,0.11078155,0.0
4639957-3,6520477-1,0.50107014,0.0
7826043-3,7826043-5,0.9257407,1.0
7882415-1,7882415-2,0.64097697,1.0
3544061-1,5797261-1,0.07824029,0.0
3979793-1,3979793-2,0.9055291,1.0
3354801-1,8471370-1,0.77332145,0.0
6035448-1,6035448-3,0.2592582,1.0
4171941-1,8362796-1,0.41227725,0.0
6324859-6,6324859-7,0.31446284,1.0
6897378-3,6897378-4,0.48489198,1.0
6395072-1,7665777-4,0.039154176,0.0
8284703-1,8284703-3,0.3131327,1.0
8293387-3,8293387-4,0.8105322,1.0
4156251-1,6039597-1,0.13884674,0.0
8440817-2,8440817-3,0.70629734,1.0
4484648-1,8557447-1,0.6728041,0.0
7029452-2,7557114-1,0.06192184,0.0
7585506-3,7585506-4,0.61652684,1.0
5968651-2,5968651-3,0.80662364,1.0
5605694-1,5605694-2,0.6874575,1.0
3373999-1,3412107-1,0.18286999,0.0
6311248-1,6510002-1,0.18765123,0.0
4700638-6,4700638-9,0.42988542,1.0
3984805-1,3984805-2,0.68224955,1.0
3162273-1,8077336-1,0.8098029,0.0
4959818-1,4959818-3,0.24979408,1.0
4010068-1,4146130-1,0.2115009,0.0
4392491-3,7252754-1,0.71231276,0.0
3409953-1,4000617-1,0.73012775,0.0
2577938-2,2577938-5,0.8976731,1.0
4212299-1,6951019-1,0.29063827,0.0
4689080-1,6929121-5,0.623677,0.0
4508633-1,7556097-1,0.4699321,0.0
3922991-1,6413608-1,0.25706783,0.0
4130002-1,4130002-3,0.906756,1.0
4942951-1,4966356-2,0.5659677,0.0
7519989-1,8148337-1,0.35534495,0.0
4513055-1,6200547-1,0.47896776,0.0
6476008-4,6476008-5,0.75753665,1.0
4287898-4,6057532-1,0.38326293,0.0
2430565-2,2430565-4,0.9466945,1.0
7366428-5,7366428-8,0.8675238,1.0
4604288-4,4604288-5,0.95176756,1.0
6713097-1,6713097-5,0.85827315,1.0
3481872-1,8144093-2,0.52422494,0.0
5703631-2,7189886-2,0.20490082,0.0
7961518-1,7961518-2,0.9291652,1.0
4363960-1,8628920-1,0.17534378,0.0
4818801-1,6754877-1,0.76092005,0.0
5899771-2,5899771-3,0.687605,1.0
5346454-2,5346454-9,0.8635512,1.0
8391342-20,8391342-34,0.8133465,1.0
5041540-1,6920296-1,0.37862316,0.0
3097561-1,3614810-1,0.44839922,0.0
4518428-2,8244092-1,0.4369009,0.0
3280044-2,3280044-5,0.6807712,1.0
4682019-1,6366372-1,0.3554147,0.0
4042138-1,4042138-5,0.4334933,1.0
8017932-11,8017932-7,0.42355072,1.0
4005095-1,4005095-2,0.7031204,1.0
3843917-1,3843917-2,0.63087445,1.0
3697985-1,3697985-2,0.40027195,1.0
6815487-1,6815487-2,0.63345903,1.0
2813577-2,2813577-4,0.7541061,1.0
3697985-3,3697985-4,0.6487082,1.0
2780987-1,7943416-1,0.23144242,0.0
7196464-1,7196464-3,0.74351174,1.0
2931402-1,4017508-1,0.08253467,0.0
5832195-1,5832195-5,0.74090195,1.0
2800875-1,2800875-2,0.9353695,1.0
1242107-1,5376154-1,0.41061947,0.0
4955461-1,7983607-1,0.446533,0.0
3978052-1,3978052-2,0.84855634,1.0
6180361-1,7758736-8,0.33261558,0.0
5124455-1,5124455-3,0.59691507,1.0
4611936-1,6019244-4,0.15575631,0.0
3122547-1,4370011-1,0.08561249,0.0
2921143-1,2921143-3,0.81618416,1.0
2847211-3,2847211-5,0.7435408,1.0
7393473-2,7393473-3,0.4670869,1.0
4287898-1,8325097-1,0.26940766,0.0
7759551-2,7759551-5,0.6217814,1.0
3549408-1,3549408-2,0.7108536,1.0
4750307-2,4750307-6,0.2828628,0.0
6718029-1,6718029-2,0.3592475,1.0
4515470-1,6023324-3,0.5452735,0.0
4998851-2,4998851-7,0.5402421,1.0
2729252-4,4632558-1,0.7167459,0.0
3912635-2,6537690-2,0.17435358,0.0
4175871-1,4506839-1,0.21670158,0.0
4699197-2,4699197-3,0.8855894,1.0
4383130-1,4651644-1,0.7320654,0.0
4761596-1,8402444-1,0.3090082,0.0
6710848-1,7506268-1,0.4899973,0.0
4531931-1,8476880-1,0.5619889,0.0
2615291-2,2615291-3,0.9084921,1.0
4849704-1,5422731-2,0.058821376,0.0
2080628-1,7781776-1,0.382868,0.0
2435111-1,2435111-2,0.86575514,1.0
4037410-1,7852333-1,0.78428155,0.0
6835147-3,8223983-1,0.19303939,0.0
5346454-1,5346454-11,0.72458714,1.0
2876705-3,5330075-1,0.7177474,0.0
2930166-1,3354468-1,0.14841215,0.0
4847610-1,7434254-1,0.5802735,0.0
7489606-1,8354941-1,0.7129557,1.0
7852210-1,8668032-2,0.19170025,0.0
3853465-1,3853465-4,0.39863318,1.0
5102924-1,7953407-1,0.30764002,0.0
6323412-1,7285250-1,0.173056,0.0
1884161-1,5295570-1,0.31678256,0.0
3168451-1,3465890-1,0.25321776,0.0
4885613-1,7904161-1,0.31584066,0.0
7327572-1,8399293-2,0.12407418,0.0
7604966-1,7604966-3,0.82642066,1.0
8129005-2,8129005-3,0.8605656,1.0
6814334-1,6822667-1,0.6781999,0.0
6715557-1,8693695-1,0.04171637,0.0
8159316-1,8159316-2,0.46000424,1.0
7577788-1,7577788-2,0.5068187,1.0
5447072-3,7275598-1,0.8158832,0.0
3114376-1,7380821-1,0.26064408,0.0
6984149-1,8045623-1,0.3195407,0.0
5353450-1,8008274-1,0.16963637,0.0
7954274-1,7954274-2,0.5658681,1.0
3423746-1,4196524-1,0.2687292,0.0
2993985-1,5733975-3,0.07103515,0.0
8072659-1,8072659-2,0.13442746,1.0
3863527-1,5987487-1,0.6240469,0.0
2988810-6,2988810-8,0.40750036,1.0
4162020-1,4162020-2,0.8756867,1.0
3183319-3,3183319-5,0.8408393,1.0
8186578-3,8186578-5,0.50628674,1.0
8515780-1,8515780-2,0.8201023,1.0
4830712-1,4830712-5,0.8544799,1.0
3804044-2,3804044-3,0.59771824,1.0
4553663-1,4804603-1,0.21086852,0.0
8416255-1,8416255-2,0.41372865,1.0
6304711-1,6304711-7,0.8621934,1.0
6160050-1,6160050-2,0.3762868,1.0
7768392-2,7768392-7,0.6323994,1.0
4396650-3,6382915-1,0.1722413,0.0
7042135-1,7042135-4,0.7571199,1.0
1513593-1,4494585-1,0.51670796,0.0
3583087-1,4776813-1,0.06680204,0.0
3328978-1,5726839-4,0.31639275,0.0
8371642-1,8371642-2,0.72905767,1.0
7035095-1,7522393-1,0.71634275,1.0
5513699-1,5513699-3,0.809499,1.0
3010774-1,3010774-3,0.9010832,1.0
2845144-2,2845144-4,0.6248681,1.0
5344045-2,5344045-4,0.47734436,1.0
6159302-2,6159302-4,0.81083244,1.0
2740230-1,8298240-1,0.21588162,1.0
7963417-2,7963417-7,0.72093105,1.0
4765015-1,4765015-2,0.92012465,1.0
8515716-2,8515716-3,0.81033707,1.0
7153685-1,7153685-2,0.29744664,1.0
6020502-1,8543741-1,0.12015325,0.0
2810823-1,2810823-2,0.8058411,1.0
5806410-1,5806410-2,0.4031314,1.0
8352886-3,8352886-4,0.8966744,1.0
6362702-6,6362702-8,0.81518584,1.0
5836194-3,5836194-4,0.6922146,1.0
6913282-1,7006420-2,0.21927553,0.0
3356991-1,6688735-1,0.20807362,0.0
5853048-1,5853048-2,0.7142454,1.0
3883337-1,4022768-1,0.47712335,0.0
8203287-1,8381434-1,0.35457382,0.0
5696734-1,5709899-1,0.7624967,0.0
3186895-1,8070069-1,0.3829194,0.0
5415937-1,5763207-1,0.11459214,0.0
5156880-1,7474559-1,0.36613566,0.0
8077172-14,8077172-2,0.6878533,1.0
2718101-1,2718101-2,0.7285508,1.0
6287128-1,6287128-2,0.5361144,1.0
8435653-1,8435653-2,0.9099157,1.0
8388796-2,8388796-5,0.7965072,1.0
4456892-1,8243089-2,0.15197448,0.0
4715885-1,6101463-1,0.42290503,0.0
3891978-1,7465744-1,0.8532756,0.0
8035580-2,8474297-1,0.645233,0.0
7063221-1,7063221-7,0.88258636,1.0
2722051-1,3874988-1,0.26568598,0.0
7735012-1,7735012-3,0.58359563,1.0
2733967-1,2733967-2,0.2647593,1.0
3994706-1,6813375-1,0.27881852,0.0
6189630-1,8628776-5,0.22322921,0.0
8442437-2,8442437-4,0.8851703,1.0
5451758-1,7431938-1,0.12393918,0.0
4560124-1,4560124-2,0.77665496,1.0
4010737-2,4010737-3,0.5748496,1.0
6929121-2,6929121-3,0.8839248,1.0
6549290-1,6549290-5,0.7250117,1.0
5581415-1,5581415-4,0.36459118,1.0
3611900-1,3611900-2,0.7222028,1.0
6272042-1,6272042-2,0.5869753,1.0
4273528-2,8218350-2,0.2916064,0.0
2822336-1,7991776-1,0.17236023,0.0
3519024-1,8680034-1,0.40818572,0.0
3524032-1,8131148-1,0.58002996,1.0
7055463-1,7055463-3,0.78667146,1.0
6149306-1,6149306-5,0.64414614,1.0
3872386-1,8323577-1,0.5890883,0.0
5965386-1,8515538-5,0.26938128,0.0
4685866-5,4685866-6,0.8209829,1.0
4228210-1,4352490-1,0.7118177,0.0
4546785-1,4546785-3,0.8211466,1.0
5084613-3,8231303-2,0.75237334,0.0
8682950-1,8682950-3,0.7138413,1.0
4257951-1,8310905-1,0.7180861,0.0
2759628-3,2759628-4,0.37996912,1.0
4281902-1,4777234-1,0.25568506,0.0
7506272-2,7506272-3,0.8760212,1.0
5619451-2,6700112-1,0.551455,0.0
3072537-1,3072537-2,0.38093796,1.0
6304711-1,6304711-6,0.7377323,1.0
3524190-2,7063189-1,0.36102244,0.0
4738659-2,4738659-3,0.8537687,1.0
5564121-1,7676473-1,0.25126007,0.0
3597928-1,5359445-3,0.5745406,0.0
7978395-1,8137005-2,0.571875,0.0
8143821-1,8143821-2,0.54119676,1.0
2742518-1,4569806-1,0.09520248,0.0
3186893-1,3698308-1,0.17600338,0.0
2772281-2,2772281-3,0.4737843,1.0
5498934-1,5498934-2,0.85364336,1.0
3700161-1,4354087-1,0.10532205,0.0
6624786-1,6624786-3,0.25853243,1.0
3961936-1,8415956-4,0.41328776,0.0
4289164-1,4289164-4,0.7489097,1.0
7551866-1,7551866-3,0.8228814,1.0
3742152-3,3742152-5,0.78665197,1.0
6552571-2,6552571-3,0.85830504,1.0
7315137-1,7315137-4,0.8862117,1.0
3498670-1,3498670-3,0.53556895,1.0
6159118-1,7006440-5,0.3367343,0.0
8709957-4,8709957-5,0.62124527,1.0
3970350-1,7581029-1,0.1721378,0.0
5977079-3,5977079-6,0.59606755,1.0
6933982-1,6933982-2,0.41924164,1.0
3446124-3,3446124-4,0.88944286,1.0
7804088-1,7804088-5,0.7264812,1.0
7011709-2,8226947-2,0.26762447,0.0
7225378-1,7607752-1,0.09016321,0.0
3683466-1,7105337-1,0.443859,0.0
4153278-1,4153278-6,0.50145686,1.0
5446369-10,5446369-8,0.6486924,1.0
4612477-1,6984416-1,0.40337762,0.0
3644296-1,3644296-3,0.7757181,1.0
1395322-4,1395322-5,0.7258516,1.0
6713097-2,7004259-1,0.33336368,0.0
2092432-1,4307153-1,0.33007285,0.0
3503657-4,7409413-1,0.20683424,0.0
5907517-1,8682950-6,0.115023464,0.0
8190610-1,8190610-3,0.564536,1.0
3444535-1,7679833-1,0.38510868,0.0
7314844-2,7314844-4,0.5364296,1.0
5346454-7,5346454-8,0.97742295,1.0
5436421-1,7385463-1,0.2773453,0.0
6612332-1,6635142-1,0.06156345,0.0
3522328-2,3522328-4,0.54396206,1.0
2697057-1,5583973-1,0.6694808,0.0
3539876-1,4112722-1,0.24346003,0.0
3412810-1,5662332-1,0.055327844,0.0
5582227-1,8106472-1,0.09362848,0.0
3429833-1,8141523-1,0.1746131,0.0
8092089-2,8092089-5,0.79675645,1.0
5417264-2,5429124-1,0.5412048,1.0
5290631-1,5290631-3,0.9031637,1.0
2684709-1,8203085-1,0.49739647,0.0
4207600-1,7989559-1,0.34831893,0.0
2823760-4,2823760-7,0.5573233,1.0
7590748-1,7590748-5,0.85093075,1.0
4184659-2,8255708-1,0.81964064,0.0
5642131-12,5642131-3,0.6356537,1.0
3214048-2,4006608-1,0.10450689,0.0
3755418-1,5412761-1,0.4290924,0.0
7391092-1,8147749-1,0.15944116,0.0
3935506-1,3935506-2,0.37343207,0.0
6069825-2,6069825-3,0.24071623,1.0
2844426-1,2844426-4,0.6613995,1.0
8700649-2,8700649-4,0.30154076,1.0
5815714-4,8241266-3,0.14741334,0.0
5266367-1,5266367-6,0.66493005,1.0
5055948-1,5055948-3,0.73771155,1.0
6955064-1,7480892-1,0.46650648,0.0
5670337-2,5670337-3,0.94811094,1.0
7665777-2,7665777-8,0.7910985,1.0
3141708-1,6185941-1,0.6373813,0.0
3414006-1,5795860-2,0.77160084,0.0
7275946-1,8404617-1,0.51595885,0.0
7176025-1,7176025-2,0.30846307,1.0
4054067-1,4054067-3,0.8760708,1.0
6080074-1,7251491-1,0.24811275,0.0
4367037-1,6019205-2,0.08757822,0.0
6064627-1,6631397-1,0.062046822,0.0
2396657-1,8206537-2,0.11336781,0.0
7784239-4,7784239-7,0.76957786,1.0
4917947-1,4917947-2,0.81380945,1.0
3671515-3,3671515-4,0.6184626,1.0
4129927-1,4129927-2,0.5131279,1.0
4073465-1,4533581-1,0.029362498,0.0
2626575-3,2626575-4,0.65040636,1.0
6004815-2,6004815-6,0.5853782,1.0
5113927-1,5113927-9,0.40794945,1.0
3529930-1,8190003-1,0.10882244,0.0
8669739-1,8669739-2,0.06453164,1.0
7301429-1,7607283-1,0.43573594,0.0
4010044-1,4214711-2,0.17149442,0.0
6344923-1,6350341-1,0.36217204,0.0
4575794-2,5148816-1,0.16977459,0.0
4492330-1,7052123-1,0.20080191,0.0
5332170-1,5332170-2,0.30420008,1.0
7350952-1,7350952-2,0.2123977,1.0
5107659-2,6986456-1,0.50881565,0.0
6310511-1,6310511-3,0.8604391,1.0
7180523-1,7947317-1,0.09018253,0.0
4540993-1,7971718-1,0.28920606,0.0
7485476-2,7485476-5,0.5726256,1.0
6257534-4,6257534-6,0.7895425,1.0
8027707-1,8027707-3,0.7366215,1.0
5571603-4,5571603-5,0.950192,1.0
8364764-2,8364764-8,0.8115123,1.0
3005218-1,8645491-1,0.09972018,0.0
3303530-1,5822601-1,0.4541336,0.0
3314863-1,8576766-1,0.40630123,0.0
3162762-1,6714308-1,0.16539428,0.0
4418101-1,7771832-1,0.56275356,0.0
7203783-2,7857668-1,0.12789269,0.0
5235655-1,5235655-2,0.3677633,1.0
4087859-1,7902498-1,0.13541332,0.0
7519989-1,8148337-1,0.35534495,0.0
6344923-1,6350341-1,0.36217204,0.0
3533459-1,4009157-1,0.30716658,0.0
6079505-1,6425598-1,0.12723711,0.0
5367224-1,5485266-1,0.43047246,0.0
5633263-1,7727078-1,0.07989937,0.0
7749935-3,7749935-8,0.7850532,1.0
5888831-2,6767797-1,0.5152812,0.0
7683446-1,7846890-1,0.3468371,0.0
4534750-1,7153818-1,0.12335911,0.0
7265421-1,7695605-5,0.068210125,0.0
3364643-2,4219198-1,0.11181581,0.0
3335817-2,3335817-3,0.34308288,1.0
7584942-1,7584942-2,0.3206847,1.0
2966751-2,2966751-3,0.90158004,1.0
6323374-1,6323374-2,0.46752313,1.0
2640403-1,2640403-8,0.78919834,1.0
4991184-1,6370920-1,0.35184893,0.0
7485476-1,7485476-3,0.79252243,1.0
6311045-2,6311045-6,0.8449391,1.0
2409333-1,4439693-1,0.11702229,0.0
4738710-1,6786697-1,0.5634531,0.0
5153464-1,8452165-1,0.11950014,0.0
5898585-2,5898585-3,0.7676676,1.0
3975200-1,8369195-1,0.5859926,0.0
6504238-2,7430658-1,0.64963806,0.0
4831504-1,4831504-3,0.5965411,1.0
6598598-4,6598598-7,0.59894556,1.0
6159118-1,7006440-5,0.3367343,0.0
4165033-3,4417469-1,0.4916521,0.0
2697057-1,5583973-1,0.6694808,0.0
3438302-1,7872596-1,0.042184107,0.0
3310787-1,6635170-1,0.25697485,0.0
4293457-2,4293457-6,0.49328494,1.0
3518961-3,7520403-1,0.7093763,0.0
5139751-1,8471443-1,0.22100459,0.0
3697985-3,3697985-4,0.6487082,1.0
6612332-1,6635142-1,0.06156345,0.0
4999048-4,4999048-5,0.7994159,1.0
4518380-1,8591634-1,0.13236333,0.0
3156521-1,3156521-2,0.8630015,1.0
6069660-1,6069660-2,0.79345596,1.0
5851773-1,6580405-1,0.2664859,0.0
6843603-5,6887600-1,0.6606211,0.0
2713839-1,7765866-1,0.40843388,0.0
3423063-1,4020897-1,0.3057452,0.0
3062792-2,4502541-1,0.11576564,0.0
2771959-1,3687154-1,0.48593977,0.0
7252654-2,7252654-3,0.29143146,1.0
3640228-1,3640228-2,0.1520228,1.0
3503657-4,7409413-1,0.20683424,0.0
3533459-1,3533459-3,0.66796905,1.0
4174714-1,4849313-1,0.3156545,0.0
2820005-1,8563140-1,0.47712636,0.0
3873319-1,3873319-4,0.5214906,1.0
529263-2,529263-6,0.8439725,1.0
4359501-1,7239988-1,0.07063497,0.0
4001234-2,4001234-6,0.7765981,1.0
5605694-1,5605694-2,0.6874575,1.0
2845357-1,2845357-3,0.5139386,1.0
6419825-1,8489654-1,0.13800614,0.0
3459784-3,3459784-6,0.84605885,1.0
2559824-1,5061665-1,0.3092632,0.0
7502301-2,7502301-3,0.8931419,1.0
8570721-3,8570721-4,0.674402,1.0
8072080-2,8435096-2,0.1568887,0.0
5363092-1,7896674-1,0.29092243,0.0
2518134-3,2518134-6,0.8777146,1.0
7757713-1,7757713-3,0.6852639,1.0
4611948-1,5565389-1,0.47710925,0.0
6324149-1,6324149-2,0.6466621,1.0
3088941-1,4280458-2,0.6007507,0.0
5574251-1,8374996-1,0.21063568,1.0
539248-1,6310527-1,0.2228324,0.0
8515538-1,8515538-5,0.7938681,1.0
5984346-1,6351429-1,0.5694799,0.0
5991051-1,6456155-1,0.6125992,0.0
5757412-1,8240573-1,0.5332039,0.0
7443826-2,7443826-8,0.54457533,1.0
5846181-4,5846181-5,0.7552554,1.0
6728788-1,6728788-3,0.6878057,1.0
4789813-3,4789813-4,0.49459454,1.0
2908822-1,4949336-1,0.14807132,0.0
6158977-1,8653749-3,0.37846488,0.0
2631594-1,2700442-1,0.53059226,0.0
3355351-2,3355351-5,0.8622852,1.0
7505515-1,7505515-2,0.2967056,1.0
6124168-2,6124168-6,0.53079295,1.0
5248450-1,6284872-1,0.34728274,0.0
7265421-1,7695605-5,0.068210125,0.0
5784682-1,5784682-4,0.42997015,1.0
2584074-1,4357681-1,0.28627735,0.0
5965133-1,8405417-1,0.8291697,0.0
6525217-1,6819534-2,0.36822766,0.0
8383623-1,8383623-2,0.8938798,1.0
7446424-2,7446424-4,0.6357441,1.0
3446124-3,3446124-4,0.88944286,1.0
4033141-3,4033141-4,0.6707849,1.0
6835147-3,8223983-1,0.19303939,0.0
7237229-2,7237229-4,0.9132532,1.0
7602585-2,7602585-3,0.3669052,1.0
7882415-1,7882415-2,0.64097697,1.0
3644296-1,3644296-3,0.7757181,1.0
4916828-1,5742438-1,0.09029463,0.0
6366379-1,6366379-3,0.61044276,1.0
4782403-2,8670129-1,0.3173067,0.0
6710881-1,7961707-2,0.49001345,1.0
4991159-1,8349918-1,0.70555454,0.0
7519596-1,8140954-1,0.17860681,0.0
4540993-1,7971718-1,0.28920606,0.0
3678183-3,8716131-1,0.58140296,0.0
2740312-1,4432380-1,0.23709235,0.0
7011274-1,7011274-2,0.8691645,1.0
5025414-1,8249210-1,0.034608815,0.0
4998961-1,7414370-1,0.3494338,0.0
7350967-2,7350967-3,0.9669084,1.0
8495066-3,8495066-4,0.92256916,1.0
3829261-1,6475846-1,0.121909946,0.0
4345234-1,8275140-1,0.4184055,0.0
1847680-1,5287178-1,0.21807665,0.0
7399777-1,8133284-1,0.2581891,0.0
3861363-1,5747235-1,0.43153602,0.0
5932826-1,5932826-9,0.88482237,1.0
4779351-1,7220631-1,0.25763896,0.0
2259327-1,3863517-1,0.15020552,0.0
6502106-1,6502106-2,0.8415915,1.0
6304522-1,7746005-1,0.2706469,0.0
1687152-1,8015043-1,0.18888779,0.0
8391342-25,8391342-8,0.97550184,1.0
3391621-1,5642479-3,0.8997332,0.0
3522506-1,7180307-1,0.16145273,0.0
4038860-1,4038860-2,0.54606694,1.0
3481879-1,6120402-1,0.5830204,0.0
7437123-4,7437123-5,0.92038316,1.0
3917645-1,8357653-1,0.77993834,0.0
5161513-2,5161513-7,0.5707554,1.0
6128999-1,6507808-1,0.041545395,0.0
8721730-1,8721730-2,0.78334653,1.0
7988206-12,7988206-8,0.74597555,1.0
8372087-1,8572351-1,0.15820655,0.0
6642620-1,7666449-2,0.07943393,0.0
3878478-1,3878478-3,0.84790117,1.0
6890279-1,8003149-1,0.5602633,0.0
4722521-1,7682940-1,0.20559023,0.0
3974743-1,3974743-2,0.43192086,1.0
2610659-1,2610659-4,0.75176823,1.0
3418041-1,7000441-3,0.056569632,0.0
8709039-1,8709039-3,0.65598226,1.0
7994471-4,7994471-6,0.77268636,1.0
8607591-1,8607591-2,0.1902174,1.0
4434493-2,4434493-4,0.84605455,1.0
4010026-1,8356265-1,0.057837676,0.0
2737776-1,8415956-1,0.71692055,1.0
6785302-1,8208042-1,0.35975972,0.0
3170347-1,8004282-1,0.20563047,0.0
5582424-1,5582424-3,0.440111,1.0
3074291-1,6598396-1,0.13752437,0.0
3204234-2,3204234-3,0.49964148,1.0
6028424-1,6028424-2,0.560205,1.0
5396409-1,8586889-1,0.1798952,1.0
5505298-1,6795739-1,0.2682495,0.0
3168002-1,8159644-1,0.54189515,0.0
4955467-3,4955467-4,0.523619,1.0
5457574-1,6555907-1,0.2624415,0.0
6933959-2,6933959-4,0.83203495,1.0
8371642-1,8371642-2,0.72905767,1.0
7174277-1,7174277-2,0.7426298,1.0
7853432-1,7853432-2,0.7071052,1.0
8391342-25,8391342-8,0.97550184,1.0
2169208-1,4173535-1,0.3792319,0.0
6595396-1,6595396-2,0.51475966,1.0
8218079-3,8218079-5,0.7245329,1.0
5909360-1,5909360-4,0.21764825,1.0
6236112-4,6236112-6,0.7435031,1.0
2526092-1,3068105-1,0.22716384,0.0
3633231-2,8454244-1,0.1562467,0.0
5567077-1,6547267-1,0.19954292,0.0
6663119-1,8484552-1,0.5579586,0.0
3778810-1,3778810-2,0.689586,1.0
2775699-1,5702700-1,0.11212806,0.0
3209596-1,4376921-1,0.5586431,0.0
6343558-1,7552318-1,0.9250428,0.0
3371475-1,6713245-1,0.23884931,0.0
5808087-3,5808087-4,0.65122277,1.0
3964932-3,3964932-4,0.32479727,1.0
7536469-1,8476203-1,0.4387776,0.0
4455125-3,8264871-1,0.67819643,0.0
3388578-1,4689081-1,0.11528675,0.0
7652198-1,7652198-3,0.7446019,1.0
6023324-3,6023324-8,0.789108,1.0
7663930-3,7663930-6,0.7667056,1.0
3339798-1,5446369-6,0.43083647,0.0
5298516-1,8290849-1,0.25368977,0.0
2843128-1,2843128-2,0.39358866,1.0
4720199-2,7586353-1,0.42231923,0.0
6847994-3,6847994-5,0.5691846,1.0
8439402-1,8439402-2,0.57843494,1.0
5047021-1,5832135-1,0.1504736,0.0
8436292-4,8436292-6,0.38133204,1.0
6906734-1,8123259-1,0.3307391,0.0
6256161-1,8263270-1,0.3980895,0.0
5030402-1,5030402-2,0.7179607,1.0
6277870-4,6277870-6,0.19090438,1.0
3699915-2,3699915-4,0.4925984,1.0
3800653-1,7575332-1,0.7055829,0.0
4596050-1,7719191-1,0.5075908,0.0
4145547-2,8442218-1,0.53148454,0.0
3125361-1,4151641-1,0.27653193,0.0
3530754-1,6186323-2,0.24814205,0.0
8527556-2,8527556-4,0.5113575,1.0
6831184-1,6856227-1,0.5626831,0.0
8094930-1,8179788-1,0.37035805,0.0
7431202-1,7431202-3,0.6167544,1.0
7374822-1,8189269-1,0.26423702,0.0
3530754-1,6186323-2,0.24814205,0.0
8544915-2,8544915-3,0.7343929,1.0
6211148-1,6211148-2,0.7852084,1.0
4868919-1,4972880-1,0.33721396,0.0
4546785-1,4546785-3,0.8211466,1.0
8278647-1,8278647-3,0.18314119,1.0
7992724-2,7992724-3,0.94107914,1.0
4323511-1,5093178-1,0.20128754,0.0
8436292-6,8436292-7,0.72900933,1.0
3156521-1,3156521-2,0.8630015,1.0
6258717-3,6258717-4,0.92346686,1.0
8464303-1,8464303-3,0.8791661,1.0
4087859-1,7902498-1,0.13541332,0.0
4693336-1,4973067-1,0.3370307,0.0
4177003-1,7829722-1,0.34030524,0.0
4278097-1,4278097-2,0.7935126,1.0
2628089-1,3977455-2,0.36504382,0.0
6915050-1,7739021-1,0.44914556,0.0
4182008-2,4182008-4,0.68014216,1.0
4515513-3,4515513-4,0.472081,1.0
5053003-1,5053003-3,0.54623395,1.0
8383623-1,8383623-2,0.8938798,1.0
4531435-2,5934517-1,0.60191005,0.0
4281902-1,4777234-1,0.25568506,0.0
514549-1,514549-2,0.84450376,1.0
3671523-1,3671523-3,0.21766628,1.0
6963185-1,7386801-3,0.4148646,0.0
7367413-1,7367413-2,0.8738992,1.0
6397731-1,7083191-1,0.26331758,0.0
5167315-1,7358953-1,0.53261256,0.0
3600330-1,5088476-3,0.44540846,0.0
7354550-2,7354550-3,0.68044794,1.0
7799191-2,7799191-6,0.670241,1.0
6389012-1,6389012-2,0.35316196,1.0
8611606-8,8611606-9,0.5462131,1.0
3471430-1,3471430-2,0.70352453,1.0
3816041-1,4421282-1,0.3629426,0.0
5939900-1,8255035-1,0.14834784,0.0
4558752-1,6731007-1,0.06205455,0.0
5546652-1,6939972-2,0.7907806,0.0
5324177-1,5324177-2,0.84780306,1.0
2700442-1,6909245-1,0.29524782,0.0
3897098-3,3897098-4,0.8311222,1.0
7465747-3,7465747-6,0.61963403,1.0
4393636-1,4775775-2,0.29521012,0.0
5745586-2,5745586-3,0.49667707,1.0
4766804-1,4766804-3,0.9439074,1.0
5366995-3,7067576-1,0.8414337,0.0
6908544-1,6908544-3,0.7385792,1.0
8077172-4,8077172-5,0.5718415,1.0
3199429-2,3199429-4,0.38099238,1.0
6516020-1,7831216-1,0.036188982,0.0
4777948-2,4777948-6,0.8295996,1.0
6282074-1,6282074-2,0.8907261,1.0
3109664-1,6475964-1,0.302527,0.0
6366379-1,6366379-3,0.61044276,1.0
4357407-1,6395427-8,0.3028962,0.0
5917864-1,5917864-2,0.4172145,1.0
5010374-1,6177674-3,0.31680816,0.0
8666976-3,8666976-5,0.43914396,1.0
3420403-1,4584027-1,0.16022928,0.0
6370147-1,6370147-2,0.80880713,1.0
4660714-1,7251899-1,0.66615754,0.0
3822421-1,6357366-1,0.3368539,0.0
4107223-2,4107223-3,0.32392967,1.0
3465888-1,5318607-1,0.35580796,0.0
3258229-2,3258229-5,0.839276,1.0
3312686-1,6000749-1,0.50582546,0.0
7752735-1,8136465-1,0.37336293,0.0
4943824-2,4943824-3,0.66210204,1.0
8411108-1,8411108-3,0.86556935,1.0
5589583-1,6479779-2,0.41840655,0.0
4999048-4,4999048-5,0.7994159,1.0
8603415-1,8637793-3,0.6362625,0.0
2527499-1,3863830-1,0.23621492,0.0
3897635-1,3897635-2,0.747243,1.0
3293005-1,8080871-1,0.68693745,0.0
8129005-1,8129005-2,0.5420229,1.0
8428280-1,8428280-3,0.81803066,1.0
6169347-1,7096369-4,0.6364375,0.0
8683277-3,8683277-4,0.5862314,1.0
7489718-1,8490061-1,0.22830343,0.0
6020962-1,8202535-3,0.06645188,0.0
8515538-1,8515538-5,0.7938681,1.0
6249143-1,6249143-3,0.72605187,1.0
4438148-1,5791511-1,0.08992659,0.0
8213934-2,8213934-3,0.93415475,1.0
2722008-1,4316802-1,0.22053853,0.0
5533695-3,8626597-1,0.81010365,0.0
3987316-1,4148739-2,0.21941671,0.0
4136959-7,4943302-1,0.7197643,0.0
3687156-1,5992757-1,0.18331212,0.0
4230342-1,6893047-1,0.33335745,0.0
5161513-2,5161513-7,0.5707554,1.0
6644311-1,6644311-2,0.23100343,1.0
2769370-1,6120049-4,0.428266,0.0
6846306-1,7875147-1,0.14275217,0.0
3611917-1,7213827-1,0.6314995,0.0
4405969-1,4405969-3,0.6098671,1.0
6885689-1,6885689-4,0.71073586,1.0
3861473-1,3861473-3,0.512487,1.0
3872090-1,3872090-2,0.9111671,1.0
7993970-1,7993970-2,0.4932482,1.0
5371602-1,6085926-1,0.3040568,0.0
4100275-1,4100275-3,0.74560654,1.0
3126734-4,3126734-5,0.5722817,1.0
7071737-2,7071737-4,0.7808564,1.0
1224859-2,1224859-3,0.61193854,1.0
5422758-1,6657478-1,0.3662385,0.0
4504872-5,4504872-6,0.91624594,1.0
7726359-2,8343453-1,0.37915772,0.0
4782403-2,8670129-1,0.3173067,0.0
3212924-1,4409195-1,0.3332177,0.0
4685866-7,4685866-8,0.53939366,1.0
4686810-3,4686810-7,0.3707123,1.0
4575794-5,4575794-9,0.6715308,1.0
7695605-3,7695605-5,0.6095355,1.0
4423003-1,5117983-1,0.6207096,0.0
5932826-2,5932826-6,0.8595595,1.0
6426764-5,6426764-6,0.75257254,1.0
2740291-1,2740291-4,0.41855818,1.0
2964793-1,4693350-1,0.5324775,0.0
2430565-1,2430565-6,0.106582955,0.0
6491668-1,8172316-1,0.33263615,0.0
3052469-1,8101505-1,0.061131433,0.0
4421263-1,8627933-2,0.31520435,0.0
4531193-1,7292088-1,0.7380301,0.0
6813690-1,6813690-4,0.7231258,1.0
4307725-1,4307725-2,0.90059394,1.0
7492794-4,7492794-5,0.6713245,1.0
3546445-1,7545050-1,0.41017443,0.0
7983582-1,8281416-1,0.0709668,0.0
7689230-1,8613558-1,0.30341324,0.0
4436496-2,4436496-3,0.42505488,1.0
3199411-1,4940515-1,0.4944174,0.0
3657246-1,4049773-2,0.18045738,0.0
3465888-1,5318607-1,0.35580796,0.0
5294357-1,5939034-1,0.6921325,0.0
3778808-1,5846346-1,0.2805311,0.0
3094293-1,5081261-1,0.54552156,0.0
6060766-2,6060766-6,0.45582673,1.0
7527865-2,7592682-3,0.13585572,0.0
3094293-1,5081261-1,0.54552156,0.0
3671515-3,3671515-4,0.6184626,1.0
3335575-1,5619703-1,0.08600685,0.0
7773689-1,7773689-3,0.85593164,1.0
3170628-1,8493511-1,0.13410778,0.0
5846181-4,5846181-5,0.7552554,1.0
7004772-1,7004772-2,0.57927847,1.0
7193214-1,8186093-3,0.14379773,0.0
7321844-4,8695659-1,0.24228182,0.0
3427702-1,3660934-1,0.37216437,0.0
8415640-2,8415640-5,0.5755741,1.0
8042811-2,8042811-5,0.66238713,1.0
5755626-1,8485528-1,0.4265756,0.0
3655875-3,8180334-1,0.33686417,0.0
3868701-1,8191651-1,0.42725086,0.0
7449621-1,7449621-3,0.6006744,1.0
2640403-3,5253495-1,0.4809411,0.0
8674165-3,8674165-7,0.73211193,1.0
4427375-1,5521354-1,0.46114552,0.0
6766258-3,6766258-5,0.90063566,1.0
8151272-4,8151272-7,0.86052954,1.0
2020471-1,7047887-2,0.2931661,0.0
3589613-1,7721848-1,0.08868364,0.0
8191643-1,8191643-3,0.87578404,1.0
2246138-1,5799975-1,0.43976977,0.0
4538962-1,7213949-1,0.35682055,0.0
7474560-2,7474560-3,0.26043138,1.0
6997318-1,6997318-2,0.42345086,1.0
3263702-1,3263702-3,0.5006579,1.0
3909042-1,3909042-2,0.4674736,1.0
8436632-1,8436632-3,0.40167817,1.0
7714405-1,7714405-3,0.63163286,1.0
4804666-1,7508131-1,0.037153102,0.0
5788510-1,6504752-1,0.5815489,0.0
5747782-1,6919952-1,0.3342892,0.0
6444229-1,7549992-1,0.09467645,0.0
4094743-3,4094743-5,0.76189095,1.0
8028151-3,8028151-6,0.5014035,1.0
3569403-1,3569403-2,0.5502309,1.0
2507719-1,6712609-4,0.4763395,0.0
2810823-1,2810823-2,0.8058411,1.0
8177776-1,8177776-2,0.7544539,1.0
6878928-3,6878928-4,0.23151681,1.0
3986296-1,3986296-3,0.5806715,1.0
6552571-2,6552571-3,0.85830504,1.0
5405905-1,8387585-1,0.3812959,0.0
3304171-2,3304171-5,0.5740142,1.0
6057417-1,6402744-1,0.24875954,0.0
8352886-1,8352886-2,0.6669102,1.0
8154820-1,8325963-1,0.11020122,0.0
7569537-3,7569537-4,0.6620374,1.0
4173238-2,4173238-3,0.7264693,1.0
8611532-1,8611532-6,0.82733124,1.0
2887894-1,3356594-1,0.2455981,0.0
3544061-1,5797261-1,0.07824029,0.0
3846999-1,5704856-1,0.12007775,0.0
3354865-1,7896672-1,0.2808412,0.0
5712115-4,5712115-7,0.8112697,1.0
3263067-1,3687721-1,0.3451857,0.0
3540710-1,4492332-1,0.26345247,0.0
3300901-1,8602871-1,0.26878145,0.0
3350237-1,6023385-1,0.10701893,0.0
4056719-1,6521681-1,0.603236,0.0
4052498-2,4052498-5,0.85449255,1.0
2994792-1,2994792-2,0.5337347,1.0
4984831-1,8571254-1,0.07131551,0.0
2776156-1,2776156-4,0.7196366,1.0
2821771-1,7152526-1,0.10464872,0.0
8611606-4,8611606-8,0.37515,1.0
2100043-1,6601221-1,0.4758778,0.0
4204775-1,5965110-1,0.39920104,0.0
5996661-3,5996661-4,0.70745045,1.0
5040846-2,5040846-4,0.5406854,1.0
4702300-1,4702300-5,0.89548653,1.0
7463145-2,7463145-4,0.5814176,1.0
7434251-1,7434251-2,0.74950653,1.0
4153192-1,4153192-7,0.58162105,1.0
4702300-2,4702300-4,0.9416388,1.0
3502796-1,3502796-2,0.85495627,1.0
4772458-1,4772458-2,0.2283538,1.0
7856932-2,7856932-3,0.7878445,1.0
2930635-1,6498289-1,0.2900055,0.0
4363960-1,8628920-1,0.17534378,0.0
5201065-5,5201065-9,0.86078346,1.0
6167653-1,6167653-2,0.18608595,1.0
3639158-4,3639158-5,0.4275892,1.0
4611948-1,5565389-1,0.47710925,0.0
6324859-2,6324859-4,0.5762241,1.0
4206930-1,8052521-1,0.18443006,0.0
3195365-1,7353901-1,0.026637375,0.0
2815756-5,2815756-9,0.777044,1.0
8611606-10,8611606-13,0.726864,1.0
7678887-1,7678887-2,0.178127,1.0
6344064-1,6368206-1,0.37208158,0.0
7365046-1,8364993-1,0.08170804,0.0
2631494-1,3999606-2,0.56290835,0.0
6473094-1,6473094-3,0.38478312,1.0
4998961-1,7414370-1,0.3494338,0.0
7519596-1,8140954-1,0.17860681,0.0
7268154-1,7268154-2,0.6616376,1.0
3978052-1,3978052-2,0.84855634,1.0
7265239-1,7265239-2,0.9437218,1.0
4534593-1,6743662-1,0.6199948,0.0
4527814-1,4527814-2,0.769052,1.0
5437390-1,5909095-1,0.062767304,0.0
2765184-1,7306366-2,0.2202753,0.0
3740606-1,3740606-3,0.29836303,1.0
3219887-2,7417128-1,0.100002415,0.0
7749935-3,7749935-8,0.7850532,1.0
6327820-1,6327820-2,0.6246475,1.0
4726507-1,4726507-5,0.52614635,1.0
7575294-2,7575294-4,0.48214975,1.0
7648307-1,7993427-1,0.14316016,0.0
3686641-1,3686641-2,0.7806683,1.0
7366761-2,7366761-4,0.7100946,1.0
4283393-1,5409946-1,0.25156075,0.0
6149306-1,6149306-3,0.7853057,1.0
3474341-1,5963240-1,0.30861488,0.0
4655030-1,4884798-1,0.3495032,0.0
3620045-1,4982345-1,0.043031625,0.0
2529260-1,4601425-1,0.396552,0.0
5124455-1,5124455-3,0.59691507,1.0
6454844-1,6944864-1,0.6184679,0.0
8190523-1,8422025-4,0.3679941,0.0
2020471-1,7047887-2,0.2931661,0.0
3341186-1,4280760-1,0.41716105,0.0
3309234-1,4878231-1,0.16343129,0.0
1906806-10,1906806-2,0.9161289,1.0
6311773-1,6311773-7,0.78196925,1.0
4744458-1,7909126-1,0.26235154,0.0
7455533-1,7455533-2,0.80962133,1.0
3343415-1,6158927-3,0.13057294,0.0
6062666-1,7312278-1,0.40259275,0.0
2635124-1,4616569-2,0.5966396,0.0
6199969-1,8051562-1,0.3767535,0.0
3162762-1,6714308-1,0.16539428,0.0
2844426-1,2844426-4,0.6613995,1.0
3503657-4,7409413-1,0.20683424,0.0
4699197-1,4699197-3,0.3396059,1.0
3804807-1,4123284-1,0.29715553,0.0
8482707-1,8482707-3,0.71428794,1.0
3424906-1,8211758-1,0.68942803,0.0
8428280-2,8428280-9,0.80794597,1.0
6452482-1,7542055-3,0.27049997,0.0
4052498-2,4052498-5,0.85449255,1.0
4386675-1,7315195-1,0.7614443,0.0
8643187-2,8643187-3,0.78911364,1.0
2718140-2,2718140-3,0.7016391,1.0
3214048-2,4006608-1,0.10450689,0.0
7725582-1,8571962-1,0.3750231,0.0
5532902-1,7803163-1,0.31287763,0.0
2999723-1,5224743-1,0.26193005,0.0
5887590-1,7899914-1,0.323267,0.0
7568094-3,7568094-5,0.7207833,1.0
5337234-3,5337234-4,0.7099763,1.0
7238787-1,7238787-4,0.49582228,1.0
7844909-2,7844909-3,0.59668577,1.0
6282074-1,6282074-2,0.8907261,1.0
3788297-1,8318616-1,0.20815535,0.0
5055948-1,5055948-3,0.73771155,1.0
8601274-1,8601274-2,0.15477,1.0
4894025-1,4894025-2,0.6222956,1.0
6822671-1,8343286-2,0.5813679,0.0
4040646-1,8107657-1,0.7420092,0.0
5556877-1,5556877-2,0.8923552,1.0
4063434-2,4063434-6,0.17084163,0.0
7306670-2,7306670-4,0.5620048,1.0
5820587-1,7996811-1,0.31919444,0.0
4793788-1,8648134-1,0.3018978,0.0
6458957-1,8507415-1,0.5764681,0.0
3793557-1,3793557-3,0.41111627,1.0
5897987-1,5897987-2,0.2761939,1.0
6681254-2,6681254-4,0.80491835,1.0
5887590-1,7899914-1,0.323267,0.0
7278537-2,7278537-4,0.6525399,1.0
4153863-1,4153863-2,0.48216102,1.0
6549290-1,6549290-5,0.7250117,1.0
3654626-1,8173402-1,0.5495796,0.0
7544249-1,7544249-3,0.1981423,1.0
8038423-1,8515523-1,0.3119235,0.0
8492880-3,8492880-4,0.87866384,1.0
8247613-1,8247613-2,0.7686583,1.0
3178776-1,6210665-1,0.3950184,0.0
3146942-2,3146942-3,0.64640725,1.0
4966406-1,6136232-1,0.56787264,0.0
3544906-10,3544906-12,0.68462926,1.0
7993970-1,7993970-2,0.4932482,1.0
6389012-1,6389012-2,0.35316196,1.0
6020495-1,8688679-1,0.10725218,0.0
5397814-1,5397814-2,0.8790166,1.0
5704783-1,5704783-2,0.20833188,1.0
5611870-1,8383637-2,0.08104217,0.0
8709556-1,8709556-2,0.6432938,1.0
5513699-1,5513699-3,0.809499,1.0
2526092-1,3068105-1,0.22716384,0.0
8705528-10,8705528-13,0.69237435,1.0
5427703-3,5427703-5,0.64736825,1.0
8178000-1,8178000-2,0.29070973,1.0
3881444-1,8135628-1,0.56441,0.0
8004176-1,8004176-3,0.92074186,1.0
3354792-2,3354792-4,0.8598749,1.0
4644830-1,6749758-1,0.41081762,0.0
1797050-1,3084168-1,0.72760516,0.0
4129602-2,4129602-4,0.7714804,1.0
7871073-1,8267720-1,0.18174829,0.0
4325394-1,6197536-1,0.15936942,0.0
4005186-1,8032976-1,0.42619944,0.0
4330691-1,4330691-2,0.22856846,1.0
7994471-4,7994471-6,0.77268636,1.0
7775944-2,7775944-4,0.7691351,1.0
3570192-3,3570192-4,0.65003157,1.0
7506038-1,7506038-3,0.7931038,1.0
8388796-2,8388796-3,0.7625025,1.0
5815714-2,5815714-5,0.3941623,1.0
2769293-1,6174309-1,0.2622166,0.0
5584713-1,5584713-2,0.85224193,1.0
5167315-1,7358953-1,0.53261256,0.0
4173249-1,8117474-1,0.7633709,0.0
4494526-1,7192250-2,0.11857968,0.0
3851705-1,4537717-1,0.35789275,0.0
4278090-1,4278090-4,0.2755794,1.0
7585506-3,7585506-4,0.61652684,1.0
3836937-1,4369927-1,0.34030244,0.0
6896379-2,6896379-3,0.74370265,1.0
6682377-1,7477153-1,0.23942508,0.0
6530164-1,8313357-1,0.3688929,0.0
3355697-1,6484571-1,0.62513447,0.0
6290221-1,8614051-1,0.2990232,0.0
5433411-1,7085154-1,0.09142755,0.0
8286377-4,8286377-5,0.3447441,1.0
6929121-3,6929121-5,0.81253564,1.0
7106567-2,7106567-3,0.9625982,1.0
4010057-1,6218349-5,0.6319637,0.0
6024327-3,6024327-5,0.9231681,1.0
6124800-1,7053798-2,0.18218419,0.0
5648094-1,5648094-2,0.7742638,1.0
5322711-1,6937978-1,0.18506432,0.0
4500871-2,5159176-1,0.46030322,0.0
4868816-1,8171351-1,0.08644417,0.0
5649805-3,5649805-4,0.868755,1.0
6854088-1,6854088-2,0.84726924,1.0
6451804-1,7035525-4,0.42373112,0.0
6857254-1,6857254-3,0.8292408,1.0
2712707-1,2712707-2,0.11875327,1.0
5493463-1,6974419-1,0.55287844,0.0
8133044-1,8133044-16,0.5679902,1.0
7367573-1,7367573-2,0.4252973,1.0
3819895-1,5546070-1,0.16939451,0.0
3519130-1,6693030-1,0.28510246,0.0
4426279-1,6029963-1,0.09403407,0.0
5907517-1,8682950-6,0.115023464,0.0
4826924-1,6473094-1,0.35102847,0.0
2396657-1,8206537-2,0.11336781,0.0
3755418-1,5412761-1,0.4290924,0.0
4528898-1,5623967-1,0.044269856,0.0
5325004-1,6409157-1,0.15206918,0.0
3500982-1,3500982-2,0.51662874,1.0
2740291-1,2740291-4,0.41855818,1.0
7475962-1,7932883-1,0.19656003,0.0
4939684-1,5084397-2,0.8009896,0.0
4597458-1,7969327-2,0.17903748,0.0
2776156-1,2776156-2,0.8938619,1.0
6004815-1,6004815-3,0.80573976,1.0
2817864-1,2817864-2,0.653032,1.0
4558752-1,6731007-1,0.06205455,0.0
7715921-1,7715921-2,0.7364572,1.0
3079085-1,3173924-4,0.12066689,0.0
8391342-15,8391342-8,0.8686354,1.0
6311300-1,7800327-1,0.69443053,1.0
3607783-1,7125463-1,0.43907613,0.0
4233061-1,4675478-1,0.76359445,0.0
8516557-1,8516557-2,0.6250346,1.0
3981230-1,8567520-1,0.056388654,0.0
5909360-2,5909360-4,0.7748569,1.0
7667327-2,7667327-3,0.5759752,0.0
2882553-1,3590512-1,0.31878164,0.0
3219782-1,5949169-1,0.23616028,0.0
8393241-1,8393241-4,0.24949054,1.0
4184659-2,7519726-2,0.7304368,0.0
3589229-1,3589229-2,0.7632626,1.0
4427155-1,4427155-5,0.43487695,0.0
8290849-1,8290849-2,0.64418364,1.0
3341744-1,8411108-1,0.26427847,0.0
5672999-1,7485476-11,0.28306645,0.0
3420670-1,8429020-1,0.50480217,0.0
8611567-2,8611567-3,0.89588034,1.0
7311546-11,7311546-12,0.71278787,1.0
3633231-2,8454244-1,0.1562467,0.0
3640228-1,3640228-2,0.1520228,1.0
7396112-1,7396112-3,0.80052155,1.0
6029187-1,6416119-1,0.5387186,0.0
3758170-1,5103332-1,0.42678532,0.0
4033901-2,4033901-3,0.47237805,1.0
4337168-1,6453619-1,0.7998715,0.0
4444563-2,4444563-5,0.8897784,1.0
8428511-1,8428511-5,0.33779472,1.0
6370578-2,6370578-3,0.8828753,1.0
3779398-1,8432414-1,0.46613264,0.0
7416177-2,7416177-5,0.45665807,1.0
3975200-1,8369195-1,0.5859926,0.0
6149306-1,6149306-5,0.64414614,1.0
4094663-2,4094663-8,0.94462323,1.0
3261412-1,7714748-1,0.20967047,0.0
3343251-1,3343251-2,0.8015836,1.0
4719388-1,7405101-4,0.06546517,0.0
8435653-1,8435653-2,0.9099157,1.0
2526092-1,3068105-1,0.22716384,0.0
4319353-3,4319353-4,0.41075027,1.0
6813687-1,7443679-1,0.13367698,0.0
3355033-1,4371897-1,0.21318655,0.0
2740124-1,3080807-1,0.26009846,0.0
eir personal data.\nConclusion: Appearances are often deceptive” is a popular proverb that emphasises the importance of analysing things thoroughly before arriving at a conclusion. Silent calculus presenting at the tip of glans is an extremely rare entity. High index of suspicion is hence required to rule out this uncommon presentation.\nBackground: Transfusion of blood and blood products which is considered as lifesaving modality, to evaluate the trends over the years Jan 2015- July 2019.\nMethods: Blood units collected from all eligible blood donors who donated Whole Blood were subjected to mandatory screening by ELISA for antibodies to HCV. Data was retrieved from Jan 2015- July 2019 and total number of donors who were reactive for anti-HCV was noted. Descriptive statistics was used to estimate prevalence.\nResults: Out of 54991 blood donor samples screened,0.5040626,1.0
3022561-1,6367946-1,0.04870916,0.0
5494519-1,5494519-3,0.5880878,1.0
7083186-1,8451514-1,0.2333768,0.0
7543146-1,7727771-1,0.27981317,0.0
3447179-3,7573284-1,0.4448095,0.0
7934535-1,8570892-1,0.5849196,0.0
3363060-1,8363435-1,0.26382825,0.0
7554384-2,7554384-6,0.8944484,1.0
8155578-4,8155578-5,0.47439203,1.0
6426014-1,6688888-1,0.23954809,0.0
3686641-1,6717324-1,0.6736357,0.0
8062634-1,8062634-5,0.14721434,1.0
4865644-2,7665863-1,0.2890497,0.0
8611478-2,8611478-3,0.9242076,1.0
6177071-1,6177071-3,0.70597756,1.0
5220453-1,5220453-3,0.864496,1.0
5000566-2,5444672-1,0.89017886,0.0
3254849-1,5640565-3,0.7714537,1.0
4782530-1,4782530-2,0.73797107,1.0
4100447-3,4100447-5,0.7018515,1.0
eir personal data.\nConclusion: Appearances are often deceptive” is a popular proverb that emphasises the importance of analysing things thoroughly before arriving at a conclusion. Silent calculus presenting at the tip of glans is an extremely rare entity. High index of suspicion is hence required to rule out this uncommon presentation.\nBackground: Transfusion of blood and blood products which is considered as lifesaving modality, to evaluate the trends over the years Jan 2015- July 2019.\nMethods: Blood units collected from all eligible blood donors who donated Whole Blood were subjected to mandatory screening by ELISA for antibodies to HCV. Data was retrieved from Jan 2015- July 2019 and total number of donors who were reactive for anti-HCV was noted. Descriptive statistics was used to estimate prevalence.\nResults: Out of 54991 blood donor samples screened,0.5040626,1.0
4777981-1,4777981-7,0.6433468,1.0
4852783-2,4852783-5,0.41425925,1.0
4623192-1,4623192-2,0.6226694,1.0
6302382-1,7082866-2,0.19533595,0.0
7220740-1,7220740-6,0.62496513,1.0
4271385-1,5910607-1,0.06515893,0.0
6208214-2,8183659-1,0.5230121,0.0
6884965-4,6884965-5,0.29159406,1.0
4901834-1,7437135-2,0.40879202,0.0
5610665-1,8628230-1,0.7088551,0.0
3981230-1,8567520-1,0.056388654,0.0
6880481-1,8420832-1,0.07987403,0.0
7745691-1,7745691-6,0.8503581,1.0
6251325-1,8525266-1,0.1778793,0.0
3390102-2,7934024-1,0.65307915,0.0
7268154-1,7268154-2,0.6616376,1.0
2693828-1,4225066-1,0.20093122,0.0
5047021-1,5832135-1,0.1504736,0.0
5996661-3,5996661-4,0.70745045,1.0
5394855-1,5394855-3,0.2557273,1.0
3221229-1,8360293-2,0.6513465,0.0
4318868-1,5051311-2,0.36701357,0.0
8699863-2,8699863-6,0.42376974,1.0
3600192-1,3600192-3,0.26206052,1.0
6062773-1,8613576-1,0.10722914,0.0
5649805-10,5649805-2,0.632938,1.0
5557522-1,5557522-2,0.77398807,1.0
4504631-2,4504631-3,0.659923,1.0
7191691-1,7191691-2,0.25759608,1.0
3789073-1,4522458-3,0.33834276,0.0
3421104-1,7711629-7,0.19503708,0.0
6382493-1,6382493-3,0.5257163,1.0
6024489-1,6024489-3,0.68880457,1.0
8386154-1,8386154-11,0.71605843,1.0
4238183-1,6402861-3,0.3444322,0.0
3956953-1,7188382-1,0.636795,0.0
3852596-1,4217767-1,0.22449231,0.0
3425229-1,5680081-1,0.24324779,0.0
3249300-1,4216673-1,0.23271023,0.0
8342471-3,8342471-4,0.8322801,1.0
8057747-2,8057747-5,0.30532107,1.0
5885127-2,5885127-3,0.26181582,1.0
4820191-2,7898480-1,0.36749518,0.0
5912312-2,5912312-5,0.95810956,1.0
6799647-1,6799647-2,0.6865296,1.0
5813420-1,6160050-9,0.50047016,0.0
2846278-3,6869208-1,0.11389836,0.0
6901812-2,6901812-4,0.846731,1.0
6611013-1,7583595-1,0.59025216,0.0
7515799-2,7515799-4,0.83890796,1.0
5569297-1,5569297-2,0.65252084,1.0
2483705-1,7360229-1,0.091005936,0.0
2880280-1,6306582-1,0.5318187,0.0
7784239-11,7784239-5,0.56817657,1.0
4532946-1,6203505-1,0.32879475,0.0
3125361-1,4151641-1,0.27653193,0.0
6042488-5,6042488-7,0.9297092,1.0
2222674-1,5354394-1,0.20722803,0.0
4054067-1,4054067-3,0.8760708,1.0
3848621-1,6360888-1,0.50440514,0.0
8077172-19,8077172-7,0.88143307,1.0
3070676-1,7186106-1,0.48637968,0.0
5088671-1,5088671-2,0.31049034,1.0
2614946-1,6424340-1,0.34316415,0.0
2966751-2,2966751-3,0.90158004,1.0
4425244-4,4425244-6,0.6815387,1.0
2938508-1,3475881-1,0.25286973,0.0
4704474-4,4704474-5,0.7181908,1.0
5477138-1,7045952-1,0.22651793,0.0
4421318-1,8247787-1,0.37599316,0.0
2839987-2,7154246-1,0.62035197,0.0
3968662-1,8051537-1,0.2935619,0.0
2998665-1,6394271-1,0.2204555,0.0
3087490-1,7278298-1,0.5129294,0.0
2813577-3,7780799-1,0.466844,0.0
3474963-1,5075289-3,0.3683037,0.0
7689230-1,8613558-1,0.30341324,0.0
8088476-1,8088476-2,0.75879496,1.0
7325412-1,8557646-1,0.07923147,0.0
4804602-1,8435476-1,0.18142672,0.0
6458957-1,8507415-1,0.5764681,0.0
6796684-4,6796684-5,0.44770175,1.0
5755626-1,8485528-1,0.4265756,0.0
4792615-1,4792615-2,0.78580964,1.0
4686635-3,4686635-4,0.77444375,1.0
2117016-1,3519746-1,0.25744522,0.0
5325004-1,6409157-1,0.15206918,0.0
3483317-1,3483317-2,0.8458339,1.0
8186093-1,8186093-7,0.8843187,1.0
5642131-12,5642131-3,0.6356537,1.0
3423063-1,8569136-4,0.10049284,0.0
2939409-1,3841599-2,0.35015798,0.0
4094749-1,4094749-3,0.6688781,1.0
2813577-5,2813577-6,0.9013194,1.0
6993913-1,7045690-2,0.79318213,0.0
4008515-1,6504755-1,0.6657626,0.0
4275753-1,8350112-1,0.47609925,0.0
6040249-1,6040249-2,0.105931625,1.0
6984358-1,7011579-1,0.079125196,0.0
6341853-1,7784403-1,0.014727764,0.0
4857311-1,6821909-2,0.37119356,0.0
7598844-2,7598844-3,0.6339689,1.0
3487304-1,3487304-3,0.974164,1.0
4573076-1,5094012-1,0.20698813,0.0
1884161-1,5295570-1,0.31678256,0.0
3851705-1,4537717-1,0.35789275,0.0
6898878-1,6898878-2,0.5805658,1.0
7385614-3,7385614-4,0.71328217,1.0
514615-1,7214555-1,0.14624958,0.0
5394408-2,5394408-3,0.3476444,1.0
6547274-1,6547274-3,0.5205289,1.0
8383533-4,8383533-5,0.6562037,1.0
4761595-3,8496000-1,0.87460005,0.0
5022516-1,5022516-4,0.79866886,1.0
3634204-1,7198083-1,0.6810674,0.0
7485476-1,7485476-8,0.73572403,1.0
8422025-1,8422025-5,0.56586117,1.0
4347730-1,6320170-1,0.3668684,0.0
2890504-1,8447050-1,0.3593148,0.0
3166681-1,5029257-2,0.67058,0.0
7160714-1,7160714-2,0.29700038,1.0
5075602-1,5075602-2,0.58329475,1.0
7365046-1,8364993-1,0.08170804,0.0
3563701-1,5857148-5,0.07003163,0.0
6324859-2,6324859-4,0.5762241,1.0
5839187-1,5839187-2,0.6451073,1.0
6598598-2,6598598-4,0.47640377,1.0
3424906-1,7336684-1,0.33681563,0.0
7819403-1,7819403-2,0.25237387,1.0
6038475-1,6038475-7,0.29061905,1.0
5100168-2,5100168-3,0.67774516,1.0
6708240-1,6708240-2,0.7297048,1.0
6370578-2,6370578-3,0.8828753,1.0
2858138-1,6982442-2,0.21306942,0.0
5134821-1,5134821-3,0.5191172,0.0
4745280-1,5005548-1,0.09242443,0.0
7249276-1,7249276-2,0.3829164,1.0
8186646-2,8229143-1,0.52076095,0.0
3580347-1,3580347-5,0.8744451,1.0
7322092-1,7322092-2,0.5109526,1.0
4905968-2,6963280-2,0.6062181,0.0
3486995-1,6743166-1,0.65805054,0.0
6089705-1,6259073-1,0.26605317,0.0
4800374-1,6738230-1,0.2938634,0.0
7534175-4,8138176-1,0.44093862,0.0
2740326-1,4841560-1,0.31570786,0.0
1939918-1,4600539-1,0.45938963,0.0
3087232-1,7385614-3,0.17202137,0.0
6114210-1,6114210-2,0.7186362,1.0
8218079-3,8218079-5,0.7245329,1.0
3228394-1,3228394-4,0.9033775,1.0
5289268-5,5289268-6,0.8531317,1.0
8129005-2,8129005-4,0.3394911,1.0
7943385-3,7943385-4,0.38342878,1.0
6095973-1,6095973-2,0.35966647,1.0
3754402-1,3754402-3,0.6374776,1.0
6001686-1,7369691-3,0.40610144,0.0
5806333-2,5806333-5,0.2672699,1.0
5396407-1,6416382-3,0.09268678,0.0
6050471-1,6060602-1,0.14957379,0.0
3549590-1,3549590-4,0.88544273,1.0
5304997-1,5304997-2,0.20098035,1.0
8386154-4,8386154-9,0.921117,1.0
3757813-1,4684858-1,0.3068744,0.0
8709039-1,8709039-3,0.65598226,1.0
3341841-1,3341841-2,0.48934773,1.0
5605694-1,5605694-2,0.6874575,1.0
7879527-2,7879527-4,0.72606564,1.0
6197948-1,7535011-1,0.22160892,0.0
7571946-1,7571946-3,0.7805074,1.0
8270568-1,8591554-1,0.03367037,0.0
5930829-1,5930829-2,0.7093909,1.0
4013344-2,4013344-3,0.8649101,1.0
6504238-2,6504238-3,0.17425032,1.0
5437390-1,5909095-1,0.062767304,0.0
6833182-3,8423165-1,0.17534433,0.0
5846181-1,5846181-8,0.19302645,1.0
3873319-6,3873319-7,0.19708793,1.0
3118378-1,6541452-1,0.45858878,0.0
7180205-1,7180205-6,0.67579216,1.0
8515716-2,8515716-3,0.81033707,1.0
7451160-1,7451160-3,0.45149425,1.0
4185326-1,6567761-2,0.39613187,0.0
7106567-2,7106567-3,0.9625982,1.0
5075602-1,5075602-2,0.58329475,1.0
5597899-1,6018880-1,0.26130328,0.0
7988206-12,7988206-7,0.73186624,1.0
5346454-7,5346454-8,0.97742295,1.0
5988756-6,5988756-8,0.6981294,1.0
4591497-1,5540298-1,0.44538972,0.0
8710561-10,8710561-7,0.6590558,1.0
3407125-3,3407125-5,0.9417333,1.0
5341637-1,7843435-1,0.20797716,0.0
4143527-1,4143527-2,0.71558267,1.0
4934108-1,6834095-1,0.16326264,0.0
8669740-1,8669740-2,0.36452216,1.0
4216664-2,6547321-1,0.7179186,1.0
8460487-2,8460487-5,0.7592077,1.0
7722635-1,8281630-2,0.18171707,0.0
2965913-1,8656308-1,0.13806061,0.0
5084613-1,5084613-4,0.5288704,1.0
5103332-2,5103332-3,0.62143797,1.0
5345890-2,5345890-4,0.22268446,1.0
2808661-1,3296411-1,0.08716236,0.0
3483705-1,4904588-1,0.09318772,0.0
2045672-1,4081653-2,0.2922045,0.0
7051864-1,7568093-1,0.41323006,0.0
7461343-1,7813980-1,0.29965797,0.0
5653679-1,5653679-2,0.82731915,1.0
2923780-1,4214435-1,0.120435245,0.0
4976152-1,8416638-1,0.28710058,0.0
5048704-5,5048704-6,0.5674435,0.0
8216569-3,8421185-1,0.6673333,0.0
4540530-1,8044442-1,0.33990854,0.0
3830332-2,7282360-1,0.51536524,0.0
3655875-3,8180334-1,0.33686417,0.0
5043358-1,8554727-1,0.31709108,0.0
7502318-1,7502318-2,0.68129045,1.0
7253871-1,7326677-1,0.2985061,0.0
4169830-1,6098632-1,0.28529543,0.0
7506085-1,7506085-2,0.24966267,1.0
4077557-4,4077557-9,0.46274874,1.0
6504238-2,7430658-1,0.64963806,0.0
6392553-1,6677044-1,0.08932494,0.0
4250924-1,4899633-1,0.3522259,0.0
5290791-1,5290791-3,0.8115667,1.0
5652580-2,5652580-3,0.71896136,1.0
6900415-3,6900415-4,0.8256123,1.0
8636697-1,8636697-2,0.5152029,1.0
4283393-1,5409946-1,0.25156075,0.0
7152536-1,8254151-1,0.3671952,0.0
3284021-1,5943108-2,0.16417806,0.0
4541672-5,4541672-7,0.6684309,1.0
8504030-2,8504030-5,0.70791966,1.0
4557152-1,4557152-5,0.5975149,1.0
3931271-1,5396424-1,0.17047647,0.0
8291460-1,8606058-1,0.3646256,0.0
6205896-1,6897378-2,0.35626203,0.0
3540710-1,4492332-1,0.26345247,0.0
7505619-1,8258411-1,0.1517721,0.0
3438306-1,3657432-1,0.3720887,0.0
5479100-1,5479100-2,0.22237475,1.0
7759551-2,7759551-5,0.6217814,1.0
7423211-2,7423211-3,0.39429864,1.0
3877442-1,5824545-1,0.08125716,0.0
2840790-1,3177914-1,0.4231994,0.0
4686708-1,8542344-1,0.4308968,0.0
8177776-1,8177776-2,0.7544539,1.0
5061096-3,5063890-1,0.27798578,0.0
5465520-1,8270060-1,0.5141776,0.0
3166681-1,5029257-2,0.67058,0.0
8460487-4,8460487-5,0.4740118,1.0
5107659-2,6986456-1,0.50881565,0.0
7573973-4,8082284-1,0.6740578,0.0
6371746-5,6371746-6,0.58724135,1.0
2910355-1,2910355-2,0.7732201,1.0
4100447-3,4100447-5,0.7018515,1.0
4663301-2,7461323-1,0.8149338,0.0
3265699-1,3265699-3,0.78959566,1.0
8710561-1,8710561-3,0.31181425,1.0
7590748-1,7590748-5,0.85093075,1.0
4192805-1,4586912-1,0.12273912,0.0
7988206-11,7988206-3,0.2302253,1.0
3302999-1,3981269-1,0.123971224,0.0
3312686-1,6000749-1,0.50582546,0.0
5649843-1,7772108-1,0.67864007,0.0
7373970-2,7373970-5,0.91639143,1.0
4162032-1,5817789-1,0.5085923,0.0
4043557-1,7585967-1,0.5532837,0.0
7551866-1,7551866-3,0.8228814,1.0
2927433-4,2927433-5,0.64755666,1.0
5596068-1,7520779-1,0.22620751,0.0
5819108-1,5819108-4,0.77509815,1.0
6617653-1,7034466-2,0.3965661,0.0
4274852-4,5825047-1,0.17134823,0.0
3779398-1,8432414-1,0.46613264,0.0
8276898-1,8276898-3,0.24079357,1.0
529263-1,529263-6,0.53085554,1.0
6813687-1,7443679-1,0.13367698,0.0
8267040-1,8267040-2,0.7051845,1.0
6993913-1,7045690-2,0.79318213,0.0
3860123-1,3860123-2,0.550438,1.0
3917645-1,8357653-1,0.77993834,0.0
3518961-3,7520403-1,0.7093763,0.0
2526450-1,4604288-3,0.6303252,0.0
8077172-12,8077172-2,0.8560594,1.0
3289491-1,3866317-1,0.12607785,0.0
5578589-1,5578589-2,0.7563882,1.0
3487024-1,5335820-1,0.40301237,0.0
6213664-4,6213664-5,0.9338815,1.0
4710113-1,4710113-2,0.9083608,1.0
5698993-1,7285567-1,0.059387967,0.0
3170628-1,8493511-1,0.13410778,0.0
3652118-3,8038893-1,0.3323809,0.0
7271245-1,7271245-2,0.42597327,1.0
2846566-2,2846566-3,0.53882027,1.0
4386778-1,7387005-1,0.4045226,0.0
6615421-1,7568822-4,0.25481737,0.0
6637358-4,6637358-6,0.77901393,1.0
8393241-1,8393241-9,0.7564167,1.0
5960165-1,6065136-1,0.5050766,0.0
7720770-3,7720770-4,0.9208262,1.0
4581503-1,5551286-1,0.3962322,0.0
3072501-1,3072501-2,0.53435373,1.0
4559789-1,5368924-4,0.13975504,0.0
3573578-1,3573578-2,0.7291816,1.0
5266367-4,5266367-5,0.84062725,1.0
2628025-1,2628025-3,0.7288532,1.0
3556532-2,3556532-4,0.8875469,1.0
2614979-1,4689988-1,0.27451977,0.0
6952478-1,8159654-1,0.2576298,0.0
8008131-2,8008131-3,0.259668,1.0
3965922-1,7915159-1,0.39887306,0.0
6332978-1,7484740-1,0.37367752,0.0
2582518-1,7210908-1,0.1674071,0.0
3822414-4,3822414-6,0.65639025,1.0
4121940-1,7752441-1,0.050138913,0.0
6506424-2,6506424-3,0.5907578,1.0
6796684-1,6796684-4,0.7143875,1.0
3111127-4,5074022-2,0.30691212,0.0
4978092-1,5674801-1,0.1909168,0.0
2964782-1,3820849-3,0.30526796,0.0
6882583-1,6882583-2,0.49301857,1.0
7349802-3,7349802-4,0.7944869,1.0
4010737-2,4010737-3,0.5748496,1.0
6683889-4,6683889-6,0.7852319,1.0
5829864-1,5829864-2,0.7139129,1.0
7850398-1,7850398-2,0.5510296,1.0
6744737-1,6744737-2,0.8218446,1.0
7162669-4,7952151-2,0.25829083,0.0
6746349-1,6746349-2,0.73568296,1.0
3507074-1,5858849-1,0.27928075,0.0
6799647-1,6799647-2,0.6865296,1.0
3835463-4,3835463-5,0.763747,1.0
7847093-2,7847093-4,0.42032343,1.0
5611870-1,8383637-2,0.08104217,0.0
4949203-1,6647250-1,0.34600914,0.0
7385614-3,7385614-4,0.71328217,1.0
3673351-1,3673351-2,0.5948426,1.0
6669302-1,8557675-1,0.26365516,0.0
4496068-1,6126179-1,0.17169595,0.0
7988206-11,7988206-2,0.33659512,1.0
8391342-25,8391342-8,0.97550184,1.0
6011134-1,6887609-1,0.1794023,0.0
6708993-1,6708993-3,0.6385784,1.0
6125267-1,6697460-1,0.6635913,0.0
7008279-1,7008279-3,0.72062737,1.0
4518380-1,8591634-1,0.13236333,0.0
3227314-1,7279692-1,0.25492182,0.0
3524190-2,7063189-1,0.36102244,0.0
5460656-1,5460656-6,0.24950975,1.0
6749096-1,8547566-1,0.25434446,0.0
3760260-1,5412867-1,0.34707412,0.0
6593541-1,6593541-2,0.84197927,1.0
3014854-1,5089230-1,0.22953804,0.0
7367386-6,7367386-9,0.3161888,1.0
7251434-1,7251434-2,0.5888723,1.0
6816128-1,6816128-2,0.71057117,1.0
6604469-1,6604469-2,0.5758846,1.0
7218296-1,7218296-2,0.62889665,1.0
4010057-1,6218349-5,0.6319637,0.0
4320515-1,4573614-1,0.11616187,0.0
3302995-1,3302995-3,0.3686997,1.0
3022785-1,3022785-2,0.6934031,1.0
7519989-1,8148337-1,0.35534495,0.0
7992912-1,8388796-7,0.14367649,0.0
7421811-1,7421811-4,0.42039338,1.0
4508633-1,7556097-1,0.4699321,0.0
7568094-3,7568094-5,0.7207833,1.0
6160237-3,6160237-4,0.8494409,1.0
3209597-1,4247509-1,0.2618922,0.0
2852601-1,2852601-2,0.73640835,1.0
3778808-1,5846346-1,0.2805311,0.0
8360293-3,8360293-9,0.47463655,1.0
8346514-2,8346514-3,0.8888808,1.0
5071172-1,5642869-1,0.17357257,0.0
7045536-1,7045536-2,0.33410043,1.0
2693557-1,4929363-2,0.13241641,0.0
8668032-2,8668032-3,0.3830853,1.0
6458957-1,8507415-1,0.5764681,0.0
3912782-1,3912782-3,0.9744336,1.0
6246865-1,6246865-3,0.3862254,1.0
7337025-2,7337025-3,0.6622786,1.0
4748767-1,4962865-1,0.13675721,0.0
4702300-1,4702300-5,0.89548653,1.0
6298014-1,6598598-8,0.22302173,0.0
7366761-2,7366761-4,0.7100946,1.0
5735802-1,5735802-2,0.52194995,1.0
5227125-1,7229076-1,0.38296714,0.0
2910292-1,2910292-2,0.8122862,1.0
4554025-1,7003725-1,0.28882828,0.0
6446325-1,7717722-1,0.056796607,0.0
6598598-2,6598598-3,0.5136411,1.0
3723993-2,8021310-1,0.106409654,0.0
6609309-1,6837833-2,0.24503544,0.0
4616573-1,7506085-3,0.26705217,0.0
5988756-2,5988756-5,0.817285,1.0
7315137-1,7315137-2,0.94571215,1.0
5788510-1,6504752-1,0.5815489,0.0
4130895-3,4130895-5,0.40520972,0.0
5387823-2,5387823-3,0.72410583,1.0
6380677-1,8567533-1,0.19188704,0.0
8155422-1,8155422-4,0.7865788,1.0
4410540-1,5890000-1,0.08982234,0.0
5437390-1,5909095-1,0.062767304,0.0
4760030-1,5404631-1,0.49553972,0.0
6549290-1,6549290-5,0.7250117,1.0
3986653-2,3986653-3,0.36490327,1.0
3638551-1,8265109-1,0.14274305,0.0
5547087-1,5547087-2,0.5772493,1.0
5853069-1,5853069-4,0.868277,1.0
5492460-1,6042488-10,0.3825632,0.0
3235785-1,8630978-1,0.4023446,0.0
8248082-1,8248082-4,0.6250036,1.0
4302118-1,4302118-4,0.62742865,1.0
6177049-1,8624037-1,0.35128903,0.0
6408453-1,7532242-1,0.4063529,0.0
3017876-2,3017876-4,0.16657124,1.0
6397944-1,7244962-1,0.4840836,0.0
2910292-1,2910292-2,0.8122862,1.0
2583964-1,3847183-1,0.27326813,0.0
3146916-1,3857984-1,0.33673254,0.0
5596068-1,7520779-1,0.22620751,0.0
3114563-2,3114563-3,0.5573829,1.0
3905562-1,5998278-1,0.60363156,0.0
8185063-2,8185063-3,0.33426934,1.0
5102924-1,7953407-1,0.30764002,0.0
5774734-1,7358080-1,0.5407016,0.0
6466910-1,6466910-2,0.51875514,1.0
3336228-1,8138075-1,0.33323586,0.0
3326978-1,8337126-1,0.35599482,0.0
2636015-1,2636015-3,0.7886991,1.0
6370147-1,6370147-2,0.80880713,1.0
4138489-2,4138489-4,0.71932703,1.0
4347361-1,6512045-1,0.45063838,0.0
2640403-5,2640403-7,0.62919855,1.0
6787415-1,6787415-3,0.6676097,1.0
3555570-3,3555570-6,0.16219714,0.0
3195389-1,4887828-1,0.20181574,0.0
3220070-1,8396245-1,0.22264782,0.0
5466218-1,5803715-1,0.34991115,0.0
3276904-1,3752620-1,0.38188663,0.0
4408654-1,6186876-1,0.15929544,0.0
8563620-1,8563620-4,0.40231496,1.0
5642131-14,5642131-15,0.49142292,1.0
4434495-1,7720389-1,0.052747745,0.0
6304711-2,6304711-3,0.7846779,1.0
4765299-1,4765299-5,0.14011636,1.0
7754281-1,7754281-2,0.94269633,1.0
3667440-2,3667440-5,0.59755564,1.0
5865279-10,5865279-6,0.5990479,1.0
3877610-1,8297428-1,0.09943671,0.0
6312625-5,6312625-8,0.71710384,1.0
6176975-1,7520241-1,0.29173175,0.0
1395322-1,1395322-3,0.8681679,1.0
7119093-1,7249895-1,0.12631154,0.0
5467348-1,8007176-3,0.5976136,0.0
3646555-2,8700716-4,0.3884093,0.0
5588374-1,6453844-1,0.086252235,0.0
8189301-1,8477820-1,0.11674112,0.0
4647800-2,7991702-1,0.39233783,0.0
4233051-1,4233051-2,0.7289168,1.0
7083246-1,7083246-3,0.7257092,1.0
8260478-3,8260478-5,0.6787474,1.0
2856359-1,2856359-2,0.50693667,1.0
5681756-2,5681756-4,0.6814962,1.0
5842533-1,5842533-2,0.31185836,1.0
4153278-2,4153278-3,0.593624,1.0
3223705-1,4421549-1,0.2028491,0.0
2507719-1,6712609-4,0.4763395,0.0
8569136-10,8569136-8,0.6187479,1.0
5649805-10,5649805-2,0.632938,1.0
2822157-1,3266151-1,0.4263138,0.0
5228664-1,5228664-3,0.16695063,1.0
5823629-3,8168005-1,0.7689096,1.0
8616346-2,8616346-4,0.9183322,1.0
8218035-1,8218035-2,0.43220443,1.0
6205315-1,6205315-2,0.56390435,1.0
4999637-1,5564113-2,0.5973226,0.0
5913999-1,5913999-2,0.2783745,1.0
7163239-1,7163239-2,0.82753843,1.0
6813687-1,7443679-1,0.13367698,0.0
4269622-5,4269622-6,0.8368781,1.0
4193158-1,4193158-2,0.77971935,1.0
7593724-2,7593724-5,0.6356783,1.0
8083751-1,8083751-3,0.710963,1.0
4778330-1,8221656-1,0.1174502,0.0
3667307-1,3667307-5,0.7202691,1.0
5358259-1,8046466-2,0.44746834,0.0
7768392-1,7768392-3,0.19902381,1.0
8171131-1,8171131-2,0.9028686,1.0
2700444-1,8180332-1,0.6380566,0.0
4362994-1,4676217-1,0.14184764,0.0
6681254-2,6681254-4,0.80491835,1.0
7574058-2,8362535-1,0.42156845,0.0
7066540-6,7066540-8,0.7477793,1.0
6533988-1,8473713-1,0.3682673,0.0
6312625-8,6312625-9,0.61961496,1.0
3469907-1,6092529-1,0.23130353,0.0
6592301-1,6789400-1,0.48299286,0.0
4857859-1,7595935-2,0.20252411,0.0
7042135-1,7042135-4,0.7571199,1.0
3891065-1,5325004-1,0.49435624,0.0
8004176-1,8004176-3,0.92074186,1.0
3639158-1,3639158-8,0.8965093,1.0
3610454-1,8517457-1,0.5597841,0.0
2765188-1,7606407-3,0.5613634,0.0
4455125-3,8264871-1,0.67819643,0.0
4212299-1,6951019-1,0.29063827,0.0
6683889-3,6683889-7,0.4471718,1.0
6392553-1,6677044-1,0.08932494,0.0
3539892-1,3539892-2,0.90537304,1.0
4700638-1,4700638-6,0.6618467,1.0
6935669-2,6935669-3,0.17858875,1.0
3113994-2,8629690-1,0.39110076,0.0
5248450-1,6284872-1,0.34728274,0.0
8050119-2,8050119-4,0.6759608,1.0
5406614-1,7430657-1,0.24929495,0.0
7554384-2,7554384-6,0.8944484,1.0
6169347-1,7096369-4,0.6364375,0.0
5804661-1,5804661-2,0.30996606,1.0
2092435-1,8138395-2,0.35565528,0.0
4529691-3,6460612-1,0.11078155,0.0
7907711-6,7907711-7,0.54346865,1.0
7464283-1,7464283-2,0.58073,1.0
3897766-1,3897766-2,0.7279122,1.0
4559789-1,5368924-4,0.13975504,0.0
3037889-1,5731429-1,0.6040288,0.0
6332555-4,6332555-6,0.6711401,1.0
3533460-1,8021306-1,0.5088918,0.0
3733192-1,4448066-1,0.168237,0.0
2829594-1,8115194-1,0.38198087,0.0
7784194-1,8581777-1,0.4810411,0.0
3652118-3,8038893-1,0.3323809,0.0
8399375-1,8399375-4,0.37989295,1.0
7737526-1,7913009-1,0.37293845,0.0
7239032-1,7239032-3,0.3481228,1.0
6029867-1,6029867-2,0.76414037,1.0
4686407-3,6876144-1,0.2949839,0.0
3897091-1,3897091-4,0.95631224,1.0
4164326-1,5644696-1,0.06825187,0.0
8216690-1,8216690-2,0.8612336,1.0
3556846-2,8578821-1,0.7446208,0.0
3304190-1,7562863-1,0.37223944,0.0
8441517-2,8441517-4,0.86608875,1.0
3919721-2,3919721-6,0.70614624,1.0
5697583-1,5894579-1,0.4719692,0.0
8632144-3,8632144-4,0.8737475,1.0
1464149-1,5294776-1,0.45687044,0.0
6796684-1,6796684-4,0.7143875,1.0
3897898-1,3897898-2,0.8009646,1.0
3673319-1,5221483-1,0.22419474,0.0
7475962-1,7932883-1,0.19656003,0.0
6781819-1,7695605-1,0.70512086,0.0
6915050-1,7739021-1,0.44914556,0.0
4789813-1,4789813-2,0.6804966,1.0
3163399-1,4391425-1,0.4915485,0.0
6595396-1,6595396-2,0.51475966,1.0
7547550-2,7547550-8,0.69034064,1.0
6312625-8,6312625-9,0.61961496,1.0
4129602-1,4129602-4,0.7285503,1.0
4033141-3,4033141-4,0.6707849,1.0
5989519-1,7251434-4,0.54907197,0.0
8636697-1,8636697-2,0.5152029,1.0
6371611-1,6995493-1,0.35705215,0.0
6875521-1,8419424-1,0.5516215,0.0
5017963-1,5017963-2,0.8080045,1.0
6416752-1,6416752-2,0.9363324,1.0
6594285-1,6728653-1,0.46507686,0.0
3099217-1,7398708-1,0.28703177,0.0
2640403-5,2640403-7,0.62919855,1.0
5846181-1,5846181-6,0.7206676,1.0
3065218-1,7529124-1,0.6061515,0.0
6299545-3,6299545-4,0.6422057,1.0
3671515-3,3671515-4,0.6184626,1.0
5943729-2,5943729-7,0.77489865,1.0
8532053-1,8532053-2,0.6470421,1.0
3429988-1,3806668-1,0.5539494,0.0
4016666-1,4456747-2,0.24370353,0.0
2483705-1,7360229-1,0.091005936,0.0
5642131-10,5642131-9,0.6518742,1.0
5359129-1,6898723-2,0.16821772,0.0
6466910-1,6466910-2,0.51875514,1.0
8709964-1,8709964-4,0.32496873,0.0
5057447-1,5057447-2,0.85279554,1.0
3291707-1,8188865-1,0.6044264,0.0
3846999-1,5704856-1,0.12007775,0.0
7577788-1,7577788-2,0.5068187,1.0
6799647-1,6799647-2,0.6865296,1.0
2483705-1,7360229-1,0.091005936,0.0
6258717-3,6258717-4,0.92346686,1.0
7882415-1,7882415-2,0.64097697,1.0
3354861-1,3354861-2,0.5139429,1.0
7851455-4,7851455-6,0.61820716,1.0
5507783-3,5507783-4,0.8865314,1.0
5968651-2,5968651-3,0.80662364,1.0
4100840-1,4100840-4,0.69528645,1.0
3391635-1,4536835-2,0.40661395,0.0
6302191-2,8422423-1,0.6009103,0.0
3502796-1,3502796-2,0.85495627,1.0
4478336-2,4478336-3,0.60401887,1.0
5400460-1,6159791-1,0.26264516,0.0
4991184-1,6370920-1,0.35184893,0.0
8255476-1,8255476-3,0.11245484,1.0
3826010-1,5906759-1,0.50163835,0.0
7568409-1,8035037-1,0.107125334,0.0
4120482-1,7641478-4,0.16635348,0.0
8092089-4,8092089-5,0.9455187,1.0
3810491-1,8710360-1,0.30586374,0.0
4888757-1,6387697-1,0.103391975,0.0
4852783-2,4852783-4,0.86288726,1.0
4454193-1,4454193-2,0.32808793,1.0
3848791-1,3848791-3,0.7549253,1.0
3569567-1,7879247-1,0.68463504,0.0
4555936-1,6823590-1,0.06309881,0.0
5352878-1,5352878-3,0.6558885,1.0
8436632-1,8436632-3,0.40167817,1.0
2868038-4,2868038-5,0.36078689,1.0
8717640-1,8717640-2,0.8004707,1.0
2910292-1,2910292-2,0.8122862,1.0
5943729-6,5943729-9,0.9627253,1.0
2737786-1,2737786-3,0.40744942,1.0
5492922-1,5492922-2,0.6936034,1.0
5341637-1,7843435-1,0.20797716,0.0
6038475-1,6038475-5,0.7535998,1.0
3507074-1,5858849-1,0.27928075,0.0
7670619-2,7670619-3,0.72982544,1.0
4891832-1,5465657-1,0.23382969,0.0
7220005-3,7220005-7,0.5558698,1.0
7364074-1,8491327-2,0.30367216,0.0
4154155-1,8387073-1,0.42200494,0.0
6524313-2,6712912-1,0.6639465,0.0
5432734-1,5674715-1,0.17004502,0.0
3400883-1,6585203-1,0.42076206,0.0
4518176-1,8575279-2,0.727206,0.0
3808072-1,7437123-5,0.10267029,0.0
8248082-1,8248082-4,0.6250036,1.0
8105697-2,8105697-7,0.3968822,1.0
7992724-2,7992724-3,0.94107914,1.0
6756614-1,7750746-1,0.44183123,0.0
7523046-1,7523046-3,0.3225607,1.0
4386675-1,7315195-1,0.7614443,0.0
3126734-1,4595367-1,0.7673429,0.0
3524443-2,5558405-1,0.48300081,0.0
6177013-1,6177013-2,0.87103355,1.0
6332814-4,6332814-5,0.8850473,1.0
3717022-1,7944653-2,0.32353345,0.0
7513650-1,7649945-1,0.5550734,0.0
3670626-1,8253320-1,0.46214837,0.0
7685667-1,7685667-3,0.7880727,1.0
4722546-1,5852841-1,0.18588531,0.0
4853494-1,4853494-2,0.8009581,1.0
3756242-1,5902283-1,0.652931,0.0
3781259-2,3781259-3,0.49991545,1.0
4121941-1,5502345-1,0.6642538,0.0
7331860-2,7331860-3,0.89034915,1.0
4475253-1,7024084-1,0.21590734,0.0
6103365-1,6103365-5,0.8555282,1.0
3730478-1,8258286-3,0.20109142,0.0
6388527-1,6388527-2,0.65935093,1.0
7674568-1,7674568-2,0.7620087,1.0
8386154-1,8386154-11,0.71605843,1.0
5364769-1,5364769-2,0.8932888,1.0
4228252-1,4296473-1,0.48081535,0.0
8248082-4,8248082-5,0.89691216,1.0
7681751-1,8685493-1,0.13608734,0.0
5765119-1,5765119-6,0.47201526,1.0
4169802-1,6260547-1,0.5179558,0.0
7000928-1,7000928-5,0.14729966,1.0
2432066-1,7588683-1,0.28219268,0.0
7501124-1,8107669-1,0.69335765,0.0
3569556-1,3741701-1,0.39794812,0.0
6504238-2,7430658-1,0.64963806,0.0
6238561-1,6238561-2,0.7374276,1.0
3304208-2,3304208-3,0.79154086,1.0
6598598-4,6598598-6,0.7565601,1.0
5356989-1,5356989-2,0.6396007,1.0
5574524-1,7802812-1,0.10458615,0.0
3793311-1,5139849-1,0.12395803,0.0
6531111-1,6531111-2,0.33000723,1.0
7077940-1,7360258-1,0.38487256,0.0
2908827-1,2908827-2,0.69301885,1.0
8155578-1,8155578-4,0.6583306,1.0
7465739-1,7465739-3,0.2249542,1.0
4317216-1,7132205-1,0.2771676,0.0
5610706-1,5862080-1,0.0603693,0.0
3777313-1,4098887-1,0.62139773,0.0
6796738-3,6796738-4,0.51435935,1.0
7464283-1,7464283-2,0.58073,1.0
1192795-1,7268049-1,0.29660887,0.0
5045255-1,5045255-2,0.60479355,1.0
8111301-1,8111301-2,0.74542665,1.0
7644295-1,8144523-1,0.12570122,0.0
7098361-1,7292137-1,0.26024148,0.0
4704474-4,4704474-5,0.7181908,1.0
6935621-1,8349918-1,0.05325011,0.0
6411342-1,6411342-2,0.5279151,1.0
7792539-2,7792539-4,0.52634144,1.0
6754653-1,6754653-2,0.23141019,1.0
6180361-1,7758736-8,0.33261558,0.0
3914332-1,5216217-1,0.5467273,0.0
6304711-1,6304711-7,0.8621934,1.0
6701391-3,8272405-1,0.7265643,0.0
3922991-1,6413608-1,0.25706783,0.0
5201065-2,5201065-9,0.90597683,1.0
3785348-2,3785348-3,0.70656866,1.0
2824937-1,4531569-1,0.54766166,0.0
4681223-1,4681223-2,0.5592705,1.0
6636068-1,7568159-1,0.15490758,0.0
6920394-1,7924091-1,0.36061177,0.0
3637811-2,4347757-1,0.62546194,0.0
8360323-1,8360323-2,0.7865527,1.0
4607013-1,6018257-2,0.32519168,0.0
7138425-1,7888275-1,0.4605955,0.0
3914169-1,5288423-3,0.23113734,0.0
5865279-10,5865279-6,0.5990479,1.0
4620753-1,6295710-1,0.33113945,0.0
2803854-1,4799239-1,0.14609875,0.0
4685866-5,4685866-6,0.8209829,1.0
5875408-1,6659587-2,0.345447,0.0
6929121-2,6929121-3,0.8839248,1.0
6405358-1,6405358-2,0.58724475,1.0
7763523-1,7763523-2,0.7571964,1.0
6007433-1,6788312-1,0.5102125,0.0
6176975-1,7520241-1,0.29173175,0.0
8531269-1,8531269-2,0.6182818,1.0
6375371-4,6375371-5,0.8125664,1.0
6518441-1,7009175-1,0.60794026,0.0
3443651-1,5925185-2,0.057194408,0.0
6788313-3,6788313-4,0.7778548,1.0
7470563-1,7470563-3,0.92653024,1.0
7691594-1,7691594-3,0.4799237,0.0
4185325-2,5415487-1,0.45382458,0.0
2194709-1,3993037-1,0.5014641,0.0
5637006-1,5637006-4,0.5014017,1.0
6103365-1,6103365-3,0.7351148,1.0
5547087-1,5547087-2,0.5772493,1.0
7452247-1,7452247-2,0.32295492,1.0
3117683-1,8011348-1,0.2015846,0.0
5778725-1,6041406-1,0.06039861,0.0
7798182-3,7798182-5,0.30722818,1.0
3530754-1,6186323-2,0.24814205,0.0
4195264-1,4195264-2,0.15192655,1.0
4555002-1,8408036-1,0.22362344,0.0
2507719-1,6712609-4,0.4763395,0.0
7011514-1,8440069-1,0.019058958,0.0
4540993-1,7971718-1,0.28920606,0.0
3629344-1,7532060-1,0.10460019,0.0
6831242-2,6831242-3,0.62949723,1.0
5030204-1,5030204-2,0.060095944,1.0
5344045-2,5344045-4,0.47734436,1.0
8373181-1,8373181-2,0.89886427,1.0
3905827-2,6383853-1,0.2502775,0.0
4070211-1,6706917-2,0.22113465,0.0
6582561-1,6582561-2,0.6189305,1.0
4535012-1,6750314-1,0.10400136,0.0
2776156-1,2776156-2,0.8938619,1.0
3193694-1,5628204-1,0.5720219,0.0
6935621-1,8349918-1,0.05325011,0.0
8391342-18,8391342-34,0.36895406,1.0
4005186-1,8032976-1,0.42619944,0.0
3475916-1,7805523-1,0.29493314,0.0
8391342-11,8391342-21,0.8913669,1.0
8162322-4,8162322-5,0.41847184,1.0
5056220-1,5056220-3,0.84116143,1.0
5806301-1,5806301-3,0.5263113,1.0
4918480-1,4918480-2,0.868726,1.0
7455533-1,7455533-2,0.80962133,1.0
3994694-1,3994694-2,0.6339415,1.0
2259327-1,3863517-1,0.15020552,0.0
2848321-1,8281394-1,0.2905808,0.0
3583109-1,8133087-1,0.468444,0.0
2164940-1,4904584-1,0.2887115,0.0
8123257-1,8123257-5,0.9331924,1.0
3033347-1,4893418-1,0.1802174,0.0
5836194-1,5836194-3,0.13882364,0.0
7649103-3,7649103-4,0.94042313,1.0
4677723-1,4677723-2,0.47325206,1.0
5279107-1,5728000-1,0.7104944,0.0
4175871-1,4506839-1,0.21670158,0.0
2671745-1,5484601-1,0.11102289,0.0
5256449-1,6199854-1,0.4040031,0.0
3800381-6,3800381-7,0.24701868,0.0
8384399-2,8667370-1,0.6183901,0.0
7164551-1,8714046-1,0.5073136,0.0
6023335-1,6318133-1,0.23024021,0.0
5051138-3,5051138-4,0.53018504,1.0
8242322-1,8242322-2,0.24403822,1.0
4150596-1,6914354-1,0.3424707,0.0
4947710-1,4947710-2,0.73615307,1.0
8075677-1,8425027-1,0.06613984,0.0
8096473-1,8364615-4,0.3563939,0.0
4230886-1,4230886-4,0.22688548,1.0
5657803-1,5657803-3,0.5519714,1.0
3276785-1,3276785-2,0.3153054,1.0
3498670-1,3498670-3,0.53556895,1.0
4623192-1,4623192-2,0.6226694,1.0
5761908-1,5761908-3,0.17947859,1.0
4531685-1,7012553-1,0.19105777,0.0
7353792-3,7353792-4,0.74217623,1.0
6101603-1,6101603-4,0.47308603,1.0
5961508-1,5961508-2,0.6438207,1.0
4682019-1,6366372-1,0.3554147,0.0
5372497-1,5372497-2,0.5494244,1.0
8369283-1,8369283-5,0.61647606,1.0
4094581-4,4094581-5,0.6301587,1.0
4557152-1,4557152-5,0.5975149,1.0
4301542-1,6528137-1,0.16055067,0.0
6291814-1,8516356-1,0.23749308,0.0
8636214-1,8636214-2,0.78792316,1.0
4155769-1,6131847-1,0.32032466,0.0
5571603-4,5571603-5,0.950192,1.0
3611916-1,5447535-1,0.30612177,0.0
6692803-1,8055173-1,0.33220124,0.0
6590633-2,6590633-3,0.679505,1.0
3119975-2,3119975-4,0.9295861,1.0
5051311-1,5051311-2,0.75086004,1.0
4012129-1,4700655-2,0.3483437,0.0
6389012-1,6389012-2,0.35316196,1.0
3913501-1,7342181-1,0.42089418,0.0
3026341-5,3026341-6,0.9503409,1.0
8017932-12,8017932-4,0.72692597,1.0
6526994-1,6526994-3,0.7525032,1.0
4460230-1,5989148-1,0.098540716,0.0
2640403-5,2640403-7,0.62919855,1.0
5928351-2,5928351-3,0.837107,1.0
4502249-1,4667239-1,0.7774185,0.0
5768949-1,6556741-1,0.09795357,0.0
6900415-3,6900415-4,0.8256123,1.0
7768392-5,7768392-8,0.80641884,1.0
3056793-1,6507645-1,0.16322453,0.0
4215971-1,7532873-1,0.42573705,0.0
2847211-1,8428625-1,0.3003368,0.0
4398927-1,4398927-2,0.80306894,1.0
5078643-1,5078643-2,0.8435228,1.0
3822414-4,3822414-6,0.65639025,1.0
8056374-4,8056374-5,0.5698346,1.0
5624242-2,5624242-4,0.7998284,1.0
6434444-4,6434444-5,0.9410608,1.0
2845357-1,2845357-3,0.5139386,1.0
3589229-1,3589229-2,0.7632626,1.0
5290791-1,5290791-3,0.8115667,1.0
3639158-4,3639158-5,0.4275892,1.0
4316863-1,5290493-1,0.65421665,0.0
3523596-1,6157096-1,0.5527453,0.0
7486574-2,7486574-4,0.8161024,1.0
5482923-2,5482923-3,0.44541082,1.0
3120280-1,6707803-1,0.278953,0.0
6502106-1,6502106-2,0.8415915,1.0
8004176-1,8004176-3,0.92074186,1.0
5702709-1,6447140-1,0.5510613,0.0
3707324-2,3707324-3,0.6758295,1.0
6819644-1,6819644-2,0.5839123,1.0
3668205-2,6087580-1,0.77299905,0.0
6369052-1,6369052-2,0.6880169,1.0
3890737-1,6176981-2,0.27998382,0.0
5288912-2,5288912-3,0.8838966,1.0
5965133-1,5965133-2,0.45282298,1.0
5482953-1,7239576-1,0.08883476,0.0
5616001-1,8026828-1,0.15997083,0.0
6796738-3,6796738-4,0.51435935,1.0
6601232-3,6601232-4,0.4039981,1.0
8709957-1,8709957-2,0.5338765,1.0
6213664-4,6213664-5,0.9338815,1.0
6020266-2,6020266-7,0.34319025,1.0
4837780-1,5921307-1,0.6809905,0.0
3738357-1,4140234-1,0.22074339,0.0
3757841-1,7582061-1,0.61129403,0.0
2938567-2,6992528-1,0.3414867,0.0
5449370-1,8610467-1,0.6639524,0.0
4427375-1,5521354-1,0.46114552,0.0
3870132-1,8491323-2,0.42817515,0.0
8569136-3,8569136-8,0.84261626,1.0
8373181-1,8373181-2,0.89886427,1.0
6896887-1,6896887-4,0.617813,1.0
4083769-1,8294895-1,0.030526942,0.0
6452196-2,6452196-4,0.2590468,1.0
6783228-2,6783228-6,0.7338837,1.0
7147292-2,7275959-1,0.061502017,0.0
5827903-1,8338201-1,0.06535547,0.0
4008070-1,7426976-1,0.1512909,0.0
2821771-1,7152526-1,0.10464872,0.0
4465165-1,4465165-8,0.80413187,1.0
5642131-1,5642131-11,0.41878164,1.0
539248-1,6310527-1,0.2228324,0.0
1851966-1,8489599-1,0.66078657,0.0
4024936-1,4719720-1,0.054739397,0.0
4460242-1,6458812-1,0.5159837,0.0
3254849-1,5640565-3,0.7714537,1.0
7520796-1,7520796-2,0.91638905,1.0
7472508-2,7472508-3,0.6092491,1.0
8213934-3,8213934-4,0.84726006,1.0
3162782-1,4465713-1,0.47089407,0.0
4518382-1,6039649-1,0.29157668,0.0
6210852-3,6210852-4,0.8049006,1.0
7871723-1,8065519-2,0.4179528,0.0
7419387-3,8202394-2,0.59183884,0.0
3421104-1,7711629-7,0.19503708,0.0
4920585-1,7422691-4,0.24824646,0.0
7523853-1,7523853-2,0.29258934,1.0
5217005-2,8473938-11,0.901427,0.0
2908355-1,7576745-1,0.08855726,0.0
7174855-1,7506050-2,0.4701285,0.0
6011134-1,6887609-1,0.1794023,0.0
3886368-1,4431022-1,0.4181434,0.0
7273174-1,7273174-4,0.9054228,1.0
3699950-1,6290305-1,0.3723176,0.0
3851705-1,4537717-1,0.35789275,0.0
4357166-1,5602615-1,0.23937488,0.0
7485476-1,7485476-8,0.73572403,1.0
2796022-1,2796022-3,0.8342453,1.0
3498786-1,3498786-2,0.609652,1.0
6311234-1,7253935-1,0.050963905,0.0
4075213-3,4075213-6,0.97538555,1.0
6151349-1,8542406-1,0.13485561,0.0
4052498-2,4052498-5,0.85449255,1.0
2726128-7,6996578-1,0.93085533,0.0
7174277-1,7174277-2,0.7426298,1.0
3513240-2,5889891-1,0.4893393,0.0
6388527-1,6388527-2,0.65935093,1.0
2944857-1,2944857-2,0.48226795,1.0
7315137-1,7315137-4,0.8862117,1.0
7543135-1,7543135-3,0.62180966,1.0
3423035-1,5113927-6,0.6658534,0.0
3049879-1,6315145-1,0.5339933,0.0
7905731-1,8191851-1,0.6016774,0.0
7695266-7,7695266-9,0.8016351,1.0
7273174-1,7273174-4,0.9054228,1.0
3409950-1,3878525-1,0.2574723,0.0
4414950-1,4603812-1,0.64782935,0.0
6287128-1,6287128-2,0.5361144,1.0
6846306-1,7875147-1,0.14275217,0.0
7670026-1,7670026-2,0.9306251,1.0
3586467-1,3586467-2,0.56447923,1.0
3439305-1,7454860-1,0.13243105,0.0
5627820-1,7099753-2,0.1553735,0.0
2984327-1,7863688-1,0.50219315,0.0
4857304-1,4857304-2,0.63764226,1.0
5363092-1,7896674-1,0.29092243,0.0
5746636-1,5746636-3,0.8473655,1.0
3295846-1,4546785-2,0.08205784,0.0
8291460-1,8606058-1,0.3646256,0.0
7559672-1,7559672-2,0.44271782,1.0
8103283-3,8103283-5,0.834108,1.0
7336985-1,7336985-2,0.31754813,1.0
4899403-1,7506276-1,0.14100319,0.0
8570371-1,8570371-2,0.31824088,1.0
8710561-1,8710561-3,0.31181425,1.0
6043705-2,6043705-5,0.7328355,1.0
6434444-6,6434444-8,0.6399021,1.0
3589229-1,3589229-2,0.7632626,1.0
2628085-7,2628085-9,0.7236976,1.0
5564585-3,8457974-1,0.70016515,0.0
4672531-1,7482979-1,0.088679515,0.0
4156251-1,6039597-1,0.13884674,0.0
7559181-2,7559181-3,0.729599,1.0
4816771-1,4816771-3,0.7046153,1.0
6205315-1,6205315-2,0.56390435,1.0
3163772-1,7803169-1,0.25981796,0.0
7772757-1,7784239-11,0.124360375,0.0
7988206-12,7988206-8,0.74597555,1.0
7829630-6,7829630-7,0.7761352,1.0
5237193-3,5237193-4,0.6042123,1.0
7040871-1,7040871-2,0.63911486,1.0
6053882-2,6053882-4,0.6677468,1.0
6764574-1,6764574-6,0.36851025,1.0
2931402-1,4017508-1,0.08253467,0.0
5290791-2,5290791-3,0.5159449,1.0
5642467-1,7294319-1,0.106430806,0.0
3275504-1,3502413-2,0.37412068,0.0
4529966-1,6510563-1,0.43388635,0.0
4083769-1,8294895-1,0.030526942,0.0
6120049-1,6120049-3,0.34232047,0.0
6505230-1,8710844-2,0.051232886,0.0
6261630-1,6261630-3,0.55786157,1.0
8569136-8,8569136-9,0.81603324,1.0
3826010-1,5906759-1,0.50163835,0.0
6050410-1,8145585-1,0.46393034,0.0
3183041-3,3183041-4,0.39060226,1.0
4965601-1,6555322-1,0.44566572,0.0
5011511-1,5011511-2,0.7042798,1.0
6612332-1,6635142-1,0.06156345,0.0
4417519-1,5368924-3,0.18286577,0.0
7463145-2,7463145-4,0.5814176,1.0
3897091-1,3897091-4,0.95631224,1.0
5842739-1,6314087-1,0.4583092,0.0
3913137-3,3913137-6,0.8998291,1.0
5597899-1,6018880-1,0.26130328,0.0
3914336-1,3914336-2,0.5102876,1.0
3782680-1,7707119-1,0.5730957,0.0
4616573-1,7506085-3,0.26705217,0.0
2840790-1,3177914-1,0.4231994,0.0
4325394-1,6197536-1,0.15936942,0.0
4800374-1,6738230-1,0.2938634,0.0
7712266-2,7712266-4,0.758979,1.0
5523898-2,5523898-3,0.8876265,1.0
4268617-1,7749956-1,0.4673416,0.0
4296463-1,7026719-1,0.30157262,0.0
5557522-1,8059998-1,0.5114799,0.0
7437123-4,7437123-5,0.92038316,1.0
6897378-1,6897378-2,0.62454474,1.0
4045234-1,7710430-1,0.26583552,0.0
2930656-2,2930656-5,0.5368477,1.0
2698142-2,5243888-1,0.37845924,0.0
5980456-2,7533098-1,0.17093733,0.0
8611551-5,8626982-1,0.74213624,0.0
4794526-1,8568035-1,0.387152,0.0
4245924-7,4245924-8,0.32392314,1.0
8211030-1,8211030-5,0.55225086,1.0
5346937-1,7728114-1,0.10383428,0.0
4310127-1,4765299-4,0.5804337,0.0
8643187-2,8643187-3,0.78911364,1.0
8569136-3,8569136-8,0.84261626,1.0
2775699-1,5702700-1,0.11212806,0.0
1702536-4,1702536-5,0.49861634,1.0
6726812-1,8077709-1,0.4431457,0.0
4898337-1,5803689-3,0.36877307,0.0
7152536-1,8254151-1,0.3671952,0.0
8214417-1,8214417-2,0.7405399,1.0
3141560-1,3141560-2,0.62437797,1.0
3083330-6,3083330-7,0.66715014,1.0
4766804-1,4766804-3,0.9439074,1.0
2459196-1,4050073-1,0.7082467,0.0
5470651-1,6896742-1,0.71848273,0.0
8057747-2,8057747-5,0.30532107,1.0
4304124-2,8441517-1,0.62478244,0.0
7861059-2,7861059-5,0.66593814,1.0
6132972-3,6132972-4,0.45038733,1.0
6504238-2,6504238-3,0.17425032,1.0
4316981-1,6031951-1,0.51508826,0.0
7140078-1,7140078-3,0.5949204,1.0
3361817-1,7472156-1,0.19488785,0.0
6662413-1,7699495-1,0.6439616,0.0
8391342-25,8391342-27,0.82121277,1.0
6935495-3,6935495-4,0.3711882,1.0
7829718-1,8255725-1,0.3454518,0.0
6118281-1,6118281-3,0.570669,1.0
2976516-1,3424872-1,0.79524195,0.0
3657350-1,3657350-3,0.5463448,1.0
3614304-1,6158700-1,0.19969568,0.0
4736659-1,6047565-1,0.18241708,0.0
4732258-1,8515538-4,0.6714263,0.0
1660560-1,1660560-2,0.59025735,1.0
3658297-1,3658297-2,0.6556302,1.0
3923556-2,3923556-4,0.7409038,1.0
7861059-2,7861059-3,0.27498305,1.0
4581503-1,5551286-1,0.3962322,0.0
5055948-1,5055948-3,0.73771155,1.0
5102997-1,5102997-2,0.68082803,1.0
3670626-1,8253320-1,0.46214837,0.0
4508147-1,4508147-2,0.7318869,1.0
3699950-1,6290305-1,0.3723176,0.0
5042622-1,5042622-3,0.6964353,1.0
3312019-1,5036190-1,0.6313318,0.0
5952278-1,5952278-3,0.88271993,1.0
5819108-1,5819108-4,0.77509815,1.0
3629344-1,7532060-1,0.10460019,0.0
7551866-1,7551866-3,0.8228814,1.0
8300667-1,8300667-2,0.59407204,1.0
8147995-1,8147995-2,0.71724576,1.0
7243444-1,7243444-2,0.61939293,1.0
2614946-1,6424340-1,0.34316415,0.0
7771408-1,7771408-2,0.77712995,1.0
5219584-1,5219584-2,0.15854359,1.0
4129602-1,4129602-4,0.7285503,1.0
8201691-1,8201691-2,0.76958334,1.0
3341186-1,4280760-1,0.41716105,0.0
3751027-2,3751027-3,0.46627524,1.0
3877610-1,8297428-1,0.09943671,0.0
3518713-1,5426015-1,0.45180118,0.0
1906806-2,1906806-6,0.5828153,1.0
4070211-1,6706917-2,0.22113465,0.0
3909847-1,8162139-1,0.17566518,0.0
3878478-1,3878478-3,0.84790117,1.0
7754281-1,7754281-5,0.45494884,1.0
4067712-1,4660524-1,0.18255073,0.0
8365843-1,8365843-3,0.5304118,1.0
8258108-3,8258108-5,0.8872267,1.0
3978081-1,7256736-5,0.27584907,0.0
2722008-1,4316802-1,0.22053853,0.0
3927300-1,3927300-2,0.48066813,1.0
4075213-3,4075213-5,0.9501291,1.0
6978972-1,7810099-1,0.4594237,0.0
7350967-2,7350967-3,0.9669084,1.0
6251240-1,7193879-1,0.35894284,0.0
3669470-1,4244719-1,0.5935831,1.0
5130911-1,5130911-4,0.2817377,1.0
4493942-2,6825486-1,0.5600234,0.0
5022516-1,5022516-4,0.79866886,1.0
7758736-3,7758736-7,0.625691,1.0
7171607-2,7171607-5,0.7221738,1.0
6699002-1,7583545-1,0.5847202,0.0
6833182-3,8423165-1,0.17534433,0.0
7385046-1,7385046-2,0.82460904,1.0
4484343-2,4484343-4,0.6441421,1.0
5107659-2,6986456-1,0.50881565,0.0
2855477-1,5953511-1,0.3427515,0.0
7402542-1,7402542-2,0.37740287,1.0
7993970-1,7993970-2,0.4932482,1.0
7850398-1,7850398-2,0.5510296,1.0
7060531-1,7569279-1,0.27404878,0.0
7722336-1,7722336-4,0.52106285,1.0
6682377-1,7477153-1,0.23942508,0.0
6997807-1,7887488-1,0.35267463,0.0
3852596-1,4217767-1,0.22449231,0.0
4285067-1,4285067-3,0.73384637,1.0
6593541-1,6593541-2,0.84197927,1.0
3978052-1,3978052-2,0.84855634,1.0
3119975-2,3119975-4,0.9295861,1.0
4657314-1,6350128-1,0.09524745,0.0
7485476-1,7485476-3,0.79252243,1.0
2687548-10,2687548-4,0.8082262,1.0
4506926-1,7303542-1,0.27864844,0.0
6149306-1,6149306-3,0.7853057,1.0
6436364-3,6436364-6,0.7813221,1.0
3665200-3,4468992-1,0.3966529,0.0
8391342-20,8391342-21,0.92112845,1.0
3304190-1,7562863-1,0.37223944,0.0
6370578-1,6370578-4,0.72763586,1.0
4274852-2,4274852-3,0.82491183,1.0
4616293-1,6641798-1,0.72657627,0.0
5346945-1,8255048-1,0.07975823,0.0
8260478-1,8260478-5,0.46800974,1.0
3493810-1,7703213-4,0.25032386,0.0
7784194-1,8581777-1,0.4810411,0.0
4515855-1,4922241-1,0.57184976,0.0
5747782-1,6919952-1,0.3342892,0.0
8483017-1,8636200-1,0.20881054,0.0
4761596-1,8402444-1,0.3090082,0.0
7431202-1,7431202-4,0.5885047,1.0
3088857-1,7906273-1,0.07825821,0.0
3518986-1,3518986-3,0.7004634,1.0
4302118-3,7780065-3,0.30923128,0.0
5632488-1,6375243-1,0.13883454,0.0
8393241-6,8393241-8,0.7295136,1.0
6120049-1,6120049-3,0.34232047,0.0
5344045-2,8176117-2,0.5229369,0.0
7082370-1,7757713-6,0.34647238,0.0
4307636-1,6900885-2,0.2368056,0.0
8161816-2,8161816-3,0.7287633,1.0
3969703-1,4579195-1,0.23834749,0.0
6091145-1,7219992-1,0.65440094,1.0
4678475-4,4678475-9,0.84835905,1.0
6066802-1,6066802-4,0.65802485,1.0
4726507-1,4726507-5,0.52614635,1.0
3458969-1,3458969-4,0.8537681,1.0
8279693-1,8279693-3,0.80298734,1.0
3624739-1,3624739-3,0.82923055,1.0
4208436-1,7495868-1,0.30229455,0.0
7322177-1,7322177-2,0.57691425,1.0
3333799-1,4515888-1,0.47467834,0.0
8454244-1,8454244-2,0.8282557,1.0
3750249-1,3750249-2,0.6932826,1.0
4098887-1,8101683-1,0.46722743,0.0
6796738-1,6796738-2,0.7398964,1.0
5702779-2,5702779-3,0.87818366,1.0
7764958-1,7764958-3,0.9326948,1.0
4847509-1,4847509-3,0.13022825,1.0
1475874-2,7896681-1,0.39671913,0.0
7492942-1,7852651-1,0.113868974,0.0
7733300-1,8173920-1,0.16353765,0.0
6503651-3,6503651-4,0.56478685,1.0
7784239-4,7784239-7,0.76957786,1.0
2628000-1,4182779-1,0.6645926,0.0
6159302-2,6159302-4,0.81083244,1.0
2890927-1,2890927-3,0.7845562,1.0
4397422-1,4901810-1,0.23372704,0.0
8269075-1,8714042-1,0.4005312,0.0
2588591-1,3042991-1,0.39174092,0.0
4936984-1,5552637-1,0.046414975,0.0
7934535-2,7934535-3,0.69674,1.0
5774734-1,7358080-1,0.5407016,0.0
2045672-1,4081653-2,0.2922045,0.0
5806580-1,5806580-2,0.42628205,1.0
3830248-1,7425835-2,0.12685691,0.0
5353837-1,8281404-3,0.633893,0.0
5809810-3,8638056-1,0.14297959,0.0
6996166-2,6996166-3,0.7260522,1.0
7071887-1,7071887-4,0.6739365,1.0
8482707-1,8482707-3,0.71428794,1.0
5778725-1,6041406-1,0.06039861,0.0
6862365-1,6862365-5,0.91953385,1.0
5135402-1,5415788-1,0.08974426,0.0
2827129-1,4739748-1,0.40097713,0.0
3974450-1,3974450-2,0.7511336,1.0
8143821-1,8143821-2,0.54119676,1.0
4607796-1,4607796-3,0.67436683,1.0
3930819-1,3930819-2,0.88645864,1.0
3667440-2,3667440-3,0.6715208,1.0
7477961-4,7477961-5,0.2486833,1.0
4353272-5,6371746-7,0.263052,0.0
5051138-3,5051138-4,0.53018504,1.0
2789959-1,5370478-1,0.5236722,0.0
3968625-1,4839247-1,0.53062016,0.0
3500982-1,3500982-2,0.51662874,1.0
8276965-1,8276965-2,0.29420945,1.0
5980456-3,5980456-4,0.59344065,1.0
8422455-2,8422455-3,0.92779475,1.0
6119787-1,7098333-1,0.48375103,0.0
3141725-1,546198-2,0.17930472,0.0
5909360-2,5909360-4,0.7748569,1.0
6643316-1,6643316-3,0.64149606,1.0
4918480-1,4918480-2,0.868726,1.0
4209268-1,5518093-1,0.6344564,0.0
2747453-1,4728328-4,0.11140096,0.0
4438148-1,5791511-1,0.08992659,0.0
3963350-2,5760075-1,0.3617715,0.0
3803119-2,7673280-3,0.64301777,0.0
5288912-2,5288912-4,0.8173454,1.0
4024936-1,4719720-1,0.054739397,0.0
5649815-1,6502980-1,0.45977914,0.0
7497062-1,7731521-1,0.04227346,0.0
8643187-1,8643187-4,0.617293,1.0
5806580-2,5806580-3,0.6625729,1.0
5613318-1,7923699-3,0.45123556,0.0
2672125-1,7802127-1,0.6287665,0.0
8435921-4,8435921-7,0.5209842,1.0
6066675-1,6066675-2,0.46417308,1.0
6029972-1,7336636-1,0.6341473,0.0
2640403-4,2640403-9,0.43721303,1.0
8391342-17,8391342-3,0.7819098,1.0
5010550-1,8020180-1,0.33466354,0.0
7336724-1,7336724-5,0.62310016,1.0
5056220-1,5056220-3,0.84116143,1.0
5460409-1,8605449-4,0.36664984,0.0
8015663-3,8015663-4,0.79600406,1.0
5898109-1,7360218-1,0.7172617,0.0
5624242-2,5624242-4,0.7998284,1.0
5819108-1,5819108-4,0.77509815,1.0
5498952-1,7708205-1,0.8869428,0.0
4357166-1,5602615-1,0.23937488,0.0
7423211-1,7423211-3,0.30031726,1.0
6955064-1,7480892-1,0.46650648,0.0
2526494-1,6464482-1,0.52964777,0.0
3052619-1,8685962-1,0.71669096,0.0
6520636-1,7143194-1,0.4609688,0.0
8531180-3,8531180-4,0.7043403,1.0
5337234-10,5337234-4,0.680724,1.0
5084613-3,8231303-2,0.75237334,0.0
8236468-2,8236468-3,0.3024072,1.0
7315137-1,7315137-2,0.94571215,1.0
4393636-1,4775775-2,0.29521012,0.0
1794493-5,1794493-6,0.8350845,1.0
6734019-1,6734019-2,0.31998065,1.0
5759073-3,5759073-7,0.24205469,1.0
4592502-1,5798104-1,0.3051645,0.0
2995998-1,3623462-1,0.27119023,0.0
4745913-1,5458407-1,0.61049604,0.0
7013298-2,7013298-4,0.52949536,1.0
5234559-1,6881936-1,0.31289247,0.0
7012558-1,7012558-3,0.42871097,1.0
3583087-1,4776813-1,0.06680204,0.0
5394300-1,6393095-1,0.7158901,0.0
7712585-2,7712585-4,0.89822286,1.0
7966410-2,7966410-3,0.7633036,1.0
7006440-8,7006440-9,0.50100666,1.0
5728775-1,8697958-1,0.28433657,0.0
5765119-2,5765119-3,0.85882974,1.0
6076956-3,6593952-1,0.8344482,1.0
3633290-1,7923707-1,0.17793211,0.0
8393241-10,8393241-8,0.49023348,1.0
8017932-4,8017932-6,0.8395312,1.0
7389435-1,7527010-1,0.26571822,0.0
5093237-1,5953188-1,0.48124278,0.0
6310537-1,7268154-1,0.70910555,0.0
4675927-1,4752811-1,0.3983002,0.0
7373970-2,7373970-5,0.91639143,1.0
4010024-1,8357521-1,0.1642958,0.0
6393903-1,8360226-1,0.3589185,0.0
6053882-2,6053882-4,0.6677468,1.0
4065275-1,4065275-2,0.7859198,1.0
3010774-2,3010774-3,0.38753447,1.0
2626786-1,5298529-1,0.19030814,0.0
8705528-1,8705528-12,0.8344652,1.0
6925859-1,6925859-2,0.5210165,1.0
8428280-1,8428280-5,0.8341901,1.0
6968900-3,6968900-5,0.62226665,1.0
8377065-10,8377065-11,0.7808416,1.0
8383623-1,8383623-2,0.8938798,1.0
5043255-4,5043255-5,0.79619527,1.0
8272497-2,8272497-3,0.8983689,1.0
2881009-1,4494631-1,0.111884676,0.0
6057132-1,6057132-2,0.53352475,1.0
4310100-1,8057747-4,0.6155926,0.0
3168451-1,3465890-1,0.25321776,0.0
7196464-1,7196464-3,0.74351174,1.0
3892021-1,4289217-1,0.5609931,0.0
5541649-1,5541649-2,0.6766987,1.0
6022295-2,6022295-3,0.52136093,1.0
4430159-1,6984027-1,0.56977034,0.0
6264985-3,6264985-6,0.83151644,1.0
2862513-1,2862513-2,0.680331,1.0
5120191-1,8387207-1,0.22193286,0.0
3468793-1,3468793-2,0.4104542,0.0
5582227-1,8106472-1,0.09362848,0.0
8603360-1,8603360-4,0.690052,1.0
7055463-1,7055463-3,0.78667146,1.0
3183319-1,5806580-6,0.64805806,0.0
6456843-1,6456843-6,0.9098799,1.0
3495380-3,3495380-4,0.8485974,1.0
5851773-1,6580405-1,0.2664859,0.0
3796393-1,3796393-2,0.81656665,1.0
7573973-4,8082284-1,0.6740578,0.0
5680512-1,8145658-1,0.5753378,0.0
6713097-1,6713097-2,0.818928,1.0
6429643-1,7150691-1,0.3155997,0.0
7726407-1,7726407-2,0.5065094,1.0
6246865-1,6246865-3,0.3862254,1.0
6826298-1,6826298-2,0.8915101,1.0
3500013-1,3500013-2,0.6638362,1.0
3311143-1,3311143-2,0.07638052,1.0
6703052-1,7868097-3,0.20159826,0.0
3920673-1,3920673-5,0.74855477,1.0
4617421-1,7139628-1,0.33556402,0.0
4138489-2,4138489-4,0.71932703,1.0
3162267-2,3162267-4,0.34695876,1.0
6060766-4,6060766-6,0.9054929,1.0
6029437-2,6029437-3,0.67692745,1.0
4067787-1,7780472-1,0.15378176,0.0
3764961-1,6625149-2,0.1451891,0.0
7586420-2,7586420-3,0.90807176,1.0
5729414-1,7727031-1,0.46707234,0.0
8411108-1,8411108-3,0.86556935,1.0
4792828-1,4792828-2,0.11655952,1.0
6291814-1,8516356-1,0.23749308,0.0
6205782-1,7725117-1,0.50889987,0.0
3123009-1,4884855-1,0.09486784,0.0
6885310-1,6885310-2,0.16583543,1.0
8388796-2,8388796-3,0.7625025,1.0
3901553-1,4808525-1,0.16132739,0.0
6238297-2,6238297-3,0.6968087,1.0
7321844-4,8695659-1,0.24228182,0.0
5461574-1,8062610-1,0.44021165,0.0
5566028-1,6855496-1,0.10365088,0.0
3707324-2,3707324-3,0.6758295,1.0
6099008-1,7382672-1,0.796092,0.0
2740245-1,6779149-1,0.3831921,0.0
6080074-1,7251491-1,0.24811275,0.0
6862365-4,6862365-5,0.7370665,1.0
6748456-1,6748456-2,0.5688946,1.0
5682741-2,5682741-5,0.92404485,1.0
8428511-1,8428511-5,0.33779472,1.0
4965527-1,6637670-1,0.48286694,0.0
3275945-1,6370013-1,0.42347047,0.0
4257951-4,4257951-5,0.78999853,1.0
3853903-1,3853903-3,0.483805,1.0
3328978-1,5726839-4,0.31639275,0.0
5654018-1,6449590-1,0.3050658,0.0
7837892-1,7837892-2,0.74066067,1.0
3544906-10,3544906-12,0.68462926,1.0
8570721-3,8570721-4,0.674402,1.0
8202535-1,8202535-3,0.6949923,1.0
4962498-2,7220358-1,0.40112945,0.0
6700633-2,6700633-3,0.7440674,1.0
5113927-1,5113927-2,0.6319052,1.0
5054641-1,5799649-1,0.3236287,0.0
6247437-1,6247437-3,0.9392101,1.0
5933858-5,5933858-9,0.5934698,1.0
5611712-4,7769593-1,0.7648644,0.0
7532851-2,7654398-2,0.3103994,0.0
7649476-3,7769750-1,0.1903298,0.0
4232228-1,8443108-2,0.29077765,0.0
5337234-2,5337234-9,0.90394783,1.0
4845624-3,4845624-4,0.28399158,1.0
4245924-7,8122203-1,0.38110405,0.0
8386154-2,8386154-3,0.6743719,1.0
6498924-4,8299274-1,0.511236,0.0
8288805-1,8288805-2,0.48760372,1.0
3464897-1,4136642-2,0.38414866,0.0
2729301-1,4302552-1,0.54498464,0.0
4528862-1,4588678-1,0.21468708,0.0
7223196-1,7466250-1,0.70767015,0.0
3573578-1,3573578-3,0.6658711,1.0
8391342-5,8391342-8,0.4943467,1.0
4800921-1,6109194-2,0.2626053,0.0
5120191-1,8387207-1,0.22193286,0.0
5968651-2,5968651-3,0.80662364,1.0
5338949-1,5338949-3,0.69249785,1.0
2788137-1,3462718-1,0.39441767,0.0
7966198-2,7966198-3,0.14270042,1.0
3842730-2,3842730-3,0.9609557,1.0
7463145-4,7463145-5,0.69192654,1.0
2726533-2,2726533-4,0.6893767,1.0
4720496-1,6451252-1,0.101651914,0.0
5670337-2,5670337-3,0.94811094,1.0
4438144-2,7871245-1,0.65209925,0.0
5829864-1,5829864-2,0.7139129,1.0
3687156-1,5992757-1,0.18331212,0.0
4711341-2,4711341-4,0.7854613,1.0
8140026-2,8383649-2,0.5392464,0.0
2277418-1,4744381-1,0.12790383,0.0
6614985-3,6885689-3,0.2836939,0.0
7520787-1,7846429-1,0.34653637,0.0
6158768-1,6158768-2,0.6431761,1.0
2584076-1,5304557-1,0.3959208,0.0
2559826-2,4929368-1,0.258945,0.0
6475699-1,8614090-1,0.55048245,0.0
3073952-1,7105784-2,0.2720658,0.0
8383440-1,8405401-1,0.2982915,0.0
7568094-3,7568094-5,0.7207833,1.0
4685866-5,4685866-6,0.8209829,1.0
6416752-1,6416752-2,0.9363324,1.0
3178020-1,3220812-1,0.42174158,0.0
4500871-2,5159176-1,0.46030322,0.0
2944857-1,2944857-4,0.69274443,1.0
6366379-1,6366379-3,0.61044276,1.0
4318027-1,4318027-4,0.52697986,1.0
6041957-1,6041957-2,0.45888156,1.0
3918532-1,3918532-2,0.85052806,1.0
3223705-1,4421549-1,0.2028491,0.0
6667806-1,6667806-2,0.82778686,1.0
8190523-1,8422025-4,0.3679941,0.0
4918135-3,4918135-4,0.7494811,1.0
3549408-1,3549408-2,0.7108536,1.0
5515190-1,5515190-2,0.27477908,1.0
6925859-1,6925859-2,0.5210165,1.0
7527865-6,7527865-7,0.9577467,1.0
8077172-13,8077172-14,0.86864746,1.0
5299218-2,5299218-3,0.8968706,1.0
2772281-2,5588404-1,0.54248273,0.0
8674165-3,8674165-7,0.73211193,1.0
2981764-1,5259598-1,0.59956324,0.0
2783050-1,7901405-1,0.17244853,0.0
8474637-3,8474637-4,0.59838057,1.0
6942777-1,6942777-2,0.42422283,1.0
6713097-1,6713097-2,0.818928,1.0
3177882-1,5766086-3,0.7038818,0.0
8616346-2,8616346-4,0.9183322,1.0
5803979-2,5803979-3,0.70978445,1.0
5633263-1,7727078-1,0.07989937,0.0
4261525-1,5412141-1,0.14125319,0.0
3391635-1,4536835-2,0.40661395,0.0
8391342-16,8391342-27,0.64332914,1.0
2729474-1,6558365-2,0.65240645,0.0
3304601-3,5488574-1,0.25688368,0.0
6505230-1,8710844-2,0.051232886,0.0
4323903-3,4323903-4,0.3353238,1.0
3849750-1,4940323-1,0.7554407,0.0
3569556-1,3741701-1,0.39794812,0.0
6952720-2,6952720-3,0.51532084,1.0
5337234-3,5337234-4,0.7099763,1.0
1192795-1,7268049-1,0.29660887,0.0
5051124-1,5051124-3,0.8020798,1.0
6705447-1,6705447-2,0.67351,1.0
8017932-12,8017932-9,0.8316585,1.0
6346695-2,6346695-4,0.40421247,1.0
4271392-1,6144491-2,0.2576499,0.0
6592301-1,6789400-1,0.48299286,0.0
6283126-1,7908330-1,0.54513323,0.0
5320044-1,5320044-2,0.6973201,1.0
6023324-4,6023324-5,0.5640958,1.0
8476401-2,8476401-3,0.86960137,1.0
5932826-1,5932826-6,0.7792328,1.0
3483705-1,4904588-1,0.09318772,0.0
3730074-1,3730074-2,0.5854901,1.0
4765015-1,4765015-2,0.92012465,1.0
5533695-2,8081989-2,0.59325206,0.0
3335575-1,5619703-1,0.08600685,0.0
4816771-1,4816771-2,0.4486405,1.0
4531450-2,4531450-4,0.54896635,1.0
4273528-2,8218350-2,0.2916064,0.0
4528866-1,6549525-1,0.56459635,0.0
5596068-1,7520779-1,0.22620751,0.0
7079483-1,7733434-1,0.091894984,0.0
4705729-2,4705729-3,0.34176594,1.0
3920673-1,3920673-5,0.74855477,1.0
6024327-6,6024327-7,0.91999364,1.0
5598299-1,8487248-1,0.037175108,0.0
6515778-1,8706098-1,0.2659118,0.0
8495066-4,8495066-5,0.3512719,1.0
6713255-1,8098889-1,0.515136,0.0
2710081-2,2710081-3,0.9111191,1.0
4995784-1,8519668-1,0.26305953,0.0
3380669-1,3380669-2,0.35409945,1.0
4396650-3,6382915-1,0.1722413,0.0
6160237-3,6160237-4,0.8494409,1.0
5016501-1,7758563-1,0.42165095,0.0
7450561-3,7450561-4,0.7826642,1.0
6434444-4,6434444-5,0.9410608,1.0
6371746-4,6371746-6,0.64161724,1.0
5137971-2,5137971-7,0.67410594,1.0
8534428-2,8534428-4,0.40710405,1.0
4937529-3,7168968-1,0.34347004,0.0
5624242-2,5624242-4,0.7998284,1.0
6898930-1,6898930-2,0.43230087,1.0
5988756-2,5988756-5,0.817285,1.0
7374822-1,8189269-1,0.26423702,0.0
8386154-1,8386154-11,0.71605843,1.0
6477505-1,6477505-2,0.6796721,1.0
3893468-1,6006638-3,0.32553747,0.0
4406011-1,7155113-1,0.2748342,0.0
4156251-1,6039597-1,0.13884674,0.0
4120482-1,7641478-4,0.16635348,0.0
5854745-5,5854745-6,0.8431792,1.0
3872386-2,7869389-1,0.48915392,0.0
4173377-1,7709073-1,0.16773815,0.0
4738659-1,4738659-3,0.6380704,1.0
4448067-1,4448067-3,0.28242752,1.0
5125193-1,5125193-2,0.5025876,1.0
4623192-1,4623192-2,0.6226694,1.0
6389466-1,6929261-1,0.27704188,0.0
3777329-1,8492135-1,0.22516486,0.0
5222632-2,5525505-1,0.4124589,0.0
6713255-1,8098889-1,0.515136,0.0
3026341-5,3026341-6,0.9503409,1.0
5828922-1,8036065-1,0.34762722,0.0
6956559-2,6956559-3,0.33782786,1.0
4872566-3,5894316-2,0.55738235,0.0
6042488-6,6042488-8,0.713789,1.0
8279693-1,8279693-3,0.80298734,1.0
3335606-1,5582424-1,0.12313183,0.0
4396650-3,6382915-1,0.1722413,0.0
3970037-1,5102616-1,0.085776374,0.0
1660560-1,1660560-3,0.8388179,1.0
4688324-1,4688324-3,0.73967665,1.0
3249300-1,4216673-1,0.23271023,0.0
4121935-1,4121935-2,0.79354537,1.0
2729301-1,4302552-1,0.54498464,0.0
3533459-1,4009157-1,0.30716658,0.0
8501810-1,8501810-2,0.63048774,1.0
5803709-5,6945574-1,0.7628865,0.0
4750307-3,4750307-7,0.5782275,1.0
2430565-1,2430565-6,0.106582955,0.0
4136959-1,4136959-4,0.8287957,1.0
7335480-4,7335480-5,0.7366454,1.0
5421162-1,7394203-1,0.43712628,0.0
3183319-3,3183319-5,0.8408393,1.0
2655058-1,4743229-1,0.4437882,0.0
7486574-2,7486574-4,0.8161024,1.0
2783050-1,7901405-1,0.17244853,0.0
5534012-1,5534012-2,0.4665119,1.0
4286787-1,6839322-1,0.23919018,0.0
4130002-2,4130002-3,0.6676277,1.0
5840715-1,8120279-1,0.085918315,0.0
6075497-1,6503405-4,0.23644905,0.0
5685865-1,5685865-2,0.78486633,1.0
4434493-2,4434493-4,0.84605455,1.0
3639158-10,3639158-6,0.9329156,1.0
6217881-1,6217881-4,0.79619586,1.0
7665777-2,7665777-8,0.7910985,1.0
1634748-1,8554414-1,0.2237374,0.0
7221050-1,7479482-1,0.43879476,0.0
6919950-1,6919950-3,0.75628567,1.0
6027691-1,6027691-3,0.8095458,1.0
4897205-1,5107665-1,0.18344249,0.0
4611983-1,6343326-1,0.06753104,0.0
5094544-1,5094544-2,0.7036122,1.0
5642131-14,5642131-9,0.79727185,1.0
3051098-1,5378851-1,0.21804884,0.0
7994471-4,7994471-6,0.77268636,1.0
4200134-2,5108126-1,0.45475492,0.0
5965133-2,8170622-1,0.44777498,0.0
8147995-1,8147995-2,0.71724576,1.0
7311546-12,7311546-3,0.71459067,1.0
6477505-1,6477505-2,0.6796721,1.0
3219887-2,7417128-1,0.100002415,0.0
4140119-2,5473132-1,0.51374924,0.0
3751136-1,6969990-1,0.21338631,0.0
4233061-1,4675478-1,0.76359445,0.0
5759668-1,5787680-1,0.2226446,0.0
8358528-1,8499675-1,0.11367261,0.0
8432416-3,8482808-2,0.41132763,0.0
3420382-1,3420382-2,0.65617704,1.0
8391342-12,8391342-20,0.9182533,1.0
7535771-2,8606058-1,0.24091145,0.0
5225700-1,5976994-1,0.36721304,0.0
2821651-2,2821651-3,0.639537,1.0
2783120-1,6504752-1,0.26265642,0.0
3065627-1,5671648-1,0.49384376,0.0
4094958-2,4094958-6,0.7357928,1.0
3438306-1,3657432-1,0.3720887,0.0
2783115-2,4067705-1,0.5408707,0.0
4336764-1,5461560-1,0.38852227,0.0
5139749-1,5139749-2,0.61714333,1.0
3819852-1,3819852-2,0.29426032,1.0
5681756-2,5681756-4,0.6814962,1.0
4406011-1,7155113-1,0.2748342,0.0
7113199-1,7113199-6,0.5035761,1.0
7700296-3,7700296-6,0.8952394,1.0
5749547-2,5749547-4,0.8615023,1.0
529263-2,529263-6,0.8439725,1.0
7994471-4,7994471-6,0.77268636,1.0
3635220-1,7297480-1,0.49997738,0.0
5795860-1,5795860-3,0.7198414,1.0
8346514-2,8346514-3,0.8888808,1.0
6874122-1,6874122-2,0.63753766,1.0
4145480-3,5649119-2,0.35110497,0.0
7479301-1,7479301-5,0.7500586,1.0
5120191-1,8387207-1,0.22193286,0.0
7988206-5,7988206-9,0.79794365,1.0
3999607-2,3999607-5,0.80439466,1.0
4245924-7,8122203-1,0.38110405,0.0
5977483-1,5977483-3,0.61821353,1.0
7929054-1,7929054-2,0.8004595,1.0
2726539-1,4022786-1,0.27498254,0.0
6683483-1,7138425-1,0.20437407,0.0
4748557-1,7536520-1,0.74601567,0.0
4318027-1,4318027-2,0.84347254,1.0
3132910-1,3132910-2,0.47429532,1.0
3920673-1,3920673-5,0.74855477,1.0
4944366-4,6854420-1,0.55844164,0.0
8391342-25,8391342-33,0.74550736,1.0
5237176-1,5237176-4,0.7051849,1.0
5712115-1,5712115-2,0.33418107,1.0
8218350-1,8218350-2,0.5286524,1.0
3549408-1,3549408-2,0.7108536,1.0
5729414-1,7727031-1,0.46707234,0.0
5346920-1,7066495-2,0.7022334,0.0
7000928-1,7000928-2,0.6463167,1.0
5200989-1,8212911-1,0.6639369,0.0
5364769-1,5364769-2,0.8932888,1.0
6265001-2,6265001-3,0.34731483,1.0
4329938-1,8523476-1,0.23011929,0.0
2958970-1,2958970-2,0.9355716,1.0
4789418-1,7549575-1,0.4218669,0.0
4991182-1,7229360-1,0.29366693,0.0
5611870-1,8383637-2,0.08104217,0.0
5572848-1,6898921-1,0.7470574,0.0
8155605-1,8155605-2,0.837578,1.0
4024936-1,4719720-1,0.054739397,0.0
5120191-1,8387207-1,0.22193286,0.0
4224235-1,6485883-1,0.3951715,0.0
7459979-2,7459979-5,0.19362268,1.0
8673864-2,8673864-3,0.30116245,1.0
4691481-1,8247681-1,0.17943376,0.0
6831242-2,6831242-3,0.62949723,1.0
3538185-1,6831224-1,0.7329546,0.0
4881626-4,4881626-5,0.95880914,1.0
6177625-2,6324108-1,0.3082152,0.0
4692029-1,4692029-3,0.7011956,1.0
4445055-1,6919948-1,0.07392161,0.0
7376885-1,8391342-4,0.4267277,0.0
5109769-1,5109769-2,0.543497,1.0
4039103-1,8483391-1,0.14803316,0.0
5752727-2,5752727-3,0.59160715,1.0
6636574-1,7440168-1,0.67892987,0.0
2850186-1,7749864-1,0.24735792,0.0
8035580-1,8035580-2,0.8899299,1.0
7568822-3,7568822-4,0.951183,1.0
5917864-1,5917864-2,0.4172145,1.0
8202535-1,8202535-3,0.6949923,1.0
2862032-1,4374287-1,0.31540316,0.0
8133044-14,8133044-16,0.9456788,1.0
8707017-1,8707017-4,0.45695308,1.0
2859224-1,5499883-1,0.33569705,0.0
4942951-1,4966356-2,0.5659677,0.0
5593448-1,5593448-4,0.69142497,1.0
4937697-1,7870231-1,0.0797879,0.0
5972596-1,5972596-3,0.6138363,1.0
4835516-2,7386093-1,0.43434483,0.0
4720199-2,4720199-3,0.9089996,1.0
6908544-1,6908544-3,0.7385792,1.0
8688789-1,8688789-2,0.62106776,1.0
4689030-1,4689030-3,0.9117787,1.0
7303768-1,8713581-1,0.24379176,0.0
6088479-1,6088479-3,0.7123063,1.0
5010374-1,6177674-3,0.31680816,0.0
3546445-1,7545050-1,0.41017443,0.0
5025414-1,8249210-1,0.034608815,0.0
7852210-1,8668032-2,0.19170025,0.0
4087859-1,7902498-1,0.13541332,0.0
7574058-2,8362535-1,0.42156845,0.0
7020598-1,7020598-2,0.6882504,1.0
8569136-13,8569136-3,0.8851661,1.0
3240800-1,3240800-5,0.822855,1.0
8473938-3,8570892-1,0.6765231,0.0
2852601-1,2852601-2,0.73640835,1.0
5040587-1,7396391-2,0.072260305,0.0
3286781-1,5898115-2,0.11861093,0.0
5394407-1,6935339-1,0.39447066,0.0
8569136-10,8569136-8,0.6187479,1.0
4711341-2,4711341-4,0.7854613,1.0
2628018-1,2628018-3,0.2509709,1.0
6862365-3,6862365-5,0.92479044,1.0
2585083-1,8588691-2,0.30999616,0.0
2612684-1,6861041-1,0.26537207,0.0
2531126-1,7850656-1,0.5004733,0.0
7273174-3,7273174-4,0.9361022,1.0
2806860-1,6329243-1,0.0543836,0.0
5051311-1,5051311-2,0.75086004,1.0
5649805-2,5649805-7,0.4328008,1.0
3927005-1,7685842-1,0.40342903,0.0
7191367-2,7191367-3,0.32087854,1.0
5190044-2,7079263-1,0.56286997,0.0
8055885-1,8055885-3,0.19720519,1.0
5601035-1,5601035-2,0.6716138,1.0
5799854-1,5799854-2,0.13685869,1.0
4660716-1,8166483-1,0.41285083,0.0
6908544-3,6908544-4,0.24606301,1.0
3505333-1,7205376-1,0.32693648,0.0
3793586-1,8015585-1,0.21163502,0.0
6130330-1,7276394-1,0.4177942,0.0
8428707-1,8428707-3,0.6704694,1.0
5368377-1,5368377-2,0.8582493,1.0
5898130-1,5898130-3,0.6197318,1.0
3468793-1,3468793-2,0.4104542,0.0
5220607-1,5220607-2,0.7179947,1.0
5898202-1,8610431-1,0.08364639,0.0
6305571-1,8107913-1,0.23816796,0.0
2740245-1,6779149-1,0.3831921,0.0
7132175-2,7132175-3,0.69274145,1.0
3429833-1,8141523-1,0.1746131,0.0
3920611-1,3920611-4,0.6122037,1.0
2722051-1,3874988-1,0.26568598,0.0
8623195-1,8623195-4,0.3284,1.0
7500026-2,7500026-4,0.30769756,1.0
5234294-1,5234294-2,0.6323141,1.0
5042625-1,5042625-2,0.9552363,1.0
3912635-2,6537690-2,0.17435358,0.0
5910438-1,7338749-2,0.28048038,0.0
3639158-13,3639158-6,0.5961725,1.0
6295374-1,6295374-2,0.36878976,1.0
3174121-1,7033050-1,0.3878436,0.0
6833182-3,8423165-1,0.17534433,0.0
8307809-2,8307809-3,0.41797802,1.0
6603826-1,8476401-3,0.07859482,0.0
2790148-2,2790148-5,0.7914542,1.0
7506085-1,7506085-2,0.24966267,1.0
4362994-1,4676217-1,0.14184764,0.0
6857364-1,7452796-1,0.102922685,0.0
6899327-1,6899327-2,0.7271494,1.0
5981586-1,6618195-1,0.19335751,0.0
5981144-2,5981144-4,0.78979146,1.0
3955822-1,3955822-3,0.950656,1.0
2884459-1,6925888-1,0.06602306,0.0
6369052-1,6369052-2,0.6880169,1.0
1660560-1,1660560-3,0.8388179,1.0
4458257-1,4458257-2,0.7006207,1.0
4070080-1,7925216-1,0.053035464,0.0
7872057-3,7872057-6,0.70236427,1.0
7670619-2,7670619-3,0.72982544,1.0
2629908-1,2629908-4,0.51624984,1.0
3556532-2,3556532-4,0.8875469,1.0
3385500-1,3385500-2,0.88034487,1.0
4569403-1,8052149-1,0.67349416,0.0
4207459-1,7732258-1,0.58109856,0.0
5769203-1,5769203-2,0.7720861,1.0
4494188-1,8425135-1,0.23975824,0.0
5880257-3,5880257-7,0.5537164,1.0
4974994-2,8639398-1,0.2785479,0.0
2045672-1,4081653-2,0.2922045,0.0
4357166-1,5602615-1,0.23937488,0.0
6332555-1,6332555-6,0.73915786,1.0
2559824-1,5061665-1,0.3092632,0.0
3663181-1,6721917-2,0.3423451,0.0
3891165-1,4273471-1,0.11738675,0.0
3141725-1,546198-2,0.17930472,0.0
4812638-1,5982477-1,0.16974562,0.0
3026341-5,3026341-9,0.19323817,0.0
7077940-1,7360258-1,0.38487256,0.0
7092682-2,7092682-3,0.8187109,1.0
4188946-1,4188946-4,0.86995035,1.0
7493264-1,7493264-2,0.15658838,1.0
6299528-2,6299528-8,0.06749038,1.0
8383533-3,8383533-5,0.7365904,1.0
6235640-1,7869405-1,0.09041381,0.0
5346454-10,8497279-1,0.7970047,0.0
4761595-3,8496000-1,0.87460005,0.0
4450489-1,5421492-1,0.35189676,0.0
4998851-2,4998851-7,0.5402421,1.0
4879227-1,7590699-1,0.26072416,0.0
6951159-1,8094050-2,0.16247685,0.0
4620753-1,6295710-1,0.33113945,0.0
3589613-1,7721848-1,0.08868364,0.0
4246994-1,6054368-1,0.31720927,0.0
2925369-1,8387078-1,0.4410459,0.0
5540467-1,7305484-3,0.20438114,0.0
3818699-1,3818699-3,0.888312,1.0
3751073-1,5578588-1,0.24879123,0.0
8393241-8,8393241-9,0.5972689,1.0
3276793-1,5778559-1,0.07775847,0.0
3843640-1,3843640-2,0.43179005,1.0
6370578-1,6370578-4,0.72763586,1.0
2640403-4,2640403-9,0.43721303,1.0
7961518-1,7961518-2,0.9291652,1.0
4984831-1,8571254-1,0.07131551,0.0
7383351-1,8132458-3,0.22148769,0.0
8705528-10,8705528-13,0.69237435,1.0
4849312-1,4849312-2,0.8178765,1.0
4533573-1,4533573-2,0.65297925,1.0
8528572-1,8528572-4,0.7244095,1.0
3591061-1,3591061-2,0.86164904,1.0
4720199-2,4720199-3,0.9089996,1.0
7455599-1,7598250-1,0.15372586,0.0
6336730-1,6336730-7,0.6984853,1.0
4749774-1,4749774-2,0.4769819,1.0
4532076-2,4532076-3,0.6959696,1.0
6798296-1,6798296-2,0.7864912,1.0
6291379-1,6291379-2,0.31370148,1.0
3965928-1,6899330-1,0.48428097,0.0
3312794-3,4451783-1,0.5964662,0.0
8056374-2,8056374-6,0.5781548,1.0
5965133-1,5965133-3,0.81660616,1.0
6157329-1,6157329-3,0.19336052,1.0
6529843-1,7507594-6,0.8028232,0.0
5470651-1,6896742-1,0.71848273,0.0
4020557-1,4456757-1,0.28173736,1.0
5042622-1,5042622-3,0.6964353,1.0
5102997-1,5102997-2,0.68082803,1.0
2981764-2,2981764-3,0.726777,1.0
3864880-1,3864880-2,0.665392,1.0
5084613-1,5084613-4,0.5288704,1.0
4993830-1,7559758-1,0.7721757,0.0
5513699-1,5513699-3,0.809499,1.0
5400417-1,5446890-1,0.46284223,0.0
4655030-1,4884798-1,0.3495032,0.0
5885347-1,5885347-3,0.6416076,1.0
8641026-1,8641026-4,0.65181714,1.0
2932991-3,2932991-4,0.9511992,1.0
5367597-1,5367597-2,0.69955766,1.0
7521058-1,8424806-1,0.39070243,0.0
3033840-1,7599049-1,0.6155873,0.0
3040089-1,3040089-4,0.6663503,1.0
5590420-1,5590420-2,0.87697357,1.0
6813690-1,6813690-4,0.7231258,1.0
8319722-1,8319722-2,0.82032806,1.0
5343133-1,5343133-3,0.3262511,1.0
8385252-1,8385252-2,0.64701855,1.0
4793556-1,6836415-1,0.09221152,0.0
1950515-1,3913426-1,0.53403634,0.0
4301858-1,8520584-1,0.100459695,0.0
2944122-1,7160902-2,0.28092238,0.0
2614979-1,4689988-1,0.27451977,0.0
5435471-1,6996166-3,0.10923919,0.0
7714405-1,7714405-3,0.63163286,1.0
5390845-2,6011329-1,0.25328693,0.0
3276871-1,4534062-1,0.22642815,0.0
6764574-1,6764574-6,0.36851025,1.0
4055542-6,4055542-7,0.7410358,1.0
5469202-1,8316880-1,0.6877389,0.0
4550994-1,7763274-8,0.037974093,0.0
8107669-1,8107669-3,0.74672097,1.0
4918484-1,7067578-1,0.22541516,1.0
6862365-3,6862365-5,0.92479044,1.0
2737771-1,4738830-1,0.14344025,0.0
8225171-1,8225171-5,0.52323943,1.0
6816128-1,6816128-2,0.71057117,1.0
6549290-4,6549290-5,0.3407079,1.0
4429945-1,4429945-2,0.69399464,1.0
3212603-1,3212603-2,0.7347294,1.0
1361803-1,1361803-2,0.68606704,1.0
3407125-3,3407125-5,0.9417333,1.0
6521673-1,7253880-1,0.29030442,0.0
8133044-13,8133044-8,0.4047634,1.0
3902577-2,4330492-1,0.71226305,0.0
3178776-1,6210665-1,0.3950184,0.0
8044528-1,8044528-3,0.5140342,1.0
4454733-1,7443681-1,0.28315836,0.0
2762828-1,2762828-2,0.80061865,1.0
4342155-1,7539112-1,0.4599466,0.0
3032245-1,8369656-1,0.19310072,0.0
5390126-1,5390126-4,0.38040313,1.0
4216664-2,6547321-1,0.7179186,1.0
3272560-1,7147685-1,0.23823532,0.0
3248588-1,7690134-1,0.1959551,0.0
8144799-1,8189805-1,0.3001506,0.0
5482923-2,5482923-3,0.44541082,1.0
8709039-1,8709039-3,0.65598226,1.0
5220683-1,7292991-1,0.6222413,0.0
6048239-1,6226587-1,0.52423424,0.0
3871035-2,3871035-3,0.80560094,1.0
8242326-1,8242326-2,0.5898488,1.0
4347730-1,6320170-1,0.3668684,0.0
5147474-1,7711829-1,0.51195616,0.0
6533970-1,6533970-5,0.8625315,1.0
5107659-2,6986456-1,0.50881565,0.0
2729252-4,4632558-1,0.7167459,0.0
4455125-3,8264871-1,0.67819643,0.0
6382493-1,6382493-3,0.5257163,1.0
5432734-1,5674715-1,0.17004502,0.0
3272560-1,7147685-1,0.23823532,0.0
5971652-1,8643395-1,0.3086029,0.0
6236112-2,6236112-5,0.7143223,1.0
6476008-1,6476008-2,0.28873193,1.0
4569790-1,6019328-1,0.7559024,0.0
2771796-1,3512476-1,0.15814216,0.0
8225500-1,8225500-2,0.2706189,1.0
6429643-1,7150691-1,0.3155997,0.0
6899327-1,6899327-2,0.7271494,1.0
4847509-1,4847509-3,0.13022825,1.0
4024625-2,4024625-3,0.73881394,1.0
8131961-1,8131961-2,0.6608943,1.0
6848981-1,6848981-2,0.22888605,1.0
7737526-1,7913009-1,0.37293845,0.0
5588642-1,8437005-1,0.66476214,0.0
2636076-1,6524100-2,0.63916886,0.0
8042546-1,8042546-2,0.534264,1.0
3705745-1,3766204-3,0.5788584,0.0
4737748-1,5789617-3,0.24856086,0.0
4003766-1,5439251-1,0.47008747,0.0
7685667-1,7685667-3,0.7880727,1.0
4465165-5,4465165-6,0.7025497,1.0
8072080-2,8435096-2,0.1568887,0.0
4943815-2,4943815-3,0.7592025,1.0
8395908-1,8395908-2,0.26208985,1.0
7306525-1,7341436-1,0.13800077,0.0
4430642-1,4430642-4,0.46930644,1.0
5853069-1,5853069-2,0.95028096,1.0
6132972-3,6132972-4,0.45038733,1.0
6295374-1,6295374-2,0.36878976,1.0
3785901-1,6849054-1,0.51226217,0.0
3863509-1,8216570-1,0.4377774,0.0
4826676-1,8373187-6,0.20474862,0.0
8471443-1,8471443-2,0.26504317,1.0
6446101-1,7493377-1,0.0814461,0.0
5461574-1,8062610-1,0.44021165,0.0
3174121-1,7033050-1,0.3878436,0.0
3347490-1,3347490-2,0.5705679,1.0
8162322-2,8162322-5,0.8502443,1.0
4532946-1,6203505-1,0.32879475,0.0
4456892-1,8243089-2,0.15197448,0.0
4404004-1,5464515-1,0.40893337,0.0
7499335-1,8350335-2,0.11770953,0.0
5043164-1,5378858-1,0.55243766,0.0
7273405-1,8254521-1,0.5390094,0.0
3603666-1,7716385-1,0.7273906,0.0
3045723-1,5930210-1,0.49461758,0.0
3868701-1,8191651-1,0.42725086,0.0
8237419-2,8237419-5,0.6405072,1.0
8492880-3,8492880-4,0.87866384,1.0
8569136-8,8569136-9,0.81603324,1.0
6261092-1,6306630-1,0.11272581,0.0
5108850-2,5108850-3,0.65348125,1.0
2742518-1,4569806-1,0.09520248,0.0
2876834-2,2876834-4,0.5376928,1.0
4863788-2,4863788-3,0.77059156,1.0
4135106-1,8637990-1,0.47312582,0.0
7011274-1,7011274-2,0.8691645,1.0
6199400-1,6199400-2,0.36381796,1.0
4621684-1,5324989-1,0.7465011,0.0
6160237-3,6160237-4,0.8494409,1.0
4114614-1,4114614-2,0.6271687,1.0
3822414-3,3822414-5,0.9036555,1.0
6913282-1,7006420-2,0.21927553,0.0
3343401-1,6432979-1,0.44697374,0.0
4010044-1,4214711-2,0.17149442,0.0
8377065-4,8377065-6,0.7069955,1.0
5494519-2,5494519-3,0.21260399,1.0
4175871-1,4506839-1,0.21670158,0.0
3843640-5,3843640-6,0.92491245,1.0
4155887-1,4155887-3,0.67541754,1.0
5649928-1,6048768-1,0.28267518,0.0
3141707-6,3141707-8,0.89267313,1.0
4881626-4,4881626-8,0.8177664,1.0
4531685-1,7012553-1,0.19105777,0.0
4232833-1,8621951-1,0.14475773,0.0
3788297-1,8318616-1,0.20815535,0.0
6180816-1,7960044-1,0.34224927,0.0
4818219-3,4818219-4,0.57624066,1.0
7497062-1,7731521-1,0.04227346,0.0
4065275-1,4065275-2,0.7859198,1.0
8544915-2,8544915-3,0.7343929,1.0
5329676-2,7175762-2,0.33210698,0.0
8158287-2,8158287-3,0.1116706,1.0
8391342-25,8391342-27,0.82121277,1.0
4998961-1,7414370-1,0.3494338,0.0
7061685-1,7061685-6,0.8365457,1.0
2769317-1,3982338-1,0.20330533,0.0
2803813-1,7325297-1,0.26990476,0.0
3704706-1,4710887-2,0.35917765,0.0
8407674-1,8407674-2,0.5945552,1.0
3300901-1,8602871-1,0.26878145,0.0
6323412-1,7285250-1,0.173056,0.0
4326292-1,4413529-1,0.40929198,0.0
6598598-4,6598598-7,0.59894556,1.0
3249945-3,3249945-5,0.70651513,1.0
7452247-1,7452247-2,0.32295492,1.0
4077557-3,4077557-5,0.33872643,1.0
4123504-3,4123504-4,0.6527271,1.0
8705528-13,8705528-5,0.58930916,1.0
7029452-2,7557114-1,0.06192184,0.0
4502247-1,7220005-7,0.42815545,0.0
6182942-1,6967269-1,0.8028906,0.0
3129090-1,7712585-1,0.23058261,0.0
3425250-1,4681015-1,0.3046735,0.0
4611936-1,6019244-4,0.15575631,0.0
3638522-1,6868727-1,0.6557996,0.0
6464990-1,8454250-1,0.19879079,0.0
4064285-1,8627705-1,0.6402172,0.0
4576891-1,4576891-2,0.82024527,1.0
2566578-1,4988024-1,0.68402404,0.0
7649792-1,7649792-2,0.092778325,1.0
4682019-1,6366372-1,0.3554147,0.0
5550529-2,5550529-3,0.7585427,1.0
6159843-3,6159843-4,0.07734808,1.0
7477961-4,7477961-5,0.2486833,1.0
3138412-2,5912312-6,0.1332148,0.0
5153464-1,8452165-1,0.11950014,0.0
2687639-4,3420572-1,0.52886605,0.0
6664587-1,7303870-2,0.65128607,0.0
6732502-1,7724126-1,0.3442748,0.0
3800554-1,8083853-1,0.12207846,0.0
2873454-1,6240271-1,0.2031647,0.0
3580347-3,3580347-5,0.2635377,1.0
7677352-1,7677352-3,0.45119348,1.0
4045234-1,7710430-1,0.26583552,0.0
5340929-1,7535637-1,0.70737416,0.0
8286377-4,8286377-5,0.3447441,1.0
3199429-2,3199429-4,0.38099238,1.0
2804724-1,6778929-1,0.7935465,0.0
3958573-1,4014828-1,0.3440371,0.0
4138773-1,6884880-2,0.51567715,0.0
2628018-1,2628018-3,0.2509709,1.0
5932826-4,5932826-5,0.7373342,1.0
6966363-1,8549577-3,0.6216361,0.0
4357406-1,5642814-1,0.4025865,0.0
4616376-2,4877775-1,0.054244462,0.0
4279969-1,4279969-4,0.5571565,1.0
7221050-1,7479482-1,0.43879476,0.0
8688789-1,8688789-2,0.62106776,1.0
3822421-1,6357366-1,0.3368539,0.0
3987316-1,4148739-2,0.21941671,0.0
2769423-1,7594223-2,0.70961565,0.0
3552861-2,3552861-3,0.72970265,1.0
5851773-1,6580405-1,0.2664859,0.0
6885689-1,6885689-2,0.8185025,1.0
2429901-1,3038954-1,0.48671407,0.0
7044389-1,7311811-1,0.7962307,0.0
5586844-1,5624261-1,0.48255378,0.0
8560084-2,8560084-3,0.6118514,1.0
8411760-1,8411760-4,0.79950297,1.0
4209027-1,4209027-3,0.15149274,1.0
6751432-1,7140157-1,0.74107367,0.0
6159235-1,8114011-1,0.2672208,0.0
6382493-1,6382493-3,0.5257163,1.0
3372806-1,8016592-1,0.32213524,0.0
6369346-6,6369346-8,0.74716157,1.0
5768481-4,6292349-1,0.17564915,0.0
5845586-4,5845586-5,0.67638826,1.0
3209597-1,4247509-1,0.2618922,0.0
5872398-1,7495872-1,0.4688787,0.0
2841382-1,7649897-1,0.35056493,0.0
8569136-13,8569136-3,0.8851661,1.0
3986960-1,5728764-1,0.2980985,0.0
5120191-1,8387207-1,0.22193286,0.0
7069276-1,7074426-5,0.18527128,0.0
7163239-4,7365035-1,0.5001057,0.0
6875521-1,8419424-1,0.5516215,0.0
7029452-2,7557114-1,0.06192184,0.0
3928346-1,6784672-1,0.6031425,0.0
4702300-3,4702300-5,0.7696027,1.0
6558134-1,6558134-4,0.57583547,1.0
8236763-1,8362859-1,0.2080864,0.0
8493100-1,8493100-2,0.86657447,1.0
5353837-1,8281404-3,0.633893,0.0
7700296-2,7700296-6,0.8831098,1.0
3685644-1,8155807-1,0.66602534,0.0
6561526-1,8054923-1,0.55754715,0.0
4772458-1,4772458-2,0.2283538,1.0
3934696-1,7220345-1,0.49635383,0.0
2627816-2,2627816-3,0.8645198,1.0
2740198-1,8236782-1,0.22527206,0.0
3860123-1,3860123-2,0.550438,1.0
3183041-3,3183041-4,0.39060226,1.0
4962498-1,4962498-3,0.92007303,1.0
3467925-2,7946834-1,0.32799417,0.0
7273708-1,8403020-1,0.05248259,0.0
8084795-1,8084795-2,0.45108223,1.0
7587992-5,7587992-8,0.8888082,1.0
4621684-1,5324989-1,0.7465011,0.0
7012558-1,7012558-3,0.42871097,1.0
7020314-1,7423822-2,0.32379302,0.0
4077557-3,4077557-5,0.33872643,1.0
5932826-2,5932826-6,0.8595595,1.0
3875126-2,7691707-1,0.6511822,0.0
6744737-1,6744737-2,0.8218446,1.0
4109038-1,4109038-2,0.85891837,1.0
3913501-1,7342181-1,0.42089418,0.0
3429736-1,4451655-1,0.13099396,0.0
7219985-1,7606916-2,0.82168555,0.0
7000928-1,7000928-5,0.14729966,1.0
3459711-2,3459711-3,0.2398034,1.0
3654626-1,8173402-1,0.5495796,0.0
5463103-1,7670377-1,0.13216563,0.0
1388246-1,6095652-2,0.21993063,0.0
3376881-3,3376881-4,0.3903235,0.0
7150566-1,7150566-2,0.8676389,1.0
3620045-1,4982345-1,0.043031625,0.0
7520762-2,7520762-5,0.77787066,1.0
2856528-1,2856528-5,0.3955231,1.0
4341035-2,4341035-3,0.35901895,1.0
4541672-1,4541672-5,0.8011624,1.0
2847211-3,2847211-5,0.7435408,1.0
7315091-2,8613452-1,0.29683778,0.0
3629344-1,7532060-1,0.10460019,0.0
8464303-3,8464303-4,0.86793053,1.0
5367777-1,5367777-4,0.12773772,1.0
7799191-4,7799191-5,0.23014538,1.0
2222674-1,5354394-1,0.20722803,0.0
4760030-1,5404631-1,0.49553972,0.0
5981592-1,8602087-1,0.18093657,0.0
8391342-20,8391342-5,0.8939782,1.0
3544661-1,3700847-1,0.10032526,0.0
6029437-2,6029437-3,0.67692745,1.0
3830139-1,3846227-1,0.43216097,0.0
4330691-1,4330691-2,0.22856846,1.0
5605694-1,5605694-2,0.6874575,1.0
7789137-1,7789137-2,0.22872174,1.0
4193158-1,4193158-2,0.77971935,1.0
5784682-1,5784682-4,0.42997015,1.0
4342155-1,7539112-1,0.4599466,0.0
6693393-1,6940036-4,0.15302047,0.0
4777948-1,4777948-4,0.4521433,1.0
5482923-2,5482923-3,0.44541082,1.0
6411342-1,6411342-2,0.5279151,1.0
7474560-2,7474560-3,0.26043138,1.0
3764961-1,6625149-2,0.1451891,0.0
3267372-1,3267372-4,0.5838827,1.0
5221483-1,5221483-2,0.6158619,1.0
6820894-1,6820894-2,0.24875702,1.0
4986358-1,7923730-1,0.17636423,0.0
4251822-1,8415779-1,0.4524979,0.0
7683687-1,7683687-2,0.83323234,1.0
8531269-1,8531269-2,0.6182818,1.0
3872386-2,7869389-1,0.48915392,0.0
4410540-1,5890000-1,0.08982234,0.0
6389466-1,6929261-1,0.27704188,0.0
6982478-1,7175038-1,0.7508359,0.0
3314863-1,8576766-1,0.40630123,0.0
3488388-1,4385322-4,0.55885315,0.0
7527125-1,8403006-1,0.61533,0.0
5712115-2,5712115-6,0.8499238,1.0
5921541-2,5921541-4,0.87094045,1.0
5154232-1,5154232-2,0.91107863,1.0
5081500-1,5081500-2,0.7911251,1.0
2903945-1,2903945-4,0.19576815,1.0
3843640-2,3843640-6,0.5994178,1.0
7236383-1,7236383-4,0.8109038,1.0
5649843-1,7772108-1,0.67864007,0.0
8504030-2,8504030-5,0.70791966,1.0
5378862-2,5378862-3,0.39110783,1.0
4023056-2,5736959-1,0.3995199,0.0
7722336-1,7722336-5,0.82222617,1.0
4549539-1,7535648-1,0.46009675,0.0
3339080-1,3339080-2,0.95756805,1.0
7204895-1,7275236-1,0.15324096,0.0
7463145-4,7463145-5,0.69192654,1.0
8216569-3,8421185-1,0.6673333,0.0
4942951-1,4966356-2,0.5659677,0.0
8515716-2,8515716-3,0.81033707,1.0
6749096-1,8547566-1,0.25434446,0.0
4200134-2,5108126-1,0.45475492,0.0
7641057-1,8299428-1,0.28208306,0.0
2908355-1,7576745-1,0.08855726,0.0
5423380-1,5685861-2,0.29195362,0.0
4487156-3,8180162-2,0.5595358,0.0
5041413-1,5041413-2,0.7343599,1.0
4506145-1,4549351-1,0.3407625,0.0
4492317-1,7384492-2,0.1888552,0.0
3935506-1,3935506-2,0.37343207,0.0
4257951-4,4257951-5,0.78999853,1.0
4302118-2,4302118-3,0.2765372,1.0
3978052-1,3978052-2,0.84855634,1.0
2902014-2,7286408-1,0.8470167,0.0
2964787-1,2964787-2,0.605357,1.0
5634570-1,7524921-1,0.17509094,0.0
3970286-1,7329742-2,0.35675585,0.0
2718116-2,2718116-3,0.43592903,1.0
3467773-1,4308088-5,0.2195441,0.0
4955044-1,4955044-3,0.9438944,1.0
6671889-1,8505106-3,0.26650164,0.0
4427375-1,5521354-1,0.46114552,0.0
7893885-1,7893885-2,0.38029325,1.0
6728972-1,7891040-1,0.10062542,0.0
4430642-1,4430642-4,0.46930644,1.0
5582565-1,5719915-1,0.8264913,0.0
3832881-1,8061223-1,0.497518,0.0
7302719-2,7302719-4,0.36498263,1.0
3891421-2,5485294-1,0.7492711,0.0
2772275-2,2772275-3,0.7485057,1.0
4777948-1,4777948-4,0.4521433,1.0
3051894-1,6713256-1,0.57022023,0.0
4444486-5,6266799-1,0.7031688,0.0
7396272-3,7396272-4,0.47752345,1.0
8705528-4,8705528-9,0.6275371,1.0
4013303-1,6476142-1,0.26781353,0.0
5175082-2,8179565-3,0.14441343,0.0
4124143-3,5965111-1,0.30489096,0.0
6024067-1,8155124-1,0.17104976,0.0
7520796-1,7520796-4,0.75291705,1.0
4129924-1,6426094-1,0.54397285,0.0
7299656-10,7299656-5,0.8758696,1.0
8377065-10,8377065-11,0.7808416,1.0
3687867-2,7596435-1,0.51448685,0.0
4846628-1,8477373-1,0.16516021,0.0
5932826-1,5932826-9,0.88482237,1.0
8649573-5,8649573-6,0.7287674,1.0
5827903-1,8338201-1,0.06535547,0.0
5000538-1,7952637-3,0.71647847,0.0
3871035-2,3871035-3,0.80560094,1.0
8501706-1,8501706-2,0.24804397,1.0
5550529-2,5550529-3,0.7585427,1.0
2564909-1,7853432-1,0.057177324,0.0
5045678-1,6562613-1,0.48678327,0.0
4302550-2,4789036-1,0.51754534,0.0
6637358-4,6637358-6,0.77901393,1.0
3026341-6,3026341-7,0.6022354,1.0
5991270-1,5991270-4,0.12579833,1.0
3051095-1,4356289-1,0.22574753,0.0
3333799-1,4515888-1,0.47467834,0.0
6022295-2,6022295-3,0.52136093,1.0
2526450-1,4604288-3,0.6303252,0.0
5538244-1,8078440-1,0.5113388,0.0
3570283-1,3596587-1,0.047897946,0.0
8591199-1,8591199-2,0.5915908,1.0
4153192-2,4153192-7,0.49297914,1.0
1413535-1,6109557-1,0.28780842,0.0
6299545-3,6299545-4,0.6422057,1.0
4789813-1,4789813-2,0.6804966,1.0
6700633-2,6700633-3,0.7440674,1.0
6745135-1,6745135-2,0.55386907,1.0
6332555-1,6332555-6,0.73915786,1.0
7649476-3,7769750-1,0.1903298,0.0
4897205-1,5107665-1,0.18344249,0.0
7315662-1,7991103-1,0.12026935,0.0
6723649-1,7132961-1,0.33425152,0.0
8057658-3,8057658-4,0.37607923,1.0
2740257-1,5833207-1,0.32364818,0.0
6286717-1,6766145-1,0.21644904,0.0
6890279-1,8003149-1,0.5602633,0.0
6883863-2,6883863-4,0.5240977,1.0
1950478-1,8682950-4,0.29903743,1.0
2034578-1,8475736-1,0.5536,0.0
8326455-5,8326455-6,0.5951831,1.0
3663181-1,6721917-2,0.3423451,0.0
8721730-1,8721730-2,0.78334653,1.0
3920611-1,3920611-5,0.9217733,1.0
6167653-1,6167653-2,0.18608595,1.0
5415937-1,5763207-1,0.11459214,0.0
6006723-1,6243525-1,0.85023683,0.0
6644311-1,6644311-2,0.23100343,1.0
6862365-3,6862365-5,0.92479044,1.0
5056220-1,5056220-3,0.84116143,1.0
8395908-1,8395908-2,0.26208985,1.0
6075497-1,6503405-4,0.23644905,0.0
4251530-1,5819629-1,0.6548717,0.0
3628252-2,3628252-3,0.23056029,1.0
5474923-1,7885142-1,0.84302056,0.0
6398303-2,6398303-4,0.6553995,1.0
4947865-1,5260851-1,0.4041764,0.0
6207033-1,6215584-1,0.192879,0.0
7180205-1,7180205-6,0.67579216,1.0
7500026-2,7500026-7,0.10330438,1.0
8683277-3,8683277-4,0.5862314,1.0
8015901-2,8015901-3,0.7911614,1.0
8272497-2,8272497-3,0.8983689,1.0
6332814-1,6332814-7,0.7833155,1.0
4153278-2,4153278-3,0.593624,1.0
1599730-1,3475299-1,0.57981557,0.0
5094544-1,5094544-2,0.7036122,1.0
3589613-1,7721848-1,0.08868364,0.0
529263-1,529263-5,0.69706964,1.0
8611532-1,8611532-3,0.8190242,1.0
4976167-1,8666948-1,0.4603126,0.0
3789302-2,3789302-3,0.8474737,1.0
1794493-5,1794493-6,0.8350845,1.0
2693557-1,4929363-2,0.13241641,0.0
4188946-1,4188946-4,0.86995035,1.0
3897098-3,3897098-4,0.8311222,1.0
8203267-1,8240129-1,0.34486493,0.0
3521419-1,6964051-1,0.3807017,0.0
8395467-3,8395467-4,0.067705125,1.0
3556532-2,3556532-3,0.78929883,1.0
7839804-1,7839804-2,0.69264585,1.0
7225378-1,7607752-1,0.09016321,0.0
2993988-2,2993988-4,0.8773554,1.0
8700649-2,8700649-4,0.30154076,1.0
3077506-1,5704870-1,0.23905405,0.0
7519586-1,8076735-1,0.8000948,1.0
7754281-1,7754281-2,0.94269633,1.0
5094544-1,5094544-2,0.7036122,1.0
2590610-1,5526306-2,0.31247362,0.0
1764017-1,1764017-2,0.21409658,1.0
5912312-1,5912312-4,0.52109045,1.0
5345890-2,5345890-4,0.22268446,1.0
8464672-1,8464672-2,0.52696836,1.0
4346931-1,4346931-2,0.5286379,1.0
5803979-1,5803979-3,0.49545452,1.0
6814334-1,6822667-1,0.6781999,0.0
5360045-1,7952668-1,0.56400084,0.0
3272533-1,7667327-5,0.18852086,0.0
4944366-2,4944366-7,0.79244274,1.0
7035525-1,7035525-3,0.06973089,1.0
5589583-1,6479779-2,0.41840655,0.0
5314260-1,6389040-4,0.32777733,0.0
4616293-1,6641798-1,0.72657627,0.0
4052498-2,4052498-5,0.85449255,1.0
8683277-3,8683277-4,0.5862314,1.0
7507594-5,7507594-6,0.65173525,1.0
8077172-11,8077172-8,0.8237479,1.0
4194376-1,7402798-1,0.42847493,0.0
7716112-1,7716112-2,0.5359011,1.0
5686962-1,5686962-4,0.60469,1.0
4969854-1,7192559-1,0.3645244,0.0
8178924-1,8610879-1,0.15040515,0.0
6162813-1,7275195-1,0.11929395,0.0
6005396-1,7596536-1,0.13334931,0.0
4275024-1,5040584-1,0.21022667,0.0
3599747-1,3599747-2,0.29880428,1.0
4034504-1,4034504-2,0.2593558,1.0
2823760-4,2823760-7,0.5573233,1.0
5649805-2,5649805-7,0.4328008,1.0
2222674-1,5354394-1,0.20722803,0.0
5893346-2,5893346-7,0.22966218,1.0
7354550-2,7354550-3,0.68044794,1.0
5025414-1,8249210-1,0.034608815,0.0
8136305-1,8136305-2,0.3923529,1.0
5593448-1,5593448-3,0.42946345,1.0
6558454-1,6558454-3,0.69856244,1.0
7981640-2,7981640-3,0.39218992,1.0
5296994-1,5771932-1,0.28372547,0.0
5299218-1,5299218-3,0.76460344,1.0
6598109-1,6598109-3,0.69369215,1.0
4611895-1,4611895-2,0.57843965,1.0
3573578-1,3573578-3,0.6658711,1.0
7577788-1,7577788-2,0.5068187,1.0
6380677-1,8567533-1,0.19188704,0.0
2635059-3,3555596-1,0.65575564,0.0
4302118-2,4302118-7,0.82387096,1.0
8531269-1,8531269-3,0.71357363,1.0
2387154-1,2804001-1,0.858366,0.0
3467448-1,7049895-2,0.23673424,0.0
8391342-16,8391342-33,0.43730152,1.0
5406614-1,7430657-1,0.24929495,0.0
8129005-2,8129005-4,0.3394911,1.0
7910093-3,7910093-8,0.73008174,1.0
8290849-1,8290849-2,0.64418364,1.0
5540467-1,7305484-3,0.20438114,0.0
3858807-2,8383648-1,0.43892276,0.0
4719265-1,6323364-1,0.14104807,0.0
8388796-7,8388796-9,0.31271356,1.0
5564121-1,7676473-1,0.25126007,0.0
6113765-1,6504019-1,0.5554275,0.0
4107223-2,4107223-3,0.32392967,1.0
1570350-1,3717033-1,0.18363325,0.0
3686641-1,6717324-1,0.6736357,0.0
6057132-1,6057132-2,0.53352475,1.0
6018315-1,6018315-3,0.7318842,1.0
4392492-1,5988205-1,0.36104718,0.0
8047295-4,8047295-5,0.7364717,1.0
5709011-1,5709011-2,0.81075245,1.0
6311773-1,6311773-7,0.78196925,1.0
3055833-1,7417184-1,0.20388253,0.0
4053581-1,4053581-2,0.40474516,1.0
2481265-1,5067396-1,0.2649463,0.0
1906806-10,1906806-2,0.9161289,1.0
4295945-1,8511285-1,0.32357347,0.0
5458002-1,7989778-1,0.8073171,0.0
7676773-1,8608521-1,0.6906353,0.0
3927300-1,3927300-2,0.48066813,1.0
3666435-1,7292057-1,0.7766465,0.0
5325025-1,6698274-1,0.7520965,0.0
3920611-1,3920611-4,0.6122037,1.0
4026547-2,8039198-1,0.37001175,0.0
2529260-1,4601425-1,0.396552,0.0
6788313-1,6788313-3,0.8958108,1.0
4173238-1,4173238-3,0.7053124,1.0
5483845-3,5483845-4,0.71847886,1.0
4934108-1,6834095-1,0.16326264,0.0
4745280-1,6558365-4,0.58388144,0.0
3391621-1,5642479-3,0.8997332,0.0
2649865-1,3447637-1,0.17903648,0.0
8077172-15,8077172-16,0.95131516,1.0
6043705-2,6043705-5,0.7328355,1.0
6064090-1,8103795-1,0.6562697,0.0
3600330-1,5088476-3,0.44540846,0.0
4100840-3,4898337-1,0.072366394,0.0
4531931-1,8476880-1,0.5619889,0.0
6837833-1,6837833-2,0.71390873,1.0
2766887-1,4114584-1,0.579455,1.0
5042891-1,7315059-1,0.5424993,0.0
4094581-1,4094581-7,0.7729696,1.0
6043705-2,6043705-5,0.7328355,1.0
4906193-1,4906193-2,0.73367566,1.0
6854088-1,6854088-2,0.84726924,1.0
6080731-1,7166291-1,0.5194754,1.0
5980456-2,7533098-1,0.17093733,0.0
7584942-1,7584942-2,0.3206847,1.0
3263472-1,3263472-2,0.7060272,1.0
5120191-1,8387207-1,0.22193286,0.0
4185321-1,7163344-1,0.53228223,0.0
2908797-1,8004176-8,0.078095995,0.0
5580965-1,7910263-1,0.17238168,0.0
7607618-1,7607618-2,0.2889983,1.0
5901399-3,5901399-6,0.7965954,1.0
6311234-1,7253935-1,0.050963905,0.0
8384448-2,8384448-3,0.4864476,1.0
4849312-1,4849312-2,0.8178765,1.0
8515176-2,8515176-4,0.6114578,1.0
4460230-1,5989148-1,0.098540716,0.0
4010044-1,4214711-2,0.17149442,0.0
5405905-1,8387585-1,0.3812959,0.0
4439492-1,6128598-1,0.8217516,0.0
5308046-1,7171607-5,0.2839041,0.0
6896887-1,6896887-4,0.617813,1.0
4177065-2,6159116-1,0.39230245,0.0
3927005-1,7685842-1,0.40342903,0.0
6743228-1,6743228-2,0.8110307,1.0
8032334-1,8032334-3,0.84964603,1.0
5621271-1,5996655-1,0.12719347,0.0
4406011-1,7155113-1,0.2748342,0.0
4283393-1,5409946-1,0.25156075,0.0
5530411-4,5530411-5,0.85225254,1.0
5968738-2,5968738-3,0.82568413,1.0
4138489-2,4138489-4,0.71932703,1.0
4009207-1,6555996-1,0.24710114,0.0
4006458-1,4282227-1,0.4244263,0.0
2740230-1,8298240-1,0.21588162,1.0
3756167-1,8493291-1,0.706177,0.0
7485476-10,7485476-5,0.6057968,1.0
4947865-5,4947865-7,0.7513465,1.0
7007484-2,7007484-3,0.8077045,1.0
5359129-1,6898723-2,0.16821772,0.0
3751376-1,3751376-2,0.6530474,1.0
7158139-2,7158139-3,0.3983022,1.0
6312625-3,6312625-4,0.09861543,1.0
5972596-1,5972596-3,0.6138363,1.0
7962158-1,7962158-4,0.7751492,1.0
3263067-1,3687721-1,0.3451857,0.0
2729252-4,4632558-1,0.7167459,0.0
5144929-1,5144929-3,0.67651737,1.0
6796684-1,6796684-4,0.7143875,1.0
4765255-4,4765255-5,0.3507393,1.0
5308138-1,5308138-4,0.6537728,1.0
2713849-1,3471248-1,0.07679649,0.0
6221754-1,6247678-1,0.49536005,0.0
8393241-8,8393241-9,0.5972689,1.0
6537269-1,6537269-2,0.71515256,1.0
8216690-1,8216690-2,0.8612336,1.0
4184659-2,8255708-1,0.81964064,0.0
4313489-4,4313489-8,0.77163154,1.0
3800334-1,4142935-1,0.23775288,0.0
8391342-12,8391342-15,0.62602526,1.0
3404939-2,4018701-2,0.91061497,0.0
8724979-1,8724979-2,0.6673832,1.0
3291707-1,8188865-1,0.6044264,0.0
5228664-1,5228664-3,0.16695063,1.0
3518178-1,7437810-1,0.8846396,0.0
4901834-1,7437135-2,0.40879202,0.0
7569537-3,7569537-4,0.6620374,1.0
3335606-1,5582424-1,0.12313183,0.0
8077172-15,8077172-16,0.95131516,1.0
4263490-1,7680184-1,0.5595491,0.0
4237779-1,4950238-3,0.60612935,0.0
3258229-2,3258229-5,0.839276,1.0
7538799-1,8362537-1,0.52969867,0.0
4100275-1,4100275-3,0.74560654,1.0
3529929-1,7426660-1,0.06700922,0.0
4434495-1,7720389-1,0.052747745,0.0
5828042-1,7315262-1,0.46300355,0.0
8248082-4,8248082-5,0.89691216,1.0
8178924-1,8610879-1,0.15040515,0.0
7771408-1,7771408-2,0.77712995,1.0
6732602-2,6732602-5,0.26793227,1.0
5611870-1,8383637-2,0.08104217,0.0
2815756-5,2815756-9,0.777044,1.0
4748557-3,4748557-4,0.8479998,1.0
4763460-1,4763460-2,0.24969447,1.0
7871006-2,7871006-3,0.8633134,1.0
4976414-1,6610913-1,0.8325241,0.0
7196464-1,7196464-3,0.74351174,1.0
4999637-1,4999637-3,0.4218135,1.0
3970350-1,7581029-1,0.1721378,0.0
5460409-1,8605449-4,0.36664984,0.0
3355351-2,3355351-5,0.8622852,1.0
7676773-1,8608521-1,0.6906353,0.0
4494188-1,8425135-1,0.23975824,0.0
4333894-1,4899596-1,0.31344205,0.0
8354677-2,8354677-4,0.75315917,1.0
7779730-1,8490660-2,0.20782124,0.0
5044740-1,7583703-5,0.08298689,0.0
5309417-1,7717955-1,0.64843017,0.0
6311045-2,6311045-6,0.8449391,1.0
7826043-1,7826043-3,0.78113675,1.0
3227314-1,7279692-1,0.25492182,0.0
3423746-1,4196524-1,0.2687292,0.0
4498509-1,7492598-1,0.53558266,0.0
4617089-1,4617089-2,0.070837006,1.0
2850186-1,7749864-1,0.24735792,0.0
8270568-1,8591554-1,0.03367037,0.0
4331824-1,4331824-4,0.7277353,1.0
8536191-1,8536191-3,0.5915246,0.0
3141725-1,546198-2,0.17930472,0.0
4860231-1,4943058-1,0.13545935,0.0
3371494-1,3664476-1,0.19105491,0.0
6417352-1,8449068-1,0.5071198,0.0
3888042-1,4003755-1,0.67318946,0.0
4722564-1,6194572-1,0.46243247,0.0
3343401-1,6432979-1,0.44697374,0.0
4678475-4,4678475-9,0.84835905,1.0
8270568-1,8591554-1,0.03367037,0.0
7714405-1,7714405-3,0.63163286,1.0
6862365-1,6862365-2,0.68058103,1.0
2769306-1,7063557-1,0.41683602,0.0
2796022-1,2796022-3,0.8342453,1.0
3014749-1,3014749-2,0.93282866,1.0
4274852-4,5825047-1,0.17134823,0.0
4569790-1,6019328-1,0.7559024,0.0
3504292-1,3504292-2,0.550331,1.0
8144799-1,8189805-1,0.3001506,0.0
5776002-1,5984462-1,0.52920324,0.0
5394407-1,6935339-1,0.39447066,0.0
2831607-1,3747430-1,0.437733,0.0
8369283-1,8369283-5,0.61647606,1.0
7443648-2,7443648-5,0.41430458,1.0
4192805-1,4586912-1,0.12273912,0.0
3568885-1,6314718-1,0.4318098,0.0
5502503-1,5502503-2,0.4382469,1.0
8042811-2,8042811-5,0.66238713,1.0
7442991-1,8387541-1,0.08573965,0.0
5835379-2,7015833-1,0.68139386,0.0
5725898-1,5725898-3,0.64565086,1.0
6452484-1,6593925-1,0.41855398,0.0
3444535-1,7679833-1,0.38510868,0.0
8585856-1,8638050-1,0.35170266,0.0
3068068-1,5966698-1,0.07512836,0.0
5572848-1,6898921-1,0.7470574,0.0
6598598-4,6598598-7,0.59894556,1.0
5404652-1,5798423-1,0.20247841,0.0
4424714-1,7457637-1,0.49440253,0.0
4525443-1,8606888-1,0.59908444,0.0
2740309-1,5670264-1,0.13821049,0.0
3510916-1,5343649-1,0.25182468,0.0
6777932-1,8077420-1,0.2433062,0.0
7599017-1,8166387-1,0.28582725,0.0
3652118-3,8038893-1,0.3323809,0.0
8278647-1,8278647-3,0.18314119,1.0
8610431-1,8610431-2,0.79341793,1.0
4553663-1,4804603-1,0.21086852,0.0
3639802-1,3639802-5,0.91559905,1.0
3594903-1,7229355-1,0.1618768,0.0
3835463-4,3835463-5,0.763747,1.0
5596068-1,7520779-1,0.22620751,0.0
5452558-1,5830851-1,0.25274873,0.0
4700638-12,4700638-6,0.8799106,1.0
5998849-1,7412652-1,0.22919185,0.0
2740309-1,5670264-1,0.13821049,0.0
3026341-4,3026341-6,0.72559696,1.0
5343133-1,5343133-3,0.3262511,1.0
8294413-2,8294413-5,0.742482,1.0
2995998-1,5405127-1,0.36332917,0.0
5334173-1,8606326-1,0.23290141,0.0
7607606-4,8504235-5,0.22136888,0.0
7385046-1,7385046-2,0.82460904,1.0
8028151-1,8028151-6,0.72848994,1.0
3830360-1,4745599-1,0.17151263,0.0
2931402-1,4017508-1,0.08253467,0.0
6323374-1,6323374-2,0.46752313,1.0
4184659-2,7519726-2,0.7304368,0.0
3314837-3,8425135-2,0.5867701,0.0
6311398-1,6713073-2,0.39942768,0.0
7336724-1,7336724-5,0.62310016,1.0
3961933-1,4239754-1,0.1425626,0.0
8496678-2,8496678-3,0.40513623,1.0
8603360-1,8603360-4,0.690052,1.0
4067712-1,4660524-1,0.18255073,0.0
3841699-1,7543102-1,0.5958381,0.0
3400883-1,6585203-1,0.42076206,0.0
5040526-2,5040526-3,0.6206272,1.0
8531269-1,8531269-2,0.6182818,1.0
3521283-1,8352636-2,0.5394394,0.0
5339933-1,6357285-1,0.8752488,0.0
6129370-2,6129370-3,0.88248444,1.0
3914224-1,3914224-2,0.6427891,1.0
3883399-1,5324991-1,0.22235392,0.0
4550000-3,6790035-1,0.60475963,0.0
5745586-5,5745586-6,0.91267663,1.0
3574999-5,3574999-7,0.9571584,1.0
7220005-3,7220005-5,0.14306651,1.0
7768392-5,7768392-8,0.80641884,1.0
4678552-2,4678552-3,0.91490024,1.0
7105784-2,7105784-3,0.55797756,1.0
5417264-2,5429124-1,0.5412048,1.0
5225700-1,5976994-1,0.36721304,0.0
7394077-1,7394077-2,0.13807738,1.0
8307809-2,8307809-3,0.41797802,1.0
3483875-1,3483875-2,0.73698276,1.0
3923556-2,3923556-4,0.7409038,1.0
4493364-1,4493364-2,0.92741185,1.0
3986653-2,3986653-3,0.36490327,1.0
4840810-2,4840810-3,0.6191043,1.0
4373052-1,8381448-1,0.10558069,0.0
1564184-1,4722517-1,0.17841657,0.0
4501144-1,6639585-1,0.47656283,0.0
8388796-2,8388796-3,0.7625025,1.0
6857254-1,6857254-3,0.8292408,1.0
4129927-1,4129927-2,0.5131279,1.0
6968900-2,6968900-3,0.7273261,1.0
3421919-1,5289124-2,0.22187892,0.0
5109769-1,5109769-2,0.543497,1.0
3677624-1,3677624-2,0.47784632,1.0
4483619-1,4483619-3,0.2583331,1.0
3286731-1,3751282-1,0.59100914,0.0
3607989-1,3607989-2,0.14696775,1.0
4065464-1,5336392-1,0.07324596,0.0
3051098-1,5378851-1,0.21804884,0.0
2908861-1,4714509-1,0.7306018,0.0
1224859-2,1224859-3,0.61193854,1.0
4884233-1,8375329-3,0.12951279,0.0
7872057-3,7872057-6,0.70236427,1.0
4626627-1,4626627-2,0.30882835,1.0
7234342-1,7234342-2,0.92543596,1.0
4846392-1,7669217-2,0.22963479,0.0
2687548-10,2687548-4,0.8082262,1.0
6436465-1,6436465-3,0.3531359,1.0
6525217-1,6819534-2,0.36822766,0.0
8087369-2,8087369-3,0.7414537,1.0
2080628-1,4288837-1,0.33491704,0.0
6573798-1,6573798-2,0.76193625,1.0
7666852-1,7802832-2,0.3953676,0.0
3126734-4,3126734-5,0.5722817,1.0
4897027-1,8477088-1,0.5689351,0.0
3821438-1,5912312-5,0.6267395,0.0
8320823-2,8320823-4,0.8213088,1.0
7463145-4,7463145-5,0.69192654,1.0
6029187-1,6416119-1,0.5387186,0.0
3037889-1,5731429-1,0.6040288,0.0
5605694-1,8391342-27,0.832612,0.0
8391342-27,8391342-29,0.77674484,1.0
6324859-1,6324859-4,0.7723788,1.0
4678475-6,4678475-8,0.7785324,1.0
3555391-1,7688041-1,0.4592721,0.0
4291005-1,7758736-5,0.44074035,0.0
4105945-1,6349972-1,0.2655249,0.0
2767148-1,4129584-1,0.2503355,0.0
3552861-2,3552861-3,0.72970265,1.0
6388817-2,6388817-3,0.6680193,1.0
2635059-3,3555596-1,0.65575564,0.0
4852025-1,7480756-1,0.72356296,0.0
6447420-1,6447420-3,0.5661696,1.0
8705528-10,8705528-13,0.69237435,1.0
3974450-1,3974450-2,0.7511336,1.0
5030503-1,5749107-1,0.081333295,0.0
4765015-1,4765015-2,0.92012465,1.0
4746979-1,7870256-1,0.42112204,0.0
8666976-3,8666976-5,0.43914396,1.0
4319353-2,4319353-3,0.7750945,1.0
3913501-1,7342181-1,0.42089418,0.0
2769423-1,7594223-2,0.70961565,0.0
5396407-1,6416382-3,0.09268678,0.0
8077172-19,8077172-3,0.9032706,1.0
3733192-1,4448066-1,0.168237,0.0
7449561-1,7785353-1,0.4069618,0.0
3458969-1,3458969-2,0.7263841,1.0
3961027-1,7078106-1,0.17745246,0.0
7737761-1,7737761-2,0.6901543,1.0
8432416-1,8432416-3,0.17979273,1.0
6251239-1,7381849-1,0.6236797,0.0
4182008-2,4182008-3,0.8358877,1.0
3992130-1,4979330-1,0.10981123,0.0
6019244-1,8459802-1,0.80304927,0.0
6951125-1,6951125-2,0.93401533,1.0
5829091-1,8699863-1,0.40860263,0.0
4224235-1,6485883-1,0.3951715,0.0
3183713-1,3183713-3,0.5821335,1.0
3240800-1,3240800-5,0.822855,1.0
6395072-1,7665777-4,0.039154176,0.0
4075213-3,4075213-5,0.9501291,1.0
4682019-1,6366372-1,0.3554147,0.0
3959087-1,5627835-1,0.46134827,0.0
3875975-1,3875975-5,0.59295255,1.0
5703631-2,7189886-2,0.20490082,0.0
2879827-1,2879827-2,0.106184065,1.0
7670619-2,7670619-3,0.72982544,1.0
6329018-1,6329018-2,0.47133905,1.0
4682019-1,6366372-1,0.3554147,0.0
5842736-1,5842736-2,0.82130104,1.0
3635220-1,7297480-1,0.49997738,0.0
6935669-2,6935669-3,0.17858875,1.0
8654339-2,8654339-4,0.58514684,1.0
4943824-1,4943824-5,0.13198856,1.0
5764217-1,8387062-1,0.28116873,0.0
7071887-1,7071887-4,0.6739365,1.0
6590510-2,6590510-3,0.47224143,1.0
5686962-2,5686962-4,0.7120017,1.0
3723473-1,6750286-1,0.3197566,0.0
2330027-1,2330027-2,0.12188789,1.0
8526613-1,8526613-2,0.3243224,1.0
