UID-1,UID-2,Shadow Prediction,Shadow Label
4094743-2,4094743-3,0.8627528,1.0
8422025-4,8422025-5,0.6937647,1.0
6288509-1,6341272-1,0.36461422,0.0
4418103-1,4418103-4,0.8331664,1.0
3072501-1,3072501-2,0.6754063,1.0
7649103-2,7649103-8,0.8131546,1.0
8081022-1,8396269-1,0.3556958,0.0
5382461-1,6857580-1,0.20681274,0.0
4700638-1,4700638-6,0.8302012,1.0
7703463-1,7904499-1,0.55808973,0.0
4304124-2,8441517-1,0.46447504,0.0
5030402-1,5030402-2,0.5131408,1.0
5865279-1,5865279-7,0.9339857,1.0
4272944-2,4272944-3,0.61268365,1.0
7233887-1,7233887-2,0.7967863,1.0
8217650-3,8217650-4,0.6938165,1.0
7864366-1,7864366-3,0.4519516,1.0
2827140-1,2827140-5,0.24343514,1.0
6177013-1,6177013-2,0.5826628,1.0
4857254-1,7349140-2,0.11154328,0.0
4750307-1,4750307-2,0.6597642,1.0
3423063-1,8569136-4,0.29030722,0.0
6060766-1,6060766-2,0.749313,1.0
7798182-4,7798182-5,0.44583923,0.0
4153278-2,4153278-3,0.64012605,1.0
3045723-1,5930210-1,0.7256957,0.0
3341749-2,5411553-2,0.12186823,0.0
3521487-1,3521487-2,0.7096606,1.0
4090655-2,8226401-1,0.7179684,0.0
4209027-1,4209027-3,0.33190808,1.0
3336230-1,7006328-1,0.16717166,0.0
6955030-1,6955030-2,0.8174122,1.0
3056365-1,4691481-2,0.61985457,0.0
7305484-3,7305484-4,0.81874025,1.0
4962498-2,7220358-1,0.23354745,0.0
8483877-1,8483877-3,0.78421897,1.0
7096369-1,7096369-2,0.63598764,1.0
5341648-1,6945348-1,0.24747983,0.0
4384280-1,4384280-2,0.33303297,1.0
4804602-1,8435476-1,0.09194998,0.0
5582492-1,7829542-1,0.7994356,0.0
2726533-2,2726533-4,0.9205566,1.0
5735802-1,5735802-2,0.7103301,1.0
3229059-1,4115357-1,0.44912586,0.0
3335562-1,4159905-1,0.3173987,0.0
8391342-15,8391342-32,0.501575,1.0
6168519-1,6168519-2,0.7896548,1.0
4555936-1,6823590-1,0.14458247,0.0
6833933-1,8422252-1,0.31566438,0.0
6288509-1,6341272-1,0.36461422,0.0
3073952-1,5649997-2,0.10479915,0.0
5681756-1,5681756-3,0.88872206,1.0
3292829-1,6408117-1,0.15008475,0.0
8383533-3,8383533-5,0.55467683,1.0
4826676-1,8373187-6,0.13039334,0.0
5796811-2,5796811-3,0.5156718,1.0
5547862-1,5547862-3,0.93827075,1.0
3087490-1,7278298-1,0.43256316,0.0
4765015-1,4765015-2,0.9160597,1.0
7711629-4,7711629-8,0.4632374,1.0
4196524-1,4196524-2,0.67380124,1.0
2703772-1,6837816-1,0.61409223,0.0
4710113-1,4710113-2,0.98529255,1.0
5893346-2,5893346-7,0.8668302,1.0
8610431-1,8610431-2,0.5375678,1.0
3162267-1,3162267-3,0.90522116,1.0
7593724-2,7593724-5,0.6460123,1.0
7066540-6,7066540-8,0.85261935,1.0
6256161-1,8263270-1,0.1434087,0.0
3310745-1,3310745-2,0.422414,1.0
8391342-1,8391342-19,0.37811178,1.0
4427221-1,7548966-1,0.2864226,0.0
5588791-1,7718669-1,0.27150643,0.0
2276236-1,3296432-2,0.48390052,0.0
3223705-1,4421549-1,0.3308329,0.0
3253408-1,6784639-1,0.13254248,0.0
6713097-4,8189935-1,0.24970591,0.0
4089550-2,8283591-1,0.1889543,0.0
6169347-1,7096369-4,0.23458807,0.0
8391342-27,8391342-29,0.77042145,1.0
7674568-1,7674568-2,0.6177031,1.0
4840810-1,4840810-2,0.46541077,1.0
5483506-1,7660029-1,0.10366979,0.0
8449512-2,8449512-3,0.7686444,1.0
3312794-3,4451783-1,0.34602118,0.0
2655058-1,4743229-1,0.29289737,0.0
3969703-1,4579195-1,0.14470842,0.0
6158768-1,7653271-1,0.6960527,0.0
7598844-2,7598844-3,0.5285939,1.0
2526494-1,6464482-1,0.2453996,0.0
8515716-2,8515716-3,0.6489905,1.0
5946425-1,5989544-1,0.03782146,0.0
3746309-1,4322375-1,0.23270014,0.0
7556219-1,7556219-2,0.85826606,1.0
6590731-1,7036693-1,0.20670103,0.0
3710964-1,3710964-2,0.4927333,1.0
4349915-1,4349915-2,0.9773656,1.0
8133044-13,8133044-16,0.9015081,1.0
3806379-2,6476143-1,0.9455661,0.0
5637006-1,5637006-4,0.7023476,1.0
2913530-1,2913530-2,0.82177174,1.0
3578199-1,7337643-1,0.6004458,0.0
4177828-1,5050349-1,0.37169844,0.0
7691594-1,7691594-3,0.73027176,0.0
4079404-1,8664298-1,0.2271691,0.0
7649103-2,7649103-8,0.8131546,1.0
6919399-1,6919399-2,0.69905955,1.0
6969380-1,8131091-1,0.63882273,0.0
7290261-2,7290261-3,0.67956376,1.0
6929121-1,6929121-6,0.9033413,1.0
7781983-1,7781983-3,0.586727,1.0
5893346-7,5893346-8,0.8738412,1.0
3849750-1,4940323-1,0.68292165,0.0
4461673-2,6721265-1,0.5661117,0.0
8319722-1,8319722-2,0.7000321,1.0
4971313-1,8493990-2,0.23613352,0.0
2749185-2,7006051-1,0.30980003,0.0
4372324-2,5260851-1,0.28558517,0.0
8026326-2,8529000-1,0.08452506,0.0
3678855-1,5803962-1,0.23569046,0.0
7276577-2,7276577-3,0.766647,1.0
4452865-1,4452865-2,0.9567715,1.0
7768392-2,7768392-7,0.5806892,1.0
5717916-1,7028787-1,0.32409877,0.0
4458292-1,6069027-3,0.07636461,0.0
3690703-1,4107623-1,0.21964337,0.0
6982478-1,7175038-1,0.5894368,0.0
2526450-1,4604288-3,0.6725675,0.0
8669740-2,8669740-3,0.26518843,1.0
7474560-2,7474560-3,0.69065124,1.0
6939971-1,8364296-2,0.35132426,0.0
6080441-1,8403500-1,0.5046654,0.0
4636740-1,6439386-1,0.10897986,0.0
5289268-3,5289268-4,0.86937565,1.0
7440222-1,7440222-3,0.71889776,1.0
7219985-1,7606916-2,0.38510314,0.0
2839977-1,4807175-2,0.30733442,0.0
3051097-1,7727874-1,0.2192041,0.0
2518134-3,2518134-6,0.6741384,1.0
6590633-2,6590633-3,0.9355535,1.0
3087232-1,7385614-3,0.23458894,0.0
2876705-3,5330075-1,0.5242206,0.0
6057701-1,6313962-1,0.066713125,0.0
4008515-1,6504755-1,0.38234544,0.0
3758170-1,5103332-1,0.16520382,0.0
7220005-2,7220005-5,0.8938958,1.0
3529930-1,8190003-1,0.1382528,0.0
4582039-1,4891313-2,0.21499044,0.0
2921143-1,2921143-3,0.9339828,1.0
4955044-1,4955044-3,0.921829,1.0
3097756-1,4568619-1,0.6601721,0.0
5374959-1,7677668-1,0.18988593,0.0
7543135-2,7543135-4,0.46477652,1.0
5296994-1,5771932-1,0.28718007,0.0
6029867-1,6029867-2,0.87550086,1.0
6724307-1,7330014-1,0.24785745,0.0
4461742-1,6625230-2,0.39154297,0.0
7772757-1,7784239-11,0.2665522,0.0
7545039-1,7545039-3,0.82520616,1.0
7421811-3,7421811-4,0.92433494,1.0
3388577-1,3888852-1,0.18302691,0.0
3391621-1,5642479-3,0.8463006,0.0
3444535-1,7679833-1,0.06659198,0.0
6742885-1,6857365-1,0.26858371,0.0
4681223-1,4681223-2,0.72873586,1.0
7941918-2,7941918-4,0.88379174,1.0
6952720-2,6952720-3,0.8399609,1.0
4502311-1,7469741-2,0.05460666,0.0
3047871-1,4369979-1,0.39079672,0.0
5266367-4,5266367-5,0.68130636,1.0
8409201-1,8409201-3,0.50865674,1.0
7784239-5,7784239-9,0.77678764,1.0
5100088-1,5989373-1,0.6280108,0.0
8044389-1,8044389-2,0.7096308,1.0
5564121-1,7676473-1,0.04511857,0.0
3220111-1,7053655-7,0.5487673,0.0
7459979-2,7459979-5,0.6009763,1.0
4157488-1,4157488-2,0.89735484,1.0
6299528-1,6299528-5,0.92873824,1.0
8015162-3,8015162-5,0.77694786,1.0
4375745-2,4375745-5,0.82680976,1.0
5479100-1,5479100-2,0.5854076,1.0
6077891-1,8371419-1,0.16608517,0.0
3570192-1,3570192-4,0.7233379,1.0
5702709-1,6447140-1,0.68728095,0.0
3921299-2,7850688-1,0.08261261,0.0
3680894-1,3680894-2,0.9456947,1.0
8501810-2,8501810-3,0.48832908,1.0
4962498-1,4962498-3,0.7346482,1.0
6169347-1,7096369-4,0.23458807,0.0
8038897-1,8427021-1,0.12787697,0.0
3345597-1,6144602-1,0.16031931,0.0
6914839-1,6914839-4,0.63923186,1.0
5962620-4,5962620-6,0.40024492,1.0
4492330-1,5494060-1,0.51488686,0.0
5043164-1,5378858-1,0.28127947,0.0
8364764-2,8364764-8,0.8395523,1.0
3280044-1,3280044-3,0.79952985,1.0
8353083-2,8353083-5,0.7679054,1.0
8203287-1,8381434-1,0.39862254,0.0
5118859-1,5464515-9,0.31667763,0.0
3679789-1,3679789-2,0.688335,1.0
7056328-1,7056328-2,0.8815149,1.0
4573886-1,7284930-1,0.7781152,0.0
2424062-1,3401493-1,0.6464,0.0
4015153-1,8046456-1,0.76980174,0.0
6890896-2,7396098-1,0.19289878,0.0
7768392-1,7768392-3,0.688677,1.0
8646190-6,8646190-9,0.8179951,1.0
2584074-1,4357681-1,0.119670935,0.0
4553182-1,6220407-1,0.19611444,0.0
8699863-2,8699863-6,0.88984275,1.0
8151272-4,8151272-6,0.7502793,1.0
6593935-2,7971269-1,0.7821663,0.0
8394628-1,8454150-1,0.20367405,0.0
5909360-2,5909360-4,0.5657296,1.0
7988206-12,7988206-3,0.76000947,1.0
4789584-3,4789584-5,0.45998698,1.0
5988756-6,5988756-8,0.76645046,1.0
7464283-1,7464283-2,0.54163474,1.0
7442991-1,8387541-1,0.06371043,0.0
2117016-1,3519746-1,0.11555013,0.0
5654074-2,5654074-4,0.9125346,1.0
5503666-1,8682950-1,0.061998956,0.0
8422455-2,8422455-3,0.9356764,1.0
4916828-1,5742438-1,0.1517881,0.0
7040398-1,8525259-1,0.5393496,0.0
7485476-5,7485476-6,0.39712918,1.0
5745586-2,5745586-3,0.7118453,1.0
4239373-1,5950186-1,0.82927144,0.0
3350215-1,7849111-1,0.13243921,0.0
7851455-7,7851455-8,0.9458334,1.0
5358187-1,6918799-1,0.101612866,0.0
2862513-1,2862513-2,0.73844844,1.0
6452196-3,6452196-4,0.7413694,1.0
5413249-1,5413249-2,0.6705345,1.0
3804807-1,4123284-1,0.17713179,0.0
5080481-1,7216496-1,0.1603578,0.0
7252654-2,7252654-3,0.75660557,1.0
6205782-1,7023760-1,0.055004425,0.0
7011274-3,7011274-5,0.7517205,1.0
4763958-2,4763958-3,0.8747129,1.0
3278635-1,7402443-1,0.22975673,0.0
6053882-3,6053882-4,0.91649795,1.0
8386154-2,8386154-3,0.73620963,1.0
3844387-1,6159014-1,0.47401053,0.0
2772281-1,2772281-4,0.41257986,1.0
8383623-3,8383623-4,0.7674422,1.0
2409333-1,4439693-1,0.10168326,0.0
7551866-1,7551866-3,0.8750348,1.0
6343558-1,7552318-1,0.36318636,0.0
4564668-1,4564668-3,0.3563563,1.0
5635179-1,7489675-1,0.45874903,0.0
4944366-5,4944366-6,0.71947396,1.0
4770648-1,7529493-1,0.13808376,0.0
7784239-11,7784239-5,0.57225186,1.0
7829606-3,7829606-4,0.6589569,1.0
4686635-3,4686635-4,0.8512325,1.0
6637358-4,6637358-6,0.6921536,1.0
3146916-1,3857984-1,0.32696444,0.0
2628025-1,2628025-3,0.7422084,1.0
3364654-1,3999575-1,0.570795,0.0
2994355-1,7500196-1,0.3787304,0.0
8140372-1,8140372-2,0.78499866,1.0
8279281-1,8372668-1,0.25427943,0.0
3669470-1,4244719-1,0.79819804,1.0
6598109-1,6598109-3,0.6532929,1.0
3271698-3,8664757-1,0.12465429,0.0
7349802-3,7349802-4,0.7072928,1.0
2640403-4,2640403-9,0.42452174,1.0
8274453-1,8274453-2,0.6394987,1.0
5018134-1,7188447-1,0.17970762,0.0
8549330-1,8549330-2,0.6342625,1.0
5768949-1,6556741-1,0.0423261,0.0
8622899-1,8622899-6,0.8717455,1.0
6003800-1,6003800-2,0.6831145,1.0
8083751-1,8083751-3,0.5906146,1.0
6318108-1,6318108-2,0.42219168,1.0
5824501-1,5824501-3,0.3580439,1.0
4782654-2,6081951-1,0.89339924,0.0
6369346-1,6369346-2,0.71180195,1.0
6798500-1,8690437-2,0.37702918,0.0
6503651-3,6503651-4,0.4770264,1.0
6611857-10,6611857-2,0.831315,1.0
3999727-1,5682295-1,0.2024962,0.0
2726533-2,2726533-4,0.9205566,1.0
3333799-1,4515888-1,0.45513216,0.0
2769312-1,7236174-1,0.19825976,0.0
5051310-1,5051310-2,0.6545571,1.0
3611916-1,5447535-1,0.12689531,0.0
2900109-2,2900109-3,0.59093624,1.0
4737748-1,5789617-3,0.7451868,0.0
3600993-1,3693925-1,0.1760827,0.0
6062732-1,6062732-3,0.80353105,1.0
5400481-1,6779941-1,0.23682566,0.0
8383554-3,8383554-4,0.96320873,1.0
3922398-1,6100339-1,0.8737487,0.0
4357776-2,5266097-1,0.7606929,0.0
6643316-1,6643316-3,0.5020501,1.0
6667806-2,8696182-2,0.14481997,0.0
2839977-1,4807175-2,0.30733442,0.0
7898565-1,7898565-3,0.18652938,1.0
7583703-3,7583703-5,0.802292,1.0
4439748-1,7213836-1,0.24446975,0.0
3780548-1,4327960-1,0.2713832,0.0
7265914-1,7265914-3,0.67282957,1.0
8558814-1,8558814-2,0.60571325,1.0
2827085-4,4662030-1,0.33798367,0.0
2831607-1,3747430-1,0.8090125,0.0
4561739-1,4946399-1,0.5938421,0.0
3822421-1,6357366-1,0.4726964,0.0
2938629-1,3311090-1,0.22817568,0.0
8038423-1,8405177-1,0.05039811,0.0
7079483-1,7733434-1,0.61830825,0.0
4949204-1,5878908-1,0.5686261,0.0
4851822-1,7887195-4,0.4304017,0.0
8186578-4,8186578-7,0.8518411,1.0
5838830-1,7746912-1,0.79213,0.0
4123504-3,4123504-6,0.8068171,1.0
7383351-1,8132458-3,0.47656092,0.0
5346454-2,5346454-9,0.900573,1.0
6682246-1,7412888-1,0.36244714,0.0
7039690-1,8663827-1,0.1715982,0.0
6831184-1,6856227-1,0.7620977,0.0
3429736-1,4451655-1,0.69237345,0.0
5382461-1,6857580-1,0.20681274,0.0
4918135-5,4918135-6,0.64488816,1.0
4822278-5,5322519-1,0.4598868,0.0
6066153-2,6066153-3,0.9196866,1.0
4143527-1,4143527-2,0.8820444,1.0
4396542-2,5809600-1,0.6934476,0.0
5747772-1,6159285-1,0.9279555,1.0
7666852-1,7802832-2,0.023104096,0.0
5112358-2,5112358-3,0.47468176,1.0
3278635-1,7402443-1,0.22975673,0.0
7135847-1,8007480-1,0.5111679,0.0
5108850-2,5108850-3,0.5693707,1.0
6609309-1,6837833-2,0.14683335,0.0
3867874-1,8324390-1,0.13181958,0.0
4534593-1,6743662-1,0.36650237,0.0
8563620-1,8563620-10,0.8614577,1.0
3900268-1,4127224-1,0.22423716,0.0
4895963-1,6282338-4,0.42474377,0.0
8178000-1,8178000-2,0.7536603,1.0
4086573-2,4086573-3,0.8689695,1.0
3143099-1,3541200-1,0.07344397,0.0
5387823-3,5387823-6,0.8334287,1.0
6236112-2,6236112-5,0.964744,1.0
5749547-4,7481371-1,0.5817698,0.0
6498924-4,8299274-1,0.29061326,0.0
3089794-1,7329406-1,0.031607002,0.0
5532777-1,8432426-1,0.38050914,0.0
5998940-1,8464357-1,0.2581777,0.0
8178924-1,8610879-1,0.12240242,0.0
8388796-5,8388796-8,0.40056723,1.0
6317215-1,6317215-3,0.7255458,1.0
7640421-1,7962156-1,0.1625372,0.0
4301882-1,4301882-2,0.78597546,1.0
7154276-2,7183833-1,0.79323864,0.0
7455599-1,7598250-1,0.49367708,0.0
6996166-2,6996166-3,0.39432013,1.0
5346920-1,7066495-2,0.23156342,0.0
7520796-1,7520796-2,0.84474957,1.0
6617653-1,7034466-2,0.33650443,0.0
6324149-1,6324149-2,0.91769373,1.0
6106902-1,8563620-11,0.3291793,0.0
8544915-2,8544915-3,0.8280002,1.0
3803128-1,4506145-1,0.13758239,0.0
4586006-1,5582228-1,0.07116298,0.0
7403927-3,7724121-1,0.74410605,0.0
6713097-1,6713097-2,0.92474324,1.0
6018315-1,6018315-3,0.7611295,1.0
4417130-1,7852429-1,0.38755995,0.0
3249871-1,6144180-1,0.38078502,0.0
5405907-1,5961273-1,0.7947485,0.0
6380751-1,7879370-1,0.14280432,0.0
6526982-8,6526982-9,0.7488236,1.0
6298014-1,6598598-8,0.6878656,0.0
6715780-2,6715780-3,0.762432,1.0
4448067-1,4448067-3,0.19471575,1.0
4374200-1,6434759-1,0.043091,0.0
4077640-1,4998414-1,0.2819316,0.0
6395427-4,6395427-8,0.53951794,1.0
7372225-1,7529543-1,0.11432546,0.0
6194553-1,6194553-2,0.58007705,1.0
2614979-1,4689988-1,0.34119037,0.0
7452247-1,7452247-2,0.43569127,1.0
3295846-1,4546785-2,0.19742414,0.0
5093866-1,6020090-1,0.5425644,0.0
8574092-1,8574092-4,0.72590446,1.0
3229071-1,5964560-1,0.100477025,0.0
5433411-1,7085154-1,0.34214926,0.0
2612684-1,6861041-1,0.44205216,0.0
6531111-1,6531111-2,0.8112981,1.0
4086582-3,4086582-4,0.6973863,1.0
5698993-1,7285567-1,0.13583145,0.0
8288805-1,8288805-2,0.4523095,1.0
3785594-4,7869745-1,0.27314574,0.0
3574462-1,3574462-2,0.62565565,1.0
2988810-3,2988810-6,0.7264556,1.0
7248360-2,7248360-5,0.6437222,1.0
3712386-1,3712386-3,0.6643443,1.0
4815553-2,7372620-1,0.616438,0.0
5537315-3,5846939-1,0.35754696,0.0
3858807-1,5557159-1,0.3330049,0.0
4432260-1,4524392-1,0.37163156,0.0
4967634-1,5651601-1,0.23823707,0.0
2435111-1,2435111-2,0.8615003,1.0
2872666-3,4592716-1,0.8054416,0.0
2817825-4,2817825-5,0.7492762,1.0
2712707-1,2712707-2,0.83490926,1.0
7721074-3,7721074-4,0.86772954,1.0
6426014-1,6688888-1,0.14513089,0.0
4421669-1,8006498-1,0.6478312,0.0
2804096-2,2804096-5,0.5260167,1.0
3463145-1,5649707-1,0.6423818,0.0
7527899-2,7527899-3,0.50200105,1.0
4822278-1,4822278-2,0.82575965,1.0
6935495-1,6935495-3,0.9301292,1.0
8500978-1,8500978-2,0.7180923,1.0
5235655-1,5235655-2,0.6586136,1.0
5175060-1,8159338-1,0.12401975,0.0
6233036-2,7985940-1,0.20971921,0.0
3263702-3,3263702-4,0.8428677,1.0
4570001-1,6194242-1,0.5099675,0.0
4194376-1,7402798-1,0.39804217,0.0
514615-1,7214555-1,0.13009927,0.0
4849704-1,5422731-2,0.14410238,0.0
7473607-1,7726363-1,0.812022,0.0
4881626-4,4881626-5,0.7014786,1.0
3927091-1,5380210-1,0.48058462,0.0
5819108-1,5819108-4,0.68762285,1.0
7150425-1,7899279-1,0.14241059,0.0
3897898-1,3897898-2,0.9087951,1.0
5748310-1,7372947-2,0.29637897,0.0
3223705-1,4421549-1,0.3308329,0.0
5029321-1,8192795-1,0.07148623,0.0
5201065-4,5201065-5,0.21144907,1.0
4853494-1,4853494-2,0.6719816,1.0
4450489-1,5421492-1,0.22482722,0.0
7529128-1,8346268-1,0.36759698,0.0
6006723-1,6243525-1,0.03730707,0.0
4504631-2,4504631-3,0.9051442,1.0
6635142-1,6635142-4,0.89055634,1.0
4901834-1,7437135-2,0.3146357,0.0
5549419-1,8256020-1,0.28657603,0.0
4955432-1,7160720-1,0.7072899,0.0
5738576-1,8272919-1,0.24223512,0.0
3586467-1,3586467-2,0.741948,1.0
7221050-1,7479482-1,0.44083285,0.0
6966758-1,8056578-1,0.2802568,0.0
5318534-4,5318534-5,0.8371341,1.0
3276793-1,5778559-1,0.22938114,0.0
7321844-4,8695659-1,0.13158645,0.0
5582227-1,8106472-1,0.55445266,0.0
6452480-1,6457075-1,0.014849803,0.0
5546652-1,6939972-2,0.3190536,0.0
3407125-3,3407125-5,0.78366107,1.0
3789073-1,4522458-3,0.039368268,0.0
3927091-1,4268615-1,0.37374094,0.0
8359901-2,8359901-3,0.8169289,1.0
7374822-1,8189269-1,0.79849935,0.0
4495801-1,4615979-2,0.16883208,0.0
3799008-1,3799008-2,0.8533204,1.0
5642131-1,5642131-6,0.80722797,1.0
3625758-1,3625758-2,0.82574934,1.0
6533970-1,6533970-5,0.80504715,1.0
7551866-1,7551866-3,0.8750348,1.0
3847260-1,4468626-1,0.15098785,0.0
7891910-1,8176117-2,0.082841694,0.0
5094544-1,5094544-3,0.5627533,1.0
4318868-1,5051311-2,0.31643212,0.0
5121555-1,5422832-1,0.18440181,0.0
7336985-1,7336985-2,0.80018103,1.0
2908797-1,8004176-8,0.1408712,0.0
4931809-1,7780870-2,0.43659467,0.0
3968977-2,3968977-3,0.83418113,1.0
7602585-2,7602585-3,0.92633384,1.0
5019473-1,5019473-4,0.6436678,1.0
4331468-2,6516004-1,0.74654734,0.0
4898337-1,5803689-3,0.65941924,0.0
6791093-2,6791093-3,0.6973516,1.0
4685866-4,4685866-5,0.30537683,1.0
2424062-1,3401493-1,0.6464,0.0
7367413-1,7367413-2,0.9236151,1.0
7998683-2,7998683-4,0.7015324,1.0
3212924-1,4409195-1,0.39652327,0.0
4375774-1,6006626-1,0.2411071,0.0
4955044-1,4955044-3,0.921829,1.0
3868147-1,4921218-1,0.04975152,0.0
5857344-4,7222518-1,0.73872715,0.0
8563620-13,8563620-7,0.7075968,1.0
7362891-2,7362891-3,0.70291275,1.0
7465747-3,7465747-6,0.8021198,1.0
7220005-2,7220005-5,0.8938958,1.0
3754402-2,3754402-3,0.6656972,1.0
3868099-1,6771323-2,0.062097844,0.0
3590353-1,5409948-1,0.16332778,0.0
7794165-1,7794165-2,0.87184703,1.0
6050471-1,6060602-1,0.22912408,0.0
3279491-1,7983465-3,0.36442363,0.0
5313358-2,5313358-5,0.92173374,1.0
7468093-1,7468093-6,0.47232583,1.0
2881009-1,4494631-1,0.087384604,0.0
3956953-1,7188382-1,0.58028245,0.0
3335606-1,5582424-1,0.07911432,0.0
6302382-1,7082866-2,0.2872776,0.0
3504291-1,5485284-1,0.8618134,0.0
3304601-3,5488574-1,0.58218956,0.0
5338949-1,5338949-3,0.866387,1.0
3896856-1,6095932-1,0.15511623,0.0
3607783-1,7125463-1,0.12550654,0.0
6940155-2,6940155-3,0.60591745,1.0
2908633-1,5503852-1,0.02526272,0.0
1805501-1,6842488-1,0.35076797,0.0
5896856-1,5896856-3,0.4679283,1.0
2610659-1,2610659-4,0.6781992,1.0
3464797-1,3731973-1,0.08693071,0.0
7265469-1,7522133-1,0.7162483,0.0
6374803-1,7713019-1,0.3984836,0.0
4986358-1,7923730-1,0.10056773,0.0
5025568-1,6663284-1,0.5397905,0.0
4342155-1,7539112-1,0.4161438,0.0
5671838-1,8131857-1,0.58760065,0.0
4140119-2,5473132-1,0.55773264,0.0
3800675-1,7151118-6,0.4796084,0.0
3770022-1,3770022-2,0.5513428,1.0
2995939-1,7511067-1,0.12414807,0.0
4153278-1,4153278-6,0.8157394,1.0
3733704-3,3733704-4,0.8742098,1.0
5337234-4,5337234-5,0.82455283,1.0
7533036-1,8043607-1,0.28611436,0.0
4831504-4,6298297-1,0.17229532,0.0
3193785-1,6392561-1,0.22049005,0.0
5488070-1,8255753-1,0.029506747,0.0
4816024-1,7370676-1,0.69996876,0.0
4215971-1,7532873-1,0.121201605,0.0
3793311-1,6243525-1,0.44265428,0.0
7056328-1,7056328-2,0.8815149,1.0
5466218-1,5803715-1,0.65940493,0.0
2627161-1,7673093-1,0.71717465,0.0
8359901-2,8359901-3,0.8169289,1.0
5477138-1,7045952-1,0.47379476,0.0
7275946-1,8404617-1,0.25149336,0.0
4882752-1,8504045-2,0.37396556,0.0
3306208-1,6311830-1,0.34690586,0.0
3467448-1,7049895-2,0.19759484,0.0
5460656-1,5460656-4,0.45619276,1.0
6024489-2,8142781-1,0.27476415,0.0
2740025-1,2740025-2,0.9033317,1.0
6317081-1,8521003-1,0.73828775,0.0
6029437-2,6029437-3,0.7033842,1.0
7943385-3,7943385-4,0.6880117,1.0
8383623-3,8383623-4,0.7674422,1.0
6906734-1,8123259-1,0.115075946,0.0
5684811-1,5684811-2,0.7929266,1.0
2737776-1,8415956-1,0.6529273,1.0
7758736-10,7758736-5,0.65676075,1.0
3481879-1,6120402-1,0.49221325,0.0
3223146-3,3223146-5,0.95127153,1.0
4302357-1,5558370-1,0.3411345,0.0
2816289-1,6340231-1,0.3034152,0.0
3800333-1,5782843-1,0.36883834,0.0
5436421-1,7385463-1,0.6155665,0.0
6207850-1,7803366-2,0.6171877,0.0
3291707-1,8188865-1,0.0847768,0.0
6611857-10,6611857-2,0.831315,1.0
3474946-1,3474946-2,0.5897819,1.0
3554425-1,3754362-1,0.3869617,0.0
7337545-1,7752551-1,0.29372552,0.0
5768481-4,6292349-1,0.21124958,0.0
6051123-1,6119344-1,0.1763853,0.0
4974994-2,8639398-1,0.42136937,0.0
4010044-1,4214711-2,0.18475424,0.0
6595396-1,6595396-2,0.8635966,1.0
8395467-5,8688783-1,0.6207739,0.0
4357776-2,5266097-1,0.7606929,0.0
4504872-7,4504872-8,0.8009722,1.0
3683433-1,5763052-1,0.65860903,0.0
5959389-1,6334889-1,0.29014724,0.0
3459784-4,3459784-5,0.25456902,1.0
4829397-1,8089452-1,0.72343606,0.0
2596173-1,7310891-1,0.028325701,0.0
4327542-1,7506050-3,0.17836164,0.0
3665135-1,5478309-1,0.78631526,1.0
5422734-1,7117615-1,0.32915133,0.0
4441244-2,4441244-3,0.885925,1.0
7533036-1,8043607-1,0.28611436,0.0
3518178-1,7437810-1,0.44115123,0.0
2958503-1,3624739-1,0.3321127,0.0
4738133-1,4738133-2,0.8132104,1.0
3830914-1,8378593-1,0.01964814,0.0
3690743-1,5355762-1,0.039938584,0.0
7335120-1,7335120-2,0.7661838,1.0
5611712-2,5611712-4,0.7373313,1.0
3873319-6,3873319-7,0.70931244,1.0
5898585-2,5898585-3,0.51853335,1.0
6884965-4,6884965-5,0.32944024,1.0
3746309-1,4322375-1,0.23270014,0.0
5613267-1,7443826-3,0.12976527,0.0
2859224-1,5499883-1,0.39965934,0.0
3683444-1,3683444-2,0.5849679,1.0
3678855-1,5803962-1,0.23569046,0.0
3341841-1,3341841-2,0.5965183,1.0
3193822-1,6260550-1,0.22080466,0.0
5683985-1,5902078-1,0.054879364,0.0
5988756-10,5988756-2,0.7432246,1.0
6374538-1,7747391-1,0.40318194,0.0
3875126-2,7691707-1,0.6474641,0.0
5467982-1,6440191-1,0.12385819,0.0
3468793-1,3468793-2,0.616508,0.0
4655030-1,4884798-1,0.8747817,0.0
8615408-1,8615408-2,0.8044121,1.0
6717609-1,6821047-1,0.1635039,0.0
5447937-1,5447937-4,0.825227,1.0
4421974-10,4421974-6,0.92403346,1.0
3180835-1,3180835-2,0.8034454,1.0
6006870-1,6006870-3,0.8297004,1.0
3601281-1,3601281-3,0.5197013,1.0
6095973-5,6095973-9,0.6835099,1.0
4804602-1,8435476-1,0.09194998,0.0
8391342-27,8391342-4,0.8813334,1.0
4209058-1,5412134-1,0.16950792,0.0
5435833-1,5435833-2,0.4936736,1.0
4065275-1,4065275-2,0.6744312,1.0
8261160-1,8261160-2,0.78919595,1.0
4540530-1,8044442-1,0.6529757,0.0
5962620-4,5962620-6,0.40024492,1.0
4943815-2,4943815-3,0.4051309,1.0
3955822-1,3955822-3,0.89606094,1.0
4513055-1,6200547-1,0.47749856,0.0
7703463-1,7904499-1,0.55808973,0.0
8155605-2,8606088-1,0.7057103,0.0
6350341-2,6350341-3,0.83516157,1.0
5588642-1,8437005-1,0.7233906,0.0
4947865-3,4947865-6,0.81705934,1.0
2769423-1,7594223-2,0.05484036,0.0
8441517-2,8441517-4,0.78117096,1.0
3765128-2,5810523-1,0.69719553,0.0
6089705-1,6259073-1,0.27544862,0.0
4115070-1,7333338-6,0.116581686,0.0
7140141-3,7140141-4,0.7802794,1.0
5888831-2,6767797-1,0.6695274,0.0
5227125-1,7229076-1,0.184393,0.0
7722336-1,7722336-5,0.7008103,1.0
2100043-1,6601221-1,0.10437467,0.0
7383746-2,7383746-8,0.8994653,1.0
3220070-1,8396245-1,0.3956978,0.0
6362702-6,6362702-8,0.82068557,1.0
5758965-1,7904369-1,0.7313661,0.0
5898202-1,8610431-1,0.3064067,0.0
5755626-1,8485528-1,0.6627348,0.0
7794165-1,7794165-5,0.76570046,1.0
5322711-1,6937978-1,0.30849212,0.0
6080731-1,7166291-1,0.886386,1.0
6018315-1,8238270-1,0.33821642,0.0
3712245-1,3712245-2,0.6510433,1.0
8474090-1,8474090-2,0.3394374,1.0
3786831-1,4992788-1,0.14831091,0.0
3355033-1,4371897-1,0.64076084,0.0
7191367-2,7191367-3,0.494629,1.0
5337234-4,5337234-9,0.95724034,1.0
3775324-1,3775324-2,0.6877954,1.0
7710341-1,8514910-1,0.2587895,0.0
4266761-1,4276327-1,0.3629098,0.0
7749935-6,7749935-8,0.78077066,1.0
4881631-1,6089065-1,0.08033681,0.0
4495700-1,6441667-1,0.54345065,0.0
8570721-1,8570721-3,0.45018315,1.0
7886293-1,7886293-2,0.5271987,1.0
8432127-1,8432127-3,0.6604178,1.0
7275443-2,7275443-3,0.60470814,1.0
5585603-1,8647052-1,0.47871426,0.0
5491168-1,5491168-2,0.78913486,1.0
4171577-1,4171577-3,0.6289413,1.0
7388669-1,7388669-2,0.9018605,1.0
2277418-1,4744381-1,0.5690475,0.0
4027671-1,5902113-1,0.34298292,0.0
3574515-1,6506557-1,0.06870325,0.0
2635059-3,3555596-1,0.7466479,0.0
7568094-3,7568094-5,0.6792999,1.0
4800374-1,6738230-1,0.6704091,0.0
8504030-1,8504030-10,0.8886303,0.0
3751073-1,5578588-1,0.2980689,0.0
3145886-1,5598866-1,0.37421626,0.0
8248082-1,8248082-4,0.81804794,1.0
3339730-1,7449875-1,0.90390736,0.0
3793586-1,8015585-1,0.082317464,0.0
6592467-1,8304196-1,0.39531675,0.0
5674454-1,5674454-2,0.5094462,1.0
6505215-2,6716731-1,0.18038926,0.0
5965133-2,5965133-3,0.6218356,1.0
8084766-3,8084766-6,0.6942713,1.0
3446124-1,6397822-1,0.37445065,0.0
3876770-1,3876770-2,0.8519778,1.0
3634723-1,7930656-1,0.46828976,0.0
7175764-3,7175764-4,0.91793233,1.0
2529260-1,4601425-1,0.18771386,0.0
8020051-1,8610430-1,0.3433305,0.0
3924013-1,8643018-2,0.20783879,0.0
3284021-1,5943108-2,0.43511632,0.0
3271401-1,8682950-2,0.16661423,0.0
4010737-3,6592203-1,0.7511296,0.0
4857311-1,6821909-2,0.052409552,0.0
8544915-2,8544915-3,0.8280002,1.0
4532024-1,7911044-1,0.67382383,0.0
7754281-1,7754281-2,0.6771378,1.0
4689839-1,4689839-3,0.5130613,1.0
3402005-2,3402005-3,0.87270975,1.0
4320515-1,4573614-1,0.5498374,0.0
3717022-1,7944653-2,0.55835956,0.0
3412810-1,5662332-1,0.570167,0.0
4308088-2,4308088-5,0.4506167,1.0
5949202-2,5949202-3,0.8082909,1.0
6180826-1,8343560-1,0.712354,0.0
7493264-1,7493264-2,0.44058704,1.0
2687548-10,2687548-7,0.7277036,1.0
8531180-3,8531180-4,0.24561259,1.0
6854088-1,6854088-2,0.5353584,1.0
3999727-1,5682295-1,0.2024962,0.0
4090855-1,4657095-1,0.4117255,0.0
6159695-1,6159695-2,0.25670525,1.0
7526955-1,7526955-2,0.85473853,1.0
5670264-1,7394192-1,0.46586812,0.0
5532902-1,7803163-1,0.35820118,0.0
7520796-1,7520796-4,0.91567105,1.0
3271698-3,8664757-1,0.12465429,0.0
3635147-1,6439376-1,0.92244124,0.0
5681756-1,5681756-2,0.66734564,1.0
3072501-1,3072501-2,0.6754063,1.0
7658305-1,7658305-2,0.8061707,1.0
3467775-2,3467775-3,0.8169772,1.0
4955475-2,4955475-4,0.7300978,1.0
3000840-1,6517487-2,0.39709234,0.0
7451160-1,7451160-3,0.45216855,1.0
3920611-1,3920611-4,0.588221,1.0
7803128-1,7803128-3,0.575589,1.0
2856528-1,2856528-5,0.8149571,1.0
6830498-3,6830498-4,0.50805324,1.0
8432416-1,8432416-3,0.65266186,1.0
5862465-1,6935334-1,0.48774615,0.0
6057339-1,6057339-2,0.3244022,1.0
5460656-1,5460656-4,0.45619276,1.0
4623192-1,4623192-2,0.91221595,1.0
4173630-1,4173630-2,0.5040566,1.0
8391342-20,8391342-5,0.95041525,1.0
3724794-1,3724794-3,0.89726454,1.0
3724794-4,3724794-8,0.9523824,1.0
4028916-1,6162351-1,0.30085146,0.0
4678475-2,4678475-9,0.7827905,1.0
6682377-1,7477153-1,0.38242522,0.0
6890352-1,7265717-1,0.21022248,0.0
5053003-1,5053003-3,0.9347992,1.0
4492330-1,5494060-1,0.51488686,0.0
8709964-1,8709964-4,0.36754102,0.0
4060408-2,4060408-3,0.9342919,1.0
3913501-1,7342181-1,0.7606757,0.0
2772281-7,8663811-1,0.2627653,0.0
5806580-1,5806580-2,0.7985879,1.0
5337774-1,7949625-1,0.8867086,0.0
4857311-1,6821909-2,0.052409552,0.0
8147850-3,8147850-4,0.6898408,1.0
3449433-1,5405650-1,0.12997809,0.0
3101768-1,4096735-1,0.39744064,0.0
5836194-1,5836194-3,0.11227057,0.0
6456843-1,6456843-2,0.63843447,1.0
5582565-1,5719915-1,0.7159189,0.0
2789959-1,5370478-1,0.16269536,0.0
7383746-8,7383746-9,0.88155913,1.0
6814334-1,6822667-1,0.47461888,0.0
8705528-13,8705528-5,0.91069955,1.0
5702700-1,7455761-1,0.83673084,0.0
3893468-1,6006638-3,0.49538615,0.0
5642131-1,5642131-11,0.92571926,1.0
3214811-1,6215988-1,0.7117748,0.0
3085625-1,6420325-1,0.22764243,0.0
5649805-10,5649805-4,0.6242525,1.0
5637006-1,5637006-4,0.7023476,1.0
5502503-1,5502503-2,0.8956708,1.0
8391342-15,8391342-32,0.501575,1.0
4621684-1,5324989-1,0.662882,0.0
6426014-1,6688888-1,0.14513089,0.0
8643187-1,8643187-4,0.68717337,1.0
6900415-10,6900415-3,0.44770065,1.0
7071686-1,8410986-1,0.2728949,0.0
6159116-1,6159116-2,0.6411107,1.0
3138412-2,5912312-6,0.87847173,0.0
4108142-1,4108142-3,0.29659098,1.0
8206866-1,8604427-1,0.29944837,0.0
6681254-2,6681254-5,0.79332256,1.0
3423063-1,8569136-4,0.29030722,0.0
7669359-1,7669359-3,0.8596009,1.0
6370578-1,6370578-4,0.8598551,1.0
3304208-1,3304208-3,0.3740914,1.0
4750307-3,4750307-7,0.6966607,1.0
6955030-2,6955030-3,0.7506469,1.0
3891419-1,6498281-1,0.15712921,0.0
7527899-2,7527899-3,0.50200105,1.0
4863789-1,4863789-4,0.724163,1.0
3934696-1,7220345-1,0.6527948,0.0
2709968-1,6775712-1,0.23515253,0.0
7292165-1,7305571-1,0.20837225,0.0
7383746-1,7383746-4,0.7568961,1.0
5477910-2,5477910-3,0.76827717,1.0
5055948-1,5055948-3,0.8267667,1.0
3970442-1,7189718-1,0.21184835,0.0
5192280-2,8111112-2,0.21745965,0.0
3500013-1,3500013-2,0.33844864,1.0
8684541-1,8684541-4,0.38001147,1.0
7008651-1,8405368-1,0.38192803,0.0
7322111-1,7322111-2,0.8739509,1.0
4198592-1,5556895-1,0.07651918,0.0
2629953-1,2629953-2,0.31088644,1.0
2800875-1,2800875-2,0.7930328,1.0
2909789-1,5968313-2,0.4264225,0.0
4173580-1,4173580-2,0.5796109,1.0
3876770-1,3876770-2,0.8519778,1.0
5842739-1,6314087-1,0.059761513,0.0
7012740-1,7012740-2,0.40684545,1.0
4920585-1,7422691-4,0.54340494,0.0
4780500-2,4780500-3,0.65886194,1.0
7008770-1,7008770-2,0.5800023,1.0
4245924-7,8122203-1,0.3144278,0.0
3017876-1,3017876-4,0.8629167,1.0
3402005-1,3402005-2,0.58495504,1.0
7994471-4,7994471-6,0.5749767,1.0
5667698-1,6819644-1,0.17041251,0.0
7391590-1,7391590-3,0.7432925,1.0
6211912-1,6211912-2,0.53761786,1.0
6593915-1,6593915-7,0.8207342,1.0
6713097-4,8189935-1,0.24970591,0.0
4171941-1,8362796-1,0.67648274,0.0
2902014-2,7286408-1,0.47018573,0.0
7904161-2,7904161-3,0.5784483,1.0
6406196-1,8149899-1,0.22243746,0.0
3302999-1,3981269-1,0.28873593,0.0
3514931-1,7796383-1,0.09547178,0.0
8668032-1,8668032-3,0.8868944,1.0
4611895-1,4611895-2,0.29326603,1.0
3310787-1,6635170-1,0.5012645,0.0
3646555-2,8700716-4,0.67305046,0.0
6857364-1,7452796-1,0.22202544,0.0
7851455-7,7851455-8,0.9458334,1.0
4325394-1,6197536-1,0.30577925,0.0
8015162-3,8015162-5,0.77694786,1.0
4228210-1,6392620-1,0.5501531,0.0
5892076-1,8272432-1,0.12827313,0.0
4426279-1,6029963-1,0.03185799,0.0
7427433-1,7427433-3,0.7725958,1.0
2921143-1,2921143-3,0.9339828,1.0
6080050-1,6080050-2,0.44728562,1.0
1906806-1,1906806-6,0.83067906,1.0
5039314-1,7748197-1,0.57612616,0.0
5624261-1,7925058-1,0.6492683,0.0
5683985-1,5902078-1,0.054879364,0.0
3465337-1,4691603-1,0.4191094,0.0
6113842-1,6113842-2,0.64505535,1.0
4269622-5,4269622-6,0.8861242,1.0
4811078-1,7242611-1,0.2561355,0.0
5761507-1,7758532-1,0.071562275,0.0
8549330-1,8549330-2,0.6342625,1.0
3190012-1,6485866-1,0.44410732,0.0
3250606-1,8579559-1,0.21255423,0.0
3420382-1,3420382-2,0.90726525,1.0
6662413-1,7699495-1,0.37223196,0.0
7476797-3,7476797-4,0.69601583,1.0
4849312-1,4849312-2,0.63864565,1.0
3326852-1,6389484-1,0.033308793,0.0
4969854-1,7192559-1,0.50472033,0.0
7568094-3,7568094-5,0.6792999,1.0
6524313-2,6712912-1,0.18490614,0.0
4261525-1,5412141-1,0.20631564,0.0
3380669-1,3380669-2,0.88813424,1.0
4150596-1,6914354-1,0.22176619,0.0
5056220-1,5056220-3,0.9210287,1.0
3044576-1,5965108-1,0.55490476,0.0
3232486-1,7364406-1,0.022433508,0.0
5237244-1,8604537-1,0.42080143,0.0
7385614-1,7385614-2,0.7929569,1.0
5806301-1,5806301-3,0.9530987,1.0
8393241-1,8393241-4,0.87575275,1.0
5245938-1,5245938-3,0.57530046,1.0
5980456-3,5980456-4,0.7669886,1.0
8674554-1,8674554-2,0.7817965,1.0
8445133-2,8687796-1,0.7244167,0.0
8388796-3,8388796-8,0.10776645,1.0
4492317-1,7384492-2,0.5462965,0.0
5649893-1,7170125-1,0.09948645,0.0
3652118-3,8038893-1,0.29603502,0.0
4086582-1,4086582-2,0.5146408,1.0
4293457-2,4293457-6,0.79539883,1.0
3212971-1,3517946-1,0.5805188,0.0
8225171-1,8225171-5,0.8861987,1.0
7784239-3,7784239-8,0.57542497,1.0
6207033-1,6215584-1,0.37977204,0.0
2772281-1,2772281-3,0.45597833,1.0
4763958-3,4763958-4,0.9602711,1.0
4937529-1,7562842-1,0.49262956,0.0
4275826-1,5059088-1,0.45920983,0.0
5965195-1,6726343-1,0.38184077,0.0
2847211-3,2847211-5,0.76409215,1.0
4881626-4,4881626-7,0.81982523,1.0
5047992-1,7212738-1,0.260292,0.0
7936921-1,8051572-1,0.5102225,0.0
4271392-1,6144491-2,0.23848346,0.0
2483951-1,6939799-1,0.052170344,0.0
4039103-1,8483391-1,0.13602528,0.0
4302118-1,4302118-2,0.58960605,1.0
6699002-1,7583545-1,0.300212,0.0
8702258-1,8702258-2,0.46905905,1.0
6799647-1,6799647-2,0.27020416,1.0
4546785-1,4546785-3,0.89013875,1.0
3817136-2,3817136-7,0.9231754,1.0
7391106-1,8283217-1,0.1686546,0.0
4700638-6,4700638-9,0.9344366,1.0
4495801-1,4615979-2,0.16883208,0.0
7201478-1,7201478-2,0.72572434,1.0
3897766-1,3897766-2,0.6673312,1.0
6295374-3,8147705-1,0.5298756,0.0
6208253-2,6208253-3,0.46277213,1.0
3302995-1,3302995-3,0.4225029,1.0
4673761-2,4673761-3,0.846418,1.0
7366428-5,7366428-7,0.9611453,1.0
7813008-1,8216313-1,0.4203911,0.0
4313489-5,4313489-8,0.90504557,1.0
4738659-1,4738659-3,0.738975,1.0
4766804-1,4766804-3,0.6940571,1.0
4506145-1,4549351-1,0.44539267,0.0
6452484-1,6593925-1,0.042974666,0.0
3977502-2,3977502-3,0.7472495,1.0
3010774-1,3010774-3,0.81607217,1.0
3508530-1,7654559-1,0.47378305,0.0
7474560-2,7474560-3,0.69065124,1.0
7336759-3,7336759-4,0.8702038,1.0
2868038-1,2868038-3,0.8561626,1.0
3614304-1,6158700-1,0.051842432,0.0
3685644-1,8155807-1,0.08640691,0.0
7376584-2,7376584-3,0.79098,1.0
3418017-1,5047879-1,0.1637997,0.0
6054085-1,6054085-2,0.5251449,1.0
6736139-1,6736139-3,0.8184144,1.0
4793788-1,8648134-1,0.40735483,0.0
8394628-1,8454150-1,0.20367405,0.0
6643316-1,6643316-3,0.5020501,1.0
2965913-1,8656308-1,0.082772315,0.0
8364764-4,8364764-8,0.4140086,1.0
7292423-1,7292423-3,0.9298596,1.0
8019170-1,8019170-2,0.32352853,1.0
7784194-1,8581777-1,0.78435993,0.0
8075677-1,8425027-1,0.08229164,0.0
4275024-1,5040584-1,0.33491257,0.0
3746149-1,6693792-1,0.48575014,0.0
7924014-1,8041260-2,0.70751697,0.0
4855418-1,5443128-1,0.1414741,0.0
3284869-1,5471772-1,0.2590604,0.0
6692803-1,8055173-1,0.55030274,0.0
6614985-3,6885689-3,0.09226822,0.0
2526092-1,3068105-1,0.26681483,0.0
4150647-1,4839800-1,0.20744263,0.0
4309306-3,7455395-1,0.39641926,0.0
3170099-1,3170099-3,0.9224881,1.0
2740291-1,2740291-4,0.75816685,1.0
7874292-3,8191185-1,0.4155145,0.0
6530164-1,8313357-1,0.7083413,0.0
7952588-2,7952588-3,0.6592054,1.0
6481116-1,6864317-1,0.3110039,0.0
7784239-2,7784239-6,0.67417455,1.0
5854318-1,5960523-1,0.17557792,0.0
3986960-1,5728764-1,0.4663604,0.0
5075292-1,6037806-2,0.21445179,0.0
3521419-1,6964051-1,0.5721179,0.0
2693828-1,4225066-1,0.5600708,0.0
1867809-3,6288569-1,0.74136794,0.0
5473084-1,8323314-1,0.69595844,0.0
7569537-1,7569537-3,0.9236226,1.0
6028159-1,8422015-1,0.34341922,0.0
3765128-2,5810523-1,0.69719553,0.0
4162020-4,4162020-5,0.88403344,1.0
7385614-3,7385614-4,0.5234596,1.0
7394093-1,7394093-3,0.8835166,1.0
4995769-1,8653863-1,0.30284926,0.0
2806401-1,7784763-1,0.32975075,0.0
4492317-1,7384492-2,0.5462965,0.0
5556841-1,7758586-1,0.17859071,0.0
2740326-1,4841560-1,0.22023813,0.0
5449372-1,5898835-1,0.27133274,0.0
3959086-1,5731728-1,0.2999963,0.0
8352886-1,8352886-2,0.7793379,1.0
5634570-1,7524921-1,0.44085097,0.0
5728775-1,8697958-1,0.22811921,0.0
3459784-3,3459784-6,0.3666873,1.0
7491683-1,8458043-1,0.07925833,0.0
1884161-1,5295570-1,0.7514798,0.0
3803119-1,3803119-3,0.9156045,1.0
7992822-1,7992822-5,0.6528605,1.0
3491339-3,3491339-4,0.98105854,1.0
3786831-1,4992788-1,0.14831091,0.0
7168954-2,8695476-1,0.6600702,0.0
6296127-1,7158957-1,0.3803817,0.0
3095553-1,6837609-1,0.4923653,0.0
8383440-1,8405401-1,0.21820237,0.0
3326852-1,6389484-1,0.033308793,0.0
3126734-4,3126734-5,0.74623203,1.0
3670628-1,4570758-1,0.15689178,0.0
6505230-1,8710844-2,0.16151197,0.0
3425032-1,7837355-1,0.6732351,0.0
4010044-1,7066351-2,0.03401736,0.0
4766635-1,8238620-1,0.39772978,0.0
6582561-1,6582561-2,0.96741194,1.0
4140119-1,4140119-2,0.7665682,1.0
4676493-2,4676493-3,0.6511541,1.0
3590353-1,5409948-1,0.16332778,0.0
5091281-1,7713552-1,0.7828136,0.0
4310103-1,4877876-1,0.27336589,0.0
4162020-4,4162020-5,0.88403344,1.0
6777932-1,8077420-1,0.28766152,0.0
8015901-2,8015901-3,0.9049173,1.0
5353450-1,8008274-1,0.29918942,0.0
4020557-1,4456757-1,0.8643194,1.0
2752787-1,3580940-1,0.088161215,0.0
4822278-1,4822278-2,0.82575965,1.0
6284393-4,6284393-5,0.7712615,1.0
7538793-1,7538793-3,0.82487166,1.0
7175764-3,7175764-4,0.91793233,1.0
3276904-1,3752620-1,0.15742232,0.0
3433557-1,8093766-1,0.7441527,0.0
6854088-1,6854088-2,0.5353584,1.0
3529929-1,7426660-1,0.15627258,0.0
3307457-1,8436747-2,0.2647486,0.0
7336724-1,7336724-5,0.17833966,1.0
4496068-1,6126179-1,0.51066434,0.0
5649805-10,5649805-4,0.6242525,1.0
6518441-1,7009175-1,0.6086542,0.0
5971652-1,8643395-1,0.1897697,0.0
3125656-1,7367320-1,0.28657392,0.0
2584074-1,4357681-1,0.119670935,0.0
6854088-1,6854088-2,0.5353584,1.0
4307220-1,6167081-3,0.08448575,0.0
4822278-1,4822278-2,0.82575965,1.0
3789090-1,6177085-1,0.07910696,0.0
3897898-1,3897898-2,0.9087951,1.0
5480102-1,6639934-1,0.11645476,0.0
4059869-1,4623174-1,0.36266705,0.0
5474923-1,7885142-1,0.48923656,0.0
4050395-1,6815603-1,0.5240913,0.0
7763523-1,7763523-2,0.62543434,1.0
4425244-5,7779988-1,0.854176,0.0
4421974-1,4421974-2,0.8480168,1.0
2100043-1,6601221-1,0.10437467,0.0
5397814-1,5397814-2,0.82999015,1.0
4448482-1,6727463-1,0.13342488,0.0
2584076-1,5304557-1,0.2309237,0.0
7745691-1,7745691-6,0.79567504,1.0
4522451-2,6245774-1,0.6600497,0.0
4496522-1,4496522-2,0.56230956,1.0
7063221-1,7063221-7,0.832823,1.0
2939336-1,527874-1,0.41797435,0.0
4966213-1,6042172-1,0.32616335,0.0
7106567-1,7106567-2,0.53291774,1.0
1906806-5,1906806-7,0.5963458,1.0
6011861-1,6011861-2,0.6267816,1.0
6426014-1,6688888-1,0.14513089,0.0
2974668-1,5147401-1,0.18686394,0.0
7474563-1,7474563-2,0.40947032,1.0
2733967-1,2733967-2,0.55386186,1.0
7992912-1,8388796-7,0.3006807,0.0
4496522-1,4496522-2,0.56230956,1.0
3704971-1,3704971-2,0.9146402,1.0
4945534-1,7876253-1,0.19593625,0.0
6676810-2,6676810-3,0.872746,1.0
7853432-1,7853432-2,0.7670864,1.0
4304165-1,8327140-1,0.108330466,0.0
4174715-3,4174715-5,0.4931169,1.0
2999723-1,5224743-1,0.08025265,0.0
6824397-6,7352146-1,0.37142786,0.0
4528862-1,4588678-1,0.40369,0.0
2687548-3,2687548-6,0.78736705,1.0
7171607-1,7171607-4,0.8002505,1.0
6007433-1,6788312-1,0.8490488,0.0
3927091-1,4268615-1,0.37374094,0.0
4559789-1,5368924-4,0.5868742,0.0
3086330-1,4087858-1,0.1451485,0.0
3008697-3,7337020-1,0.71207225,0.0
5207297-1,8346777-2,0.4960813,0.0
3271498-1,4311362-3,0.111467816,0.0
3130473-5,3130473-6,0.62575656,1.0
6746349-1,6746349-2,0.68790627,1.0
3589229-1,3589229-2,0.7928505,1.0
3275535-2,3275535-3,0.7055011,1.0
6042488-2,6042488-3,0.39687452,1.0
4313486-2,4313486-4,0.7893076,1.0
8391342-15,8391342-32,0.501575,1.0
6711615-1,7922450-1,0.31410453,0.0
8123389-1,8123389-4,0.8433523,1.0
4134861-2,5609445-1,0.13446377,0.0
3474963-1,5075289-3,0.15713744,0.0
7711629-4,7711629-7,0.3660095,1.0
2672301-1,4367884-1,0.11677673,0.0
5567077-1,6547267-1,0.1168774,0.0
6963185-1,7386801-3,0.42595857,0.0
3125656-1,7367320-1,0.28657392,0.0
3056317-1,3855171-1,0.0048124124,0.0
5553467-1,5553467-2,0.84342384,1.0
7463145-2,7463145-4,0.9129629,1.0
5322511-1,5322511-2,0.6374614,1.0
5893346-2,5893346-7,0.8668302,1.0
6498938-1,6536047-1,0.01258857,0.0
3894443-2,4832896-1,0.20355353,0.0
2241629-1,6108451-1,0.12182953,0.0
8158287-2,8158287-3,0.6607609,1.0
5590406-4,8065519-2,0.30645987,0.0
4230669-1,7205378-1,0.42008564,0.0
4557152-1,4557152-5,0.6079388,1.0
8069347-2,8069347-3,0.75132316,1.0
6258983-1,6258983-2,0.86791956,1.0
5358187-1,6918799-1,0.101612866,0.0
5338949-1,5338949-3,0.866387,1.0
7448144-1,7543098-1,0.49335235,0.0
6745135-1,6745135-2,0.71187896,1.0
2726522-1,3484303-1,0.51187676,0.0
4393936-1,7970702-1,0.41960505,0.0
4341035-2,4341035-3,0.7024296,1.0
6848981-1,6848981-2,0.25191164,1.0
3819852-1,3819852-2,0.44319955,1.0
3302999-1,3981269-1,0.28873593,0.0
2995998-1,3623462-1,0.1286501,0.0
4993830-1,7559758-1,0.708073,0.0
7535564-1,7535564-2,0.32193613,1.0
4241042-1,6146672-1,0.09120911,0.0
3847183-3,3847183-4,0.94928104,1.0
3335562-1,4159905-1,0.3173987,0.0
6898930-1,6898930-2,0.44423422,1.0
2846345-1,7758736-10,0.4718945,0.0
4054067-2,4054067-3,0.8394412,1.0
7303768-1,8713581-1,0.6072347,0.0
3477366-2,3506459-2,0.56171125,0.0
3304171-2,3304171-5,0.47582558,1.0
8611606-8,8611606-9,0.7843574,1.0
8090807-1,8090807-2,0.40432975,1.0
5480074-1,6369391-1,0.7603229,0.0
5806580-2,5806580-6,0.8605908,1.0
4945534-1,7876253-1,0.19593625,0.0
5731164-1,7859590-1,0.3385719,0.0
8161816-2,8161816-3,0.7700432,1.0
3673848-1,3673848-2,0.8256661,1.0
3530754-1,6186323-2,0.12712446,0.0
2925357-1,6849017-1,0.78008676,0.0
8454244-1,8454244-2,0.48772794,1.0
4138773-1,6884880-2,0.5024649,0.0
8182236-2,8182236-4,0.786904,1.0
6086918-1,6446957-1,0.15531106,0.0
3555570-3,3555570-6,0.10275309,0.0
7982799-2,7982799-3,0.8667991,1.0
3922193-4,3922193-5,0.6103542,1.0
3223957-1,3223957-2,0.41140792,1.0
7905731-1,8191851-1,0.73370403,0.0
3349586-1,4228594-1,0.23007996,0.0
3996354-3,4000642-1,0.15952833,0.0
8531158-5,8531158-7,0.5576869,1.0
3139914-1,3664474-2,0.15261602,0.0
5346454-10,8497279-1,0.4547107,0.0
7725194-1,7725194-2,0.54367197,1.0
3467448-1,7049895-2,0.19759484,0.0
5481954-1,5481954-2,0.8132634,1.0
4036833-3,7711629-9,0.25538665,0.0
6612390-1,7031458-1,0.19685516,0.0
5461574-1,8062610-1,0.11476609,0.0
3891978-1,7465744-1,0.4830076,0.0
7473607-2,7473607-3,0.80805373,1.0
2702050-1,6128997-3,0.5607596,0.0
6076956-3,6593952-1,0.73341084,1.0
4255922-1,8294413-3,0.54160243,0.0
2769370-1,6120049-4,0.56330043,0.0
7789137-1,7789137-5,0.9663898,1.0
7417091-2,7417091-3,0.4843566,1.0
3764887-1,6119284-1,0.38069007,0.0
2459196-1,4050073-1,0.7842483,0.0
4660716-1,8166483-1,0.24157573,0.0
3830914-1,8378593-1,0.01964814,0.0
5000538-1,7952637-3,0.5068833,0.0
7004578-1,7004578-2,0.79938513,1.0
3214513-1,6476616-1,0.29620814,0.0
8603415-1,8637793-3,0.3431205,0.0
8084795-1,8084795-2,0.39149362,1.0
1851966-1,8489599-1,0.1496588,0.0
6446325-1,7717722-1,0.11703367,0.0
3751136-1,6969990-1,0.28502378,0.0
4655028-1,6136512-1,0.4065711,0.0
4623192-1,4623192-2,0.91221595,1.0
7011274-1,7011274-4,0.5008906,1.0
4998851-2,4998851-7,0.6877993,1.0
8705528-10,8705528-2,0.5209843,1.0
4220424-1,8339506-1,0.28585923,0.0
6238377-1,8264441-1,0.68412167,0.0
5220453-1,5220453-3,0.9475755,1.0
4170659-3,4170659-7,0.81899184,1.0
5120383-2,8283584-1,0.5903994,0.0
4862072-1,7656018-1,0.3469636,0.0
7758736-5,7758736-7,0.70911705,1.0
8015663-3,8015663-4,0.9327378,1.0
5215196-1,5215196-3,0.39985085,1.0
8113413-5,8113413-7,0.720387,1.0
4579175-1,4579175-3,0.917025,1.0
2845143-1,4398782-1,0.7033318,0.0
5437792-1,6620227-1,0.15424797,0.0
7035525-1,7035525-3,0.392304,1.0
6366379-1,6366379-3,0.88539404,1.0
4086582-1,4086582-2,0.5146408,1.0
3519024-1,3519024-2,0.6916749,1.0
7663930-3,7663930-6,0.6120325,1.0
8032334-1,8032334-3,0.7479395,1.0
5921541-3,5921541-5,0.8517021,1.0
4185326-1,6567761-2,0.8784184,0.0
4843071-1,5843968-1,0.6051538,0.0
6218350-1,7362622-1,0.81788486,0.0
8517308-2,8517308-3,0.7782681,1.0
6813411-1,7537742-2,0.20162576,0.0
3817136-3,3817136-4,0.9514529,1.0
8015162-3,8015162-5,0.77694786,1.0
5289268-5,5289268-6,0.9155712,1.0
5960851-1,6849054-1,0.3282977,0.0
4720199-2,7586353-1,0.06373039,0.0
7263007-1,7430073-1,0.40371117,0.0
8674165-6,8674165-7,0.8643593,1.0
8248082-1,8248082-4,0.81804794,1.0
5822694-1,8179788-1,0.14724018,0.0
2700584-1,4635960-3,0.5233138,0.0
3777329-2,4836079-1,0.5376318,0.0
8186093-1,8186093-7,0.81711435,1.0
7431202-1,7431202-4,0.57517666,1.0
8003879-8,8379666-1,0.8552487,0.0
6907201-2,6907201-3,0.3381062,1.0
8133044-4,8133044-7,0.81781745,1.0
5556898-1,8327293-1,0.27846706,0.0
5483845-2,7369677-1,0.661026,0.0
4040387-2,4119338-1,0.4838,0.0
3667307-4,5864518-1,0.1656706,0.0
4237779-1,4950238-3,0.22550395,0.0
4094880-1,5525600-1,0.46116415,0.0
5803979-2,5803979-3,0.9659828,1.0
8606994-1,8606994-2,0.30718407,1.0
2590610-1,5526306-2,0.054762274,0.0
8392756-2,8392756-3,0.870411,1.0
5030503-1,5749107-1,0.23401543,0.0
2815756-5,2815756-9,0.73082167,1.0
3424906-1,8211758-1,0.08583683,0.0
4559789-1,5368924-4,0.5868742,0.0
6903879-1,7571954-1,0.597921,0.0
7158957-1,8455660-3,0.52983266,0.0
5653679-1,5653679-2,0.8482707,1.0
2862032-1,4374287-1,0.70905024,0.0
7423211-3,7423211-8,0.8962131,1.0
3938365-1,3938365-2,0.7808543,1.0
3418013-1,5817294-1,0.27463415,0.0
6652254-1,6652254-2,0.27640274,1.0
7519989-1,8148337-1,0.39965534,0.0
2822157-2,7418552-1,0.5794702,0.0
5960851-1,6849054-1,0.3282977,0.0
6587640-1,7210684-1,0.6723768,0.0
3914231-1,7758736-3,0.3590359,0.0
2507719-1,6712609-4,0.64707994,0.0
3862296-1,6611857-2,0.22399732,0.0
5578589-1,5578589-2,0.7634367,1.0
3447179-5,7492561-1,0.52258265,0.0
4405312-4,4405312-5,0.7890912,1.0
7649792-1,7649792-2,0.54468936,1.0
4277160-1,5125192-1,0.20036048,0.0
6425386-1,8343438-1,0.33873412,0.0
6109530-1,6109530-4,0.5600153,1.0
3425032-1,7837355-1,0.6732351,0.0
4918480-6,4918480-8,0.93532026,1.0
5619035-1,6360827-1,0.29825622,0.0
7472508-2,7472508-4,0.90906155,1.0
3447179-5,7492561-1,0.52258265,0.0
4630934-1,7935095-1,0.08068987,0.0
6113389-1,6113389-4,0.85847163,1.0
5898585-2,5898585-3,0.51853335,1.0
7677352-1,7677352-3,0.15438625,1.0
5912312-2,5912312-5,0.8985095,1.0
5653710-1,5653710-2,0.8523149,1.0
5853048-1,5853048-2,0.4876306,1.0
2854355-1,8702016-1,0.7113768,0.0
3633290-1,7923707-1,0.6391468,0.0
3667327-1,7850374-1,0.6857028,0.0
4978092-1,5674801-1,0.51792413,0.0
2169208-1,4173535-1,0.19001476,0.0
6502106-1,6502106-2,0.9418694,1.0
8717640-1,8717640-2,0.69469005,1.0
6813687-1,7443679-1,0.4381414,0.0
2649865-1,3447637-1,0.054222926,0.0
3335817-2,3335817-3,0.55375665,1.0
6022295-2,6022295-3,0.5867965,1.0
3713594-1,4533563-1,0.6808098,0.0
4405312-4,4405312-5,0.7890912,1.0
4302118-4,4302118-5,0.79208267,1.0
6122623-1,6122623-2,0.3940836,1.0
4374093-1,6786383-1,0.18665178,0.0
6251325-1,8525266-1,0.021569075,0.0
3423044-1,3423044-2,0.85945934,1.0
5064303-1,6326102-2,0.20723052,0.0
6014571-1,6014571-2,0.8440873,1.0
3861363-1,5747235-1,0.59212345,0.0
7455533-1,7455533-2,0.7858941,1.0
7700776-1,8295969-1,0.07788768,0.0
7072995-1,7072995-2,0.83923656,1.0
5510981-1,7851003-1,0.6761548,0.0
7443826-3,7443826-6,0.8858861,1.0
6607580-1,7849327-1,0.07340634,0.0
8611551-5,8626982-1,0.7587846,0.0
6057174-1,6057174-2,0.7636513,1.0
4440474-1,4440474-2,0.9390935,1.0
6457022-1,6645598-1,0.7195041,0.0
4421318-1,8247787-1,0.7541591,0.0
7981696-1,7981696-3,0.4404633,1.0
3667321-1,3667321-2,0.7978248,1.0
3657462-2,3657462-3,0.80596685,1.0
2687548-10,2687548-7,0.7277036,1.0
7188262-3,7188262-4,0.86709136,1.0
2890504-1,8447050-1,0.50301325,0.0
3710195-1,7093274-1,0.53206754,0.0
7383746-8,7383746-9,0.88155913,1.0
3186895-1,8070069-1,0.58487546,0.0
5726839-2,5726839-4,0.84681964,1.0
6283126-1,7908330-1,0.1888819,0.0
3407125-3,3407125-5,0.78366107,1.0
3284869-1,5471772-1,0.2590604,0.0
6425374-1,7380812-1,0.1278712,0.0
8082285-1,8107456-1,0.34852487,0.0
1950515-1,3913426-1,0.85483277,0.0
8353083-4,8353083-5,0.55776715,1.0
6293546-1,7891291-1,0.30641162,0.0
3371494-1,3664476-1,0.3552709,0.0
5640890-3,5640890-4,0.7437589,1.0
6332555-4,6332555-6,0.34502986,1.0
2615291-2,2615291-3,0.632491,1.0
5347305-1,6736565-1,0.6722734,1.0
2611977-1,7497766-1,0.8154201,0.0
4760030-1,5404631-1,0.39732128,0.0
3205368-2,6970377-2,0.11023329,0.0
7495746-1,8009769-1,0.6485213,0.0
6236112-4,6236112-6,0.9176798,1.0
6572922-1,7488111-1,0.10773039,0.0
7492942-1,7852651-1,0.33839053,0.0
4804666-1,7508131-1,0.5015372,0.0
8705528-12,8705528-14,0.7672692,1.0
5099962-1,5099962-2,0.90017265,1.0
5506090-1,5506090-3,0.8262997,1.0
2822157-2,7418552-1,0.5794702,0.0
4875696-2,4875696-3,0.8095006,1.0
6310511-1,6310511-3,0.78266037,1.0
6428001-1,7383197-1,0.25746518,0.0
4450162-5,5837298-1,0.23575093,0.0
7909218-1,7909218-2,0.30759266,1.0
3922398-1,6100339-1,0.8737487,0.0
4049013-1,5838879-1,0.78017217,0.0
4715053-1,4715053-2,0.45269006,1.0
5832195-1,5832195-5,0.8796137,1.0
3114581-1,3114581-3,0.48426113,1.0
6752274-2,7667625-1,0.7992199,0.0
4404004-1,5464515-1,0.2054782,0.0
7658305-1,7658305-2,0.8061707,1.0
8395467-1,8395467-5,0.6031117,1.0
4946133-1,7440356-1,0.32258207,0.0
7830173-2,7830173-3,0.75085545,1.0
3660495-1,7294899-2,0.8847435,1.0
2963759-2,6037806-1,0.513098,0.0
4279969-1,4279969-4,0.62490803,1.0
4063632-1,8272273-1,0.4343848,0.0
3276803-1,3276803-2,0.86017096,1.0
6304711-1,6304711-7,0.9843289,1.0
6099048-1,8230154-1,0.52532625,0.0
6095973-1,6095973-2,0.5544516,1.0
7607618-2,7607618-3,0.6924749,1.0
5325020-1,8196388-1,0.25687936,0.0
4597458-1,7969327-2,0.14910312,0.0
4329938-1,8523476-1,0.18807715,0.0
8553533-1,8553533-2,0.5104735,1.0
3361768-1,8712097-1,0.14777523,0.0
4075715-1,4158641-1,0.45385975,0.0
5492761-1,7988466-1,0.3644691,0.0
8296715-1,8296715-2,0.9558626,1.0
8611606-4,8611606-8,0.912997,1.0
3634723-1,7930656-1,0.46828976,0.0
6158900-1,6694600-1,0.4134649,0.0
4492330-1,5494060-1,0.51488686,0.0
3169495-1,4321076-1,0.10935367,0.0
4693336-1,4973067-1,0.07182818,0.0
4540530-1,8044442-1,0.6529757,0.0
3502796-1,3502796-2,0.51210004,1.0
4534750-1,7153818-1,0.2805944,0.0
5943729-6,5943729-9,0.8631357,1.0
3733041-5,3733041-6,0.754454,1.0
6635142-1,6635142-4,0.89055634,1.0
3040089-1,3040089-4,0.71556747,1.0
3162762-1,6714308-1,0.266948,0.0
3006383-1,3808023-1,0.16290331,0.0
4338667-1,5031857-1,0.115642734,0.0
8367389-3,8367389-4,0.7843557,1.0
5784682-4,5784682-5,0.8933012,1.0
6792944-3,6792944-4,0.38370287,1.0
5298442-1,5298442-4,0.95131236,1.0
7191691-1,7191691-2,0.8032385,1.0
7663930-1,7663930-4,0.67346257,1.0
8391342-18,8391342-7,0.94081575,1.0
4822278-5,5322519-1,0.4598868,0.0
6600094-1,6600094-2,0.68381417,1.0
4228210-1,6392620-1,0.5501531,0.0
4322698-1,8343286-2,0.44700405,0.0
5556877-1,5556877-2,0.89104116,1.0
3363046-1,8286381-1,0.124255925,0.0
4420345-1,8186932-1,0.13475427,0.0
5912312-1,5912312-4,0.7601373,1.0
1413535-1,6109557-1,0.09627733,0.0
2800875-1,2800875-2,0.7930328,1.0
3527052-2,3527052-3,0.94601303,1.0
4868816-1,8171351-1,0.12477633,0.0
5564585-3,8457974-1,0.31494114,0.0
5865279-5,5865279-9,0.8514249,1.0
4129602-3,4129602-4,0.35880092,1.0
5642131-1,5642131-11,0.92571926,1.0
4918135-1,4918135-3,0.63825333,1.0
7867464-1,7867464-2,0.6122295,1.0
3986296-1,3986296-3,0.88840944,1.0
8362581-1,8362581-2,0.7956535,1.0
7489448-1,8673679-2,0.18760769,0.0
8611606-7,8611606-8,0.9395566,1.0
6473802-1,6946315-1,0.30859116,0.0
7337482-2,7337482-3,0.69512904,1.0
2678828-1,3968620-3,0.07323618,0.0
3830285-1,3830285-2,0.5236709,1.0
4232228-1,8443108-2,0.072764315,0.0
3423012-1,8270600-1,0.25573972,0.0
7174855-1,7506050-2,0.20849413,0.0
5309417-1,7717955-1,0.52765447,0.0
2779312-1,3758712-1,0.16860892,0.0
5161513-3,5161513-6,0.8224798,1.0
6456843-1,6456843-2,0.63843447,1.0
2740230-1,8298240-1,0.7963691,1.0
3356991-1,6688735-1,0.8223937,0.0
2916111-1,5074815-2,0.42907438,0.0
3639158-16,3639158-3,0.89988273,1.0
1794493-5,1794493-6,0.9334254,1.0
2824640-1,6125265-1,0.19794434,0.0
8395467-5,8688783-1,0.6207739,0.0
7523853-1,7523853-2,0.47813904,1.0
5048704-1,5048704-8,0.6985246,1.0
4748557-1,7536520-1,0.23050253,0.0
4721167-1,4747941-1,0.05031195,0.0
5819702-1,6824689-1,0.2537922,0.0
4117857-1,5917864-3,0.22339147,0.0
4738133-1,4738133-2,0.8132104,1.0
5728775-1,8697958-1,0.22811921,0.0
6302558-1,6738175-1,0.5667929,0.0
7676789-1,8339508-1,0.35277957,0.0
3459794-1,5244042-1,0.50581133,0.0
3556532-2,3556532-4,0.7506845,1.0
5768481-4,6292349-1,0.21124958,0.0
8684541-1,8684541-4,0.38001147,1.0
4637464-1,4637464-2,0.90107274,1.0
3114376-1,7380821-1,0.46045136,0.0
4123281-1,4574787-2,0.3344954,0.0
2584640-2,2584640-3,0.80092376,1.0
8217650-4,8217650-5,0.4296258,1.0
3279491-1,7983465-3,0.36442363,0.0
4135106-1,8637990-1,0.10642298,0.0
8178000-1,8178000-2,0.7536603,1.0
4347361-1,6512045-1,0.20145358,0.0
3544906-11,3544906-5,0.97681946,1.0
4064285-1,8627705-1,0.56838906,0.0
3745102-1,3786388-1,0.0623039,0.0
1794493-2,1794493-5,0.6373519,1.0
6552571-2,6552571-3,0.6918264,1.0
5561421-1,8043518-1,0.6863347,0.0
5580965-1,7910263-1,0.5648419,0.0
5298516-1,8290849-1,0.13881788,0.0
4047698-1,6145046-5,0.38497564,0.0
7199827-1,7682061-1,0.7498604,0.0
8391342-18,8391342-30,0.92755586,1.0
2740124-1,3080807-1,0.57113504,0.0
3195172-2,6976720-1,0.44027576,0.0
4659948-1,5834851-1,0.3366436,0.0
5245935-1,6636486-1,0.20261133,0.0
3919721-2,3919721-6,0.8566111,1.0
6819644-1,6819644-2,0.37472552,1.0
3010774-2,3010774-3,0.83465964,1.0
3469907-1,6092529-1,0.5531126,0.0
3611917-1,7213827-1,0.6234913,0.0
5482953-1,7239576-1,0.11539484,0.0
2964782-1,3820849-3,0.549887,0.0
7102870-1,8672589-1,0.58601743,0.0
2526092-1,3068105-1,0.26681483,0.0
4006563-1,4936818-1,0.31469047,0.0
7485476-10,7485476-5,0.8746406,1.0
3544906-4,3544906-9,0.83407307,1.0
6547447-4,8330607-1,0.57630885,0.0
7367386-4,7367386-8,0.7211217,1.0
8178924-1,8610879-1,0.12240242,0.0
3574515-1,6506557-1,0.06870325,0.0
3712390-1,7417326-1,0.4289187,0.0
2854446-1,7592631-1,0.24962278,0.0
5139888-2,7866723-1,0.60556215,0.0
6080074-1,7251491-1,0.5727724,0.0
5597972-2,5597972-3,0.8299887,1.0
8385252-2,8385252-4,0.85294837,1.0
7828325-1,7828325-2,0.7986838,1.0
5564121-1,7676473-1,0.04511857,0.0
5399436-1,5399436-2,0.6297622,1.0
5865279-1,5865279-7,0.9339857,1.0
2693608-1,4933814-1,0.18594994,0.0
8258108-3,8258108-5,0.8485019,1.0
1636634-1,3764959-1,0.031748135,0.0
4749697-1,4749697-2,0.78701633,1.0
6742885-1,6857365-1,0.26858371,0.0
6037803-1,6037803-4,0.70170015,1.0
6397944-1,7244962-1,0.2781605,0.0
3341744-1,3789622-1,0.31705445,0.0
5207297-1,8346777-2,0.4960813,0.0
5587134-2,5587134-4,0.93260187,1.0
8391342-27,8391342-29,0.77042145,1.0
3402005-2,3402005-3,0.87270975,1.0
2994792-3,5865526-1,0.75183725,0.0
5346454-2,5346454-9,0.900573,1.0
5917864-1,5917864-2,0.41291016,1.0
3628252-4,6719491-3,0.87380475,0.0
7315662-1,7991103-1,0.24038711,0.0
8365843-1,8365843-2,0.70264477,1.0
6007331-1,7455421-1,0.77449244,0.0
7689230-1,8613558-1,0.7572523,0.0
5760868-1,5865279-7,0.17907447,0.0
5590420-1,5590420-2,0.4480972,1.0
8354677-2,8354677-4,0.7568823,1.0
6600094-1,6600094-2,0.68381417,1.0
3628441-1,6831243-1,0.31376892,0.0
3500056-1,3500056-3,0.7091367,1.0
5668504-1,5668504-3,0.5293523,1.0
8133044-13,8133044-8,0.3776304,1.0
4094958-6,4094958-8,0.84309673,1.0
7350952-1,7350952-2,0.8300754,1.0
4158630-1,5992942-1,0.31595594,0.0
5288423-4,5288423-7,0.6898033,1.0
3965922-1,7915159-1,0.70353514,0.0
2740025-1,2740025-2,0.9033317,1.0
3719039-4,3719039-5,0.6789089,1.0
5913999-1,5913999-2,0.75719446,1.0
4327550-1,7824834-2,0.24349526,0.0
6476008-1,6476008-2,0.6773659,1.0
4028528-1,5610409-1,0.13491726,0.0
5207297-1,8346777-2,0.4960813,0.0
7826043-1,7826043-6,0.81836206,1.0
5358187-1,6918799-1,0.101612866,0.0
5447531-2,5447531-3,0.7006985,1.0
6159843-3,6159843-4,0.5356436,1.0
4162020-3,4162020-4,0.5592368,1.0
4010044-1,4214711-2,0.18475424,0.0
5557522-1,5557522-2,0.79708034,1.0
6382493-1,6382493-3,0.56393534,1.0
4132206-1,4132206-2,0.8530463,1.0
8129005-2,8129005-3,0.8997191,1.0
5806410-1,5806410-2,0.71977836,1.0
4832259-2,8145651-1,0.106173314,0.0
6208227-1,8202355-3,0.027418895,0.0
6645598-5,6645598-6,0.6366214,1.0
6263613-1,6536236-1,0.21229443,0.0
2856528-2,2856528-3,0.8002538,1.0
2018713-1,3816041-1,0.34829083,0.0
2874679-1,2874679-3,0.87694716,1.0
3193822-1,6260550-1,0.22080466,0.0
2740230-1,8298240-1,0.7963691,1.0
8482808-1,8482808-4,0.7499405,1.0
5928351-2,5928351-3,0.5569868,1.0
3666435-1,7292057-1,0.52848876,0.0
7431987-2,7431987-3,0.52730614,1.0
4228084-1,6100634-2,0.27409166,0.0
4513765-1,6215986-1,0.06427543,0.0
6791392-1,6791392-2,0.36533105,1.0
4001234-3,4001234-7,0.83830833,1.0
7188262-3,7188262-4,0.86709136,1.0
4653751-2,4653751-3,0.72033477,1.0
6857254-1,6857254-3,0.6202422,1.0
4489500-1,4489500-2,0.6050275,1.0
5417264-2,5429124-1,0.7407434,1.0
4313486-2,4313486-4,0.7893076,1.0
6791275-1,6791275-2,0.8541999,1.0
3673848-1,3673848-2,0.8256661,1.0
6132972-3,6132972-4,0.6980456,1.0
3193785-1,6392561-1,0.22049005,0.0
8529310-1,8529310-2,0.84530413,1.0
2737776-1,8415956-1,0.6529273,1.0
8423165-3,8423165-5,0.5131922,1.0
3484558-1,6742871-1,0.3719307,0.0
8476614-2,8476614-3,0.97118765,1.0
6284393-4,6284393-5,0.7712615,1.0
8017932-12,8017932-9,0.6680703,1.0
5789469-1,6664498-1,0.3167708,0.0
5962620-2,5962620-4,0.76437074,1.0
3978052-1,3978052-2,0.80950844,1.0
3312794-3,4451783-1,0.34602118,0.0
6745135-1,6745135-4,0.7175346,1.0
5746636-1,5746636-3,0.87871957,1.0
3594910-1,4058268-1,0.28422442,0.0
4169802-1,6260547-1,0.63597167,0.0
3712386-1,3712386-3,0.6643443,1.0
5660978-1,7981621-1,0.6812457,0.0
3793311-1,5139849-1,0.4288121,0.0
4060408-1,4060408-3,0.9010119,1.0
8055885-1,8055885-3,0.6074035,1.0
6861045-1,7947317-8,0.21517111,0.0
3355033-1,4371897-1,0.64076084,0.0
8077172-14,8077172-2,0.52735406,1.0
8560084-2,8560084-3,0.94839936,1.0
2562358-2,2562358-4,0.8972079,1.0
5776002-1,5984462-1,0.13966356,0.0
4937698-1,7459979-2,0.6593428,0.0
3429736-1,4451655-1,0.69237345,0.0
7941918-4,7941918-5,0.717888,1.0
4299425-1,4299425-2,0.94808275,1.0
3803119-1,3803119-3,0.9156045,1.0
2631534-3,5586839-1,0.45704484,0.0
5024452-1,8287711-4,0.24126542,0.0
7737761-1,7737761-2,0.4015938,1.0
8634069-2,8634069-5,0.7373353,1.0
8015628-1,8015628-2,0.82718223,1.0
3897898-1,3897898-2,0.9087951,1.0
6024327-3,6024327-5,0.85411924,1.0
6395072-1,7665777-4,0.58079356,0.0
7391106-1,8283217-1,0.1686546,0.0
4158769-1,5471753-1,0.5262687,0.0
4973717-1,7364491-6,0.6102293,1.0
3611917-1,7213827-1,0.6234913,0.0
8312765-2,8312765-4,0.77130926,1.0
4554038-1,4554038-2,0.6940632,1.0
3978081-1,7256736-5,0.24819092,0.0
4560152-1,7888978-1,0.2777497,0.0
7663930-1,7663930-6,0.52076775,1.0
5586128-2,5586128-3,0.35868573,1.0
4345240-4,4345240-5,0.9050593,1.0
5985057-1,5985057-5,0.40455258,1.0
7799191-2,7799191-6,0.22660112,1.0
6963185-1,7386801-3,0.42595857,0.0
7045536-1,7045536-2,0.4569884,1.0
5835303-1,6514478-1,0.5303405,0.0
7500736-1,7500736-2,0.48604733,1.0
4367037-1,6019205-2,0.5283646,0.0
8155422-1,8155422-4,0.48639867,1.0
3139914-1,3664474-2,0.15261602,0.0
4818219-3,4818219-4,0.48263726,1.0
8527556-2,8527556-4,0.71960807,1.0
2080628-1,4288837-1,0.020478183,0.0
7674568-1,7674568-2,0.6177031,1.0
7006440-1,7006440-6,0.7905317,1.0
2615291-2,2615291-3,0.632491,1.0
7826043-1,7826043-6,0.81836206,1.0
2615296-1,8407026-1,0.27082625,0.0
6344923-1,6350341-1,0.6500368,0.0
5649805-10,5649805-2,0.9575114,1.0
3519130-1,6693030-1,0.20417944,0.0
8211030-1,8211030-3,0.85056484,1.0
5939900-1,8255035-1,0.16687438,0.0
7180523-1,7947317-1,0.39587077,0.0
6764574-4,6764574-5,0.7864976,1.0
5084516-1,6928670-1,0.75848716,0.0
5547862-1,5547862-3,0.93827075,1.0
4137535-1,4800766-1,0.40672335,0.0
3083330-6,5908506-1,0.35114667,0.0
6042488-2,6042488-3,0.39687452,1.0
7988206-12,7988206-7,0.93581855,1.0
8476401-2,8476401-3,0.95563465,1.0
3490115-1,6189376-1,0.34754694,0.0
4230886-1,4230886-4,0.24876124,1.0
8273319-1,8273319-2,0.6732706,1.0
3505635-1,3505635-2,0.79762167,1.0
3474966-1,8557518-1,0.17159213,0.0
4020554-2,4020554-3,0.8129589,1.0
3934696-1,7220345-1,0.6527948,0.0
5464515-10,5464515-3,0.9545426,1.0
5556877-2,5556877-3,0.73182595,1.0
3639802-1,3639802-5,0.8616579,1.0
5100168-2,5100168-3,0.56271905,1.0
3522339-1,3522339-10,0.7303216,1.0
2966751-2,2966751-3,0.79543877,1.0
6198447-2,6198447-3,0.15352072,1.0
5251361-1,8136881-1,0.111169584,0.0
3756242-1,5902283-1,0.84122074,0.0
7538793-1,7538793-3,0.82487166,1.0
7320044-1,7320044-3,0.7746779,1.0
8709957-4,8709957-5,0.7486196,1.0
5848582-2,5848582-4,0.62858105,1.0
4359697-1,8452862-1,0.68606347,0.0
3630292-1,4739214-1,0.34249556,0.0
3505333-1,7205376-1,0.44408086,0.0
8261160-1,8261160-2,0.78919595,1.0
5507564-1,7952297-2,0.5506899,0.0
4593990-1,4593990-2,0.9351781,1.0
4245924-7,8122203-1,0.3144278,0.0
6023324-2,6023324-4,0.770582,1.0
3027457-1,3545138-1,0.5717396,0.0
2929554-2,7176331-1,0.46163794,0.0
8077172-12,8077172-2,0.9060322,1.0
6043705-1,6043705-2,0.25360546,1.0
3905562-1,5998278-1,0.25984898,0.0
4885181-2,4885181-5,0.6083424,1.0
3448229-1,3448229-2,0.66270673,1.0
8161816-2,8161816-3,0.7700432,1.0
7187478-1,7417122-1,0.27927506,0.0
2718140-2,2718140-3,0.7479465,1.0
6505230-1,8710844-2,0.16151197,0.0
8391342-11,8391342-21,0.91114646,1.0
2931402-1,4017508-1,0.038106915,0.0
8637043-1,8637043-3,0.7378811,1.0
3680897-1,6324859-1,0.35234153,0.0
5910619-1,6385834-1,0.5012097,0.0
7373970-2,7373970-5,0.76071155,1.0
7433968-2,7433968-3,0.844226,1.0
6106975-1,6676831-1,0.4298451,0.0
3701398-1,3701398-2,0.8494305,1.0
5649805-3,5649805-4,0.8448465,1.0
6329029-1,7586178-1,0.68328416,0.0
3702654-3,7476338-2,0.41078028,0.0
4094581-2,4094581-9,0.73325175,1.0
6556287-1,8702120-1,0.48533118,0.0
5892321-1,6219324-1,0.8050357,0.0
6038475-1,6038475-5,0.4597603,1.0
2821765-1,7337592-1,0.24518159,0.0
4770648-1,7529493-1,0.13808376,0.0
4090855-1,4657095-1,0.4117255,0.0
5649850-1,5859235-1,0.69594187,0.0
7073490-3,7073490-4,0.7321237,1.0
4094663-2,4094663-8,0.94214123,1.0
6942777-1,6942777-2,0.7375934,1.0
5485298-1,7228453-2,0.08606643,0.0
eir personal data.\nConclusion: Appearances are often deceptive” is a popular proverb that emphasises the importance of analysing things thoroughly before arriving at a conclusion. Silent calculus presenting at the tip of glans is an extremely rare entity. High index of suspicion is hence required to rule out this uncommon presentation.\nBackground: Transfusion of blood and blood products which is considered as lifesaving modality, to evaluate the trends over the years Jan 2015- July 2019.\nMethods: Blood units collected from all eligible blood donors who donated Whole Blood were subjected to mandatory screening by ELISA for antibodies to HCV. Data was retrieved from Jan 2015- July 2019 and total number of donors who were reactive for anti-HCV was noted. Descriptive statistics was used to estimate prevalence.\nResults: Out of 54991 blood donor samples screened,0.75112027,1.0
6722189-2,6722189-4,0.6674789,1.0
4075213-3,4075213-5,0.82193613,1.0
5406614-1,7430657-1,0.061701503,0.0
4301882-1,4301882-2,0.78597546,1.0
3881385-2,4845449-1,0.32914397,0.0
3897098-3,3897098-4,0.6796444,1.0
8075760-1,8075760-5,0.6763961,1.0
5988756-4,5988756-6,0.7237608,1.0
8391342-20,8391342-8,0.7874866,1.0
4518390-1,6956975-2,0.85102445,0.0
3174121-1,7033050-1,0.3803922,0.0
3726924-2,3726924-3,0.914577,1.0
5932826-1,5932826-9,0.80746305,1.0
3639158-1,3639158-16,0.79575235,1.0
2841809-1,7415228-1,0.37410504,0.0
6990480-2,7706449-1,0.8441644,0.0
5025414-1,8249210-1,0.3310088,0.0
4955467-3,4977809-1,0.11903807,0.0
539248-1,6310527-1,0.23656407,0.0
3378439-1,4980826-1,0.40486932,0.0
4857828-1,5880256-2,0.70372236,0.0
3876770-1,3876770-2,0.8519778,1.0
3986653-2,3986653-3,0.3649334,1.0
4705729-2,4705729-3,0.72105503,1.0
5828922-1,8036065-1,0.5481074,0.0
2918630-2,2918630-3,0.6663457,1.0
5564121-1,7676473-1,0.04511857,0.0
2700442-1,6909245-1,0.23248653,0.0
7220740-1,7220740-6,0.8610919,1.0
6176975-1,7520241-1,0.21365543,0.0
5514582-1,6856633-2,0.60352,0.0
3862296-1,6611857-2,0.22399732,0.0
7488542-2,7488542-4,0.5043337,1.0
3578199-1,7337643-1,0.6004458,0.0
4345245-1,7218931-5,0.19370584,0.0
7872057-3,7872057-6,0.77156895,1.0
2931455-1,7472409-1,0.089917205,0.0
7511846-1,7511846-2,0.84079176,1.0
3895529-1,3895529-2,0.55853057,1.0
5031279-1,7720747-1,0.19235748,0.0
4082929-1,5618723-1,0.49827552,0.0
2527499-1,3863830-1,0.85021436,0.0
3292829-1,6408117-1,0.15008475,0.0
3278635-1,7402443-1,0.22975673,0.0
6743382-3,8237764-1,0.5423258,0.0
5161513-3,5161513-6,0.8224798,1.0
3464797-1,3731973-1,0.08693071,0.0
6592301-1,6789400-1,0.66392374,0.0
5025950-1,5415487-1,0.410317,0.0
7455533-1,7455533-2,0.7858941,1.0
3421104-1,7711629-7,0.2102433,0.0
5893346-2,5893346-7,0.8668302,1.0
7398031-1,7398031-3,0.8115548,1.0
5312644-1,8180395-2,0.32391664,0.0
4006563-1,4936818-1,0.31469047,0.0
3017924-1,3853859-1,0.05741524,0.0
4434493-2,4434493-4,0.38811854,1.0
7993970-1,7993970-2,0.70315874,1.0
5998193-1,8473938-8,0.11951769,0.0
3994694-1,3994694-2,0.6260346,1.0
3010774-2,3010774-3,0.83465964,1.0
6609309-1,6837833-2,0.14683335,0.0
7908211-1,8259521-1,0.06492748,0.0
3785593-3,7020719-1,0.71122044,0.0
4246994-1,6054368-1,0.56795335,0.0
3145560-1,5815717-2,0.47904792,0.0
3220260-1,3220260-2,0.8378876,1.0
4490611-1,7206957-1,0.6118269,0.0
7265239-1,7265239-2,0.80493486,1.0
7042143-1,7042143-4,0.6626572,1.0
5807679-1,6919393-1,0.74785656,0.0
3423063-1,8569136-4,0.29030722,0.0
8217650-3,8217650-4,0.6938165,1.0
5960165-1,6065136-1,0.7666219,0.0
6796684-1,6796684-4,0.5759329,1.0
8056374-4,8056374-5,0.80794656,1.0
4702300-2,4702300-4,0.8734801,1.0
3409950-1,3878525-1,0.2717526,0.0
2790127-1,7896596-1,0.12364915,0.0
6029437-2,6029437-3,0.7033842,1.0
4144710-1,4144710-2,0.6854322,1.0
8383533-4,8383533-5,0.3031304,1.0
8563620-13,8563620-7,0.7075968,1.0
3549382-1,3756160-1,0.2414254,0.0
6174175-3,6542494-1,0.8752751,0.0
6079505-1,6425598-1,0.4527202,0.0
7758736-4,7758736-6,0.8846764,1.0
2838224-1,6057187-1,0.03787456,0.0
3573578-1,3573578-2,0.8464261,1.0
3204234-2,3204234-3,0.7526826,1.0
7106567-2,7106567-3,0.86902153,1.0
4393898-1,4393898-2,0.91088367,1.0
5346454-2,5346454-9,0.900573,1.0
8133044-15,8133044-2,0.46749812,1.0
7577788-1,7577788-2,0.8312204,1.0
3440507-1,3440507-2,0.80683875,1.0
3341744-1,8411108-1,0.18890789,0.0
7055463-4,7057106-2,0.79862696,0.0
4407315-1,8352636-1,0.3480736,0.0
6921188-1,8132588-1,0.3945062,0.0
2330027-1,2330027-2,0.5783062,1.0
7768392-5,7768392-8,0.90521485,1.0
3376881-3,3376881-4,0.49747568,0.0
3600192-1,3600192-3,0.4389291,1.0
7433968-2,7433968-3,0.844226,1.0
4943058-1,5820550-1,0.3780742,0.0
6006625-1,6006625-2,0.7924067,1.0
8428280-1,8428280-7,0.61767,1.0
7199072-1,7199072-3,0.49787304,1.0
3914231-1,7758736-3,0.3590359,0.0
3404939-2,4018701-2,0.58375865,0.0
6076191-3,6456843-6,0.8169235,0.0
5126035-3,5126035-9,0.87655497,1.0
6060766-1,6060766-2,0.749313,1.0
4260503-1,8169091-1,0.28591785,0.0
7071737-2,7071737-4,0.73648256,1.0
5704783-1,5704783-2,0.4900044,1.0
8186578-4,8186578-7,0.8518411,1.0
5043164-1,5378858-1,0.28127947,0.0
3872158-1,7225848-1,0.61283624,0.0
8158287-1,8158287-4,0.938879,1.0
6612390-1,7031458-1,0.19685516,0.0
3183035-1,3183035-3,0.70642316,1.0
5639452-1,8532189-1,0.06414594,0.0
4439693-1,6827238-1,0.3048275,0.0
3843927-1,8520833-1,0.5337129,0.0
3597928-1,8022635-1,0.0570998,0.0
7829606-3,7829606-4,0.6589569,1.0
5969793-1,8117259-1,0.17268407,0.0
8705528-1,8705528-12,0.7965023,1.0
4842903-2,4842903-3,0.80181974,1.0
7667327-2,7667327-3,0.64004904,0.0
2790148-2,2790148-5,0.9374194,1.0
3052469-1,8101505-1,0.20151177,0.0
6942777-1,6942777-2,0.7375934,1.0
7315196-1,7315196-3,0.7901244,1.0
8270568-1,8591554-1,0.36097547,0.0
3335562-1,5618968-1,0.4848878,0.0
8611478-1,8611478-4,0.5075861,1.0
3350215-1,7849111-1,0.13243921,0.0
5510143-1,7707935-2,0.116474114,0.0
5550529-2,5550529-3,0.5654273,1.0
2800056-2,4563831-1,0.327607,0.0
5396407-1,6416382-3,0.17581598,0.0
4693336-1,4973067-1,0.07182818,0.0
8550050-1,8550050-2,0.50370324,1.0
4782467-1,4782467-3,0.34500018,1.0
3498632-3,3498632-4,0.58034456,1.0
5463103-1,7670377-1,0.096047595,0.0
4857311-1,6821909-2,0.052409552,0.0
6258521-1,7452953-1,0.48156175,0.0
6336619-1,6336619-2,0.7470408,1.0
6299545-3,6299545-4,0.6218384,1.0
4209027-1,4209027-3,0.33190808,1.0
2966751-2,2966751-3,0.79543877,1.0
3267336-2,3267336-3,0.614992,1.0
2769299-1,3976774-1,0.5874261,0.0
3963350-2,5760075-1,0.45529392,0.0
6057417-1,6402744-1,0.41673,0.0
2703772-1,6837816-1,0.61409223,0.0
4924409-1,4924409-2,0.39252034,1.0
5819108-1,5819108-4,0.68762285,1.0
4145547-2,8442218-1,0.6383172,0.0
6748463-1,6748463-3,0.8560366,1.0
7872057-3,7872057-6,0.77156895,1.0
3568885-1,6314718-1,0.48172358,0.0
8225500-1,8225500-2,0.8752054,1.0
5601035-1,5601035-2,0.55397445,1.0
4955044-1,4955044-3,0.921829,1.0
4319353-2,4319353-3,0.8317793,1.0
7082370-1,7757713-6,0.13125034,0.0
4797441-1,8450193-1,0.18418746,0.0
7322487-2,7322487-3,0.9017143,1.0
7359153-2,8474819-1,0.7057563,0.0
2776156-2,2776156-3,0.74641526,1.0
7649103-2,7649103-8,0.8131546,1.0
4001432-1,4001432-2,0.72905695,1.0
7808748-1,7808748-2,0.53020793,0.0
5043164-1,5378858-1,0.28127947,0.0
4301542-1,6528137-1,0.32389665,0.0
4943815-2,4943815-3,0.4051309,1.0
4936984-1,5552637-1,0.6208923,0.0
3088941-2,3088941-3,0.6296135,1.0
3199017-1,8541753-1,0.4129298,0.0
5346454-7,5346454-8,0.8071393,1.0
8391342-2,8391342-30,0.80561143,1.0
3639158-14,3639158-16,0.9013538,1.0
3887163-1,7595504-1,0.14075866,0.0
2824640-1,6125265-1,0.19794434,0.0
4313489-4,4313489-5,0.8372967,1.0
1599730-1,3475299-1,0.71144927,0.0
2718140-2,2718140-3,0.7479465,1.0
3522339-1,3522339-10,0.7303216,1.0
3786971-1,8565143-1,0.49436522,0.0
2938508-1,3475881-1,0.6768722,0.0
4857311-1,6821909-2,0.052409552,0.0
5897987-1,5897987-2,0.4592843,1.0
3555570-5,3555570-7,0.9120776,1.0
3712245-2,7945658-1,0.2826986,0.0
7152536-1,8254151-1,0.35374328,0.0
2789959-1,5370478-1,0.16269536,0.0
5051310-1,5051310-2,0.6545571,1.0
5308138-1,5308138-4,0.7958961,1.0
3112085-2,7747065-1,0.428155,0.0
8391342-17,8391342-8,0.8135914,1.0
5290716-1,6988727-1,0.3910337,0.0
2852601-1,2852601-2,0.5966778,1.0
7507594-5,7507594-6,0.51461196,1.0
2909206-1,4860440-1,0.37791583,0.0
3942558-2,6699351-1,0.72520995,0.0
7055463-4,7057106-2,0.79862696,0.0
3514939-1,5930228-1,0.43545085,0.0
6880481-1,8420832-1,0.22741617,0.0
2821651-2,2821651-3,0.55040985,1.0
4582463-1,4582463-2,0.9366561,1.0
6375371-4,6375371-5,0.8333697,1.0
6482199-1,8043810-1,0.068213165,0.0
4807174-1,4807174-2,0.69768584,1.0
4945534-1,7876253-1,0.19593625,0.0
7060531-1,7569279-1,0.3672917,0.0
4689030-1,4689030-3,0.93026245,1.0
2737786-1,2737786-3,0.30305192,1.0
6238377-1,8264441-1,0.68412167,0.0
8042811-3,8042811-4,0.63264817,1.0
3129060-1,3817789-1,0.18578303,0.0
7403927-3,7724121-1,0.74410605,0.0
5048704-1,5048704-8,0.6985246,1.0
3777313-1,4098887-1,0.61600834,0.0
4765255-2,4765255-4,0.7660533,1.0
2557018-1,4421125-4,0.102654494,0.0
3162273-1,8077336-1,0.3948774,0.0
2846278-3,6869208-1,0.23587872,0.0
3800333-1,5782843-1,0.36883834,0.0
4056708-2,4729030-1,0.71976084,0.0
8186646-2,8229143-1,0.68429565,0.0
8126942-1,8126942-2,0.76469254,1.0
5510768-1,5510768-3,0.94116867,1.0
3843927-1,8520833-1,0.5337129,0.0
3629344-1,7532060-1,0.5458731,0.0
3286731-1,3751282-1,0.30522963,0.0
2880279-1,2880279-2,0.54074055,1.0
8611606-3,8611606-7,0.9507816,1.0
2789959-1,5370478-1,0.16269536,0.0
2846345-1,7758736-10,0.4718945,0.0
5971512-2,5971512-3,0.8742785,1.0
4665860-1,4665860-3,0.64557886,1.0
3503657-4,7409413-1,0.4035315,0.0
2277418-1,4744381-1,0.5690475,0.0
8372087-1,8572351-1,0.041269206,0.0
3835991-1,7607050-1,0.104187265,0.0
5585603-1,8647052-1,0.47871426,0.0
3853575-4,3853575-6,0.9103724,1.0
8416255-1,8416255-2,0.68391794,1.0
2080628-1,4288837-1,0.020478183,0.0
4269622-5,4269622-6,0.8861242,1.0
5378862-2,5378862-3,0.8812699,1.0
7866758-1,7866758-3,0.7111111,1.0
3923556-2,3923556-4,0.824122,1.0
4117822-1,4117822-2,0.84223425,1.0
8391342-25,8391342-8,0.68317264,1.0
6796684-1,6796684-4,0.5759329,1.0
7729179-3,7729179-4,0.42692947,1.0
2821771-1,7152526-1,0.7426037,0.0
7105417-1,7254168-1,0.21726432,0.0
2687548-3,2687548-5,0.958633,1.0
4255969-1,6588903-1,0.42245522,0.0
3803119-1,3803119-3,0.9156045,1.0
5917864-1,5917864-2,0.41291016,1.0
5725898-1,5725898-3,0.90326715,1.0
5725403-1,5725403-2,0.67219967,1.0
8705528-1,8705528-12,0.7965023,1.0
6032606-1,6854420-1,0.25423285,0.0
2908827-1,2908827-2,0.6274349,1.0
3393611-1,6135216-5,0.45154038,0.0
2939336-1,527874-1,0.41797435,0.0
4364005-2,7344136-1,0.5135157,0.0
1906806-10,1906806-2,0.8565534,1.0
4936179-1,6671888-1,0.40919557,0.0
4301882-1,4301882-2,0.78597546,1.0
6900411-1,6900411-3,0.75184876,1.0
2845143-1,4398782-1,0.7033318,0.0
3263702-1,3263702-3,0.67282563,1.0
4494188-1,8425135-1,0.26716524,0.0
6103365-1,6103365-5,0.7208107,1.0
4715885-1,6101463-1,0.28827313,0.0
5652908-1,5652908-3,0.5390865,1.0
8496678-2,8496678-3,0.75901896,1.0
7901714-1,8256994-1,0.2135437,0.0
3104457-1,5449431-1,0.6107388,1.0
3912782-1,3912782-3,0.94937736,1.0
8087369-2,8087369-3,0.552834,1.0
8007555-1,8339477-2,0.11004874,0.0
4590181-1,8362572-1,0.5758497,0.0
5590406-4,8065519-2,0.30645987,0.0
6420325-1,8500458-1,0.243619,0.0
2742518-1,4569806-1,0.03700461,0.0
5512414-1,5832401-1,0.4507803,0.0
6615421-1,7568822-4,0.097739115,0.0
6003790-7,6003790-9,0.5876787,1.0
5806301-1,5806301-3,0.9530987,1.0
4020554-2,4020554-3,0.8129589,1.0
6701391-3,8272405-1,0.20752966,0.0
5939900-1,8255035-1,0.16687438,0.0
3163772-1,7803169-1,0.13581416,0.0
4736596-1,5786248-1,0.071539976,0.0
7850410-1,7850410-2,0.16546847,1.0
3600271-1,5848667-1,0.4027869,0.0
5427703-3,5427703-5,0.8608363,1.0
529263-2,529263-6,0.79330194,1.0
6708993-1,6708993-3,0.6685179,1.0
4140119-1,4140119-2,0.7665682,1.0
8035580-1,8035580-2,0.7685762,1.0
eir personal data.\nConclusion: Appearances are often deceptive” is a popular proverb that emphasises the importance of analysing things thoroughly before arriving at a conclusion. Silent calculus presenting at the tip of glans is an extremely rare entity. High index of suspicion is hence required to rule out this uncommon presentation.\nBackground: Transfusion of blood and blood products which is considered as lifesaving modality, to evaluate the trends over the years Jan 2015- July 2019.\nMethods: Blood units collected from all eligible blood donors who donated Whole Blood were subjected to mandatory screening by ELISA for antibodies to HCV. Data was retrieved from Jan 2015- July 2019 and total number of donors who were reactive for anti-HCV was noted. Descriptive statistics was used to estimate prevalence.\nResults: Out of 54991 blood donor samples screened,0.75112027,1.0
6952720-2,6952720-3,0.8399609,1.0
2850509-1,4845356-1,0.34414178,0.0
6085930-1,6085930-2,0.39033657,1.0
4259078-1,5069236-1,0.6288188,0.0
8611606-10,8611606-13,0.7874809,1.0
6503405-1,6503405-3,0.54580027,1.0
2733967-1,2733967-2,0.55386186,1.0
6040249-1,6040249-2,0.5301117,1.0
7096369-1,7096369-2,0.63598764,1.0
6124294-1,6124294-2,0.7333949,1.0
6060766-2,6060766-6,0.60281026,1.0
3082230-1,5759281-1,0.13128403,0.0
6020495-1,8688679-1,0.29302847,0.0
5405905-1,8387585-1,0.2737643,0.0
3555570-5,3555570-7,0.9120776,1.0
518976-2,8634485-1,0.034198124,0.0
3544906-4,3544906-9,0.83407307,1.0
3355697-1,6484571-1,0.20543678,0.0
3267057-1,6477493-1,0.10242551,0.0
6029987-1,7233718-1,0.25293893,0.0
2804097-1,6450595-1,0.4136028,0.0
8383533-1,8383533-5,0.7923712,1.0
3555391-1,7688041-1,0.1739669,0.0
3635220-1,7297480-1,0.8980664,0.0
6172893-1,6172893-2,0.6267729,1.0
4917373-1,4917373-3,0.71627975,1.0
2640348-1,6416752-2,0.5665247,0.0
6341312-1,7008287-2,0.6233624,0.0
6120175-1,8507946-1,0.6595731,1.0
4695652-1,7034751-1,0.55654025,0.0
4777981-1,4777981-7,0.85508156,1.0
7569537-3,7569537-4,0.9033997,1.0
5998940-1,8464357-1,0.2581777,0.0
8017932-11,8017932-3,0.97231346,1.0
4049767-1,4049767-2,0.7722051,1.0
3193694-1,5628204-1,0.034676727,0.0
4124786-2,4124786-3,0.15419227,1.0
4918135-3,4918135-4,0.5071918,1.0
6955030-2,6955030-3,0.7506469,1.0
3678855-1,5803962-1,0.23569046,0.0
3888898-1,5126035-6,0.31808525,0.0
7336829-1,7336829-2,0.8748283,1.0
7500026-2,7500026-7,0.45937964,1.0
5492922-1,5492922-2,0.6924014,1.0
8669740-1,8669740-2,0.82534325,1.0
7530181-3,7530181-4,0.8952098,1.0
6429545-1,8024449-1,0.09571313,0.0
4789813-1,4789813-2,0.5962173,1.0
2890927-1,2890927-3,0.87674904,1.0
3853903-1,3853903-3,0.47585487,1.0
5223753-1,6716683-1,0.4263288,0.0
8569136-3,8569136-8,0.9394737,1.0
4493942-2,6825486-1,0.5463419,0.0
5506090-1,5506090-3,0.8262997,1.0
4792064-1,4792064-3,0.70761496,1.0
4061211-1,6076903-1,0.12132343,0.0
2927433-4,2927433-5,0.47742075,1.0
6547447-4,8330607-1,0.57630885,0.0
6742885-1,6857365-1,0.26858371,0.0
4925988-1,4925988-2,0.4141334,1.0
5486553-6,5486553-7,0.7223174,1.0
4109169-1,8225958-1,0.48577952,0.0
3079613-1,3651229-4,0.15853357,0.0
6434444-6,6434444-8,0.8375483,1.0
4322688-1,8473693-2,0.2070934,0.0
4865644-2,7665863-1,0.6807635,0.0
5483845-3,5483845-4,0.41189516,1.0
6701391-3,8272405-1,0.20752966,0.0
3690743-1,5355762-1,0.039938584,0.0
4902214-1,6109837-2,0.4108027,0.0
8515780-1,8515780-2,0.68475455,1.0
5819108-1,5819108-4,0.68762285,1.0
3537207-1,5733889-1,0.069808625,0.0
5363107-1,5816241-1,0.26286936,0.0
2730550-1,8396837-3,0.60095525,0.0
5042625-3,5042625-7,0.8686175,1.0
6357504-1,6357504-2,0.7371894,1.0
8362581-1,8362581-2,0.7956535,1.0
6089705-1,6259073-1,0.27544862,0.0
3154131-3,3154131-5,0.15226462,0.0
3475916-1,7805523-1,0.6239321,0.0
4553182-1,6220407-1,0.19611444,0.0
2862032-1,4374287-1,0.70905024,0.0
4384320-1,4384320-2,0.8160271,1.0
4940884-1,4940884-2,0.6990807,1.0
8077048-1,8077048-2,0.8589835,1.0
3263067-1,3687721-1,0.17999516,0.0
6214173-3,6214173-4,0.9037081,1.0
4918135-5,4918135-6,0.64488816,1.0
8529628-2,8529628-5,0.6215774,1.0
4659948-1,5834851-1,0.3366436,0.0
3441207-1,4904610-1,0.29930443,0.0
5330051-1,6264594-1,0.47943467,0.0
6966758-1,8056578-1,0.2802568,0.0
3414796-2,6218347-2,0.28135726,0.0
3335606-1,5582424-1,0.07911432,0.0
2934591-1,8565003-1,0.828243,0.0
7544249-1,7544249-3,0.57318074,1.0
8077172-15,8077172-16,0.9160059,1.0
3645620-4,3645620-6,0.75151086,1.0
6754891-1,7541998-1,0.4184957,0.0
8571359-3,8571359-4,0.84588695,1.0
4173382-1,6100695-1,0.3351898,0.0
8636697-1,8636697-2,0.76528734,1.0
5537315-3,5846939-1,0.35754696,0.0
3745699-3,3745699-4,0.47759277,1.0
7792539-2,7792539-4,0.5088954,1.0
5893921-1,5897265-1,0.4320731,0.0
5803979-2,5803979-3,0.9659828,1.0
4917373-1,4917373-3,0.71627975,1.0
3463145-1,5649707-1,0.6423818,0.0
3817136-2,3817136-7,0.9231754,1.0
6120175-1,8507946-1,0.6595731,1.0
3380669-2,3380669-5,0.74196935,1.0
8136305-1,8136305-2,0.44958737,1.0
8213934-2,8213934-3,0.78862387,1.0
4094581-1,4094581-7,0.5166494,1.0
5819108-3,5819108-9,0.85969657,1.0
7521058-1,8424806-1,0.25107336,0.0
5630053-1,8437584-2,0.5219706,0.0
5961434-1,6100663-1,0.5625937,0.0
3804044-2,3804044-3,0.69705653,1.0
7321844-3,7321844-5,0.38898304,1.0
3533459-1,4009157-1,0.40317786,0.0
4500843-1,8005229-1,0.7172748,0.0
3479785-1,6192278-1,0.22872819,0.0
4039103-1,8483391-1,0.13602528,0.0
3873319-6,3873319-7,0.70931244,1.0
4094663-2,4094663-8,0.94214123,1.0
7072995-1,7072995-2,0.83923656,1.0
3162762-1,6714308-1,0.266948,0.0
3843926-1,3843926-3,0.50866437,1.0
6667806-1,6667806-2,0.73449355,1.0
5496301-2,7154251-1,0.34395036,0.0
5477138-1,7045952-1,0.47379476,0.0
6370160-1,8097161-1,0.6242637,0.0
3423044-1,3423044-2,0.85945934,1.0
7535648-2,7535648-3,0.79308814,1.0
2931408-1,3708819-3,0.5178615,0.0
7351623-1,7522391-2,0.25690645,0.0
6208225-1,7448406-3,0.20851623,0.0
8611532-4,8611532-8,0.84988165,1.0
2740245-1,6779149-1,0.3988306,0.0
5025568-1,6663284-1,0.5397905,0.0
4314994-1,5623277-1,0.46853188,0.0
2822336-1,7991776-1,0.25996298,0.0
8527556-2,8527556-4,0.71960807,1.0
8056374-4,8056374-5,0.80794656,1.0
3877481-1,8284719-1,0.18115333,0.0
6199969-1,8051562-1,0.47103718,0.0
5603331-1,8674093-2,0.7016263,0.0
3204234-2,3204234-3,0.7526826,1.0
6968900-3,6968900-4,0.95114666,1.0
6018315-1,8238270-1,0.33821642,0.0
6906647-2,7416831-1,0.67006373,0.0
6732602-2,6732602-5,0.500635,1.0
3628218-1,4575993-1,0.39891517,0.0
5820868-1,8255278-1,0.026824359,0.0
4302555-1,7372392-1,0.29898614,0.0
3326852-1,6389484-1,0.033308793,0.0
8531158-3,8531158-8,0.31865272,1.0
4597458-1,7969327-2,0.14910312,0.0
8047295-4,8047295-5,0.9366573,1.0
8391342-15,8391342-20,0.9529082,1.0
7440240-3,7440240-6,0.5121592,1.0
2980919-1,4427993-1,0.13896467,0.0
3849750-1,4940323-1,0.68292165,0.0
4421951-1,4421951-2,0.23387505,1.0
6327829-1,6327829-3,0.7181334,1.0
4840810-1,4840810-2,0.46541077,1.0
6830720-1,7013300-1,0.43084526,0.0
2824937-1,4531569-1,0.2796643,0.0
3304601-2,8053136-1,0.16067387,0.0
5698993-1,7285567-1,0.13583145,0.0
2529260-1,4601425-1,0.18771386,0.0
2796022-1,2796022-3,0.40215027,1.0
4678475-4,4678475-9,0.939873,1.0
3871035-2,3871035-3,0.6961711,1.0
4881631-1,6089065-1,0.08033681,0.0
4770648-1,7529493-1,0.13808376,0.0
1764017-1,1764017-2,0.8823487,1.0
7554384-2,7554384-6,0.8446622,1.0
7376885-1,8391342-4,0.20490788,0.0
3932584-3,3932584-4,0.9168768,1.0
3860153-1,4294453-1,0.81573695,1.0
6764574-1,6764574-6,0.93191224,1.0
4429388-1,4438191-1,0.33407673,0.0
5640890-3,5640890-4,0.7437589,1.0
4061211-1,6076903-1,0.12132343,0.0
2800056-2,4563831-1,0.327607,0.0
5390845-2,6011329-1,0.23724857,0.0
3905827-2,6383853-1,0.6751444,0.0
6052517-1,8610878-1,0.38778913,0.0
4253754-1,5790922-1,0.25050518,0.0
7454634-4,7454634-5,0.59516966,1.0
4189521-1,4267925-1,0.48557302,0.0
4137507-1,7998388-3,0.11476954,0.0
5643991-4,7294878-1,0.05283404,0.0
3474963-1,5075289-3,0.15713744,0.0
4465165-5,4465165-6,0.8787242,1.0
6020962-1,8202535-3,0.035992835,0.0
3987316-1,4148739-2,0.34299147,0.0
4965525-1,7912223-1,0.45305333,0.0
3841637-1,3841637-2,0.52008367,1.0
8083420-1,8083420-4,0.9191242,1.0
7061535-1,7580308-1,0.4248927,1.0
5656962-2,7552379-1,0.32836622,0.0
3545244-1,4604645-1,0.44096395,0.0
6291814-1,8516356-1,0.4961005,0.0
3737622-2,3737622-4,0.90570176,1.0
4077558-1,4202187-1,0.36940813,0.0
3258229-2,3258229-5,0.943932,1.0
3835991-1,7607050-1,0.104187265,0.0
3685644-1,8155807-1,0.08640691,0.0
2827140-3,2827140-4,0.7743528,1.0
5313358-2,5313358-6,0.6642441,1.0
5469888-1,5469888-2,0.65452486,1.0
6159113-1,6159113-2,0.54863113,1.0
5698993-1,7285567-1,0.13583145,0.0
3683465-1,5646313-1,0.2292181,0.0
6676810-2,6676810-3,0.872746,1.0
5910619-1,6385834-1,0.5012097,0.0
3913202-1,8110285-1,0.28476885,0.0
5216238-1,8393765-1,0.484901,0.0
4427221-1,7548966-1,0.2864226,0.0
5532777-1,8432426-1,0.38050914,0.0
7904161-2,7904161-3,0.5784483,1.0
7392355-1,7392355-2,0.82159466,1.0
8391342-28,8391342-29,0.8397727,1.0
5624242-2,5624242-4,0.9067823,1.0
8168801-2,8168801-4,0.56852883,1.0
3111127-4,5074022-2,0.19991046,0.0
3549590-1,3549590-4,0.86546904,1.0
4685866-5,4685866-6,0.90604347,1.0
5234559-1,6881936-1,0.5989415,0.0
3522506-1,7180307-1,0.3981584,0.0
4967634-1,5651601-1,0.23823707,0.0
4584436-1,6824397-9,0.056751437,0.0
7489606-1,8354941-1,0.93093413,1.0
7014704-1,7014704-2,0.6144712,1.0
6120175-1,8507946-1,0.6595731,1.0
3745875-2,8413923-1,0.3150236,0.0
7306366-2,8272363-1,0.46749428,0.0
3881407-1,8599122-1,0.3798889,0.0
6968900-3,6968900-4,0.95114666,1.0
4738659-2,4738659-3,0.73907936,1.0
3704706-1,4710887-2,0.27741367,0.0
4756263-4,4756263-5,0.8860311,1.0
6344064-1,6368206-1,0.50301707,0.0
5619586-1,7555181-1,0.73084944,0.0
5325004-1,6409157-1,0.12342708,0.0
6509981-1,7240896-1,0.30917978,0.0
3522339-1,3522339-10,0.7303216,1.0
4930592-1,8325998-1,0.5171777,0.0
8393241-8,8393241-9,0.98371595,1.0
4045234-1,7710430-1,0.63231456,0.0
4919970-1,6991144-1,0.33215395,0.0
8494847-1,8494847-2,0.87471473,1.0
4674614-1,7193347-1,0.26597983,0.0
7006440-8,7006440-9,0.50441253,1.0
7077940-1,7360258-1,0.39974627,0.0
7872057-5,7872057-7,0.937262,1.0
6020495-1,8688679-1,0.29302847,0.0
5660978-3,7641029-1,0.11585207,0.0
3758994-2,7493239-1,0.8765744,0.0
5483845-2,7369677-1,0.661026,0.0
6900415-10,6900415-3,0.44770065,1.0
7393473-1,7393473-2,0.48659143,1.0
3697985-1,3697985-2,0.5803561,1.0
3162273-1,8077336-1,0.3948774,0.0
4150647-1,4839800-1,0.20744263,0.0
4229772-1,6648213-2,0.08561031,0.0
2584640-2,2584640-3,0.80092376,1.0
7901714-1,8256994-1,0.2135437,0.0
6526982-8,6526982-9,0.7488236,1.0
6421557-2,7918232-1,0.5431971,0.0
8109047-2,8109047-3,0.887057,1.0
5245930-1,7044108-1,0.19330068,0.0
7513476-4,7513476-8,0.9375203,1.0
6494213-1,8015447-1,0.26895678,0.0
6159116-1,6159116-2,0.6411107,1.0
3686641-1,6717324-1,0.59755355,0.0
2518134-3,2518134-6,0.6741384,1.0
3304601-2,3304601-3,0.7095938,1.0
7669359-1,7669359-3,0.8596009,1.0
3872241-1,3934774-1,0.30750698,0.0
3937210-1,3937210-4,0.9045409,1.0
3198616-2,3198616-6,0.86797625,1.0
8448394-1,8448394-4,0.8182214,1.0
8094930-1,8179788-1,0.19247372,0.0
3860123-1,3860123-2,0.8742595,1.0
5642131-1,5642131-11,0.92571926,1.0
4415556-1,4415556-2,0.5676991,1.0
3312794-3,4451783-1,0.34602118,0.0
3186893-1,3698308-1,0.251967,0.0
3355033-1,4371897-1,0.64076084,0.0
4137507-1,7998388-3,0.11476954,0.0
3265436-1,8143657-1,0.71879876,0.0
5533695-2,8081989-2,0.5772773,0.0
3935898-1,6113842-2,0.49617884,0.0
6636068-1,7568159-1,0.40411767,0.0
4291005-1,7758736-5,0.5473436,0.0
4302364-1,4550988-1,0.07026655,0.0
3425250-1,3425250-2,0.83032227,1.0
7993970-1,7993970-2,0.70315874,1.0
4083769-1,8294895-1,0.37176666,0.0
4077640-1,4998414-1,0.2819316,0.0
5865279-5,5865279-9,0.8514249,1.0
3407125-3,3407125-5,0.78366107,1.0
5175060-1,8159338-1,0.12401975,0.0
8393241-6,8393241-8,0.62245905,1.0
6968900-3,6968900-5,0.5653104,1.0
2800011-1,3159937-1,0.5855076,1.0
4860231-1,4943058-1,0.06403526,0.0
5177690-2,7784112-1,0.47527242,0.0
3891025-2,7717458-1,0.801016,0.0
4531748-1,6399858-1,0.070673555,0.0
4592502-1,5798104-1,0.7094517,0.0
8395467-3,8395467-4,0.79639214,1.0
3141560-1,3141560-2,0.90940475,1.0
2790148-2,2790148-5,0.9374194,1.0
3793316-1,8237923-1,0.44290453,0.0
7755517-1,7755517-2,0.63464445,1.0
2628085-7,2628085-8,0.75499904,1.0
7423211-1,7423211-3,0.49206358,1.0
3293005-1,8080871-1,0.4081778,0.0
6615017-1,6615017-2,0.08759066,1.0
514615-1,7214555-1,0.13009927,0.0
4531450-2,4531450-4,0.73306924,1.0
5758287-2,8274112-1,0.5949964,0.0
3733192-1,4448066-1,0.3852581,0.0
2710086-1,5002104-1,0.19662729,0.0
4287898-4,6057532-1,0.46402884,0.0
4077557-4,4077557-9,0.89931583,1.0
5731037-1,8593993-1,0.024254886,0.0
6748463-1,6748463-2,0.4724973,1.0
7673048-1,7920567-1,0.5350117,0.0
8428707-1,8428707-3,0.6344571,1.0
8225500-1,8225500-2,0.8752054,1.0
8432228-1,8432228-3,0.81203127,1.0
7383746-1,7383746-4,0.7568961,1.0
2671745-1,5484601-1,0.27240288,0.0
8236468-2,8236468-3,0.091704085,1.0
2667616-1,2667616-2,0.6184002,1.0
3978052-1,3978052-2,0.80950844,1.0
8622899-1,8622899-5,0.8038789,1.0
6589640-1,8456593-4,0.13177371,0.0
4550991-1,8167627-1,0.108147226,0.0
3544906-11,3544906-5,0.97681946,1.0
3843640-5,3843640-6,0.9304837,1.0
5822822-1,6557407-1,0.311337,0.0
5532777-1,8432426-1,0.38050914,0.0
7269882-1,7269882-2,0.3525956,1.0
4397422-1,4901810-1,0.41879922,0.0
4704474-4,4704474-5,0.7866462,1.0
6501228-1,7304265-1,0.41309074,0.0
7574058-2,8362535-1,0.40524006,0.0
5761908-1,5761908-3,0.6617839,1.0
6135158-1,7568610-1,0.218624,0.0
8611606-3,8611606-9,0.7381799,1.0
8653493-2,8653493-4,0.9105378,1.0
4325967-1,6760352-1,0.4319715,0.0
6437917-1,8565710-1,0.42000288,0.0
7961132-1,8580639-1,0.20220813,0.0
4108142-2,4108142-3,0.25311843,1.0
3956996-1,6301901-1,0.057131007,0.0
3038876-1,3038876-2,0.85772616,1.0
2876705-3,5330075-1,0.5242206,0.0
5961535-3,5961535-4,0.55408996,1.0
5735802-1,5735802-2,0.7103301,1.0
8047717-2,8047717-4,0.71703166,1.0
4489500-1,4489500-2,0.6050275,1.0
4169830-1,6098632-1,0.09638682,0.0
4691481-1,8247681-1,0.1316893,0.0
8391342-21,8391342-24,0.94513637,1.0
4153245-1,6624868-2,0.6271597,0.0
8668032-1,8668032-3,0.8868944,1.0
5442331-1,8241246-1,0.19271956,0.0
4818801-1,6754877-1,0.09617266,0.0
3830296-1,4392555-1,0.14097105,0.0
7071810-1,7098335-1,0.5842371,0.0
4049013-1,5838879-1,0.78017217,0.0
6158768-1,6158768-2,0.8421713,1.0
8464303-2,8464303-3,0.49066353,0.0
2559826-2,4929368-1,0.2220081,0.0
7847589-3,7847589-4,0.49589956,1.0
8191643-1,8191643-3,0.5220221,1.0
3690743-1,5355762-1,0.039938584,0.0
6190410-2,6190410-5,0.8419553,1.0
8569136-3,8569136-8,0.9394737,1.0
4660492-1,4660492-3,0.9064463,1.0
3843640-2,3843640-6,0.7124722,1.0
6958894-3,8078049-1,0.11627656,0.0
3213717-1,5731098-1,0.29373944,0.0
2823151-2,2823151-3,0.78719246,1.0
4372569-1,7580785-1,0.23728605,0.0
3425229-1,5680081-1,0.06422181,0.0
8636697-1,8636697-2,0.76528734,1.0
4020554-2,4020554-3,0.8129589,1.0
6524313-2,6712912-1,0.18490614,0.0
3429833-1,8141523-1,0.26812914,0.0
6822671-1,8343286-2,0.66456926,0.0
5611870-1,8383637-2,0.28588203,0.0
4778215-1,4778215-2,0.8488787,1.0
6593541-1,6593541-2,0.8481556,1.0
5464515-5,5464515-7,0.82476234,1.0
8015663-3,8015663-4,0.9327378,1.0
4357039-1,4357039-3,0.57962835,1.0
5404652-1,5798423-1,0.12328229,0.0
3481879-1,6120402-1,0.49221325,0.0
3936521-1,7060429-4,0.5020693,0.0
3920611-4,3920611-5,0.58847034,1.0
5704783-1,5704783-2,0.4900044,1.0
4423146-1,4625882-1,0.8540072,0.0
4504631-2,4504631-3,0.9051442,1.0
4033901-2,4033901-3,0.39646015,1.0
7008279-1,7008279-3,0.685264,1.0
3785901-1,3785901-2,0.7644217,1.0
7571946-1,7571946-3,0.275206,1.0
6830030-1,6830030-3,0.7179528,1.0
7535553-2,7535553-3,0.8696092,1.0
4633544-1,8559640-2,0.57633513,0.0
2840790-1,3177914-1,0.38438946,0.0
6851821-1,6851821-2,0.6342202,1.0
5404322-1,5569297-1,0.14835146,0.0
5710965-2,5710965-3,0.7608829,1.0
7909218-2,7909218-3,0.76987576,1.0
4460201-1,5641859-1,0.549956,0.0
8408424-1,8408424-2,0.29533637,1.0
2927433-4,2927433-5,0.47742075,1.0
1660560-1,1660560-3,0.977248,1.0
7708753-2,7708753-3,0.6652081,1.0
5653710-1,5653710-2,0.8523149,1.0
7558676-1,7558676-2,0.59891504,1.0
4616569-1,4616569-6,0.9214213,1.0
7220740-3,7220740-5,0.64863664,1.0
7936921-1,8051572-1,0.5102225,0.0
2772268-2,2772268-3,0.7185714,1.0
5788510-1,6504752-1,0.15180676,0.0
5030402-1,5030402-2,0.5131408,1.0
4793556-1,6836415-1,0.3234577,0.0
3314837-3,8425135-2,0.26964003,0.0
3808070-1,7481995-1,0.35493392,0.0
6178332-2,6178332-5,0.9499565,1.0
4135106-1,8637990-1,0.10642298,0.0
5550529-2,5550529-3,0.5654273,1.0
7366428-5,7366428-7,0.9611453,1.0
2844426-1,2844426-4,0.74722886,1.0
7872057-3,7872057-6,0.77156895,1.0
8435921-7,8435921-8,0.6460004,1.0
2628085-7,2628085-8,0.75499904,1.0
4297807-1,4297807-2,0.6157286,1.0
4503585-1,8165777-1,0.11405403,0.0
4931820-1,4931820-3,0.4373486,1.0
6974749-1,6974749-4,0.7320862,1.0
6815487-1,6815487-2,0.5064422,1.0
4528862-1,4588678-1,0.40369,0.0
4800374-1,6738230-1,0.6704091,0.0
5804661-1,5804661-2,0.35676375,1.0
8133044-15,8133044-2,0.46749812,1.0
3745875-2,8413923-1,0.3150236,0.0
7391590-1,7391590-3,0.7432925,1.0
5988756-4,5988756-6,0.7237608,1.0
529263-1,529263-5,0.83470714,1.0
6311300-1,7800327-1,0.5765722,1.0
5446369-10,5446369-6,0.93146056,1.0
4256527-1,8054933-1,0.14814454,0.0
6452196-3,6452196-4,0.7413694,1.0
7653752-1,7653752-2,0.6652135,1.0
2934585-1,8631373-1,0.48180768,0.0
4623192-1,4623192-2,0.91221595,1.0
3388578-1,4689081-1,0.3486829,0.0
4250924-1,4899633-1,0.50731957,0.0
4843571-1,7581127-1,0.27917597,0.0
3728555-1,4586434-5,0.45076248,0.0
6354669-1,7047347-1,0.16743957,0.0
6968535-1,7373105-1,0.2640865,0.0
8279693-1,8279693-2,0.65836626,1.0
5051124-1,5051124-3,0.35307154,1.0
3183319-1,5806580-6,0.15162703,0.0
5125815-1,5125815-2,0.95596087,1.0
8526613-2,8526613-3,0.7556557,1.0
2659845-1,2873892-1,0.16082086,0.0
3686641-1,3686641-2,0.6327046,1.0
3119975-1,3119975-4,0.19329157,1.0
3639158-15,3639158-16,0.5775131,1.0
7372620-2,7372620-3,0.84975505,1.0
8244683-1,8244683-2,0.3507473,1.0
4427221-1,7548966-1,0.2864226,0.0
6029187-1,6416119-1,0.6360097,0.0
4717387-1,4717387-5,0.82835376,1.0
8409346-2,8409346-3,0.8448781,1.0
3704706-1,4710887-2,0.27741367,0.0
4570001-1,6194242-1,0.5099675,0.0
4352628-1,8536809-1,0.5394761,0.0
8104983-1,8104983-2,0.84018743,1.0
4162020-4,4162020-5,0.88403344,1.0
6330528-2,7036577-1,0.2004349,0.0
3275535-2,3275535-3,0.7055011,1.0
5987393-2,6330970-1,0.54689926,0.0
4150647-1,4839800-1,0.20744263,0.0
8133044-1,8133044-8,0.8388905,1.0
3339798-1,5446369-6,0.111477196,0.0
4441241-1,7886462-2,0.5535778,0.0
4965527-1,6637670-1,0.28670013,0.0
3298875-1,4247694-1,0.07484265,0.0
3631795-1,4377806-1,0.25641668,0.0
2718101-1,2718101-2,0.6017239,1.0
5398372-1,5398372-2,0.77272415,1.0
3095789-3,5819101-1,0.41778457,0.0
6885310-1,6885310-2,0.5470358,1.0
6357654-1,6928473-1,0.21499245,0.0
7197830-1,7197830-3,0.81324,1.0
6042488-6,6042488-8,0.9246085,1.0
1236943-1,6588153-1,0.14440678,0.0
3782680-1,7707119-1,0.4066413,0.0
5025950-1,5415487-1,0.410317,0.0
2809462-1,2809462-3,0.9523983,1.0
3698236-1,5799648-1,0.26009724,0.0
8560865-1,8560865-2,0.5964321,1.0
6441988-1,6441988-4,0.6069813,1.0
7847589-3,7847589-4,0.49589956,1.0
6734019-1,6734019-2,0.3107233,1.0
6064020-1,7191367-3,0.3345723,0.0
3341749-2,5411553-2,0.12186823,0.0
5337234-10,5337234-4,0.8352949,1.0
3775671-6,3775671-7,0.97413456,1.0
6681482-2,7272571-1,0.30192184,0.0
5390126-1,5390126-3,0.9251842,1.0
6504238-2,6504238-3,0.70462245,1.0
6862365-1,6862365-2,0.8355301,1.0
4947710-3,5624249-1,0.87872255,0.0
4290661-1,6333583-1,0.44359478,0.0
4631740-1,5156887-1,0.27886096,0.0
3771407-1,3970361-1,0.1364188,0.0
5557522-1,5557522-2,0.79708034,1.0
5804639-1,7780312-1,0.6574536,0.0
3775324-1,3775324-2,0.6877954,1.0
4195895-2,4195895-6,0.4847511,1.0
6798296-1,6798296-2,0.95525026,1.0
5588374-1,6453844-1,0.61383396,0.0
5368377-1,5368377-2,0.5941768,1.0
6520783-2,7424162-1,0.84393406,0.0
3883333-1,4432418-1,0.47583115,0.0
3863509-1,8216570-1,0.77730995,0.0
6332995-1,6332995-2,0.7258175,1.0
5818707-1,6343251-1,0.67221606,0.0
7437123-4,7437123-5,0.42916742,1.0
3724794-3,3724794-5,0.7232732,1.0
6798273-1,8044788-2,0.083254226,0.0
4750307-3,4750307-7,0.6966607,1.0
8248312-1,8248312-2,0.7647026,1.0
6332814-2,6332814-5,0.7805931,1.0
7645293-1,7645293-2,0.5391025,1.0
6332814-1,6332814-7,0.6058023,1.0
7263007-1,7430073-1,0.40371117,0.0
7463145-2,7463145-4,0.9129629,1.0
4070211-1,6706917-2,0.38876063,0.0
3347810-1,6764609-1,0.46461287,0.0
3326852-1,6389484-1,0.033308793,0.0
3421104-1,7711629-7,0.2102433,0.0
2628018-3,2628018-4,0.8626975,1.0
4693336-1,4973067-1,0.07182818,0.0
7485476-10,7485476-5,0.8746406,1.0
8133044-13,8133044-16,0.9015081,1.0
6799453-1,7335879-1,0.8105612,0.0
7383746-2,7383746-8,0.8994653,1.0
8710561-10,8710561-7,0.6476029,1.0
8383554-3,8383554-4,0.96320873,1.0
7918022-1,7918022-3,0.51138204,1.0
8649573-5,8649573-6,0.8951223,1.0
8391342-2,8391342-30,0.80561143,1.0
4945534-1,7876253-1,0.19593625,0.0
5640565-1,5640565-4,0.679754,1.0
5670337-2,5670337-3,0.57567877,1.0
4898933-3,5215194-1,0.39020577,0.0
4441241-1,7886462-2,0.5535778,0.0
3371494-1,3664476-1,0.3552709,0.0
8360293-3,8360293-9,0.6263561,1.0
5084613-1,5084613-5,0.8722887,1.0
5512938-4,8046436-1,0.07124427,0.0
7640421-1,7962156-1,0.1625372,0.0
7029452-2,7557114-1,0.18572311,0.0
6525217-1,6819534-2,0.34790444,0.0
4601450-1,6360613-1,0.6590829,0.0
3738357-1,4140234-1,0.60761315,0.0
5829721-2,5829721-3,0.836883,1.0
7695266-7,7695266-9,0.9710834,1.0
5237193-3,5237193-4,0.47354254,1.0
4325967-1,6760352-1,0.4319715,0.0
5421162-1,7394203-1,0.2019419,0.0
6299528-4,6299528-9,0.57284313,1.0
8211030-3,8211030-5,0.5075688,1.0
3291707-1,8188865-1,0.0847768,0.0
3639082-1,3639082-2,0.58853525,1.0
3006383-1,3808023-1,0.16290331,0.0
3931271-1,5396424-1,0.23633593,0.0
4304165-1,8327140-1,0.108330466,0.0
4296220-1,8507155-1,0.21246721,0.0
7982799-2,7982799-3,0.8667991,1.0
8007555-1,8339477-2,0.11004874,0.0
7573973-4,8082284-1,0.70963085,0.0
4117857-1,5917864-3,0.22339147,0.0
7443648-1,7793325-4,0.04614233,0.0
6050556-1,7840355-1,0.346854,0.0
3590704-1,3590704-2,0.9188656,1.0
4322482-1,4322482-2,0.55264926,1.0
8133044-4,8133044-6,0.89536506,1.0
8391342-17,8391342-6,0.8112524,1.0
2614946-1,6424340-1,0.24678203,0.0
5356989-1,7423086-1,0.28282592,0.0
8042811-3,8042811-4,0.63264817,1.0
8218079-1,8218079-2,0.52605844,1.0
4925684-1,4925684-2,0.4978897,1.0
2628085-7,2628085-9,0.8835723,1.0
4189240-1,5568184-1,0.14117597,0.0
5289268-3,5289268-4,0.86937565,1.0
8276321-1,8276321-2,0.8380112,1.0
7220740-3,7220740-5,0.64863664,1.0
7220740-1,7220740-6,0.8610919,1.0
3789436-1,6745101-1,0.35744575,0.0
6109530-2,6109530-4,0.47867024,1.0
8044872-1,8044872-4,0.615512,1.0
5556707-1,5556707-2,0.86134315,1.0
5742471-1,5742471-3,0.8397629,1.0
3639158-13,3639158-6,0.7285526,1.0
5469202-1,8316880-1,0.6187033,0.0
3200155-1,7771195-1,0.046762217,0.0
6914839-1,6914839-4,0.63923186,1.0
6118281-1,6118281-3,0.90412605,1.0
2633341-1,7768392-4,0.444455,0.0
4323986-1,7077340-3,0.7011848,0.0
2008203-1,7302682-1,0.4151542,0.0
2974668-1,5147401-1,0.18686394,0.0
8260478-1,8260478-5,0.75599855,1.0
5340929-1,7535637-1,0.23894955,0.0
7314844-4,7314844-6,0.90080607,1.0
4579175-1,4579175-3,0.917025,1.0
4287898-4,6057532-1,0.46402884,0.0
3600330-1,5088476-3,0.16697009,0.0
4154284-1,7001429-1,0.6658842,0.0
3867874-1,8324390-1,0.13181958,0.0
6023325-1,6023325-2,0.7891031,1.0
3002418-1,6712354-2,0.14283049,0.0
7190952-1,8416638-1,0.12671141,0.0
7479301-1,7479301-5,0.96822417,1.0
4828895-1,4828895-2,0.85094404,1.0
5467348-1,8007176-3,0.4794981,0.0
8391342-16,8391342-27,0.57871085,1.0
4763958-3,4763958-4,0.9602711,1.0
8077048-1,8077048-2,0.8589835,1.0
2767148-1,4129584-1,0.1930149,0.0
4053105-2,4053105-4,0.6374961,1.0
3221229-1,8360293-2,0.6642672,0.0
4302550-2,4789036-1,0.8496808,0.0
7994471-4,7994471-6,0.5749767,1.0
7406011-1,8340512-1,0.5491744,0.0
6852677-3,6852677-4,0.66594005,1.0
2783120-1,6504752-1,0.700617,0.0
5421160-6,5421160-8,0.7646604,1.0
2769370-1,6120049-4,0.56330043,0.0
3657462-2,3657462-3,0.80596685,1.0
6064090-1,8103795-1,0.49244928,0.0
7367573-1,7367573-2,0.93405825,1.0
3258229-2,3258229-5,0.943932,1.0
5700606-1,7918020-1,0.48827362,0.0
3166684-1,5813425-1,0.082397535,0.0
7838119-1,8503597-2,0.44741878,0.0
4177003-1,7829722-1,0.6786559,0.0
5045678-1,6562613-1,0.29279163,0.0
3423746-1,4196524-1,0.10024976,0.0
5042895-3,7846074-1,0.4940541,0.0
6020495-1,8688679-1,0.29302847,0.0
6754891-1,7541998-1,0.4184957,0.0
8569136-8,8569136-9,0.969461,1.0
4130895-3,4130895-5,0.12497022,0.0
4795432-1,7524601-1,0.42532164,0.0
3883399-1,5324991-1,0.040659647,0.0
4317216-1,7132205-1,0.15647793,0.0
4748557-1,7536520-1,0.23050253,0.0
3017876-1,3017876-3,0.53579146,1.0
3737622-4,3737622-5,0.89222604,1.0
4247694-1,5094398-1,0.10133896,0.0
2989703-3,4900864-1,0.82578063,0.0
6332814-1,6332814-7,0.6058023,1.0
4875696-2,4875696-3,0.8095006,1.0
4745913-1,5458407-1,0.080715105,0.0
4706881-1,4706881-2,0.19855723,1.0
8415956-1,8415956-2,0.5447198,1.0
3407696-2,3407696-5,0.7030969,1.0
5358236-1,6421649-1,0.33230492,0.0
4296436-2,4791652-1,0.26622197,0.0
6848888-2,6848888-3,0.63865006,1.0
4053105-2,4053105-4,0.6374961,1.0
3934696-1,7220345-1,0.6527948,0.0
4073465-1,4533581-1,0.7200605,0.0
4611936-1,6019244-4,0.3943117,0.0
8391342-25,8391342-8,0.68317264,1.0
4171577-1,4171577-3,0.6289413,1.0
3186893-1,3698308-1,0.251967,0.0
4732370-1,7936716-1,0.34224236,0.0
2628085-7,2628085-9,0.8835723,1.0
3295846-1,4546785-2,0.19742414,0.0
4282173-2,4282173-3,0.6181304,1.0
7193214-1,8186093-3,0.5723379,0.0
6592467-1,8304196-1,0.39531675,0.0
4722564-1,6194572-1,0.4039951,0.0
4313001-1,4313001-2,0.3957403,1.0
3223705-1,4421549-1,0.3308329,0.0
7683446-1,7846890-1,0.47253326,0.0
5107659-2,6986456-1,0.1772742,0.0
6221626-1,6221626-3,0.58287543,1.0
4852974-1,6709293-2,0.6821696,0.0
3634723-1,7930656-1,0.46828976,0.0
4318868-1,5051311-2,0.31643212,0.0
3992747-1,6323429-1,0.38927078,0.0
8628278-1,8628278-5,0.74465257,1.0
7383225-3,7383225-5,0.7542738,1.0
3022561-1,6367946-1,0.014205937,0.0
7061535-1,7580308-1,0.4248927,1.0
4516082-1,6293141-1,0.37983793,0.0
6819293-1,8504680-1,0.026495455,0.0
5175082-2,8179565-3,0.7613471,0.0
8404422-1,8515065-1,0.17044312,0.0
4931935-1,7519964-1,0.27885285,0.0
3477366-2,3506459-2,0.56171125,0.0
7883475-1,8226947-4,0.58713734,0.0
5649928-1,6048768-1,0.2725786,0.0
3919721-5,3919721-6,0.6485285,1.0
6989275-1,8240206-1,0.3973874,0.0
3644771-1,3644771-3,0.8867273,1.0
7351623-1,7522391-2,0.25690645,0.0
7649461-1,7649461-5,0.89634776,1.0
4782467-1,4782467-2,0.91567403,1.0
8171131-1,8171131-2,0.9336555,1.0
6208086-2,6208086-4,0.95249486,1.0
7850410-1,7850410-2,0.16546847,1.0
5875408-1,5875408-2,0.45100358,1.0
3350195-1,5736504-1,0.5991426,0.0
8391342-17,8391342-8,0.8135914,1.0
4720496-1,6451252-1,0.13728324,0.0
6118281-1,6118281-3,0.90412605,1.0
4140119-1,4140119-2,0.7665682,1.0
7482455-1,8087369-2,0.1810342,0.0
6330528-2,7036577-1,0.2004349,0.0
5909360-2,5909360-4,0.5657296,1.0
6023324-4,6023324-5,0.35875258,1.0
2640403-2,2640403-8,0.80709875,1.0
1199590-1,4602606-1,0.037234813,0.0
8391342-1,8391342-2,0.64721245,1.0
8222606-1,8222606-3,0.9119453,1.0
4553663-1,4804603-1,0.29468623,0.0
4439492-1,6128598-1,0.6392457,0.0
6332814-4,6332814-5,0.92272705,1.0
3263702-3,3263702-4,0.8428677,1.0
8391342-15,8391342-8,0.71008515,1.0
3487024-1,5335820-1,0.43044633,0.0
4944366-5,4944366-6,0.71947396,1.0
7472508-2,7472508-4,0.90906155,1.0
6473802-1,6946315-1,0.30859116,0.0
8673679-2,8673679-3,0.7872224,1.0
5588617-3,8081009-1,0.8525599,0.0
4304165-1,8327140-1,0.108330466,0.0
4147648-1,6018257-4,0.18907525,0.0
4037568-1,4037568-2,0.88536483,1.0
3961299-1,5586128-4,0.20660372,0.0
4001234-3,4001234-7,0.83830833,1.0
8602920-1,8602920-3,0.70823187,1.0
4245924-5,4736257-1,0.6767138,0.0
6211148-1,6211148-2,0.7645453,1.0
8218035-1,8218035-2,0.7448273,1.0
2939409-1,3841599-2,0.7205119,0.0
8471443-1,8471443-2,0.897977,1.0
3504259-1,5372272-3,0.09418386,0.0
4337168-1,6453619-1,0.6633675,0.0
4307725-2,4307725-3,0.8333971,1.0
7475962-1,7932883-1,0.12065756,0.0
2838224-1,6057187-1,0.03787456,0.0
2713849-1,3471248-1,0.222213,0.0
2483705-1,7360229-1,0.14107229,0.0
2958970-1,2958970-2,0.81770474,1.0
7394093-1,7394093-3,0.8835166,1.0
4042138-1,4042138-5,0.66722345,1.0
5113927-1,5113927-9,0.6383067,1.0
4559789-1,5368924-4,0.5868742,0.0
5502322-1,6911275-1,0.062152524,0.0
8383554-3,8383554-4,0.96320873,1.0
3304601-2,3304601-3,0.7095938,1.0
6421387-1,7452954-1,0.12631279,0.0
4246994-1,6054368-1,0.56795335,0.0
3047375-2,3047375-4,0.9315617,1.0
4860435-1,6076191-4,0.29797816,0.0
6892140-1,7826043-7,0.4160401,0.0
6113842-1,6113842-2,0.64505535,1.0
6959158-2,6959158-4,0.33292922,1.0
4145512-1,4145512-2,0.7974579,1.0
3639158-16,3639158-3,0.89988273,1.0
3412558-1,4029459-2,0.13072914,0.0
2934585-1,8631373-1,0.48180768,0.0
5048704-1,5048704-8,0.6985246,1.0
8391342-16,8391342-22,0.74355584,1.0
5135402-1,5415788-1,0.13952273,0.0
7541246-3,7541246-4,0.8143937,1.0
8092089-3,8092089-7,0.7793553,1.0
6069825-2,6069825-3,0.23962417,1.0
3843926-1,3843926-3,0.50866437,1.0
4230886-1,4230886-2,0.25718844,1.0
7071686-1,8410986-1,0.2728949,0.0
4531450-2,4531450-4,0.73306924,1.0
5928351-2,5928351-3,0.5569868,1.0
7044389-1,7311811-1,0.35457686,0.0
7665777-10,7665777-5,0.4060828,1.0
7908211-1,8259521-1,0.06492748,0.0
5704783-1,5704783-2,0.4900044,1.0
5768481-4,6292349-1,0.21124958,0.0
2615296-1,8407026-1,0.27082625,0.0
3407125-3,3407125-5,0.78366107,1.0
4715053-1,4715053-2,0.45269006,1.0
4283752-1,4761595-1,0.2929787,0.0
7034667-1,8322726-1,0.57746744,0.0
7234342-1,7234342-2,0.70263106,1.0
4525443-1,8606888-1,0.07389792,0.0
8522136-1,8522136-2,0.56291336,1.0
2526979-1,2726518-1,0.5128907,0.0
3575003-2,3942612-1,0.31904882,0.0
8081022-1,8396269-1,0.3556958,0.0
8121109-1,8121109-2,0.6605397,1.0
7944014-1,7944014-2,0.3980045,1.0
6311300-1,7800327-1,0.5765722,1.0
3841699-1,7543102-1,0.2824394,0.0
6166169-1,6166169-3,0.09122548,1.0
8077172-16,8077172-7,0.72098553,1.0
2769342-1,4857317-1,0.71871555,0.0
6064090-1,8103795-1,0.49244928,0.0
6397944-1,7244962-1,0.2781605,0.0
4377042-2,4377042-3,0.4203882,1.0
7315196-1,7315196-3,0.7901244,1.0
5415937-1,5763207-1,0.10112884,0.0
3099207-1,4664839-1,0.4992642,0.0
4308088-2,4308088-9,0.65546924,1.0
3380669-1,3380669-5,0.86256385,1.0
3645620-4,3645620-6,0.75151086,1.0
6899327-1,6899327-2,0.78814423,1.0
5587134-1,5587134-5,0.87541753,1.0
3159320-1,8250451-1,0.2402514,0.0
4617071-2,8236776-1,0.9661804,1.0
5523898-2,5523898-3,0.835118,1.0
6148037-2,6148037-3,0.627572,1.0
6366379-1,6366379-3,0.88539404,1.0
6302191-2,8422423-1,0.6541355,0.0
5819108-1,5819108-8,0.31946704,1.0
3214048-2,4006608-1,0.64712054,0.0
7708753-2,7708753-3,0.6652081,1.0
8363435-2,8363435-3,0.37467816,1.0
3692185-1,4023098-1,0.51614815,0.0
3424642-1,4063625-1,0.07875285,0.0
4770648-2,7784812-1,0.39810088,0.0
7490089-1,7813008-1,0.4144146,0.0
6312625-8,6312625-9,0.6617506,1.0
7343954-1,7343954-2,0.9598851,1.0
2915398-1,2915398-2,0.6398017,1.0
5423945-2,5423945-3,0.63545144,1.0
4098887-1,8101683-1,0.12767391,0.0
4105945-1,6349972-1,0.8029756,0.0
4675927-1,4752811-1,0.43922195,0.0
2858852-1,5971287-1,0.2831749,0.0
5447535-1,7294899-2,0.2159432,0.0
7771408-1,7771408-2,0.9330025,1.0
4630066-1,4630066-4,0.819473,1.0
3704971-1,3704971-2,0.9146402,1.0
7720338-1,7720338-2,0.367919,1.0
6598598-6,6598598-9,0.8804186,1.0
8440084-1,8440084-4,0.5387148,1.0
1501118-1,5137971-4,0.55538404,0.0
6103365-1,6103365-3,0.95599717,1.0
3178020-1,3220812-1,0.8736555,0.0
7035095-1,7522393-1,0.90566117,1.0
6573798-1,6573798-2,0.5437542,1.0
6366379-1,6366379-3,0.88539404,1.0
2628085-7,2628085-8,0.75499904,1.0
6177625-2,6324108-1,0.41147885,0.0
6748463-1,6748463-2,0.4724973,1.0
2684435-3,7798182-1,0.5968913,0.0
5928351-2,5928351-3,0.5569868,1.0
3002418-1,6712354-2,0.14283049,0.0
2740115-1,6160283-2,0.37231067,0.0
4405976-1,5290639-1,0.07065029,0.0
3195365-1,7353901-1,0.21578762,0.0
6530164-1,8313357-1,0.7083413,0.0
3504292-1,3504292-2,0.69113344,1.0
7220005-3,7220005-7,0.82684135,1.0
6160050-3,6160050-7,0.8454955,1.0
7529128-1,8346268-1,0.36759698,0.0
3777329-1,3777329-2,0.52996784,1.0
3996354-3,4000642-1,0.15952833,0.0
7898215-1,7898215-3,0.5094843,1.0
4302364-1,4550988-1,0.07026655,0.0
6309162-1,6309162-2,0.8325494,1.0
3822414-3,3822414-5,0.6293993,1.0
7204895-1,7275236-1,0.0783766,0.0
8688786-1,8688786-2,0.6008616,1.0
5470651-1,6896742-1,0.36726457,0.0
7408727-1,7408727-3,0.36648193,1.0
7294899-1,7294899-2,0.4933078,1.0
5854745-5,5854745-6,0.9091437,1.0
548304-1,7469333-1,0.89230645,1.0
3049879-1,6315145-1,0.13390522,0.0
4603009-2,7396112-1,0.81111604,0.0
8393241-1,8393241-9,0.6033896,1.0
4209267-1,4209267-5,0.8080534,1.0
4495801-1,4615979-2,0.16883208,0.0
8069347-1,8069347-2,0.65089166,1.0
6305571-1,8107913-1,0.29539335,0.0
6330528-2,7036577-1,0.2004349,0.0
2712707-1,2712707-2,0.83490926,1.0
7073490-3,7073490-4,0.7321237,1.0
7034466-1,7034466-3,0.5898651,1.0
2529260-1,4601425-1,0.18771386,0.0
8497133-1,8497133-2,0.3198256,1.0
8393737-1,8393737-2,0.6085904,1.0
7299656-10,7299656-5,0.75842696,1.0
8646190-10,8646190-8,0.87154526,1.0
3968977-2,3968977-3,0.83418113,1.0
6027823-1,6922572-1,0.70389456,0.0
7330531-2,7330531-3,0.7830821,1.0
3254849-1,5640565-3,0.5868135,1.0
3522339-3,3522339-4,0.8992288,1.0
8625578-1,8625578-2,0.7923999,1.0
7734470-1,7734470-2,0.7381418,1.0
5806580-2,5806580-3,0.46047628,1.0
6819293-1,6827854-1,0.79460543,0.0
6324149-1,6324149-2,0.91769373,1.0
2164940-1,4904584-1,0.36002955,0.0
4702300-2,4702300-4,0.8734801,1.0
6916609-1,6916609-2,0.8576443,1.0
4374200-1,6434759-1,0.043091,0.0
7184854-1,7184854-3,0.24427468,1.0
3463145-1,3463145-2,0.89997643,1.0
3957503-1,3957503-2,0.6935087,1.0
7941918-2,7941918-4,0.88379174,1.0
3154864-1,7140141-2,0.17865932,0.0
4868816-1,8171351-1,0.12477633,0.0
3905562-1,5998278-1,0.25984898,0.0
8531158-3,8531158-4,0.76153886,1.0
3121064-1,5991225-1,0.10939068,0.0
6042488-2,6042488-3,0.39687452,1.0
7756575-2,8645975-3,0.13143934,0.0
4299287-1,4439860-1,0.16506165,0.0
4465165-5,4465165-6,0.8787242,1.0
5597899-1,6018880-1,0.2717979,0.0
5494519-2,5494519-3,0.6977512,1.0
3162267-1,3162267-3,0.90522116,1.0
1797050-1,3084168-1,0.7695571,0.0
4277160-1,5125192-1,0.20036048,0.0
5590420-1,5590420-2,0.4480972,1.0
4480301-1,4480301-3,0.8008823,1.0
3974450-1,3974450-2,0.18618625,1.0
4986358-1,7923730-1,0.10056773,0.0
8482707-1,8482707-3,0.55177426,1.0
7725582-1,8571962-1,0.43632168,0.0
6683889-3,6683889-7,0.599675,1.0
4384320-1,4384320-2,0.8160271,1.0
3522339-5,3522339-8,0.4911219,1.0
6611857-6,6611857-9,0.906675,1.0
6050776-1,6050776-2,0.4848433,1.0
6919399-1,6919399-2,0.69905955,1.0
7176767-1,7220692-1,0.37752002,0.0
6598598-6,6598598-9,0.8804186,1.0
6135216-2,6135216-4,0.55489475,1.0
7501124-1,8107669-1,0.11567233,0.0
3304208-4,3304208-5,0.51479024,1.0
4776590-1,4776590-2,0.8862545,1.0
7499335-1,8350335-2,0.2913692,0.0
3220111-1,7053655-7,0.5487673,0.0
3671515-3,3671515-4,0.9050879,1.0
3660495-1,7294899-2,0.8847435,1.0
7861059-2,7861059-3,0.77827185,1.0
6531118-1,6531118-3,0.90472776,1.0
4001234-3,4001234-7,0.83830833,1.0
5939176-3,8494175-3,0.14986666,0.0
3116546-1,4906586-1,0.16586712,0.0
3905562-1,5998278-1,0.25984898,0.0
3226297-1,7982184-1,0.656726,0.0
4877746-1,4877746-2,0.64153415,1.0
6050556-1,7840355-1,0.346854,0.0
7071686-1,8410986-1,0.2728949,0.0
7569537-1,7569537-3,0.9236226,1.0
4094663-2,4094663-8,0.94214123,1.0
5346454-1,5346454-11,0.89977396,1.0
7567324-2,7567324-3,0.9403766,1.0
7755488-1,7755488-2,0.72826564,1.0
2876705-3,5330075-1,0.5242206,0.0
6311773-1,6311773-7,0.41923687,1.0
5731037-1,8593993-1,0.024254886,0.0
5637006-1,5637006-4,0.7023476,1.0
3550423-1,7850837-1,0.40017566,0.0
6388527-1,6388527-2,0.7122052,1.0
4106200-1,7330645-1,0.017319975,0.0
4849704-1,5422731-2,0.14410238,0.0
8186578-3,8186578-5,0.33455536,1.0
6929121-1,6929121-3,0.5877355,1.0
8395467-4,8395467-5,0.6096033,1.0
7171607-2,7171607-5,0.5143803,1.0
6450233-1,6670194-1,0.07886062,0.0
8504303-2,8504303-4,0.63505876,1.0
3877442-1,5824545-1,0.19569384,0.0
3740663-1,8087350-1,0.54671454,0.0
3606746-1,3731623-1,0.5569338,0.0
3037889-1,5731429-1,0.09721378,0.0
6660476-1,8575338-3,0.19055848,0.0
8449512-2,8449512-3,0.7686444,1.0
4092188-1,4747966-1,0.24835165,0.0
6900840-1,7536491-1,0.2025981,0.0
2908827-1,2908827-2,0.6274349,1.0
4750307-1,4750307-2,0.6597642,1.0
5806580-2,5806580-6,0.8605908,1.0
4579175-1,4579175-3,0.917025,1.0
3881380-1,3881380-3,0.3712895,1.0
7423211-1,7423211-8,0.7325704,1.0
4005095-1,4005095-2,0.8306847,1.0
8151272-3,8151272-4,0.89658695,1.0
7988206-12,7988206-3,0.76000947,1.0
3710946-1,5046003-1,0.5127765,0.0
7759551-2,7759551-5,0.38025707,1.0
3205378-1,4298924-1,0.46394116,0.0
4174715-3,4174715-5,0.4931169,1.0
6380677-1,8567533-1,0.22367114,0.0
3519269-1,5731184-1,0.6586295,0.0
1851705-1,1851705-7,0.6964423,1.0
7449621-1,7449621-3,0.4535794,1.0
3927825-3,3927825-5,0.859326,1.0
4789584-2,4789584-3,0.6221584,1.0
5057447-1,5057447-2,0.7463465,1.0
6162813-1,7275195-1,0.06980447,0.0
8530181-1,8530181-4,0.87390006,1.0
2991705-3,8565686-1,0.7843437,0.0
6041957-1,6041957-2,0.708335,1.0
4940884-1,4940884-2,0.6990807,1.0
3038876-1,3038876-2,0.85772616,1.0
6885689-1,6885689-4,0.8724966,1.0
3843640-2,3843640-6,0.7124722,1.0
6906647-2,7416831-1,0.67006373,0.0
8155605-2,8606088-1,0.7057103,0.0
8371642-1,8371642-2,0.8656013,1.0
1797050-1,1797050-3,0.90361536,1.0
3932602-1,3932602-2,0.30208984,0.0
3280069-1,8184519-1,0.3291984,0.0
5482923-2,5482923-5,0.841515,1.0
7861059-2,7861059-3,0.77827185,1.0
5329676-2,7175762-2,0.12735975,0.0
4276692-1,4887870-1,0.51741993,0.0
7523046-1,7523046-3,0.7835518,1.0
4129602-1,4129602-4,0.44747114,1.0
5639452-1,8532189-1,0.06414594,0.0
2988810-3,2988810-8,0.8520276,1.0
3180833-1,3180833-4,0.8636361,1.0
5266844-1,5266844-2,0.7844507,1.0
7988206-5,7988206-9,0.6892269,1.0
8391342-33,8391342-6,0.773653,1.0
6749096-1,8547566-1,0.16829607,0.0
8077172-11,8077172-4,0.869663,1.0
3074291-1,6598396-1,0.38761047,0.0
4590181-1,6047557-1,0.17876427,0.0
8531269-1,8531269-2,0.5698188,1.0
5690429-3,6717351-1,0.45760322,1.0
8300667-1,8300667-2,0.5895456,1.0
2740169-1,7933640-1,0.71968436,0.0
4009207-1,6555996-1,0.14083152,0.0
3198616-5,3198616-6,0.91239876,1.0
4881626-4,4881626-8,0.6793544,1.0
2944193-1,3533611-1,0.077723965,0.0
3139914-1,3664474-2,0.15261602,0.0
3808070-1,7481995-1,0.35493392,0.0
5465020-1,6446537-1,0.015153626,0.0
2759628-3,2759628-4,0.5168776,1.0
8611551-2,8611551-4,0.86301684,1.0
6357504-1,6357504-2,0.7371894,1.0
7463145-4,7463145-5,0.78435427,1.0
8243089-3,8243089-6,0.26889828,1.0
4347361-1,6512045-1,0.20145358,0.0
7538799-1,8362537-1,0.10077596,0.0
6615911-1,7504832-1,0.05609234,0.0
4494188-1,8425135-1,0.26716524,0.0
2934585-1,8631373-1,0.48180768,0.0
1388246-1,6095652-2,0.30613357,0.0
8391342-25,8391342-7,0.6542982,1.0
5791188-1,5791188-2,0.75415915,1.0
8213934-3,8213934-4,0.72599196,1.0
6815487-1,6815487-2,0.5064422,1.0
3264539-1,8647707-1,0.1819956,0.0
6079216-1,8285789-3,0.5572943,0.0
4216664-2,6547321-1,0.95620614,1.0
5039314-1,7748197-1,0.57612616,0.0
3931271-1,5396424-1,0.23633593,0.0
6563758-1,7305573-1,0.5103988,0.0
3110468-1,3110468-2,0.8763623,1.0
2672125-1,7802127-1,0.67241997,0.0
7454634-4,7454634-5,0.59516966,1.0
2882084-1,3723003-1,0.6316255,0.0
2843128-1,2843128-2,0.9134156,1.0
5479100-1,5479100-2,0.5854076,1.0
4960399-1,4960399-3,0.74462545,1.0
4584512-1,7395378-1,0.2174354,0.0
4136959-7,4943302-1,0.78429824,0.0
6207033-1,6215584-1,0.37977204,0.0
3469403-1,6140355-1,0.4722379,0.0
4067712-1,4660524-1,0.21409166,0.0
7988206-12,7988206-8,0.23687367,1.0
3976921-1,7558373-1,0.29792815,0.0
7313569-1,7313569-2,0.708205,1.0
6696846-1,8663995-1,0.4828445,0.0
7826043-1,7826043-6,0.81836206,1.0
3502223-2,3502223-6,0.552334,1.0
5728775-1,8697958-1,0.22811921,0.0
7519989-1,8148337-1,0.39965534,0.0
1564184-1,4722517-1,0.10883419,0.0
4411725-1,4411725-2,0.29419282,1.0
6275832-2,6275832-4,0.905162,1.0
3097561-1,3614810-1,0.27841565,0.0
2957640-2,4776369-1,0.1163597,0.0
6515123-1,8267040-2,0.41723314,0.0
4918135-3,4918135-4,0.5071918,1.0
3591061-1,3591061-2,0.75383914,1.0
6251325-1,8525266-1,0.021569075,0.0
4711341-1,4711341-2,0.88267,1.0
4155089-3,4155089-4,0.8864395,1.0
3819895-1,5546070-1,0.45071986,0.0
8646190-10,8646190-8,0.87154526,1.0
2916111-1,5074815-2,0.42907438,0.0
5728821-1,7164229-1,0.3304132,0.0
6601167-1,6958646-1,0.35311016,0.0
5729414-1,7727031-1,0.30623215,0.0
4094743-3,4094743-4,0.800646,1.0
2771796-1,3512476-1,0.36616075,0.0
2938629-1,3311090-1,0.22817568,0.0
5882333-1,5882333-3,0.95355654,1.0
3026341-1,3026341-3,0.91597694,1.0
3614268-1,7607978-1,0.36691803,0.0
2241597-1,6370060-2,0.13366024,0.0
5541649-1,5541649-2,0.53147864,1.0
7869353-1,7869353-2,0.7188782,1.0
7500026-2,7500026-4,0.51985633,1.0
6921188-1,8132588-1,0.3945062,0.0
3140672-1,5729248-1,0.19812068,0.0
5482923-2,5482923-3,0.33967617,1.0
7389435-1,7527010-1,0.49097383,0.0
6173044-1,6173044-2,0.89918613,1.0
7575294-2,7575294-4,0.8279131,1.0
3156521-1,3156521-5,0.16393276,1.0
6134648-1,8312767-1,0.4640944,0.0
2913794-1,4940154-1,0.25593328,0.0
6126056-3,6126056-4,0.36993584,1.0
3955786-1,6652011-1,0.14851083,0.0
1764017-1,1764017-2,0.8823487,1.0
3793311-1,6243525-1,0.44265428,0.0
3945949-1,6344145-3,0.425182,0.0
5921541-3,5921541-5,0.8517021,1.0
6611857-10,6611857-2,0.831315,1.0
5605694-1,8391342-27,0.8660793,0.0
8168801-2,8168801-4,0.56852883,1.0
7593724-3,7593724-5,0.82262564,1.0
4616569-1,4616569-6,0.9214213,1.0
3891612-3,8259393-1,0.5373195,0.0
3141707-3,3141707-8,0.69500154,1.0
7772024-1,7772024-2,0.73572177,1.0
6299545-3,6299545-4,0.6218384,1.0
4115070-1,7333338-6,0.116581686,0.0
2927433-4,2927433-5,0.47742075,1.0
2856359-1,2856359-2,0.9306117,1.0
3521952-1,6510567-1,0.115305714,0.0
6615911-1,7504832-1,0.05609234,0.0
7325579-2,7325579-3,0.98361224,1.0
6062773-1,8613576-1,0.333505,0.0
6882583-1,6882583-2,0.59458894,1.0
4681223-1,4681223-2,0.72873586,1.0
4719388-1,7405101-4,0.31589746,0.0
4060408-1,4060408-3,0.9010119,1.0
7543135-2,7543135-4,0.46477652,1.0
6761066-1,6761066-2,0.40618098,1.0
7336985-1,7336985-2,0.80018103,1.0
6162813-1,7275195-1,0.06980447,0.0
8563620-13,8563620-7,0.7075968,1.0
8326013-1,8326013-2,0.85628223,1.0
3628262-1,7560006-1,0.3648503,0.0
6573798-1,6573798-2,0.5437542,1.0
8611606-7,8611606-8,0.9395566,1.0
8291460-1,8606058-1,0.118825346,0.0
5819130-1,6540546-1,0.18457887,0.0
7649103-2,7649103-8,0.8131546,1.0
5803709-5,6945574-1,0.8057458,0.0
5619451-2,6700112-1,0.3233034,0.0
3737622-2,3737622-4,0.90570176,1.0
5850760-1,5850760-3,0.7922762,1.0
5398372-1,5398372-2,0.77272415,1.0
3174121-1,7033050-1,0.3803922,0.0
4182018-1,7591671-1,0.1480988,0.0
4054067-2,4054067-3,0.8394412,1.0
2726128-2,2726128-7,0.8815382,1.0
7773689-1,7773689-3,0.93325067,1.0
5235655-1,5235655-2,0.6586136,1.0
3892233-1,5885042-1,0.16650365,0.0
7590748-2,7590748-5,0.6988414,1.0
4720199-2,7586353-1,0.06373039,0.0
4762988-2,4762988-3,0.63344353,1.0
4943815-2,4943815-3,0.4051309,1.0
4967634-1,5651601-1,0.23823707,0.0
7431496-1,8200779-1,0.17186838,0.0
6332814-1,6332814-4,0.7163843,1.0
3173709-1,8377531-1,0.2344271,0.0
7529487-1,7529487-2,0.5548123,1.0
4268508-1,7989822-1,0.49489236,0.0
6018315-2,6928670-1,0.18524939,0.0
6304711-2,6304711-3,0.7850524,1.0
4123504-4,4123504-7,0.9448459,1.0
8516557-1,8516557-2,0.6641166,1.0
7452247-1,7452247-2,0.43569127,1.0
4062205-1,4664843-1,0.40982178,0.0
8391342-20,8391342-21,0.97592664,1.0
8094930-1,8179788-1,0.19247372,0.0
3652046-1,5322266-1,0.04477608,0.0
4782530-1,4782530-2,0.88285345,1.0
5290631-1,5290631-3,0.663324,1.0
2908822-1,4949336-1,0.4483112,0.0
2678828-1,3968620-3,0.07323618,0.0
7390426-1,7390426-2,0.9302485,1.0
6196253-1,6196253-2,0.33172467,1.0
4010057-1,6218349-5,0.15838672,0.0
2776156-1,7476698-1,0.11380783,0.0
7439666-1,7439666-3,0.6699159,1.0
8574092-1,8574092-4,0.72590446,1.0
7003725-1,7457575-1,0.2157905,0.0
2740309-1,5670264-1,0.14018533,0.0
2772281-2,5588404-1,0.0892504,0.0
4553663-1,4804603-1,0.29468623,0.0
7758736-5,7758736-7,0.70911705,1.0
5749547-4,7481371-1,0.5817698,0.0
7336759-1,7336759-4,0.77435595,1.0
6135216-2,6135216-5,0.82864666,1.0
4931809-1,7780870-2,0.43659467,0.0
3407696-2,3730474-1,0.064245336,0.0
8091771-1,8116470-1,0.41057083,0.0
3336228-1,8138075-1,0.6575663,0.0
4772458-1,4772458-2,0.83674127,1.0
1950478-1,8682950-4,0.6463114,1.0
5042895-3,7846074-1,0.4940541,0.0
4299425-1,4299425-2,0.94808275,1.0
4281397-4,5437434-1,0.7377411,0.0
5486794-1,5486794-3,0.95234007,1.0
3522339-5,3522339-9,0.81067234,1.0
4210738-1,6706647-1,0.48546934,0.0
5361427-1,5361427-2,0.7867965,1.0
8649573-1,8649573-6,0.76526284,1.0
8103283-3,8103283-5,0.32801315,1.0
4333894-1,4899596-1,0.13876386,0.0
3232486-1,7364406-1,0.022433508,0.0
5320044-1,5320044-2,0.9421307,1.0
7992912-1,8388796-7,0.3006807,0.0
8710561-1,8710561-3,0.40187347,1.0
3990828-2,3990828-3,0.42554164,1.0
3680894-1,3680894-2,0.9456947,1.0
7140078-1,7140078-3,0.49985158,1.0
4336678-3,4336678-4,0.5861606,1.0
3423746-1,4196524-1,0.10024976,0.0
4847509-1,4847509-3,0.18724641,1.0
4944366-5,4944366-6,0.71947396,1.0
5447535-1,7294899-2,0.2159432,0.0
5572848-1,6898921-1,0.8896708,0.0
6225725-1,6856497-2,0.25357902,0.0
6080074-1,7251491-1,0.5727724,0.0
7714405-1,7714405-3,0.9055433,1.0
6713097-1,6713097-5,0.84936005,1.0
5749100-5,7026588-1,0.24191557,0.0
5806580-2,5806580-3,0.46047628,1.0
6133394-1,6133394-2,0.25801423,1.0
4155967-1,6221687-1,0.66571075,0.0
4203878-1,6619473-1,0.2705635,0.0
6969380-1,8131091-1,0.63882273,0.0
4868816-1,8171351-1,0.12477633,0.0
6890279-1,8003149-1,0.30307406,0.0
7567324-2,7567324-3,0.9403766,1.0
3339730-1,7449875-1,0.90390736,0.0
2984298-1,8325872-1,0.35489768,0.0
7772024-1,7772024-2,0.73572177,1.0
5118859-1,5464515-9,0.31667763,0.0
7322413-1,8186193-1,0.4020532,0.0
7366428-5,7366428-8,0.7720126,1.0
6915050-1,7739021-1,0.68527406,0.0
7233887-1,7233887-2,0.7967863,1.0
7423211-3,7423211-8,0.8962131,1.0
2992922-1,2992922-4,0.9136532,1.0
7069276-1,7074426-5,0.26785737,0.0
8225171-1,8225171-5,0.8861987,1.0
4307725-1,4307725-2,0.8614991,1.0
3976085-1,5834850-1,0.40294892,0.0
4195895-2,4195895-6,0.4847511,1.0
6952720-2,6952720-3,0.8399609,1.0
7488542-2,7488542-4,0.5043337,1.0
4292058-1,6862880-1,0.1259294,0.0
3544906-10,3544906-12,0.5218206,1.0
6452480-1,6457075-1,0.014849803,0.0
2164940-1,4904584-1,0.36002955,0.0
7366761-2,7366761-4,0.9175198,1.0
3780548-1,4327960-1,0.2713832,0.0
8056374-1,8056374-2,0.62918186,1.0
3306208-1,7772838-1,0.3339221,0.0
3544906-4,3544906-9,0.83407307,1.0
3437272-1,3437272-2,0.62859166,1.0
5593448-1,5593448-4,0.60482115,1.0
3221229-1,7445108-1,0.19421963,0.0
5754067-1,7713794-1,0.033644002,0.0
7477961-4,7477961-5,0.6071066,1.0
4772557-1,4772557-4,0.65686977,1.0
7183776-1,8462473-1,0.39310884,0.0
4448248-1,6340412-1,0.14585793,0.0
5337234-3,5337234-7,0.71867406,1.0
4195344-1,6052603-2,0.47484267,0.0
4294462-1,7984890-1,0.36674342,0.0
6935495-1,6935495-3,0.9301292,1.0
5029321-1,8192795-1,0.07148623,0.0
4659983-2,4659983-3,0.9290906,1.0
2815756-10,2815756-3,0.8303595,1.0
3073952-1,5649997-2,0.10479915,0.0
3178020-1,3220812-1,0.8736555,0.0
3671515-3,3671515-4,0.9050879,1.0
6057132-1,6057132-2,0.8987076,1.0
6882683-1,6882683-2,0.75995445,1.0
4208436-1,7495868-1,0.20106332,0.0
3810058-1,4276615-1,0.12537406,0.0
7577353-1,8501704-1,0.5604082,0.0
4601450-1,6360613-1,0.6590829,0.0
6598598-4,6598598-7,0.86763906,1.0
2557018-1,4421125-4,0.102654494,0.0
3121001-1,7771393-1,0.15283875,0.0
3639158-16,3639158-8,0.46046123,1.0
6911275-1,6911275-3,0.73357224,1.0
5819108-1,5819108-4,0.68762285,1.0
5649843-1,7772108-1,0.70693964,0.0
6426014-1,6688888-1,0.14513089,0.0
2876699-1,4391184-1,0.59915936,0.0
3113994-2,8629690-1,0.6412768,0.0
5353450-1,8008274-1,0.29918942,0.0
7541246-4,7541246-5,0.8032398,1.0
3920673-1,3920673-5,0.86452454,1.0
5869374-1,5869374-2,0.90185434,1.0
6293546-1,7891291-1,0.30641162,0.0
7752367-4,7752367-5,0.71815115,1.0
6643316-1,6643316-3,0.5020501,1.0
7737542-1,8645975-1,0.058828205,0.0
5442073-1,6438837-1,0.8253571,0.0
4582463-1,4582463-7,0.89569855,1.0
5445197-1,5984937-1,0.29978588,0.0
5442030-1,5442030-3,0.61688346,1.0
6749096-1,8547566-1,0.16829607,0.0
1087841-4,7672393-1,0.5512472,0.0
4888695-1,4926545-1,0.21374299,0.0
8286409-1,8286409-2,0.6914779,1.0
3570192-4,5562341-1,0.40609202,0.0
3959087-1,5627835-1,0.6456676,0.0
8529628-1,8529628-3,0.356174,1.0
5251361-1,8136881-1,0.111169584,0.0
3679789-1,3679789-2,0.688335,1.0
8311836-1,8311836-2,0.90406096,1.0
4316981-1,6031951-1,0.6552149,0.0
8428280-2,8428280-9,0.29791096,1.0
2878411-1,2878411-2,0.87186986,1.0
5483506-1,7660029-1,0.10366979,0.0
4336764-1,5461560-1,0.19222695,0.0
7505515-1,7505515-2,0.121097036,1.0
5353908-1,8178127-1,0.3198316,0.0
8384448-2,8384448-3,0.729785,1.0
3800334-1,4142935-1,0.86504155,0.0
5340050-1,7641488-1,0.15240864,0.0
7529487-1,7529487-2,0.5548123,1.0
8123257-1,8123257-5,0.6743213,1.0
6395427-10,6395427-3,0.8097134,1.0
7490089-1,7813008-1,0.4144146,0.0
8182237-3,8604466-1,0.8393947,0.0
3804044-2,3804044-3,0.69705653,1.0
5502322-1,6911275-1,0.062152524,0.0
3860072-1,6006788-1,0.1355043,0.0
2890701-1,3358938-1,0.692652,0.0
7789137-2,7789137-3,0.9626118,1.0
3671523-3,3835996-1,0.18817997,0.0
5960165-1,6065136-1,0.7666219,0.0
6174779-1,6174779-2,0.7018454,1.0
7238787-1,7238787-4,0.5692398,1.0
5031828-1,8316786-1,0.02101027,0.0
4969854-1,8400463-1,0.16320004,0.0
5801678-1,6503788-1,0.5022391,0.0
6758956-1,7726407-3,0.08642398,0.0
2684421-2,2684421-3,0.83687925,1.0
6014571-1,6014571-2,0.8440873,1.0
6736139-1,6736139-3,0.8184144,1.0
8046440-1,8046440-2,0.8558457,1.0
7520796-1,7520796-4,0.91567105,1.0
8474637-3,8474637-4,0.9182876,1.0
3069951-1,7912866-1,0.22976819,0.0
8526613-1,8526613-2,0.5704655,1.0
5415937-1,5763207-1,0.10112884,0.0
7729179-3,7729179-7,0.2207419,1.0
2117016-1,3519746-1,0.11555013,0.0
6304711-2,6304711-3,0.7850524,1.0
4720199-2,7586353-1,0.06373039,0.0
4584441-1,5593691-1,0.34363306,0.0
4135163-1,8077507-1,0.44981825,0.0
3079613-1,3651229-4,0.15853357,0.0
2590613-1,3675308-1,0.05298121,0.0
8027707-1,8027707-3,0.5783985,1.0
4427375-1,5521354-1,0.2168097,0.0
6749096-1,8547566-1,0.16829607,0.0
2876705-3,5330075-1,0.5242206,0.0
3712245-1,3712245-2,0.6510433,1.0
4570001-1,6194242-1,0.5099675,0.0
3891161-1,8491334-1,0.80128694,1.0
7244171-1,8392858-1,0.37742844,0.0
4566325-1,7220171-1,0.42911932,0.0
4391156-1,6364371-1,0.22931133,0.0
5398111-1,7265705-1,0.492664,0.0
7252654-2,7252654-3,0.75660557,1.0
6132171-1,6625641-1,0.23946509,0.0
7593724-6,7593724-7,0.9430555,1.0
5167315-1,7358953-1,0.37694168,0.0
3793586-1,8015585-1,0.082317464,0.0
3937210-1,3937210-4,0.9045409,1.0
4059869-1,4623174-1,0.36266705,0.0
2646691-1,8640110-1,0.30620772,0.0
5840715-1,8120279-1,0.31515488,0.0
2806860-1,6329243-1,0.271552,0.0
7649103-1,7649103-9,0.68531823,1.0
3198616-5,3198616-6,0.91239876,1.0
5532947-1,6086521-1,0.42032528,0.0
4269622-5,4269622-6,0.8861242,1.0
6847994-2,6847994-5,0.74337184,1.0
6006723-1,6243525-1,0.03730707,0.0
5022210-1,6008761-1,0.3854902,0.0
4835739-1,5723965-1,0.28961295,0.0
4269538-1,7666621-1,0.6546547,0.0
3832881-1,8061223-1,0.58633995,0.0
7393473-1,7393473-2,0.48659143,1.0
3410005-1,3410005-2,0.37171575,1.0
7523746-3,7523746-4,0.54540294,1.0
8641026-1,8641026-4,0.9238488,1.0
8386154-1,8386154-11,0.8700051,1.0
7364074-1,8491327-2,0.17168346,0.0
3968625-1,4839247-1,0.3368394,0.0
2409333-1,4439693-1,0.10168326,0.0
4660716-1,8166483-1,0.24157573,0.0
4733515-1,6727404-1,0.2928801,0.0
3700751-1,4370002-1,0.03647207,0.0
6541118-1,6746911-1,0.23726803,0.0
3051097-1,7727874-1,0.2192041,0.0
6207033-1,6215584-1,0.37977204,0.0
8077172-15,8077172-16,0.9160059,1.0
7220740-3,7220740-5,0.64863664,1.0
3568895-1,5785647-1,0.8204389,0.0
2702054-1,5329764-1,0.38425633,0.0
4744458-1,7909126-1,0.18102589,0.0
8428977-2,8428977-3,0.85195935,1.0
3227238-1,5887274-1,0.5131695,0.0
3968895-7,7824660-1,0.60093695,0.0
3335606-1,5582424-1,0.07911432,0.0
7882755-3,7882755-5,0.5497894,1.0
4438352-2,8548719-2,0.90983564,0.0
5215115-3,5215115-4,0.6283614,1.0
4569790-1,6019328-1,0.6704261,0.0
4342155-1,7539112-1,0.4161438,0.0
4421263-1,8627933-2,0.6513884,0.0
3249926-1,8318612-1,0.4715375,0.0
3146916-1,3857984-1,0.32696444,0.0
6660059-1,8495172-1,0.3201635,0.0
6060766-3,6060766-6,0.8432453,1.0
7709537-1,7709537-2,0.849997,1.0
6587640-1,7210684-1,0.6723768,0.0
4454193-1,4454193-2,0.8000923,1.0
2740046-1,3959345-1,0.35999516,0.0
7497165-1,8577476-1,0.22471684,0.0
7733300-1,8173920-1,0.5688197,0.0
4266761-1,4276327-1,0.3629098,0.0
8432416-3,8482808-2,0.3221685,0.0
6624159-1,6624159-2,0.526523,1.0
3159111-1,8286377-1,0.85186267,0.0
2740245-1,6779149-1,0.3988306,0.0
6317081-1,8521003-1,0.73828775,0.0
3343397-2,7395399-1,0.891989,0.0
6590731-1,7036693-1,0.20670103,0.0
2989003-1,2989003-2,0.42216134,1.0
4123504-3,4123504-4,0.7013269,1.0
7708753-2,7708753-3,0.6652081,1.0
7066540-7,7066540-8,0.53444594,1.0
6902399-1,6902399-2,0.94045776,1.0
3901553-1,4808525-1,0.13931201,0.0
4233104-1,7241257-4,0.3734589,0.0
3498721-1,3498721-3,0.57582384,1.0
5225700-1,5976994-1,0.46178216,0.0
6593915-1,6593915-7,0.8207342,1.0
4831504-2,4831504-3,0.94055355,1.0
3658297-1,3658297-2,0.60652846,1.0
2740025-1,2740025-5,0.89377296,1.0
8435653-1,8435653-2,0.9497368,1.0
3408276-2,7320729-1,0.87155145,0.0
4405969-1,4405969-3,0.5846371,1.0
5325020-1,8196388-1,0.25687936,0.0
4623192-1,4623192-2,0.91221595,1.0
3698236-1,5799648-1,0.26009724,0.0
2769433-1,4719736-2,0.48688933,0.0
3935898-1,6113842-2,0.49617884,0.0
6603818-1,6603818-2,0.7494995,1.0
8474637-1,8474637-4,0.55709326,1.0
4384320-1,4384320-2,0.8160271,1.0
2557018-1,4421125-4,0.102654494,0.0
4621684-1,5324989-1,0.662882,0.0
5374959-1,7677668-1,0.18988593,0.0
5363092-1,7896674-1,0.4227841,0.0
3687867-2,7596435-1,0.41850606,0.0
6611857-10,6611857-2,0.831315,1.0
3723993-2,8021310-1,0.410397,0.0
3813499-1,5804999-1,0.80561435,0.0
4789584-2,4789584-3,0.6221584,1.0
5201065-5,5201065-8,0.9362943,1.0
7244171-1,8392858-1,0.37742844,0.0
4481760-1,8628234-1,0.4790037,0.0
2628025-1,2628025-3,0.7422084,1.0
3412243-1,7053655-5,0.713604,0.0
3423012-1,8270600-1,0.25573972,0.0
2241629-1,6108451-1,0.12182953,0.0
2930656-2,2930656-5,0.4880925,1.0
3535727-2,7822438-1,0.54321754,0.0
2803806-1,3212924-1,0.33654225,0.0
4868919-1,4972880-1,0.2007664,0.0
5815717-1,5815717-3,0.6718984,1.0
3214513-1,6476616-1,0.29620814,0.0
5215115-3,5215115-4,0.6283614,1.0
5846181-1,5846181-6,0.46333054,1.0
5588642-1,8437005-1,0.7233906,0.0
7794039-1,8610483-1,0.50028443,0.0
4393898-1,4393898-2,0.91088367,1.0
2901615-1,3133010-2,0.622056,0.0
4657314-1,6350128-1,0.59279627,0.0
8668032-1,8668032-3,0.8868944,1.0
3418041-1,7000441-3,0.8650463,0.0
7691594-1,7691594-3,0.73027176,0.0
5505298-1,6795739-1,0.5495533,0.0
3816041-1,4421282-1,0.3329046,0.0
4157506-1,5106230-1,0.57034284,0.0
3730032-1,6964363-1,0.12584853,0.0
6929121-1,6929121-6,0.9033413,1.0
8075760-1,8075760-3,0.60458827,1.0
3909847-1,8162139-1,0.19240595,0.0
6189630-1,8628776-5,0.24730289,0.0
3446021-1,3905351-1,0.7371597,0.0
8705528-1,8705528-11,0.6057612,1.0
5981586-1,6618195-1,0.3120803,0.0
2769338-1,6744741-1,0.28264323,0.0
5767008-2,5767008-3,0.93513584,1.0
4965601-1,6555322-1,0.42418242,0.0
3339798-1,5446369-6,0.111477196,0.0
6173044-1,6173044-2,0.89918613,1.0
4915886-1,6491668-1,0.28208855,0.0
5288912-2,5288912-3,0.5757321,1.0
6095973-1,6095973-2,0.5544516,1.0
3339676-1,8652111-3,0.15275782,0.0
6120049-1,6120049-3,0.7058877,0.0
6122645-1,7296883-1,0.20830113,0.0
3205368-2,6970377-2,0.11023329,0.0
7527012-1,7527012-2,0.3115191,1.0
5611712-1,5611712-4,0.8257996,1.0
3183041-3,3183041-4,0.8572973,1.0
6160050-3,6160050-7,0.8454955,1.0
8415640-4,8415640-5,0.77308077,1.0
3822414-3,3822414-5,0.6293993,1.0
8673864-2,8673864-4,0.65113896,1.0
6814334-1,6822667-1,0.47461888,0.0
6656669-2,8478475-1,0.13374925,0.0
7394077-1,7394077-2,0.54224414,1.0
6120175-1,8507946-1,0.6595731,1.0
4855418-1,5443128-1,0.1414741,0.0
3421920-1,7445108-1,0.3862297,0.0
4847509-1,4847509-3,0.18724641,1.0
6712609-3,6712609-6,0.8712118,1.0
4546785-1,4546785-3,0.89013875,1.0
4995769-1,8653863-1,0.30284926,0.0
6211912-1,6211912-2,0.53761786,1.0
5035830-1,7649476-1,0.49751103,0.0
3813728-1,5298907-1,0.48261645,0.0
3350237-1,6023385-1,0.15839367,0.0
4428228-1,4660503-1,0.56759787,0.0
4185321-1,7163344-1,0.1065981,0.0
6421383-2,6571332-1,0.33998874,0.0
3284018-1,3976550-1,0.49107638,0.0
3990828-2,3990828-3,0.42554164,1.0
2806860-1,6329243-1,0.271552,0.0
7992709-1,8323617-1,0.7164612,0.0
4995769-1,8653863-1,0.30284926,0.0
3574462-1,3574462-2,0.62565565,1.0
8002986-1,8002986-2,0.5772535,1.0
5813443-1,5813443-2,0.54299307,1.0
4427221-1,7548966-1,0.2864226,0.0
2628018-1,2628018-3,0.19573468,1.0
1903360-1,3223957-2,0.37108737,0.0
8611551-5,8626982-1,0.7587846,0.0
3599937-1,7337270-1,0.12600365,0.0
6299528-2,6299528-8,0.7208255,1.0
3728605-1,7872745-1,0.6752431,0.0
5294926-1,8077048-6,0.6160034,0.0
3821431-1,5769940-1,0.5040979,0.0
4705729-2,4705729-3,0.72105503,1.0
3112085-2,7747065-1,0.428155,0.0
514549-1,514549-2,0.7114706,1.0
7008770-2,7008770-3,0.5226232,1.0
3878478-1,3878478-3,0.84574616,1.0
4209027-1,4209027-3,0.33190808,1.0
3922398-1,6100339-1,0.8737487,0.0
3354431-1,7911169-1,0.18604265,0.0
4322315-1,6726419-2,0.5277365,0.0
3841637-1,3841637-2,0.52008367,1.0
4937697-1,7870231-1,0.25858834,0.0
3014749-1,3014749-2,0.91562223,1.0
4794841-2,5745210-1,0.16878127,0.0
4783484-1,6667806-3,0.12986836,0.0
5114732-1,5742471-3,0.2715528,0.0
7071810-1,7098335-1,0.5842371,0.0
4855418-1,5443128-1,0.1414741,0.0
3848791-1,3848791-3,0.80777776,1.0
2813646-4,4890859-2,0.7077998,0.0
7523853-1,7523853-2,0.47813904,1.0
6875521-1,8419424-1,0.037226886,0.0
3822415-1,6295176-1,0.74771184,0.0
6598598-4,6598598-7,0.86763906,1.0
5963613-1,5963613-2,0.46692225,1.0
4779351-1,7220631-1,0.3936258,0.0
6132972-3,6132972-4,0.6980456,1.0
7521058-1,8424806-1,0.25107336,0.0
6874122-1,6874122-2,0.6401703,1.0
4228084-1,6100634-2,0.27409166,0.0
4010024-1,8357521-1,0.026434109,0.0
3935506-1,3935506-2,0.29611215,0.0
2776156-1,2776156-2,0.814071,1.0
5784282-1,8222638-1,0.41115215,0.0
8393241-6,8393241-8,0.62245905,1.0
3549590-1,3549590-4,0.86546904,1.0
6766258-3,6766258-5,0.7489303,1.0
5590406-4,8065519-2,0.30645987,0.0
3271498-1,4311362-3,0.111467816,0.0
4024625-2,4024625-3,0.810842,1.0
2839977-1,4807175-2,0.30733442,0.0
3670628-1,4570758-1,0.15689178,0.0
6107036-1,8107458-1,0.107339166,0.0
6896887-4,6896887-6,0.57017076,1.0
6916609-1,6916609-2,0.8576443,1.0
5758965-1,7904369-1,0.7313661,0.0
6961197-1,6961197-2,0.44027492,1.0
5712115-1,5712115-2,0.6819164,1.0
7721074-3,7721074-4,0.86772954,1.0
8092089-3,8092089-7,0.7793553,1.0
3178776-1,6210665-1,0.9348541,0.0
6194553-1,6194553-2,0.58007705,1.0
4800921-1,6109194-2,0.07107627,0.0
4793788-1,8648134-1,0.40735483,0.0
7861059-2,7861059-3,0.77827185,1.0
8502507-1,8502507-2,0.41825318,1.0
2804096-2,2804096-5,0.5260167,1.0
8178000-1,8178000-2,0.7536603,1.0
8223722-1,8223722-3,0.62037873,1.0
8428707-1,8428707-3,0.6344571,1.0
7366428-5,7366428-8,0.7720126,1.0
4720496-1,6451252-1,0.13728324,0.0
6101515-1,6922397-1,0.5381509,0.0
3116130-3,4463226-1,0.66820586,0.0
5738576-1,8272919-1,0.24223512,0.0
4831504-4,6298297-1,0.17229532,0.0
3514151-3,3514151-4,0.8551618,1.0
6210852-3,6210852-4,0.8583958,1.0
4804401-2,7366417-1,0.3860808,0.0
4918135-1,4918135-2,0.39527896,1.0
7700296-4,7700296-5,0.6492959,1.0
518976-2,8634485-1,0.034198124,0.0
8061403-1,8061403-5,0.81065017,1.0
7758736-4,7758736-6,0.8846764,1.0
5512938-4,8046436-1,0.07124427,0.0
3521487-1,3521487-2,0.7096606,1.0
3223705-1,4421549-1,0.3308329,0.0
5963613-1,5963613-2,0.46692225,1.0
8290849-1,8290849-2,0.8573534,1.0
6242806-1,6607872-1,0.5953498,0.0
5976963-1,8022680-1,0.03628712,0.0
7892226-1,7892226-2,0.38198504,1.0
3544906-11,3544906-5,0.97681946,1.0
2868038-1,2868038-3,0.8561626,1.0
5237176-1,5237176-4,0.7506569,1.0
8391342-25,8391342-27,0.7269748,1.0
6405358-1,6405358-2,0.8154945,1.0
3877442-1,5824545-1,0.19569384,0.0
2759628-3,2759628-4,0.5168776,1.0
3580346-2,3580346-4,0.7872616,1.0
3877610-1,8297428-1,0.5052074,0.0
5498934-1,5498934-2,0.9457607,1.0
6573798-1,6573798-2,0.5437542,1.0
5353837-1,8281404-3,0.6681581,0.0
6616899-2,6616899-3,0.8062464,1.0
5113927-7,5113927-9,0.6257237,1.0
4504872-5,4504872-6,0.8007796,1.0
8364764-2,8364764-8,0.8395523,1.0
6582561-1,6582561-2,0.96741194,1.0
7220005-2,7220005-5,0.8938958,1.0
4989349-2,8062245-1,0.27825046,0.0
5422734-1,7117615-1,0.32915133,0.0
4855898-1,8645167-1,0.054038484,0.0
529263-1,529263-5,0.83470714,1.0
5642131-12,5642131-3,0.69216543,1.0
8464672-1,8464672-2,0.35246572,1.0
4036833-3,7711629-9,0.25538665,0.0
7033701-1,7033701-3,0.81509453,1.0
2939409-1,3841599-2,0.7205119,0.0
7982799-2,7982799-3,0.8667991,1.0
4584441-1,5593691-1,0.34363306,0.0
5134821-1,5134821-3,0.5452529,0.0
5904767-1,5904767-2,0.79737794,1.0
4230669-1,7205378-1,0.42008564,0.0
2980919-1,4427993-1,0.13896467,0.0
4434493-2,4434493-4,0.38811854,1.0
3491234-1,4495850-1,0.25853595,0.0
7354550-2,7354550-3,0.8191509,1.0
4037410-1,7852333-1,0.6175931,0.0
3183319-2,3183319-3,0.3343997,1.0
3733041-4,7847177-1,0.34085542,0.0
6679892-1,8173629-1,0.1668541,0.0
5615344-1,5615344-3,0.81925297,1.0
4083712-1,7952297-2,0.18544593,0.0
4094581-1,4094581-9,0.7742135,1.0
4188469-1,4350873-1,0.026019823,0.0
2841809-1,7415228-1,0.37410504,0.0
7365046-1,8364993-1,0.15070096,0.0
5234414-1,8556010-1,0.6189056,0.0
2588591-1,3042991-1,0.16695361,0.0
4592502-1,5798104-1,0.7094517,0.0
7319819-1,7319819-4,0.8285237,1.0
3912635-2,6537690-2,0.38362584,0.0
8320823-2,8320823-4,0.7566631,1.0
4115070-1,7333338-6,0.116581686,0.0
3745102-1,3786388-1,0.0623039,0.0
6955064-1,7480892-1,0.63006294,0.0
4504872-5,4504872-6,0.8007796,1.0
3350090-1,3350090-2,0.8398866,1.0
2998665-1,6394271-1,0.3218189,0.0
6263613-1,6536236-1,0.21229443,0.0
4274651-1,7698664-1,0.014041798,0.0
5851261-2,5851261-4,0.82474804,1.0
3742152-3,3742152-5,0.7036178,1.0
6128999-1,6507808-1,0.733914,0.0
3639802-1,3639802-5,0.8616579,1.0
4064285-1,8627705-1,0.56838906,0.0
8628278-1,8628278-5,0.74465257,1.0
4685075-1,4685075-3,0.66428775,1.0
5806410-1,5806410-2,0.71977836,1.0
3964932-3,3964932-4,0.46278048,1.0
6662413-1,7699495-1,0.37223196,0.0
3633290-1,7923707-1,0.6391468,0.0
4678475-4,4678475-9,0.939873,1.0
3521952-1,6510567-1,0.115305714,0.0
5921541-3,5921541-5,0.8517021,1.0
8531269-1,8531269-2,0.5698188,1.0
8709957-4,8709957-5,0.7486196,1.0
4732370-1,7936716-1,0.34224236,0.0
6329018-1,6329018-2,0.7925034,1.0
7463145-2,7463145-3,0.4114991,0.0
4073031-1,8402331-1,0.16833998,0.0
6039084-1,6039084-2,0.47687054,1.0
4636740-1,6439386-1,0.10897986,0.0
6421387-1,7452954-1,0.12631279,0.0
3836937-1,4369927-1,0.5745135,0.0
8399375-1,8399375-4,0.93308085,1.0
4307725-1,4307725-2,0.8614991,1.0
6417296-1,8674554-3,0.38279077,0.0
5553475-2,5553475-4,0.95956415,1.0
8504303-2,8504303-4,0.63505876,1.0
4251822-1,8415779-1,0.6840753,0.0
5533051-2,5533051-4,0.7409813,1.0
1660560-1,1660560-3,0.977248,1.0
4685866-7,4685866-8,0.95395976,1.0
7890704-1,7890704-5,0.77591014,1.0
5187474-2,5187474-3,0.58730614,1.0
3891612-3,8259393-1,0.5373195,0.0
8428511-1,8428511-5,0.518277,1.0
8133774-1,8133774-2,0.86362755,1.0
6968535-1,7373105-1,0.2640865,0.0
5960165-1,6065136-1,0.7666219,0.0
2908827-1,2908827-2,0.6274349,1.0
1464149-1,5294776-1,0.78244525,0.0
4404004-1,5464515-1,0.2054782,0.0
3858807-2,8383648-1,0.31845528,0.0
5977079-3,5977079-6,0.9461168,1.0
7044389-1,7311811-1,0.35457686,0.0
8386154-2,8386154-3,0.73620963,1.0
6275832-3,6275832-5,0.8121929,1.0
2800056-2,4563831-1,0.327607,0.0
3239292-1,8069671-1,0.55947685,0.0
7983550-1,7983550-2,0.6803943,1.0
7871073-1,8267720-1,0.50050366,0.0
8002986-1,8002986-2,0.5772535,1.0
8515176-2,8515176-4,0.8684796,1.0
8512623-1,8512623-2,0.73792565,1.0
6135158-1,7568610-1,0.218624,0.0
7851455-4,7851455-6,0.9611827,1.0
3141707-1,3141707-4,0.65453434,1.0
2976516-1,3424872-1,0.5675137,0.0
4304124-2,8441517-1,0.46447504,0.0
3556532-2,3556532-4,0.7506845,1.0
8131327-2,8131327-6,0.8823328,1.0
5346846-1,7044482-1,0.6079558,0.0
7486574-2,7486574-4,0.6474915,1.0
5075292-1,6037806-2,0.21445179,0.0
4558191-2,4558191-3,0.82012486,1.0
4523650-1,7837857-1,0.7695277,0.0
8464303-1,8464303-2,0.78641707,1.0
3875975-1,3875975-5,0.6959057,1.0
6346695-2,6346695-4,0.614591,1.0
6691767-1,6691767-4,0.45375034,1.0
3545244-1,4604645-1,0.44096395,0.0
3877580-1,6904911-1,0.5619094,0.0
7548147-1,8305662-1,0.35965356,0.0
5344045-2,8176117-2,0.08665536,0.0
5712115-2,5712115-6,0.9157991,1.0
3686605-2,3686605-4,0.53025717,1.0
7033701-1,7033701-3,0.81509453,1.0
5051666-1,5298907-1,0.40164617,0.0
4295338-1,8650131-1,0.029249303,0.0
5142319-1,8460218-1,0.46489802,0.0
4837620-1,5842452-1,0.059043515,0.0
8406395-2,8406395-3,0.78861415,1.0
8462416-3,8462416-5,0.7418628,1.0
8218350-1,8218350-2,0.52240205,1.0
7306366-2,8272363-1,0.46749428,0.0
4387352-1,4837620-1,0.53800565,0.0
6429545-1,8024449-1,0.09571313,0.0
3732667-1,7678230-2,0.08750282,0.0
2879827-1,2879827-2,0.5782096,1.0
5839187-1,5839187-2,0.76083827,1.0
3935506-1,3935506-2,0.29611215,0.0
7558676-1,7558676-2,0.59891504,1.0
6683889-3,6683889-7,0.599675,1.0
6846306-1,7875147-1,0.21201123,0.0
2856359-1,2856359-2,0.9306117,1.0
8182236-3,8182236-4,0.7505893,1.0
6526982-1,6526982-4,0.9329235,1.0
3667440-2,3667440-3,0.5943317,1.0
2844426-1,2844426-4,0.74722886,1.0
4222113-1,7383179-1,0.26443797,0.0
6788842-1,8355822-1,0.17560747,0.0
6180826-1,8343560-1,0.712354,0.0
3469390-2,8683277-2,0.8558001,0.0
3447677-2,6597856-1,0.49503362,0.0
6766258-1,6766258-4,0.51911163,1.0
6208225-1,7448406-3,0.20851623,0.0
4710113-1,4710113-2,0.98529255,1.0
6518723-1,7369649-2,0.58592796,0.0
7365046-1,8364993-1,0.15070096,0.0
5723948-1,7520796-4,0.21355744,0.0
3883268-1,5392909-1,0.25864714,0.0
8113413-3,8113413-7,0.8385662,1.0
6598598-4,6598598-6,0.84922016,1.0
2045672-1,4081653-2,0.1346309,0.0
7140078-1,7140078-5,0.47294027,1.0
5407778-1,5407778-3,0.37109622,1.0
3685644-1,8155807-1,0.08640691,0.0
5964539-1,5964539-3,0.49378946,1.0
7434289-1,8098805-1,0.37870783,0.0
6029987-1,7233718-1,0.25293893,0.0
6448983-3,6448983-4,0.8766119,1.0
3917647-2,3959523-1,0.3584974,0.0
6380751-1,7879370-1,0.14280432,0.0
7554384-2,7554384-6,0.8446622,1.0
6643316-3,6643316-4,0.67208916,1.0
7011514-1,8440069-1,0.07848239,0.0
3996354-3,4000642-1,0.15952833,0.0
5674454-1,5674454-2,0.5094462,1.0
4083712-1,7952297-2,0.18544593,0.0
8653493-2,8653493-4,0.9105378,1.0
6020266-2,6020266-7,0.5420713,1.0
7532851-2,7654398-2,0.16061217,0.0
7071686-1,8410986-1,0.2728949,0.0
2817864-1,2817864-2,0.3589228,1.0
4835656-1,7784746-1,0.45787644,0.0
8004358-2,8004358-3,0.9166883,1.0
3575003-2,3942612-1,0.31904882,0.0
5192310-1,8133146-1,0.2738725,0.0
6878928-3,6878928-4,0.7382513,1.0
7367386-10,7367386-9,0.8521224,1.0
8016577-2,8016577-3,0.7608226,1.0
4782467-1,4782467-3,0.34500018,1.0
7000928-2,7000928-5,0.6591302,1.0
5358236-1,6421649-1,0.33230492,0.0
7992822-1,7992822-3,0.758879,1.0
2776156-1,2776156-2,0.814071,1.0
3519024-1,3519024-2,0.6916749,1.0
6797010-1,7586549-1,0.49776325,0.0
5758287-2,8543884-1,0.59096426,0.0
8645492-1,8645492-2,0.6953963,1.0
7524933-2,7524933-3,0.24367489,1.0
7737761-1,7737761-2,0.4015938,1.0
4257951-1,8310905-1,0.76560295,0.0
6124168-2,6124168-6,0.53052014,1.0
2507719-1,6712609-4,0.64707994,0.0
5394408-2,5394408-3,0.5991906,1.0
3965922-1,7915159-1,0.70353514,0.0
4377485-2,4377485-3,0.8245539,1.0
6607580-1,7849327-1,0.07340634,0.0
3447179-5,7492561-1,0.52258265,0.0
4162020-4,4162020-5,0.88403344,1.0
8438098-1,8438098-3,0.52846164,0.0
5808087-1,5836209-1,0.4970862,0.0
6898878-1,6898878-2,0.51514685,1.0
2776156-2,2776156-7,0.94829935,1.0
7083246-1,7083246-3,0.4560806,1.0
4357406-1,5642814-1,0.41379213,0.0
8359901-1,8359901-3,0.6976202,1.0
6218349-4,6218349-5,0.7781682,1.0
8363077-1,8363077-5,0.7295075,1.0
3645620-4,3645620-6,0.75151086,1.0
6261092-1,6306630-1,0.18110406,0.0
6652254-1,6652254-2,0.27640274,1.0
8105452-1,8105452-2,0.31262726,1.0
7113199-1,7113199-6,0.6129673,1.0
7590748-2,7590748-5,0.6988414,1.0
3902577-2,4330492-1,0.5634769,0.0
2740046-1,3959345-1,0.35999516,0.0
2610650-1,2940861-1,0.058654338,0.0
5998279-1,8016381-1,0.76289016,0.0
3212971-1,3517946-1,0.5805188,0.0
4608621-1,8565123-2,0.08724412,0.0
2636015-1,2636015-3,0.8382112,1.0
4826924-1,6473094-1,0.54552865,0.0
8364764-2,8364764-8,0.8395523,1.0
5904767-1,5904767-2,0.79737794,1.0
8669740-1,8669740-2,0.82534325,1.0
3920611-1,3920611-2,0.47084117,1.0
6700539-1,8180324-1,0.753162,0.0
2627235-1,7220086-1,0.49877232,0.0
4818801-1,6754877-1,0.09617266,0.0
8072080-2,8435096-2,0.3489941,0.0
7255656-1,8102744-1,0.45289877,0.0
1236943-1,6588153-1,0.14440678,0.0
5022210-1,6008761-1,0.3854902,0.0
5458002-1,7989778-1,0.7454553,0.0
5308046-1,7171607-5,0.044589937,0.0
5723948-1,7520796-4,0.21355744,0.0
4830712-1,4830712-5,0.76773244,1.0
5480102-1,6639934-1,0.11645476,0.0
6843603-5,6887600-1,0.52827346,0.0
2856528-1,2856528-5,0.8149571,1.0
6159302-2,6159302-4,0.85102594,1.0
7349802-3,7349802-4,0.7072928,1.0
7020598-1,7020598-2,0.519527,1.0
5657803-1,5657803-3,0.670022,1.0
7383351-1,8132458-3,0.47656092,0.0
3996150-1,3996150-2,0.799718,1.0
4053105-1,4053105-5,0.5851631,1.0
3692154-1,4020496-2,0.30172133,0.0
2531125-2,2531125-3,0.34226283,1.0
2916111-1,5074815-2,0.42907438,0.0
5502322-1,6911275-1,0.062152524,0.0
1687152-1,8015043-1,0.5263974,0.0
7954274-1,7954274-2,0.40834418,1.0
6042488-5,6042488-7,0.890802,1.0
3278635-1,7402443-1,0.22975673,0.0
8615408-1,8615408-2,0.8044121,1.0
4678475-6,4678475-8,0.827291,1.0
5589503-1,8405313-1,0.40275753,0.0
1087841-4,7672393-1,0.5512472,0.0
3747622-1,6174779-2,0.15803456,0.0
3891421-2,5485294-1,0.6777318,0.0
7934535-2,7934535-3,0.61799186,1.0
6236112-4,6236112-6,0.9176798,1.0
4627117-1,4670630-1,0.82242304,0.0
3180835-1,3180835-2,0.8034454,1.0
3438302-1,7872596-1,0.3939862,0.0
5004557-1,7118981-1,0.49264306,0.0
3276803-1,3276803-2,0.86017096,1.0
8709964-1,8709964-3,0.6713728,1.0
7644292-1,7644292-2,0.4176665,0.0
5556877-2,5556877-3,0.73182595,1.0
6905268-1,8203267-1,0.7561275,0.0
8391342-12,8391342-20,0.97835577,1.0
6304711-1,6304711-7,0.9843289,1.0
5336392-1,6751912-2,0.14524776,0.0
8133044-1,8133044-15,0.8032595,1.0
3022785-1,3022785-2,0.32072502,1.0
6198218-2,6198218-4,0.5911182,1.0
2687639-4,3420572-1,0.37147814,0.0
5964539-1,5964539-3,0.49378946,1.0
3463145-1,3463145-2,0.89997643,1.0
7416177-2,7416177-5,0.7922127,1.0
4553364-1,7050623-2,0.23404126,0.0
5476656-3,5476656-7,0.36512133,1.0
6375371-4,6375371-5,0.8333697,1.0
2672125-1,7802127-1,0.67241997,0.0
8474637-1,8474637-4,0.55709326,1.0
5135402-1,5415788-1,0.13952273,0.0
5806580-2,5806580-3,0.46047628,1.0
6369346-6,6369346-8,0.58494234,1.0
4560314-1,4602450-1,0.07857887,0.0
5434608-1,5434608-2,0.62764287,1.0
3995150-1,4468993-1,0.52893966,0.0
7238787-1,7238787-3,0.7868139,1.0
7663930-1,7663930-4,0.67346257,1.0
6890279-1,8003149-1,0.30307406,0.0
5700606-1,7918020-1,0.48827362,0.0
7587992-6,7587992-7,0.93502045,1.0
2933483-1,2933483-2,0.433186,1.0
5510768-1,5510768-3,0.94116867,1.0
4310100-1,8057747-4,0.40313557,0.0
4329938-1,8523476-1,0.18807715,0.0
2640403-1,2640403-8,0.8262873,1.0
8435921-7,8435921-8,0.6460004,1.0
7936921-1,8051572-1,0.5102225,0.0
7490089-1,7813008-1,0.4144146,0.0
4501144-1,6639585-1,0.4918761,0.0
6506424-2,8215346-1,0.33793762,0.0
4135106-1,8637990-1,0.10642298,0.0
4273476-1,4273476-3,0.4635725,1.0
8391342-11,8391342-21,0.91114646,1.0
3995150-1,4468993-1,0.52893966,0.0
3212971-1,3212971-2,0.7625075,1.0
4840810-2,4840810-3,0.880304,1.0
7072995-1,7072995-2,0.83923656,1.0
3897766-1,3897766-2,0.6673312,1.0
8069347-1,8069347-2,0.65089166,1.0
4434493-2,4434493-4,0.38811854,1.0
4857311-1,6821909-2,0.052409552,0.0
4849312-1,4849312-2,0.63864565,1.0
6247437-1,6247437-3,0.82858884,1.0
4279969-2,8103283-4,0.50184005,0.0
4958707-2,5902111-1,0.3905104,0.0
4274651-1,7698664-1,0.014041798,0.0
5545587-1,6590676-1,0.34559408,0.0
4924409-1,4924409-2,0.39252034,1.0
7039182-1,7039182-2,0.6237037,1.0
4993830-1,7559758-1,0.708073,0.0
2872666-3,4592716-1,0.8054416,0.0
4308088-2,4308088-7,0.65881926,1.0
4279969-1,4279969-4,0.62490803,1.0
3959541-1,7405752-2,0.4073896,0.0
3917645-1,8357653-1,0.787111,0.0
4736906-1,4736906-2,0.7251367,1.0
4241302-1,8629683-1,0.1384718,0.0
3679789-1,3679789-2,0.688335,1.0
6710848-1,8587683-1,0.67880195,0.0
7506272-2,7506272-3,0.95087206,1.0
7366428-5,7366428-7,0.9611453,1.0
2475604-2,8655243-1,0.268519,0.0
5819108-3,5819108-9,0.85969657,1.0
3914224-1,3914224-2,0.7115517,1.0
7384027-4,7384027-5,0.2529049,1.0
3154864-1,7140141-2,0.17865932,0.0
7138425-1,7888275-1,0.547501,0.0
6158768-1,7653271-1,0.6960527,0.0
4545786-1,7642573-1,0.35015592,0.0
4171577-1,4171577-3,0.6289413,1.0
7829606-3,7829606-4,0.6589569,1.0
4614647-1,7647747-2,0.72480154,0.0
7079483-1,7733434-1,0.61830825,0.0
6813690-1,6813690-4,0.47093698,1.0
3491235-1,8653733-1,0.5217724,0.0
7004755-1,7004755-3,0.3950251,1.0
5571603-4,5571603-5,0.8475766,1.0
3111127-4,5074022-2,0.19991046,0.0
3141725-1,546198-2,0.24549678,0.0
6003790-1,6003790-9,0.2436463,1.0
4584512-1,7395378-1,0.2174354,0.0
2801516-1,8613957-1,0.6110212,0.0
4082929-1,5618723-1,0.49827552,0.0
6816128-1,6816128-2,0.9355211,1.0
8611551-2,8611551-4,0.86301684,1.0
4411725-1,4411725-2,0.29419282,1.0
3733041-5,3733041-6,0.754454,1.0
8386154-11,8386154-5,0.740804,1.0
8071213-2,8071213-3,0.6009899,1.0
2801516-1,8613957-1,0.6110212,0.0
3777329-1,8492135-1,0.3122763,0.0
8673679-2,8673679-3,0.7872224,1.0
7083185-1,8055531-1,0.5390974,0.0
3955822-1,3955822-3,0.89606094,1.0
1636634-1,3764959-1,0.031748135,0.0
2590610-1,5526306-2,0.054762274,0.0
3741472-1,8634112-1,0.23856685,0.0
8044528-1,8044528-3,0.7410155,1.0
3139357-1,3139357-3,0.21559098,1.0
2821765-1,7337592-1,0.24518159,0.0
2776156-7,2776156-9,0.75420743,1.0
6603818-1,6708964-3,0.5748513,0.0
6411342-1,6411342-2,0.69223684,1.0
8436292-4,8436292-6,0.8027323,1.0
7658305-1,7658305-2,0.8061707,1.0
1867809-3,6288569-1,0.74136794,0.0
1847680-1,5287178-1,0.57170403,0.0
4857254-1,7349140-2,0.11154328,0.0
3814995-1,6132149-1,0.70179844,1.0
3633231-2,8454244-1,0.32534593,0.0
7174855-1,7506050-2,0.20849413,0.0
5988756-11,5988756-9,0.7246113,1.0
6820329-1,6940042-1,0.18215814,0.0
2588591-1,3042991-1,0.16695361,0.0
2749194-1,2749194-3,0.88990426,1.0
4039103-1,8483391-1,0.13602528,0.0
3858807-2,8383648-1,0.31845528,0.0
6064090-1,8103795-1,0.49244928,0.0
7784239-11,7784239-5,0.57225186,1.0
7351623-1,7522391-2,0.25690645,0.0
5556707-1,5556707-2,0.86134315,1.0
4856713-2,5906593-2,0.5431472,0.0
3343425-1,3343425-2,0.73407865,1.0
7220005-2,7220005-5,0.8938958,1.0
4506926-1,7303542-1,0.17518887,0.0
5674454-1,5674454-2,0.5094462,1.0
4832259-2,8145651-1,0.106173314,0.0
1564177-2,1564177-4,0.6943347,1.0
7311546-10,7311546-3,0.67125225,1.0
5344045-2,8176117-2,0.08665536,0.0
7649103-2,7649103-8,0.8131546,1.0
5340929-1,7535637-1,0.23894955,0.0
3400883-1,6585203-1,0.2628566,0.0
7201630-1,8196506-1,0.10096012,0.0
2628089-1,3977455-2,0.28632027,0.0
6580405-1,6580405-2,0.74497634,1.0
6556287-1,8702120-1,0.48533118,0.0
3777329-1,8492135-1,0.3122763,0.0
5643991-4,7294878-1,0.05283404,0.0
5299177-1,5666216-1,0.13120161,0.0
8286409-1,8286409-2,0.6914779,1.0
7152536-1,8254151-1,0.35374328,0.0
8373181-1,8373181-2,0.48440307,1.0
6327820-1,6327820-2,0.54738945,1.0
5988756-10,5988756-2,0.7432246,1.0
5715253-1,8257447-1,0.96241206,1.0
5845586-4,5845586-5,0.58119005,1.0
7961132-1,8580639-1,0.20220813,0.0
7273174-1,7273174-4,0.9311666,1.0
7962471-1,7962471-2,0.62090635,1.0
1199590-1,4602606-1,0.037234813,0.0
4346121-6,4346121-7,0.6431732,1.0
7061685-1,7061685-6,0.78254074,1.0
8195896-1,8195896-2,0.90680647,1.0
3394863-2,3394863-3,0.5856443,1.0
7983550-1,7983550-2,0.6803943,1.0
4863789-4,8244243-1,0.81419986,0.0
3611916-1,5447535-1,0.12689531,0.0
5778562-1,8142605-1,0.50445807,0.0
7649461-1,7649461-5,0.89634776,1.0
7082370-1,7757713-6,0.13125034,0.0
7725582-1,8571962-1,0.43632168,0.0
5803709-5,6945574-1,0.8057458,0.0
7031900-1,7337468-1,0.051410012,0.0
7706375-1,7909161-1,0.37700334,0.0
3221906-1,6426556-1,0.47807214,0.0
6830030-1,6830030-3,0.7179528,1.0
4932791-1,4932791-2,0.5621521,1.0
4307220-1,6167081-3,0.08448575,0.0
7188262-3,7188262-4,0.86709136,1.0
6660059-1,8495172-1,0.3201635,0.0
3073952-1,5649997-2,0.10479915,0.0
6260670-1,6260670-2,0.594915,1.0
4094581-4,4094581-5,0.62272924,1.0
1236943-1,6588153-1,0.14440678,0.0
8422025-3,8422025-7,0.88197243,1.0
8237419-2,8237419-5,0.884169,1.0
8646190-3,8646190-9,0.9418824,1.0
5215207-2,5215207-3,0.48578703,1.0
5611712-4,7769593-1,0.739536,0.0
6327474-1,6784619-1,0.22888815,0.0
3646555-2,8700716-4,0.67305046,0.0
4283528-3,8363978-1,0.4994862,0.0
4659983-1,4659983-3,0.9239467,1.0
3874335-1,6938728-1,0.07577718,0.0
3996171-1,3996171-2,0.686561,1.0
4765255-4,4765255-5,0.70814186,1.0
3212603-1,3212603-2,0.41392186,1.0
5553064-1,5932522-2,0.49770725,0.0
5486553-4,5486553-5,0.8544148,1.0
6956960-1,8255699-1,0.15594156,0.0
4797442-1,6038655-1,0.0958939,0.0
2955342-1,2955342-3,0.555117,1.0
3057253-1,6816536-1,0.30181006,0.0
2840741-1,7515789-1,0.061399516,0.0
5073164-1,5073164-2,0.29263967,1.0
4810902-1,4810902-2,0.57358295,1.0
2845357-2,2845357-3,0.79044473,1.0
7543102-1,7543102-4,0.70405525,1.0
3968654-1,5053268-1,0.30872303,0.0
1821026-1,4800938-1,0.10636116,0.0
4513765-1,6215986-1,0.06427543,0.0
6609309-1,6837833-2,0.14683335,0.0
4355643-1,4635580-1,0.40730894,1.0
6009024-1,6322182-1,0.953944,1.0
5857344-4,7222518-1,0.73872715,0.0
6547447-4,8330607-1,0.57630885,0.0
4320515-1,4573614-1,0.5498374,0.0
3109347-2,3109347-3,0.39310062,1.0
6366126-1,6366126-2,0.7938448,1.0
4873987-1,6407372-2,0.9533996,1.0
6037803-2,6037803-3,0.786979,1.0
3421943-1,3937490-1,0.19504371,0.0
5778725-1,6041406-1,0.27651754,0.0
5460656-1,5460656-6,0.5432668,1.0
3589613-1,7721848-1,0.5520018,0.0
4864885-1,8330615-1,0.28104228,0.0
7737526-1,7913009-1,0.4490058,0.0
6712628-1,6735318-1,0.16745032,0.0
8326455-3,8326455-5,0.58803624,1.0
2075483-1,2075483-3,0.8737153,1.0
7789137-2,7789137-3,0.9626118,1.0
8007227-1,8007227-2,0.36971402,1.0
4674614-1,7193347-1,0.26597983,0.0
7489606-1,8354941-1,0.93093413,1.0
4259002-1,4259002-3,0.9262513,1.0
7711629-4,7711629-9,0.63160324,1.0
2526092-1,3068105-1,0.26681483,0.0
1413535-1,6109557-1,0.09627733,0.0
3874362-1,5121568-1,0.2116946,0.0
5404322-1,5569297-1,0.14835146,0.0
8645492-1,8645492-2,0.6953963,1.0
4441244-2,4441244-3,0.885925,1.0
7012740-1,7012740-2,0.40684545,1.0
8151272-3,8151272-4,0.89658695,1.0
7098346-1,8405206-2,0.34778586,0.0
2806860-1,6329243-1,0.271552,0.0
1906806-2,1906806-8,0.81286174,1.0
5991270-1,5991270-4,0.74853337,1.0
3883471-1,5786228-3,0.11265898,0.0
6324859-2,6324859-4,0.21612714,1.0
7889795-1,8510634-1,0.41686508,0.0
7305484-3,7305484-4,0.81874025,1.0
8295969-1,8544377-1,0.85755265,0.0
3972859-1,4531603-1,0.11075797,0.0
6481216-1,6481216-4,0.41768008,1.0
3158120-1,8383700-1,0.48480424,0.0
8496678-2,8496678-3,0.75901896,1.0
3891421-2,5485294-1,0.6777318,0.0
7398031-1,7398031-3,0.8115548,1.0
3772257-1,4641957-1,0.22216031,0.0
4508147-1,4508147-2,0.70440227,1.0
7147292-2,7275959-1,0.1073641,0.0
3463145-1,3463145-2,0.89997643,1.0
6644311-1,6644311-2,0.4987113,1.0
4136409-1,5429156-1,0.46293753,0.0
7981696-1,7981696-3,0.4404633,1.0
8198063-1,8198063-2,0.71813583,1.0
3291707-1,8188865-1,0.0847768,0.0
7353792-1,7353792-2,0.71395576,1.0
4494526-1,7192250-2,0.041291993,0.0
6103365-1,6103365-5,0.7208107,1.0
5343133-1,5343133-3,0.51226693,1.0
4185326-1,6567761-2,0.8784184,0.0
4054063-1,6460898-1,0.23239739,0.0
7851455-7,7851455-8,0.9458334,1.0
7676773-1,8608521-1,0.44694185,0.0
6456843-1,6456843-2,0.63843447,1.0
4540516-1,7900534-1,0.7490459,0.0
4686635-1,8573193-1,0.3980867,0.0
5336392-1,6751912-2,0.14524776,0.0
7295558-1,7295558-2,0.718518,1.0
5998940-1,8464357-1,0.2581777,0.0
3227238-1,5887274-1,0.5131695,0.0
5030402-1,5030402-2,0.5131408,1.0
4404004-1,5464515-1,0.2054782,0.0
2629958-1,6183653-2,0.30438352,0.0
6150707-1,8354585-1,0.8017613,0.0
2840960-1,7512028-1,0.77603704,0.0
3383489-2,7793215-1,0.55386376,0.0
5075599-1,8028090-1,0.5408039,0.0
7997683-1,7997683-2,0.46501982,1.0
7513650-1,7649945-1,0.06346951,0.0
2827085-4,4662030-1,0.33798367,0.0
7189886-1,8091626-1,0.49535424,0.0
7011274-3,7011274-5,0.7517205,1.0
6158977-1,8653749-3,0.23457916,0.0
6607705-2,6607705-3,0.80985034,1.0
6302191-2,8422423-1,0.6541355,0.0
3620045-1,4982345-1,0.046955187,0.0
3920673-4,3920673-5,0.80829746,1.0
2944857-1,2944857-4,0.5874974,1.0
3303530-1,5822601-1,0.49551624,0.0
5043170-4,5448299-1,0.74439186,0.0
5341637-1,7843435-1,0.8082765,0.0
7055463-3,7055463-5,0.74309623,1.0
4065275-1,4065275-2,0.6744312,1.0
5192280-2,8111112-2,0.21745965,0.0
8602920-1,8602920-3,0.70823187,1.0
4500871-2,5159176-1,0.8794375,0.0
5481954-1,7924160-3,0.4390618,0.0
7574058-2,8362535-1,0.40524006,0.0
4811070-1,8258851-1,0.022118542,0.0
6310511-1,6310511-3,0.78266037,1.0
3981990-1,6350430-1,0.0655124,0.0
6360730-4,6507382-1,0.67842567,0.0
4281442-1,5590770-1,0.25512442,0.0
8258108-3,8258108-5,0.8485019,1.0
3789090-1,6177085-1,0.07910696,0.0
3570192-4,5562341-1,0.40609202,0.0
4129927-1,4129927-2,0.82604706,1.0
3744717-1,3744717-2,0.410883,1.0
8242322-1,8242322-2,0.76831704,1.0
5358259-1,8046466-2,0.21184401,0.0
7491683-1,8458043-1,0.07925833,0.0
8004176-1,8004176-3,0.78285563,1.0
4268616-1,8709556-8,0.13913009,0.0
2661527-1,4714482-1,0.8302512,0.0
4137507-1,7998388-3,0.11476954,0.0
8603415-1,8637793-3,0.3431205,0.0
4418101-1,7771832-1,0.27824113,0.0
3170099-1,3170099-3,0.9224881,1.0
8474090-1,8474090-2,0.3394374,1.0
4302118-4,4302118-5,0.79208267,1.0
8483017-1,8636200-1,0.553111,0.0
5201065-2,5201065-9,0.7319848,1.0
1851705-1,1851705-7,0.6964423,1.0
6360730-1,6360730-2,0.8518938,1.0
2586017-1,6196664-1,0.4959239,0.0
8560865-1,8560865-2,0.5964321,1.0
3999730-1,4337351-2,0.22441877,0.0
6600896-1,6774008-1,0.099347696,0.0
8585856-1,8638050-1,0.12790313,0.0
3620045-1,4982345-1,0.046955187,0.0
5289268-3,5289268-4,0.86937565,1.0
3874988-3,7761291-1,0.2124032,0.0
3712245-2,7945658-1,0.2826986,0.0
3418013-1,5817294-1,0.27463415,0.0
2791725-1,4821986-1,0.5119451,0.0
4109169-1,8225958-1,0.48577952,0.0
5015253-3,5015253-6,0.91492534,1.0
7784179-1,8462110-1,0.438478,0.0
8077172-19,8077172-7,0.8129541,1.0
2629953-1,2629953-2,0.31088644,1.0
3249280-1,6476008-1,0.40429893,0.0
7004578-1,7004578-2,0.79938513,1.0
3945949-1,6344145-3,0.425182,0.0
6060766-4,6060766-6,0.9170817,1.0
548304-1,7469333-1,0.89230645,1.0
8291460-1,8606058-1,0.118825346,0.0
8683277-3,8683277-4,0.53969806,1.0
5798152-3,5798152-5,0.96163183,1.0
7388669-1,7388669-2,0.9018605,1.0
8051170-1,8371642-2,0.19303972,0.0
6120411-1,8573194-1,0.6294278,0.0
3597928-1,5359445-3,0.111660145,0.0
5437390-1,5909095-1,0.096517764,0.0
3371494-1,3664476-1,0.3552709,0.0
7241664-1,7506380-1,0.32989535,0.0
3467775-2,3467775-3,0.8169772,1.0
7199476-1,7654201-1,0.12722313,0.0
8558814-1,8558814-2,0.60571325,1.0
4377782-1,8018181-1,0.22774285,0.0
2913530-1,2913530-2,0.82177174,1.0
8436292-3,8436292-7,0.6603312,1.0
3509421-1,4400448-1,0.540728,0.0
4143527-1,4143527-2,0.8820444,1.0
5071172-1,5642869-1,0.045188893,0.0
3162267-1,3162267-3,0.90522116,1.0
3089823-1,6154823-1,0.09073033,0.0
4771872-1,8285516-1,0.5982673,0.0
4326292-1,4413529-1,0.050787203,0.0
3888042-1,4003755-1,0.3310278,0.0
5344045-2,5344045-4,0.55873555,1.0
5642131-14,5642131-15,0.6295001,1.0
5015253-3,5015253-6,0.91492534,1.0
3350195-1,5736504-1,0.5991426,0.0
3952392-1,7451310-1,0.6755997,0.0
4061211-1,6076903-1,0.12132343,0.0
2840962-1,3934617-1,0.34083036,0.0
6600893-1,7815080-1,0.15252176,0.0
6475530-2,6475530-3,0.77188313,1.0
1906806-1,1906806-5,0.92657083,1.0
5043164-1,5378858-1,0.28127947,0.0
6573798-1,6573798-2,0.5437542,1.0
4541672-5,4541672-7,0.7533218,1.0
8395467-3,8395467-4,0.79639214,1.0
4745280-1,6558365-4,0.42923558,0.0
4480301-1,4480301-3,0.8008823,1.0
5668510-1,7818179-1,0.6382266,0.0
4290039-1,8465737-1,0.73429215,0.0
6064627-1,6631397-1,0.2880687,0.0
8025792-1,8025792-2,0.48280683,1.0
3122547-1,4370011-1,0.26686049,0.0
7722635-1,8281630-2,0.2916105,0.0
4306070-1,4306070-2,0.5356701,1.0
5112881-1,5112881-2,0.7997061,1.0
8343451-1,8343451-2,0.8327003,1.0
6796738-1,6796738-2,0.8014915,1.0
3040089-2,3040089-4,0.98123276,1.0
3786919-3,3786919-4,0.68044424,1.0
5075599-1,8028090-1,0.5408039,0.0
4458292-1,6069027-3,0.07636461,0.0
7569537-1,7569537-3,0.9236226,1.0
5507564-1,7952297-2,0.5506899,0.0
4515470-1,6023324-3,0.3966669,0.0
8385252-1,8385252-2,0.617935,1.0
7520796-1,7520796-4,0.91567105,1.0
8242322-1,8242322-2,0.76831704,1.0
8276610-1,8276610-7,0.7825699,1.0
7394093-1,7394093-3,0.8835166,1.0
4049013-1,5838879-1,0.78017217,0.0
7737761-2,8578242-2,0.16599369,0.0
3078545-1,3078545-2,0.6447752,1.0
4003766-1,5439251-1,0.55891174,0.0
3214566-1,5461669-1,0.22788838,0.0
3006383-1,3808023-1,0.16290331,0.0
7714405-1,7714405-3,0.9055433,1.0
7712585-2,7712585-4,0.7438547,1.0
3965940-1,3965940-2,0.688057,1.0
6530164-1,8313357-1,0.7083413,0.0
8288805-1,8288805-2,0.4523095,1.0
2859362-3,2859362-4,0.8208836,1.0
6592467-1,8304196-1,0.39531675,0.0
4386778-1,7387005-1,0.7233094,0.0
4475532-1,6159116-3,0.20077018,0.0
6283126-1,7908330-1,0.1888819,0.0
5747772-1,6159285-1,0.9279555,1.0
4544560-2,4745617-1,0.6324676,0.0
6702856-1,6702856-2,0.8437651,1.0
7104189-1,7838088-1,0.8098026,0.0
3965955-2,3965955-3,0.8617366,1.0
4660492-1,4660492-3,0.9064463,1.0
7416177-2,7416177-5,0.7922127,1.0
3407696-2,3407696-5,0.7030969,1.0
4678475-4,4678475-9,0.939873,1.0
8391342-2,8391342-30,0.80561143,1.0
7470563-1,7470563-3,0.7714715,1.0
4722931-1,6410385-1,0.3760433,0.0
3380669-1,3380669-5,0.86256385,1.0
7421811-2,7421811-3,0.8556152,1.0
5017845-5,5017845-6,0.9109184,1.0
3177392-1,5536658-1,0.26629823,0.0
4778215-1,4778215-2,0.8488787,1.0
6820329-1,6940042-1,0.18215814,0.0
8045356-1,8045356-4,0.29274133,1.0
7180521-1,7180521-2,0.73203814,1.0
3072537-1,3072537-2,0.753305,1.0
6428001-1,7383197-1,0.25746518,0.0
7819403-1,7819403-2,0.58402276,1.0
4010026-1,8356265-1,0.041104175,0.0
7883475-1,8226947-4,0.58713734,0.0
6312625-3,6312625-4,0.66822845,1.0
6169347-1,7096369-4,0.23458807,0.0
7493264-1,7493264-2,0.44058704,1.0
2927790-1,4856911-2,0.679876,0.0
3223146-1,3223146-5,0.6717616,1.0
5045678-1,6562613-1,0.29279163,0.0
4114706-1,6687342-1,0.36431566,0.0
5139751-1,8471443-1,0.07756361,0.0
8288805-1,8288805-2,0.4523095,1.0
7644292-1,7644292-2,0.4176665,0.0
2693828-1,4225066-1,0.5600708,0.0
3687156-1,5992757-1,0.6381699,0.0
8077172-19,8077172-3,0.68887043,1.0
5112881-1,5112881-2,0.7997061,1.0
5101515-1,7274261-2,0.87978435,0.0
5525297-1,7423228-1,0.60290706,0.0
5308046-1,6057701-1,0.45582673,0.0
5759073-3,5759073-7,0.8078557,1.0
2910292-1,2910292-2,0.46649772,1.0
7767836-1,7767836-2,0.45189667,1.0
2827140-2,2827140-5,0.3053958,1.0
6064090-1,8103795-1,0.49244928,0.0
3667317-1,8157604-3,0.66903466,0.0
7396272-3,7396272-4,0.79880834,1.0
2813646-4,4890859-2,0.7077998,0.0
4567365-1,4996839-1,0.79795444,0.0
5128960-1,7530160-1,0.22361378,0.0
3097561-1,3614810-1,0.27841565,0.0
7394590-2,7394590-3,0.5311955,1.0
3905562-1,5998278-1,0.25984898,0.0
7683687-1,7683687-2,0.33150175,1.0
2740021-1,3573578-3,0.599275,0.0
3841631-3,8699977-3,0.7519951,0.0
6357504-1,6357504-2,0.7371894,1.0
7050957-1,7050957-2,0.78993785,1.0
7813077-1,7813077-4,0.7297243,1.0
2820005-1,8563140-1,0.80035865,0.0
7014659-2,7014659-3,0.77078104,1.0
6533970-1,6533970-5,0.80504715,1.0
6549290-1,6549290-5,0.57720584,1.0
7585363-1,7585363-2,0.45183086,1.0
4346121-2,4346121-8,0.78886586,1.0
2628018-3,2628018-4,0.8626975,1.0
5858623-1,6445561-1,0.7513031,0.0
5968295-1,5968295-2,0.55515265,1.0
2640403-1,2640403-8,0.8262873,1.0
5685865-1,5685865-2,0.58881676,1.0
8113413-3,8113413-7,0.8385662,1.0
5842739-1,6314087-1,0.059761513,0.0
4533788-1,4533788-2,0.6686847,1.0
7543146-1,7727771-1,0.49393207,0.0
8072659-1,8072659-2,0.8683776,1.0
2789959-1,5370478-1,0.16269536,0.0
3781259-2,3781259-3,0.74538577,1.0
4275826-1,5059088-1,0.45920983,0.0
8203287-1,8381434-1,0.39862254,0.0
3670628-1,4570758-1,0.15689178,0.0
5225327-2,5225327-4,0.95626307,1.0
4490611-1,7206957-1,0.6118269,0.0
4686810-5,4686810-8,0.85628325,1.0
7341056-3,7341056-4,0.15761825,1.0
4993416-2,8445045-1,0.22984686,0.0
2241629-1,6108451-1,0.12182953,0.0
4686708-1,8542344-1,0.22172636,0.0
7882755-3,7882755-5,0.5497894,1.0
3052619-1,8685962-1,0.5819456,0.0
7584942-1,7584942-2,0.72355545,1.0
5295534-1,5295534-2,0.8407655,1.0
7003160-1,8465228-1,0.12011619,0.0
4206930-1,8052521-1,0.24581498,0.0
7029452-2,7557114-1,0.18572311,0.0
3286781-1,5898115-2,0.34191984,0.0
3322208-1,4518717-1,0.05635602,0.0
3756167-1,8493291-1,0.6474168,0.0
2908797-1,8004176-8,0.1408712,0.0
2700444-1,8180332-1,0.13407244,0.0
6498959-2,6498959-5,0.81427145,1.0
6327820-1,6327820-2,0.54738945,1.0
5988756-10,5988756-2,0.7432246,1.0
5642131-1,5642131-6,0.80722797,1.0
5328445-2,5328445-3,0.745717,1.0
7132571-1,7132571-2,0.8872978,1.0
3114312-3,3114312-4,0.76410127,1.0
3830790-1,7420727-1,0.4316848,0.0
6984193-4,6984193-5,0.5955274,1.0
6142793-1,6142793-3,0.49732408,1.0
4603113-3,4603113-6,0.8307078,1.0
7927549-3,7927549-7,0.5389272,1.0
3121716-1,7862149-1,0.78254825,0.0
6085930-1,6085930-2,0.39033657,1.0
4750307-1,4750307-2,0.6597642,1.0
3240800-3,5661322-1,0.57332814,0.0
6167103-1,6167103-2,0.31501624,1.0
4437287-1,6681500-1,0.35913515,0.0
4641927-1,4641927-2,0.80066824,1.0
3095553-1,6837609-1,0.4923653,0.0
4856713-2,5906593-2,0.5431472,0.0
6062732-1,6062732-3,0.80353105,1.0
7299570-1,7299570-4,0.68138146,1.0
5045255-1,5045255-2,0.65758663,1.0
7434289-1,8098805-1,0.37870783,0.0
4998851-1,4998851-7,0.77496403,1.0
8015162-3,8015162-4,0.6226923,1.0
4865706-1,4865706-5,0.86974335,1.0
3446021-1,3905351-1,0.7371597,0.0
8133044-4,8133044-6,0.89536506,1.0
4840810-2,4840810-3,0.880304,1.0
5586844-1,5624261-1,0.26202777,0.0
2856528-1,2856528-5,0.8149571,1.0
3038876-1,3038876-2,0.85772616,1.0
3284869-1,5471772-1,0.2590604,0.0
8626173-1,8626173-3,0.9085882,1.0
8705528-10,8705528-4,0.69552255,1.0
3498786-1,3498786-2,0.73308665,1.0
3957503-2,4157378-1,0.8555867,0.0
3686641-1,3686641-2,0.6327046,1.0
6448983-3,6448983-4,0.8766119,1.0
7238787-1,7238787-3,0.7868139,1.0
7755517-1,7755517-2,0.63464445,1.0
8391342-28,8391342-29,0.8397727,1.0
4504872-5,4504872-6,0.8007796,1.0
5470651-1,6896742-1,0.36726457,0.0
4797442-1,6038655-1,0.0958939,0.0
3440507-1,3440507-2,0.80683875,1.0
3728039-1,7793034-1,0.24255107,0.0
3975209-1,3975209-2,0.8107713,1.0
8684541-1,8684541-4,0.38001147,1.0
3872241-1,3934774-1,0.30750698,0.0
7947317-4,7947317-5,0.61016595,1.0
7433066-1,7510479-1,0.4109364,1.0
7320044-1,7320044-3,0.7746779,1.0
8388796-5,8388796-8,0.40056723,1.0
5337234-2,5337234-9,0.9520984,1.0
4564623-1,4936023-1,0.39656836,0.0
5632852-1,8531930-1,0.29286534,0.0
7408727-1,7408727-2,0.41759148,1.0
7712585-2,7712585-4,0.7438547,1.0
2984347-1,6694281-1,0.12495235,0.0
4153245-1,4153245-2,0.12096856,0.0
2904264-1,7294531-1,0.682845,0.0
2800018-1,2800018-2,0.690494,1.0
5220453-1,5220453-3,0.9475755,1.0
5778725-1,6041406-1,0.27651754,0.0
4792151-4,4792151-5,0.36675638,1.0
4671226-4,7851455-8,0.7799654,0.0
5893346-3,5893346-6,0.8569695,1.0
5642131-13,5642131-5,0.9678674,1.0
8611478-2,8611478-3,0.8613077,1.0
8346514-2,8346514-3,0.93976873,1.0
3354801-1,8471370-1,0.62785417,0.0
8145651-1,8145651-2,0.812462,1.0
2970937-1,7981753-1,0.34047762,0.0
5405905-1,8387585-1,0.2737643,0.0
3591061-1,3591061-2,0.75383914,1.0
7306636-1,7813066-1,0.35794112,0.0
4826676-1,8373187-6,0.13039334,0.0
5882344-1,8666447-1,0.093733504,0.0
7052464-3,7052464-6,0.89335465,1.0
6258983-1,6258983-2,0.86791956,1.0
6205315-1,6205315-2,0.6517581,1.0
5339933-1,6357285-1,0.40027753,0.0
2848321-1,8281394-1,0.11167637,0.0
4081296-2,8694163-1,0.73738277,0.0
3775673-1,6992716-3,0.28599298,0.0
3069951-1,7912866-1,0.22976819,0.0
7584299-1,8530181-4,0.23866846,0.0
3161678-1,4971302-1,0.10147776,0.0
5798152-3,5798152-5,0.96163183,1.0
7163239-4,7365035-1,0.6856709,0.0
6962411-1,6962411-3,0.6302593,1.0
7008279-1,7008279-3,0.685264,1.0
4816771-1,4816771-2,0.53974885,1.0
3640228-1,7241960-3,0.5253673,0.0
4602778-1,4602778-2,0.07374366,1.0
4153863-1,4153863-3,0.7175521,1.0
5482953-1,7239576-1,0.11539484,0.0
3803119-2,7673280-3,0.35005552,0.0
3343251-1,3343251-2,0.7783573,1.0
4493942-2,6825486-1,0.5463419,0.0
5370308-1,6464489-1,0.18353975,0.0
3180835-1,3180835-2,0.8034454,1.0
7963407-1,7963407-2,0.6218279,1.0
4617973-1,4617973-2,0.67528486,1.0
5153464-1,8452165-1,0.25274715,0.0
8391342-18,8391342-19,0.86680174,1.0
3483317-1,3483317-2,0.39843258,1.0
7727127-1,8675570-1,0.1645055,0.0
3569403-1,3569403-2,0.67383075,1.0
8391342-30,8391342-31,0.34803432,0.0
3771407-1,3970361-1,0.1364188,0.0
3787645-1,7865033-1,0.055111207,0.0
5329676-2,7175762-2,0.12735975,0.0
5681756-1,5681756-3,0.88872206,1.0
4090855-1,4657095-1,0.4117255,0.0
4828895-1,4828895-2,0.85094404,1.0
4386778-1,7387005-1,0.7233094,0.0
5355461-1,5355461-2,0.53667825,1.0
6592301-1,6789400-1,0.66392374,0.0
3465887-1,4578058-2,0.8675909,0.0
7273174-1,7273174-9,0.9802434,1.0
8536191-1,8536191-3,0.42092296,0.0
2839977-1,4807175-2,0.30733442,0.0
6593541-1,6593541-2,0.8481556,1.0
6600893-1,7815080-1,0.15252176,0.0
4397422-1,4901810-1,0.41879922,0.0
8516334-1,8516334-2,0.5949438,1.0
2810823-1,2810823-2,0.71655923,1.0
3580347-4,8107453-1,0.7658664,0.0
4263490-1,7680184-1,0.45448458,0.0
3448229-1,3448229-2,0.66270673,1.0
6593935-2,7971269-1,0.7821663,0.0
3663181-1,6721917-2,0.7707411,0.0
2988810-3,2988810-6,0.7264556,1.0
3728039-1,7793034-1,0.24255107,0.0
5615344-1,5615344-3,0.81925297,1.0
6095973-5,6095973-9,0.6835099,1.0
6113842-1,6113842-2,0.64505535,1.0
3563701-1,5857148-5,0.1351419,0.0
3544661-1,3700847-1,0.47063404,0.0
5488070-1,8255753-1,0.029506747,0.0
7499335-1,8350335-2,0.2913692,0.0
6619461-1,8275449-1,0.14127357,0.0
6744737-1,6744737-2,0.7782442,1.0
3250606-1,8579559-1,0.21255423,0.0
7278537-2,7278537-4,0.92695194,1.0
8326779-1,8626963-1,0.59754163,0.0
2169208-1,4173535-1,0.19001476,0.0
4942951-1,4966356-2,0.4709699,0.0
4659983-2,4659983-3,0.9290906,1.0
8079768-1,8079768-2,0.7282587,1.0
3421943-1,3937490-1,0.19504371,0.0
6311773-1,6311773-7,0.41923687,1.0
2646691-1,8640110-1,0.30620772,0.0
8242322-1,8242322-2,0.76831704,1.0
5901399-1,5901399-5,0.26351306,1.0
1906806-3,1906806-6,0.67007935,1.0
7768392-2,7768392-7,0.5806892,1.0
4745280-1,5005548-1,0.26258406,0.0
4882752-1,8504045-2,0.37396556,0.0
6919950-1,6919950-3,0.7370927,1.0
7204895-4,7204895-5,0.8020382,1.0
4929394-1,6293130-1,0.3657422,0.0
4939175-1,8141750-1,0.14172746,0.0
3483657-1,4977740-1,0.16713396,0.0
3072537-1,3072537-2,0.753305,1.0
7170125-1,7170125-3,0.21433486,1.0
5505298-1,6795739-1,0.5495533,0.0
4374304-1,6844161-1,0.11764453,0.0
6119787-1,7098333-1,0.21401621,0.0
3056317-1,3855171-1,0.0048124124,0.0
4047698-1,6145046-5,0.38497564,0.0
6713097-1,6713097-2,0.92474324,1.0
3692154-1,4020496-2,0.30172133,0.0
2964611-2,8051049-1,0.69273156,0.0
3974436-1,4515516-1,0.72712857,0.0
5346454-7,5346454-8,0.8071393,1.0
3350153-1,8481294-3,0.38768807,0.0
5588617-3,5588617-4,0.79385036,1.0
8203267-1,8240129-1,0.29015687,0.0
4405976-1,5290639-1,0.07065029,0.0
3177918-4,3177918-5,0.19420096,1.0
3771407-1,3970361-1,0.1364188,0.0
7819403-2,7819403-3,0.9855759,1.0
4865644-2,7665863-1,0.6807635,0.0
4958445-1,4958445-2,0.30890357,1.0
5488070-1,8255753-1,0.029506747,0.0
3102884-2,7250374-1,0.31090212,0.0
4377485-3,7825471-1,0.6063359,0.0
5632488-1,6375243-1,0.19314848,0.0
2991462-1,4319336-1,0.30305254,0.0
3976085-1,5834850-1,0.40294892,0.0
1413535-1,6109557-1,0.09627733,0.0
3927262-2,3927262-3,0.6447889,1.0
4722931-1,6410385-1,0.3760433,0.0
8436292-3,8436292-7,0.6603312,1.0
8162322-2,8162322-5,0.95165676,1.0
5492761-1,7988466-1,0.3644691,0.0
2854446-1,7592631-1,0.24962278,0.0
6306110-1,7829719-1,0.3854372,0.0
3937210-1,3937210-4,0.9045409,1.0
6275824-1,6275824-4,0.46261472,1.0
1702536-4,1702536-5,0.65031123,1.0
6744773-3,8326605-1,0.37842223,0.0
2765184-1,7306366-2,0.25358823,0.0
7431987-2,7431987-3,0.52730614,1.0
5108118-1,6590132-1,0.31587744,0.0
3529930-2,4023003-1,0.24169728,0.0
3544906-11,3544906-8,0.70095724,1.0
8515538-1,8515538-5,0.4807629,1.0
5053003-1,5053003-3,0.9347992,1.0
3610454-1,8517457-1,0.1975969,0.0
5040579-1,5824901-1,0.5529408,0.0
6113765-1,6504019-1,0.6861907,0.0
7558676-1,7558676-2,0.59891504,1.0
6060766-4,6060766-6,0.9170817,1.0
6050556-1,7840355-1,0.346854,0.0
3146942-2,3146942-3,0.8149228,1.0
5075602-1,5075602-2,0.7299569,1.0
4278090-1,4278090-4,0.28138214,1.0
7577788-1,7577788-2,0.8312204,1.0
6611857-10,6611857-2,0.831315,1.0
518976-2,8634485-1,0.034198124,0.0
3498786-1,3498786-2,0.73308665,1.0
4553364-1,7050623-2,0.23404126,0.0
7180521-1,7180521-2,0.73203814,1.0
7844909-1,8360356-1,0.679071,1.0
6218350-1,7362622-1,0.81788486,0.0
5139751-1,8471443-1,0.07756361,0.0
3195365-1,7353901-1,0.21578762,0.0
5390126-1,5390126-3,0.9251842,1.0
3705847-1,3705847-2,0.54520255,1.0
8544915-2,8544915-3,0.8280002,1.0
4347361-1,6512045-1,0.20145358,0.0
4715885-1,6101463-1,0.28827313,0.0
3877481-1,8167473-1,0.20217769,0.0
4872566-3,5894316-2,0.44727138,0.0
4531931-1,8476880-1,0.16533485,0.0
5726710-2,6970103-1,0.46389076,0.0
8622899-1,8622899-6,0.8717455,1.0
3893468-1,6006638-3,0.49538615,0.0
8432416-3,8482808-2,0.3221685,0.0
7511079-1,7511079-3,0.44227406,1.0
7315196-1,7315196-3,0.7901244,1.0
4494188-1,8425135-1,0.26716524,0.0
3002418-1,6712354-2,0.14283049,0.0
6053882-3,6053882-4,0.91649795,1.0
3424779-2,4195897-1,0.1795898,0.0
6344064-1,6368206-1,0.50301707,0.0
3556846-1,3556846-4,0.7840164,1.0
4189521-1,4267925-1,0.48557302,0.0
2845357-1,2845357-3,0.63063896,1.0
3639158-4,3639158-5,0.85150474,1.0
6149306-1,6149306-3,0.8428592,1.0
6329246-1,6440032-3,0.38333774,0.0
5853048-1,5853048-2,0.4876306,1.0
4420345-1,8186932-1,0.13475427,0.0
4138773-1,6884880-2,0.5024649,0.0
5121555-1,5422832-1,0.18440181,0.0
5961535-3,5961535-4,0.55408996,1.0
3168038-1,5960513-1,0.6461749,0.0
4570001-1,6194242-1,0.5099675,0.0
4182018-1,7591671-1,0.1480988,0.0
7763274-2,7763274-4,0.5946216,1.0
7164702-1,7164702-3,0.8391783,1.0
6798296-1,6798296-2,0.95525026,1.0
6291379-1,6291379-2,0.7405274,1.0
3699915-2,3699915-4,0.8263132,1.0
2889853-1,4421636-1,0.24412306,0.0
6302191-1,6302191-3,0.95229757,1.0
1192795-1,7268049-1,0.1616193,0.0
3073952-1,7105784-2,0.33501953,0.0
7241664-1,7506380-1,0.32989535,0.0
7174277-1,7174277-2,0.9218725,1.0
7011274-1,7011274-4,0.5008906,1.0
5819108-1,5819108-11,0.67779106,1.0
3723993-2,8021310-1,0.410397,0.0
6291814-1,8516356-1,0.4961005,0.0
8442437-2,8442437-4,0.924448,1.0
3639082-1,3639082-2,0.58853525,1.0
8035580-2,8474297-1,0.29086715,0.0
7105417-1,7254168-1,0.21726432,0.0
4674614-1,7193347-1,0.26597983,0.0
4308088-2,4308088-7,0.65881926,1.0
3637387-1,3819695-1,0.5799385,0.0
5061933-1,8045623-6,0.8723749,0.0
6906647-2,7416831-1,0.67006373,0.0
2956952-2,7700859-2,0.6348134,0.0
8211030-1,8211030-3,0.85056484,1.0
4738133-3,8330202-2,0.66089,0.0
2671745-1,5484601-1,0.27240288,0.0
8004176-1,8004176-3,0.78285563,1.0
3276803-1,3276803-2,0.86017096,1.0
4586006-1,5582228-1,0.07116298,0.0
3355351-2,3355351-5,0.4484692,1.0
7530181-3,7530181-4,0.8952098,1.0
4699197-1,4699197-2,0.78410715,1.0
7326946-1,7326946-3,0.76774925,1.0
2631492-1,6766475-1,0.41731328,0.0
4570001-1,6194242-1,0.5099675,0.0
8290849-2,8514746-3,0.16908287,0.0
3132910-1,3132910-2,0.85603154,1.0
6230342-1,8365009-1,0.6418212,0.0
4818583-1,4830170-1,0.5245827,0.0
6791093-2,6791093-3,0.6973516,1.0
4270008-3,6820463-1,0.8219521,0.0
5853069-1,5853069-2,0.8202609,1.0
2718140-2,2718140-3,0.7479465,1.0
8182237-3,8604466-1,0.8393947,0.0
3267336-2,3267336-3,0.614992,1.0
4818801-1,6754877-1,0.09617266,0.0
4209706-1,4209706-2,0.3728837,1.0
5643991-4,7294878-1,0.05283404,0.0
6158900-1,6694600-1,0.4134649,0.0
4939684-1,5084397-2,0.049978334,0.0
2767148-1,3335668-1,0.30066064,0.0
4244116-1,6663045-1,0.186755,0.0
3858807-1,5557159-1,0.3330049,0.0
3355697-1,6484571-1,0.20543678,0.0
5962620-3,5962620-5,0.7591849,1.0
3110468-1,3110468-2,0.8763623,1.0
3827159-2,3827159-5,0.8923077,1.0
2887894-1,3356594-1,0.43447196,0.0
8563620-12,8563620-2,0.88676524,1.0
3804818-1,5295525-1,0.3638006,0.0
4001234-3,4001234-7,0.83830833,1.0
2936317-2,2936317-3,0.8365673,1.0
4107223-2,4107223-3,0.90025544,1.0
7364491-1,7364491-5,0.81914073,1.0
7932833-2,7932833-3,0.9240215,1.0
6347353-2,6347353-3,0.14086452,0.0
4919970-1,6991144-1,0.33215395,0.0
3166684-1,5813425-1,0.082397535,0.0
3438266-1,6100443-1,0.7209595,0.0
4138489-2,4138489-4,0.83138865,1.0
6824397-6,7352146-1,0.37142786,0.0
5450585-1,5450585-2,0.89149565,1.0
3530754-1,6186323-2,0.12712446,0.0
8486370-2,8486370-4,0.8104451,1.0
4549487-1,8635639-1,0.41264206,0.0
4301526-1,4340456-1,0.05285575,0.0
5850760-1,5850760-3,0.7922762,1.0
7559672-1,7559672-2,0.24880147,1.0
7523046-1,7523046-3,0.7835518,1.0
7254669-1,7254669-2,0.7329242,1.0
4271281-3,4271281-4,0.89732146,1.0
3026341-6,3026341-7,0.8324282,1.0
3521399-1,4866382-1,0.3180854,0.0
4196524-1,4196524-2,0.67380124,1.0
4269538-1,7666621-1,0.6546547,0.0
3077506-1,5704870-1,0.07389884,0.0
8688789-1,8688789-2,0.4971234,1.0
4782530-1,4782530-2,0.88285345,1.0
3779398-1,8432414-1,0.66291463,0.0
4013344-1,4013344-2,0.848051,1.0
8248082-4,8248082-5,0.08619753,1.0
8186920-2,8186920-3,0.5075987,1.0
6636068-1,8270715-2,0.74761164,0.0
8211030-3,8211030-5,0.5075688,1.0
6135158-1,7568610-1,0.218624,0.0
8359901-1,8359901-3,0.6976202,1.0
4852783-2,4852783-5,0.8001895,1.0
6024489-2,8142781-1,0.27476415,0.0
3280044-1,3280044-3,0.79952985,1.0
8056374-4,8056374-5,0.80794656,1.0
7440236-1,7440236-2,0.8095137,1.0
3868147-1,4921218-1,0.04975152,0.0
4323608-1,4834819-1,0.24102968,0.0
6429643-1,7150691-1,0.4072195,0.0
6319694-1,8621310-1,0.362195,0.0
4627117-1,4670630-1,0.82242304,0.0
8504030-2,8504030-5,0.72749656,1.0
8399375-4,8399375-8,0.84043753,1.0
7468093-4,7468093-6,0.6377193,1.0
4063632-1,8272273-1,0.4343848,0.0
8002986-1,8002986-2,0.5772535,1.0
3162782-1,4465713-1,0.79909533,0.0
3970350-1,7581029-1,0.0364878,0.0
6053882-3,6053882-4,0.91649795,1.0
6106902-1,8563620-11,0.3291793,0.0
3834874-1,3834874-2,0.77572995,1.0
7273174-3,7273174-4,0.7143827,1.0
8216690-1,8216690-2,0.15155381,1.0
2740021-1,3573578-3,0.599275,0.0
5313358-2,6587086-1,0.93474895,0.0
3356592-1,5134245-1,0.39182916,0.0
6756614-1,7750746-1,0.6049643,0.0
4323608-1,4834819-1,0.24102968,0.0
7003725-1,7457575-1,0.2157905,0.0
6822671-1,8343286-2,0.66456926,0.0
4315802-6,4504631-1,0.8411459,0.0
4702300-1,4702300-5,0.78345484,1.0
4602880-1,6098899-1,0.51805073,0.0
5075292-1,6037806-2,0.21445179,0.0
3892233-1,5885042-1,0.16650365,0.0
8343286-1,8343286-2,0.34690413,1.0
3830139-1,3846227-1,0.33442998,0.0
3842732-1,5441140-1,0.057849985,0.0
3653244-1,4898119-1,0.1783397,0.0
4166339-1,5138465-2,0.6557972,0.0
8057747-2,8057747-5,0.63539016,1.0
6713097-1,6713097-5,0.84936005,1.0
7903083-1,8632216-1,0.26566064,0.0
6806379-1,7321844-1,0.58142465,0.0
5088267-1,5088267-2,0.59076446,1.0
7808748-1,7808748-2,0.53020793,0.0
8320823-2,8320823-4,0.7566631,1.0
7793325-2,7793325-3,0.71246016,1.0
4745143-1,4745143-3,0.1248511,1.0
8013533-2,8158664-1,0.2510341,0.0
6595694-1,6826334-1,0.4153967,0.0
7000928-2,7000928-5,0.6591302,1.0
5289268-5,5289268-6,0.9155712,1.0
7427433-1,7427433-3,0.7725958,1.0
2699057-1,2699057-6,0.44161323,1.0
4153192-2,4153192-7,0.6822928,1.0
6211912-1,6211912-2,0.53761786,1.0
3804044-4,5051316-1,0.6366073,0.0
4024947-1,6662438-1,0.30809197,0.0
2566578-1,4988024-1,0.049174648,0.0
7385614-1,7385614-2,0.7929569,1.0
5822694-1,8179788-1,0.14724018,0.0
3813728-1,5298907-1,0.48261645,0.0
6369058-1,6369058-3,0.7965318,1.0
7350967-2,7350967-3,0.9049598,1.0
5449370-1,8610467-1,0.26354015,0.0
3226297-1,7982184-1,0.656726,0.0
2740062-1,3307458-1,0.28678674,0.0
6332814-2,6332814-5,0.7805931,1.0
4337180-2,6320563-1,0.053877108,0.0
7444990-2,8167281-1,0.5349123,0.0
4302118-4,4302118-5,0.79208267,1.0
4123504-4,4123504-7,0.9448459,1.0
3909042-1,3909042-2,0.36257684,1.0
4228210-1,4352490-1,0.74774927,0.0
6615421-1,7568822-4,0.097739115,0.0
3712821-1,4555932-1,0.50786024,0.0
4998851-2,4998851-7,0.6877993,1.0
3843927-1,8520833-1,0.5337129,0.0
4976152-1,8416638-1,0.5759683,0.0
6007664-1,6203868-1,0.20248412,0.0
5819108-10,5819108-9,0.76781416,1.0
6257738-1,6257738-2,0.8113932,1.0
4797441-1,8450193-1,0.18418746,0.0
7477961-4,7477961-5,0.6071066,1.0
3481879-1,6120402-1,0.49221325,0.0
5054504-1,6600103-1,0.2188014,0.0
3937210-1,3937210-4,0.9045409,1.0
5791447-1,6768263-1,0.09839026,0.0
6482199-1,8043810-1,0.068213165,0.0
5460656-1,5460656-4,0.45619276,1.0
8145494-1,8145494-3,0.3355817,1.0
8047295-4,8047295-5,0.9366573,1.0
5712115-4,5712115-7,0.624239,1.0
8312765-2,8312765-4,0.77130926,1.0
7749929-1,7749929-2,0.8546,1.0
4663301-2,7461323-1,0.39333776,0.0
6101603-1,6101603-4,0.7425501,1.0
5043170-3,5043170-5,0.62265813,1.0
3338219-1,3338219-2,0.41746396,1.0
6764574-1,6764574-6,0.93191224,1.0
6852677-3,6852677-4,0.66594005,1.0
2749194-3,2749194-4,0.93102247,1.0
7175762-2,7441292-1,0.7948112,0.0
7871723-1,8065519-2,0.23917022,0.0
1805501-1,6842488-1,0.35076797,0.0
8140542-2,8140542-4,0.6915156,1.0
3712390-1,7417326-1,0.4289187,0.0
4107223-2,4107223-3,0.90025544,1.0
6667806-1,6667806-2,0.73449355,1.0
8393241-10,8393241-8,0.7854255,1.0
6310537-1,7268154-1,0.48383746,0.0
5669530-1,8044563-1,0.7378949,0.0
3819895-1,5546070-1,0.45071986,0.0
6042488-6,6042488-8,0.9246085,1.0
3447179-3,7573284-1,0.6538006,0.0
3480777-1,4574176-1,0.0214532,0.0
7993970-1,7993970-2,0.70315874,1.0
4188946-1,4188946-4,0.7690693,1.0
4273476-3,4502187-1,0.024583999,0.0
4508147-1,4508147-2,0.70440227,1.0
8008131-2,8008131-3,0.3376896,1.0
4092188-1,4747966-1,0.24835165,0.0
2259327-1,3863517-1,0.52673125,0.0
7485476-10,7485476-5,0.8746406,1.0
3986296-1,3986296-3,0.88840944,1.0
7328963-2,7328963-3,0.7074653,1.0
6614985-3,6885689-3,0.09226822,0.0
3263275-1,3263275-3,0.8479478,1.0
5996661-3,5996661-4,0.44613722,1.0
6708711-1,7059379-1,0.022517093,0.0
3350090-1,3350090-2,0.8398866,1.0
3524032-1,8131148-1,0.584782,1.0
5987393-2,6330970-1,0.54689926,0.0
4290765-1,8299386-1,0.5770659,0.0
2821765-1,7337592-1,0.24518159,0.0
5642131-1,5642131-11,0.92571926,1.0
7544249-1,7544249-3,0.57318074,1.0
8044528-1,8044528-3,0.7410155,1.0
4363960-1,8628920-1,0.44127825,0.0
5940681-2,5940681-4,0.8645075,1.0
4371621-1,5898118-1,0.70979244,1.0
3418017-1,5047879-1,0.1637997,0.0
7988206-11,7988206-3,0.2806565,1.0
3574999-5,3574999-7,0.61762345,1.0
4856713-2,5906593-2,0.5431472,0.0
5813443-1,5813443-2,0.54299307,1.0
5768481-4,6292349-1,0.21124958,0.0
2045672-1,4081653-2,0.1346309,0.0
7586420-2,7586420-3,0.8881695,1.0
4153192-1,4153192-7,0.5795889,1.0
5368377-1,5368377-2,0.5941768,1.0
2075483-1,2075483-3,0.8737153,1.0
8203267-1,8240129-1,0.29015687,0.0
6215614-1,8204692-2,0.5024893,0.0
4413978-1,7904673-2,0.26573375,0.0
3995388-1,5107421-1,0.32163367,0.0
7354470-1,7354470-2,0.7591628,1.0
5040565-1,7361504-1,0.18289775,0.0
3335562-1,4159905-1,0.3173987,0.0
5815714-2,5815714-5,0.7695437,1.0
4362838-1,4362838-2,0.4689399,1.0
5587403-1,5641517-1,0.31884447,0.0
3710964-1,3710964-2,0.4927333,1.0
3552861-2,3552861-3,0.7005187,1.0
4233051-1,4233051-2,0.79990715,1.0
7915259-10,7915259-8,0.7904141,1.0
4686708-1,8542344-1,0.22172636,0.0
4421342-1,4421342-2,0.6165886,1.0
4777981-2,4777981-9,0.36603233,1.0
4722931-1,6410385-1,0.3760433,0.0
8407674-1,8407674-2,0.79553634,1.0
8206866-1,8604427-1,0.29944837,0.0
5438834-1,8214399-1,0.49659187,0.0
4508633-1,7556097-1,0.48130468,0.0
5364769-1,5364769-2,0.54781985,1.0
4766804-1,4766804-3,0.6940571,1.0
6304711-1,6304711-7,0.9843289,1.0
7449621-1,7449621-3,0.4535794,1.0
2567322-2,2567322-4,0.8878352,1.0
3818699-1,3818699-3,0.9296161,1.0
3537207-1,5733889-1,0.069808625,0.0
4487156-3,8180162-2,0.15350646,0.0
5043255-4,5043255-5,0.8982051,1.0
7299656-10,7299656-5,0.75842696,1.0
5653679-1,5653679-2,0.8482707,1.0
3544906-11,3544906-8,0.70095724,1.0
7072995-1,7072995-2,0.83923656,1.0
7485476-10,7485476-5,0.8746406,1.0
5946352-1,8707017-2,0.8768298,0.0
6997807-1,7887488-1,0.3768077,0.0
7265047-1,7443826-7,0.42027143,0.0
4732370-1,7936716-1,0.34224236,0.0
6504238-2,6504238-3,0.70462245,1.0
7541246-4,7541246-5,0.8032398,1.0
6275832-2,6275832-4,0.905162,1.0
3070676-1,7186106-1,0.6126374,0.0
4531748-1,6399858-1,0.070673555,0.0
2788137-1,3462718-1,0.3320995,0.0
8406395-2,8406395-3,0.78861415,1.0
2629958-1,6183653-2,0.30438352,0.0
4765255-2,4765255-6,0.29913658,1.0
8462416-3,8462416-5,0.7418628,1.0
2740278-1,6671882-1,0.2689669,0.0
2981764-1,5259598-1,0.28256363,0.0
8569136-8,8569136-9,0.969461,1.0
3065406-1,3065406-2,0.3298658,1.0
8534428-2,8534428-4,0.85022694,1.0
8162529-1,8162529-2,0.452984,1.0
4100447-3,4100447-5,0.5760829,1.0
3221229-1,7445108-1,0.19421963,0.0
6456843-1,6456843-2,0.63843447,1.0
5507783-3,5507783-4,0.9143704,1.0
6236582-2,6236582-3,0.84889704,1.0
2939409-1,3841599-2,0.7205119,0.0
8359901-2,8359901-3,0.8169289,1.0
4134554-1,4273586-1,0.60352,0.0
6251240-1,7193879-1,0.13174699,0.0
3730478-1,8258286-3,0.5094494,0.0
7006440-8,7006440-9,0.50441253,1.0
7829630-6,7829630-7,0.9044956,1.0
4531633-1,6791274-1,0.7472359,0.0
8077172-17,8077172-6,0.47639194,1.0
7383746-1,7383746-4,0.7568961,1.0
3833898-1,4942540-1,0.4793814,0.0
7649461-1,7649461-5,0.89634776,1.0
7176025-1,7176025-2,0.6732619,1.0
4157488-1,4157488-2,0.89735484,1.0
3945949-1,6344145-3,0.425182,0.0
6798273-1,8044788-2,0.083254226,0.0
5991270-1,5991270-4,0.74853337,1.0
6296127-1,7158957-1,0.3803817,0.0
3888039-1,3888039-2,0.7455529,1.0
5760868-1,5865279-7,0.17907447,0.0
3692154-1,4020496-2,0.30172133,0.0
5806333-2,5806333-5,0.8298599,1.0
5337234-4,5337234-5,0.82455283,1.0
2640403-1,2640403-8,0.8262873,1.0
2246138-1,5799975-1,0.3883804,0.0
8330605-4,8330605-7,0.8832791,1.0
8531158-4,8531158-7,0.66060555,1.0
2993988-2,2993988-4,0.96467227,1.0
5487393-1,6378479-1,0.4120734,0.0
8448394-1,8448394-4,0.8182214,1.0
4273476-3,4502187-1,0.024583999,0.0
3529929-1,7426660-1,0.15627258,0.0
4421556-1,8180396-1,0.1197831,0.0
3675438-2,3675438-5,0.65050066,1.0
3704706-1,4710887-2,0.27741367,0.0
2409333-1,4439693-1,0.10168326,0.0
7265047-1,7443826-7,0.42027143,0.0
8235956-1,8235956-3,0.6574336,1.0
4302118-2,4302118-3,0.2924602,1.0
3733041-4,7847177-1,0.34085542,0.0
5125815-1,5125815-2,0.95596087,1.0
2687548-3,2687548-6,0.78736705,1.0
7072995-1,7072995-2,0.83923656,1.0
6925373-3,8254450-5,0.0977253,0.0
3051894-1,6713256-1,0.5276592,0.0
2813577-3,7780799-1,0.3925823,0.0
4902214-1,6109837-2,0.4108027,0.0
4175871-1,4506839-1,0.41375712,0.0
6713097-1,6713097-2,0.92474324,1.0
4438148-1,5791511-1,0.030820748,0.0
3223146-1,3223146-5,0.6717616,1.0
5872398-1,7495872-1,0.17666213,0.0
4077558-1,4202187-1,0.36940813,0.0
6708180-2,6708180-5,0.6684012,1.0
3126734-4,3126734-5,0.74623203,1.0
8563620-12,8563620-2,0.88676524,1.0
7722635-1,8281630-2,0.2916105,0.0
3876310-1,3942268-1,0.40299547,0.0
7364411-1,8145494-3,0.37662086,0.0
6018315-1,6018315-3,0.7611295,1.0
4241042-1,6146672-1,0.09120911,0.0
4290039-1,8465737-1,0.73429215,0.0
8191643-1,8191643-2,0.9319348,1.0
5593448-1,5593448-3,0.67647,1.0
3421919-1,5289124-2,0.17650113,0.0
5715600-1,7327387-1,0.38076213,0.0
5047992-1,7212738-1,0.260292,0.0
4852025-1,7480756-1,0.30212662,0.0
5683985-1,5902078-1,0.054879364,0.0
4153245-1,4153245-2,0.12096856,0.0
3507074-1,5858849-1,0.6166085,0.0
3040089-1,3040089-4,0.71556747,1.0
4510828-1,8007117-1,0.047222342,0.0
3051097-1,7727874-1,0.2192041,0.0
4337180-2,6320563-1,0.053877108,0.0
4263490-1,7680184-1,0.45448458,0.0
4275024-1,5040584-1,0.33491257,0.0
4033899-1,5331190-1,0.7133567,0.0
5435833-2,5435833-4,0.4333833,1.0
3890721-2,5091006-1,0.7128383,0.0
5588294-1,8172003-1,0.088952325,0.0
4226926-1,4230753-1,0.3479051,0.0
5968651-2,5968651-3,0.43780395,1.0
7463145-1,7463145-2,0.82554644,1.0
7174277-1,7174277-2,0.9218725,1.0
6318083-1,6318083-3,0.55972534,1.0
6713097-4,8189935-1,0.24970591,0.0
6636068-1,7568159-1,0.40411767,0.0
6238561-1,6238561-2,0.61228377,1.0
2845357-1,2845357-3,0.63063896,1.0
3755418-1,5412761-1,0.38502613,0.0
7045536-1,7045536-2,0.4569884,1.0
4290661-1,6333583-1,0.44359478,0.0
6842141-1,8471448-1,0.46954003,0.0
3486995-1,6743166-1,0.52785665,0.0
8653493-2,8653493-4,0.9105378,1.0
6968900-3,6968900-4,0.95114666,1.0
6200068-1,6200068-2,0.84488726,1.0
3783717-1,6413441-1,0.13117008,0.0
5663782-1,6639585-1,0.30539882,0.0
5829864-1,5829864-2,0.90740263,1.0
4487156-3,8180162-2,0.15350646,0.0
3077506-1,5704870-1,0.07389884,0.0
7499335-1,8350335-2,0.2913692,0.0
8615408-1,8615408-2,0.8044121,1.0
3710964-1,3710964-2,0.4927333,1.0
7850410-1,7850410-2,0.16546847,1.0
4189061-1,4189061-3,0.16521534,1.0
4309306-3,7455395-1,0.39641926,0.0
3505635-1,3505635-2,0.79762167,1.0
4129602-1,4129602-4,0.44747114,1.0
4686635-3,4686635-4,0.8512325,1.0
8249843-2,8249843-3,0.79365444,1.0
3846999-1,5704856-1,0.34519976,0.0
4000642-2,4000642-3,0.6985905,1.0
6571265-1,8524807-1,0.18333751,0.0
4793788-1,8648134-1,0.40735483,0.0
2678709-1,7499288-1,0.79246914,0.0
3010774-2,3010774-3,0.83465964,1.0
3200029-1,4400501-1,0.08297364,0.0
2726128-7,6996578-1,0.8856334,0.0
5487393-1,6378479-1,0.4120734,0.0
4804602-1,8435476-1,0.09194998,0.0
5514582-1,6856633-2,0.60352,0.0
6421557-1,6421557-2,0.66684836,1.0
5729414-1,7727031-1,0.30623215,0.0
5042622-1,5042622-3,0.7824788,1.0
4302118-3,7780065-3,0.4145781,0.0
5406614-1,7430657-1,0.061701503,0.0
5081500-1,5081500-2,0.6331254,1.0
7321844-4,8695659-1,0.13158645,0.0
3421920-1,7445108-1,0.3862297,0.0
3488388-1,4385322-4,0.61252207,0.0
8611478-2,8611478-3,0.8613077,1.0
8290849-2,8514746-3,0.16908287,0.0
4865706-2,4865706-3,0.93477136,1.0
5404652-1,5798423-1,0.12328229,0.0
2693847-1,2693847-3,0.08743195,0.0
3169495-1,4321076-1,0.10935367,0.0
4368012-1,6775414-1,0.27318326,0.0
6848888-2,6848888-3,0.63865006,1.0
2636107-1,6057286-1,0.03174937,0.0
5498118-1,8046443-1,0.5535721,1.0
8529193-1,8529193-4,0.5048029,1.0
6642620-1,7666449-2,0.08965001,0.0
4656959-1,7908722-1,0.63359,0.0
4815553-2,7372620-1,0.616438,0.0
6003800-1,6003800-2,0.6831145,1.0
5988756-10,5988756-2,0.7432246,1.0
5128960-1,7530160-1,0.22361378,0.0
4195264-1,4195264-2,0.18746123,1.0
7700776-1,8295969-1,0.07788768,0.0
4480301-1,4480301-3,0.8008823,1.0
3479817-2,3479817-3,0.6565253,1.0
8155578-5,8155578-6,0.7703653,1.0
2822157-2,7418552-1,0.5794702,0.0
4037568-1,4037568-2,0.88536483,1.0
6421480-1,7758797-1,0.68024105,0.0
4759308-1,6856500-1,0.37648022,0.0
3987999-3,3987999-4,0.81327885,1.0
8364764-2,8364764-8,0.8395523,1.0
5569391-2,5569391-3,0.74724394,1.0
2876699-1,4391184-1,0.59915936,0.0
8391342-5,8391342-8,0.6363279,1.0
4999637-1,4999637-3,0.39655158,1.0
4230342-1,6893047-1,0.22180068,0.0
4678475-2,4678475-9,0.7827905,1.0
4866745-1,5200824-1,0.5477516,0.0
3760260-1,5412867-1,0.24444623,0.0
3141718-1,6504317-1,0.49927938,0.0
3272533-1,7667327-5,0.13683219,0.0
3121064-1,5991225-1,0.10939068,0.0
4958707-2,5902111-1,0.3905104,0.0
3888039-1,3888039-2,0.7455529,1.0
5507783-3,5507783-4,0.9143704,1.0
5591132-3,6877974-3,0.15332328,0.0
6370060-2,6370060-3,0.7223409,1.0
2241597-1,6370060-2,0.13366024,0.0
2981764-1,5259598-1,0.28256363,0.0
8611606-3,8611606-9,0.7381799,1.0
6258717-3,6258717-4,0.76538694,1.0
5337234-3,5337234-4,0.8387059,1.0
5758287-2,8274112-1,0.5949964,0.0
3212603-1,3212603-2,0.41392186,1.0
2276236-1,3296432-2,0.48390052,0.0
6199932-1,6199932-4,0.701223,1.0
6137194-2,6137194-3,0.211106,1.0
4522430-1,7524967-1,0.25545037,0.0
6238297-2,6238297-3,0.6498561,1.0
2895875-4,4655270-1,0.8326011,0.0
2557018-1,4421125-4,0.102654494,0.0
7071810-1,7098335-1,0.5842371,0.0
6504238-2,7430658-1,0.30463645,0.0
3438302-1,7872596-1,0.3939862,0.0
3309234-1,4878231-1,0.124061644,0.0
3583087-1,4776813-1,0.30124307,0.0
7546245-1,7546245-2,0.9680808,1.0
8248082-1,8248082-4,0.81804794,1.0
3963354-1,7664107-1,0.5107642,0.0
6955064-1,7480892-1,0.63006294,0.0
4440474-1,4440474-2,0.9390935,1.0
7320044-1,7320044-3,0.7746779,1.0
5340929-1,7535637-1,0.23894955,0.0
7501124-1,8107669-1,0.11567233,0.0
6159843-3,6159843-4,0.5356436,1.0
3899623-1,3899623-4,0.80954266,1.0
6477505-1,6477505-2,0.6777916,1.0
3388578-1,4689081-1,0.3486829,0.0
3686641-1,3686641-2,0.6327046,1.0
3890737-1,6176981-2,0.1449656,0.0
2610659-1,2610659-4,0.6781992,1.0
4387824-1,8273158-1,0.7743852,0.0
4290661-1,6333583-1,0.44359478,0.0
8522886-1,8522886-2,0.72139156,1.0
8531158-4,8531158-7,0.66060555,1.0
5121555-1,5422832-1,0.18440181,0.0
2635059-3,3555596-1,0.7466479,0.0
8673679-2,8673679-3,0.7872224,1.0
7532851-2,7654398-2,0.16061217,0.0
3920611-4,3920611-5,0.58847034,1.0
3537207-1,5733889-1,0.069808625,0.0
5479100-1,5479100-2,0.5854076,1.0
7045536-1,7045536-2,0.4569884,1.0
6210852-3,6210852-4,0.8583958,1.0
6710881-1,7961707-2,0.76077664,1.0
5635179-1,7489675-1,0.45874903,0.0
7907711-4,7907711-6,0.37716725,1.0
8504030-2,8504030-5,0.72749656,1.0
5633263-1,7727078-1,0.6044388,0.0
6041957-1,6041957-2,0.708335,1.0
7196143-1,7196143-2,0.33324072,1.0
3751073-1,5578588-1,0.2980689,0.0
5615803-1,7276596-1,0.20111848,0.0
3556411-1,3556411-2,0.48232174,1.0
8276898-1,8276898-3,0.65154266,1.0
4880720-1,5976963-1,0.60632867,0.0
6247437-1,6247437-3,0.82858884,1.0
7962471-1,7962471-2,0.62090635,1.0
5971512-2,5971512-3,0.8742785,1.0
5345890-2,5345890-4,0.2479994,1.0
7336759-3,7336759-4,0.8702038,1.0
5552653-3,6020266-3,0.39632475,0.0
3275504-1,3502413-2,0.32004616,0.0
7941918-2,7941918-5,0.69722396,1.0
8017932-3,8017932-5,0.983462,1.0
7063221-4,7063221-7,0.6610984,1.0
2636015-2,2636015-3,0.72379804,1.0
7423211-1,7423211-8,0.7325704,1.0
7353792-1,7353792-2,0.71395576,1.0
3653244-1,4898119-1,0.1783397,0.0
3829261-1,6475846-1,0.43418565,0.0
4745280-1,5005548-1,0.26258406,0.0
6676009-1,6683380-1,0.4365589,0.0
3686641-1,3686641-2,0.6327046,1.0
2607259-1,7690469-1,0.13698357,0.0
3554425-1,3754362-1,0.3869617,0.0
4702300-1,4702300-5,0.78345484,1.0
6524313-2,6712912-1,0.18490614,0.0
3757259-1,5674737-1,0.4588301,0.0
6754891-1,7541998-1,0.4184957,0.0
2823760-4,2823760-7,0.8001902,1.0
3141707-6,3141707-8,0.82646734,1.0
5298442-1,5298442-4,0.95131236,1.0
5266367-1,5266367-6,0.6285079,1.0
3783717-1,6413441-1,0.13117008,0.0
2769342-1,4857317-1,0.71871555,0.0
8428511-2,8428511-4,0.4089229,1.0
3483331-1,6398741-1,0.13165809,0.0
3883382-1,6779957-1,0.4558246,0.0
6275832-3,6275832-5,0.8121929,1.0
8528572-1,8528572-4,0.20842724,1.0
6251239-1,7381849-1,0.8206631,0.0
6717609-1,6821047-1,0.1635039,0.0
3678443-1,4438357-2,0.05244059,0.0
3872241-1,3934774-1,0.30750698,0.0
5682295-1,8514931-1,0.32916915,0.0
6293945-3,8592773-1,0.34569654,0.0
2984298-1,8325872-1,0.35489768,0.0
8493100-1,8493100-2,0.7662024,1.0
8607591-1,8607591-2,0.4814664,1.0
3467925-2,7946834-1,0.31789455,0.0
2944857-1,2944857-2,0.41765282,1.0
7768392-1,7768392-3,0.688677,1.0
2993985-1,5733975-3,0.14954576,0.0
4295945-1,8511285-1,0.115231656,0.0
5649805-10,5649805-2,0.9575114,1.0
7294179-1,7515696-2,0.3759436,0.0
3279491-1,7983465-3,0.36442363,0.0
4086582-1,4086582-2,0.5146408,1.0
4616569-6,4616569-8,0.7539922,1.0
4885181-2,4885181-5,0.6083424,1.0
2631494-1,6179102-1,0.21422842,0.0
2602997-1,4102752-1,0.2915571,0.0
4616569-2,4616569-6,0.3113807,1.0
5820018-1,5820018-3,0.7989921,1.0
8515780-1,8515780-2,0.68475455,1.0
4744458-1,7909126-1,0.18102589,0.0
6325285-1,8606980-1,0.1815701,0.0
3038601-2,3038601-3,0.5224629,1.0
3692185-1,4023098-1,0.51614815,0.0
3221906-1,6426556-1,0.47807214,0.0
3756167-1,8493291-1,0.6474168,0.0
3083330-6,5908506-1,0.35114667,0.0
3467773-1,4308088-5,0.30620262,0.0
7450561-3,7450561-4,0.9090013,1.0
3640228-1,3640228-2,0.76366735,1.0
4206075-1,8069793-2,0.39628392,0.0
7569537-3,7569537-4,0.9033997,1.0
6122623-1,6122623-2,0.3940836,1.0
4308088-2,4308088-7,0.65881926,1.0
4299287-1,4439860-1,0.16506165,0.0
7663930-1,7663930-4,0.67346257,1.0
3247781-1,7305666-1,0.57320094,0.0
3794648-1,4967432-1,0.5005428,0.0
5991270-1,5991270-4,0.74853337,1.0
4657314-1,6350128-1,0.59279627,0.0
7502318-1,7502318-2,0.84867555,1.0
4481760-1,8628234-1,0.4790037,0.0
2938567-1,7249778-1,0.8653478,0.0
4094743-3,4094743-5,0.91168606,1.0
5552653-2,5552653-6,0.8682437,1.0
2817825-4,2817825-5,0.7492762,1.0
8391342-25,8391342-33,0.72049165,1.0
4094581-2,4094581-9,0.73325175,1.0
3872241-1,3934774-1,0.30750698,0.0
3401740-1,8683674-1,0.4448235,0.0
7311546-3,8059039-1,0.8254881,0.0
3014749-1,3014749-2,0.91562223,1.0
4685866-5,4685866-7,0.9213656,1.0
3867874-1,8324390-1,0.13181958,0.0
7646794-1,7646794-2,0.5880484,1.0
4336678-3,4336678-4,0.5861606,1.0
7119093-1,7249895-1,0.2532728,0.0
4765015-1,4765015-2,0.9160597,1.0
3737622-4,3737622-5,0.89222604,1.0
3921299-2,7850688-1,0.08261261,0.0
3846999-1,5704856-1,0.34519976,0.0
3928844-1,4065667-2,0.27278572,0.0
2759628-3,2759628-4,0.5168776,1.0
3804818-1,5295525-1,0.3638006,0.0
7265239-1,7265239-2,0.80493486,1.0
5729414-1,7727031-1,0.30623215,0.0
4359697-1,8452862-1,0.68606347,0.0
3304601-3,5488574-1,0.58218956,0.0
3044576-1,5965108-1,0.55490476,0.0
4881626-4,4881626-7,0.81982523,1.0
7440240-1,7440240-3,0.776366,1.0
3402005-1,3402005-2,0.58495504,1.0
2776156-1,2776156-4,0.7795023,1.0
4958625-2,4958625-4,0.749852,1.0
2612684-1,6861041-1,0.44205216,0.0
8611532-1,8611532-6,0.6679597,1.0
4245924-7,4245924-8,0.6230888,1.0
7867306-2,7867306-4,0.81409067,1.0
2718140-2,2718140-3,0.7479465,1.0
3201580-1,3201580-2,0.14277954,1.0
5828261-1,7918015-1,0.7181642,0.0
8193993-1,8193993-2,0.36859906,1.0
8544915-2,8544915-3,0.8280002,1.0
4100447-3,4100447-5,0.5760829,1.0
2769342-1,4857317-1,0.71871555,0.0
4865706-1,4865706-5,0.86974335,1.0
2974668-1,5147401-1,0.18686394,0.0
7011274-1,7011274-2,0.796697,1.0
3239292-1,8069671-1,0.55947685,0.0
4515855-1,4922241-1,0.56011695,0.0
3163772-1,7803169-1,0.13581416,0.0
4711341-2,4711341-4,0.24702562,1.0
6732502-1,7724126-1,0.6410087,0.0
5649815-1,6502980-1,0.7002389,0.0
6029437-2,6029437-3,0.7033842,1.0
4317216-1,7132205-1,0.15647793,0.0
3961933-1,4239754-1,0.29121137,0.0
6990480-2,7706449-1,0.8441644,0.0
7193214-1,8186093-3,0.5723379,0.0
8583680-1,8583680-2,0.84363437,1.0
4463788-1,5750497-1,0.16057217,0.0
3126734-4,3126734-5,0.74623203,1.0
3771407-1,3970361-1,0.1364188,0.0
3130473-1,3130473-2,0.6700444,1.0
2984347-1,6694281-1,0.12495235,0.0
4662989-1,6327764-1,0.66719854,0.0
3969703-1,4579195-1,0.14470842,0.0
6176846-1,7322230-1,0.39443222,0.0
2999723-1,5224743-1,0.08025265,0.0
5416792-1,8607350-1,0.5426283,0.0
4495700-1,6441667-1,0.54345065,0.0
6885689-1,6885689-4,0.8724966,1.0
8061403-3,8061403-6,0.75166285,1.0
8385252-2,8385252-4,0.85294837,1.0
4013303-1,6476142-1,0.32846132,0.0
4842903-1,4842903-3,0.9737334,1.0
4560132-1,8448995-1,0.10639252,0.0
5855496-1,5855496-2,0.65562546,1.0
8129005-1,8129005-3,0.4904732,1.0
2876705-3,5330075-1,0.5242206,0.0
7171659-1,8641367-1,0.0822362,0.0
6018315-1,6018315-3,0.7611295,1.0
4171941-1,8362796-1,0.67648274,0.0
5749547-2,5749547-4,0.3551023,1.0
3378439-1,4980826-1,0.40486932,0.0
5897987-1,5897987-2,0.4592843,1.0
4441244-2,4441244-3,0.885925,1.0
5418027-1,5418027-4,0.9082248,1.0
4915886-1,6491668-1,0.28208855,0.0
6590551-1,7837857-1,0.6738525,0.0
4283393-1,5409946-1,0.20864677,0.0
6911660-1,6911660-4,0.86675686,1.0
6374803-1,7713019-1,0.3984836,0.0
7465739-1,7465739-3,0.673649,1.0
7808748-1,7808748-2,0.53020793,0.0
3129090-1,7712585-1,0.0038030145,0.0
6498924-4,8299274-1,0.29061326,0.0
4008515-1,6504755-1,0.38234544,0.0
3796393-1,3796393-2,0.4390393,1.0
3599937-1,7337270-1,0.12600365,0.0
5940616-1,5940616-3,0.8378919,1.0
7353792-3,7353792-4,0.7861741,1.0
4612477-1,6984416-1,0.11156075,0.0
4745913-1,5458407-1,0.080715105,0.0
4170659-3,4170659-7,0.81899184,1.0
1224859-2,1224859-3,0.59799296,1.0
3853575-4,3853575-6,0.9103724,1.0
5337234-3,5337234-4,0.8387059,1.0
3555570-3,3555570-6,0.10275309,0.0
6057132-1,6057132-2,0.8987076,1.0
8474637-3,8474637-4,0.9182876,1.0
4648144-1,7829736-1,0.8316811,0.0
7069149-1,7069149-2,0.73542273,1.0
8473938-3,8473938-4,0.41112992,1.0
2769293-1,6174309-1,0.29766244,0.0
7052464-3,7052464-6,0.89335465,1.0
3522328-2,3522328-4,0.812941,1.0
4424714-1,7457637-1,0.41417181,0.0
3483875-1,3483875-2,0.27134404,1.0
5961508-1,5961508-2,0.85089946,1.0
7872057-2,7872057-6,0.49978706,1.0
8190523-1,8422025-4,0.60153943,0.0
8105697-2,8105697-7,0.2533285,1.0
5893202-1,6375024-2,0.32489613,0.0
8359901-2,8359901-3,0.8169289,1.0
6505230-1,8710844-2,0.16151197,0.0
3981990-1,6350430-1,0.0655124,0.0
8391342-18,8391342-30,0.92755586,1.0
6369346-6,6369346-8,0.58494234,1.0
4847504-1,4847504-2,0.667483,1.0
8342471-3,8342471-4,0.6059378,1.0
2852076-1,3420491-1,0.16062716,0.0
3873319-6,3873319-7,0.70931244,1.0
6173044-1,6173044-2,0.89918613,1.0
1950478-1,8682950-4,0.6463114,1.0
7727127-1,8675570-1,0.1645055,0.0
8088499-6,8088499-8,0.8718967,1.0
5697583-1,5894579-1,0.32872456,0.0
3141707-1,3141707-4,0.65453434,1.0
8436623-3,8436623-4,0.838953,1.0
6764574-4,6764574-5,0.7864976,1.0
2974668-1,5147401-1,0.18686394,0.0
3920673-4,3920673-5,0.80829746,1.0
5470651-1,6896742-1,0.36726457,0.0
7083185-1,8055531-1,0.5390974,0.0
6667806-1,6667806-2,0.73449355,1.0
5313358-2,5313358-6,0.6642441,1.0
7367386-10,7367386-9,0.8521224,1.0
2823760-4,2823760-7,0.8001902,1.0
4506531-1,7873799-1,0.3862825,0.0
8407943-1,8407943-2,0.68846995,1.0
2526494-1,6464482-1,0.2453996,0.0
7364183-2,7685842-1,0.14474882,0.0
3438306-1,3657432-1,0.14923766,0.0
4499620-1,7936921-1,0.4124459,0.0
4686635-3,4686635-4,0.8512325,1.0
6702865-2,6702865-3,0.93106884,1.0
3461287-1,3841957-1,0.1566812,0.0
1906806-1,1906806-6,0.83067906,1.0
4094581-1,4094581-7,0.5166494,1.0
8131961-1,8131961-2,0.45281386,1.0
8406563-2,8406563-3,0.4436685,1.0
4245350-1,7558904-1,0.4144515,0.0
5307848-2,5499781-1,0.32788372,0.0
3421104-1,7711629-7,0.2102433,0.0
4135163-1,8077507-1,0.44981825,0.0
6831242-2,6831242-3,0.5329299,1.0
3555570-3,3555570-4,0.89670146,1.0
4085912-1,8297360-1,0.2641995,0.0
2876834-1,2876834-3,0.8663212,1.0
2880967-1,6905243-1,0.559308,0.0
4454733-1,7443681-1,0.22051863,0.0
3458969-1,3458969-4,0.7428557,1.0
4637464-1,4637464-2,0.90107274,1.0
6023325-1,6023325-2,0.7891031,1.0
3304190-1,7562863-1,0.15956317,0.0
3170628-1,8493511-1,0.4416293,0.0
6830030-1,6830030-3,0.7179528,1.0
3664409-4,5839866-1,0.29493958,0.0
6537269-1,6537269-2,0.7818539,1.0
3612238-1,8248356-1,0.55275005,0.0
3459508-2,3459508-3,0.6728346,1.0
7419387-3,8202394-2,0.5317412,0.0
4098887-1,8101683-1,0.12767391,0.0
5130911-1,5130911-4,0.49199283,1.0
3920611-5,3920611-6,0.89166844,1.0
5080481-1,7216496-1,0.1603578,0.0
7306525-1,7341436-1,0.31606254,0.0
8077172-10,8077172-12,0.75444895,1.0
8055885-1,8055885-3,0.6074035,1.0
6135158-1,7568610-1,0.218624,0.0
3412243-1,7053655-5,0.713604,0.0
5992936-1,5992936-3,0.67247355,1.0
6505230-1,8710844-2,0.16151197,0.0
7492942-1,7852651-1,0.33839053,0.0
4130895-3,4130895-5,0.12497022,0.0
6466910-1,6466910-2,0.8796643,1.0
8416255-1,8416255-2,0.68391794,1.0
3514939-1,5930228-1,0.43545085,0.0
4906193-1,4906193-2,0.7274231,1.0
4419812-2,8572031-1,0.6596954,0.0
4965601-1,6555322-1,0.42418242,0.0
8057658-3,8057658-4,0.7125166,1.0
6118281-1,6118281-3,0.90412605,1.0
3664409-4,5839866-1,0.29493958,0.0
7213832-1,8298106-1,0.319256,0.0
4671226-4,7851455-8,0.7799654,0.0
4310487-3,8396422-1,0.6311429,0.0
7277936-1,7277936-2,0.4841275,1.0
7187478-1,7417122-1,0.27927506,0.0
8326779-1,8626963-1,0.59754163,0.0
5898143-1,7837355-1,0.27386767,0.0
8396188-1,8396188-3,0.8081965,1.0
6504238-2,6504238-3,0.70462245,1.0
4678475-2,4678475-9,0.7827905,1.0
5932522-2,5932522-4,0.88596636,1.0
8301427-1,8301427-2,0.53747606,1.0
3890729-1,6159265-1,0.2733823,0.0
5336392-1,6751912-2,0.14524776,0.0
4693336-1,4973067-1,0.07182818,0.0
5632852-1,8531930-1,0.29286534,0.0
3803119-2,7673280-3,0.35005552,0.0
4616573-1,7506085-3,0.30325285,0.0
5288423-4,5288423-7,0.6898033,1.0
6421480-1,7758797-1,0.68024105,0.0
2909789-1,5968313-2,0.4264225,0.0
4220424-1,8339506-1,0.28585923,0.0
3724794-5,3724794-7,0.8537766,1.0
6764574-1,6764574-6,0.93191224,1.0
3961027-1,7078106-1,0.16451702,0.0
6901812-2,6901812-4,0.7640708,1.0
5446369-5,5446369-7,0.6998695,1.0
4937697-1,7870231-1,0.25858834,0.0
6225725-1,6856497-2,0.25357902,0.0
5234559-1,6881936-1,0.5989415,0.0
7093958-1,8607489-1,0.6798798,0.0
7278537-2,7278537-4,0.92695194,1.0
3049879-1,6315145-1,0.13390522,0.0
8652111-2,8652111-3,0.91800994,1.0
5965133-2,5965133-3,0.6218356,1.0
5363107-1,5816241-1,0.26286936,0.0
8710561-3,8710561-7,0.5632674,1.0
7520796-1,7520796-4,0.91567105,1.0
3511952-1,3654119-1,0.48109606,0.0
4852783-2,4852783-4,0.47605735,1.0
7526955-1,7526955-2,0.85473853,1.0
5299218-1,5299218-3,0.93915206,1.0
4561739-1,4946399-1,0.5938421,0.0
529263-1,529263-6,0.18460788,1.0
3551720-1,6257471-1,0.40402004,0.0
2783130-1,6256076-1,0.4384276,0.0
2908654-2,2908654-3,0.49391806,1.0
3830332-1,3830332-4,0.90690434,1.0
4863788-2,4863788-3,0.4920489,1.0
5819108-1,5819108-11,0.67779106,1.0
5434259-1,7511512-1,0.18441175,0.0
4998961-1,7414370-1,0.05997837,0.0
3527052-2,3527052-3,0.94601303,1.0
8360323-1,8360323-2,0.9109902,1.0
5139749-1,5139749-2,0.84743106,1.0
3955822-1,3955822-3,0.89606094,1.0
7352948-1,8360442-3,0.111958,0.0
3056365-1,4691481-2,0.61985457,0.0
7365046-1,8364993-1,0.15070096,0.0
3421943-1,3937490-1,0.19504371,0.0
5903413-1,7364057-2,0.23345986,0.0
8515176-1,8515176-5,0.6433904,1.0
4090488-1,6691534-1,0.07419332,0.0
6060766-2,6060766-6,0.60281026,1.0
6896594-5,6896594-6,0.79170656,1.0
7506272-2,7506272-3,0.95087206,1.0
6347353-2,6347353-3,0.14086452,0.0
5980456-2,7533098-1,0.4759369,0.0
3420670-1,8429020-1,0.10617282,0.0
5083266-2,5083266-3,0.5154928,1.0
4809157-1,8516595-1,0.4119886,0.0
7367386-10,7367386-9,0.8521224,1.0
6878928-3,6878928-4,0.7382513,1.0
5030204-1,5030204-2,0.45332536,1.0
5042625-5,5042625-7,0.9124293,1.0
7711629-1,7711629-6,0.87689334,1.0
3544061-1,5797261-1,0.34840065,0.0
3258229-2,3258229-5,0.943932,1.0
5624666-1,8121091-1,0.06920499,0.0
6019244-1,8459802-1,0.8972921,0.0
7826043-1,7826043-6,0.81836206,1.0
6257534-4,6257534-6,0.6759066,1.0
5328445-2,5328445-3,0.745717,1.0
2640403-5,2640403-7,0.35994002,1.0
8393241-1,8393241-9,0.6033896,1.0
6398303-2,6398303-4,0.94687337,1.0
8276610-1,8276610-7,0.7825699,1.0
3661972-1,7676770-1,0.25681034,0.0
4310100-1,8057747-4,0.40313557,0.0
3639158-1,3639158-16,0.79575235,1.0
6890352-1,7265717-1,0.21022248,0.0
6598598-6,6598598-9,0.8804186,1.0
3715973-1,6056531-2,0.4764608,0.0
4818583-1,4830170-1,0.5245827,0.0
2824937-1,4531569-1,0.2796643,0.0
5139888-2,7866723-1,0.60556215,0.0
6145046-1,6145046-4,0.48498508,1.0
3200029-1,4400501-1,0.08297364,0.0
7465739-1,7465739-3,0.673649,1.0
2769360-1,3655290-1,0.2136686,0.0
2678828-1,3968620-3,0.07323618,0.0
3313754-1,6511183-2,0.6390766,0.0
8096340-1,8096340-3,0.8149233,1.0
4792151-4,4792151-5,0.36675638,1.0
2765188-1,7606407-3,0.43607056,0.0
5882333-1,5882333-3,0.95355654,1.0
3130473-5,3130473-6,0.62575656,1.0
2615291-2,2615291-3,0.632491,1.0
7802837-3,7802837-4,0.52802163,1.0
7273174-1,7273174-9,0.9802434,1.0
6676009-1,6683380-1,0.4365589,0.0
6357654-1,6928473-1,0.21499245,0.0
6157985-1,6157985-2,0.7760399,1.0
2931397-1,6881874-1,0.42736423,0.0
6158900-1,6694600-1,0.4134649,0.0
2661527-1,4714482-1,0.8302512,0.0
3293005-1,8080871-1,0.4081778,0.0
4604284-1,7384493-1,0.20433709,0.0
4783484-1,6667806-3,0.12986836,0.0
2546414-1,4623183-1,0.32314998,0.0
3437074-2,6337964-1,0.6329093,0.0
5161513-2,5161513-7,0.6624376,1.0
5458024-1,5458024-2,0.79517674,1.0
3892021-1,4289217-1,0.3432325,0.0
5771900-1,5771900-2,0.7317704,1.0
4943824-2,4943824-3,0.71988857,1.0
2518134-2,2518134-6,0.38523865,1.0
3471430-1,3471430-2,0.28537732,1.0
3220260-1,3220260-2,0.8378876,1.0
5586844-1,5624261-1,0.26202777,0.0
4432823-1,5031298-2,0.6296295,0.0
3479785-1,6192278-1,0.22872819,0.0
3730158-1,6443108-1,0.025138581,0.0
4676848-1,5043257-1,0.3370064,0.0
2913530-1,2913530-2,0.82177174,1.0
4137507-1,7998388-3,0.11476954,0.0
7452247-1,7452247-2,0.43569127,1.0
8432357-1,8432357-2,0.83561367,1.0
4245350-1,7558904-1,0.4144515,0.0
3474963-1,5075289-3,0.15713744,0.0
2933728-1,4541672-6,0.39172968,0.0
6882583-1,6882583-2,0.59458894,1.0
4055826-1,5680667-1,0.17618327,0.0
4208499-2,4208499-3,0.6346612,1.0
5745586-2,5745586-3,0.7118453,1.0
5649893-1,7170125-1,0.09948645,0.0
4550000-3,6790035-1,0.64891183,0.0
4113041-2,4113041-3,0.8938129,1.0
3364685-1,6156069-1,0.53612244,0.0
2944122-1,7160902-2,0.27390048,0.0
4934108-1,6834095-1,0.07298832,0.0
6251240-1,7193879-1,0.13174699,0.0
8145651-1,8145651-2,0.812462,1.0
4114614-1,4114614-2,0.8726038,1.0
6929121-4,6929121-6,0.33106077,1.0
3423035-1,5113927-6,0.60513693,0.0
6411332-1,7276158-1,0.20781013,0.0
5634570-1,7524921-1,0.44085097,0.0
5835303-1,6514478-1,0.5303405,0.0
7954274-1,7954274-2,0.40834418,1.0
5621271-1,5996655-1,0.03692645,0.0
7295558-1,7295558-2,0.718518,1.0
3101768-1,4096735-1,0.39744064,0.0
5044737-1,6726804-1,0.39927512,0.0
8223270-1,8538929-1,0.23284766,0.0
2769317-1,3982338-1,0.30874905,0.0
4040073-1,5628183-1,0.6800392,1.0
7135847-1,8007480-1,0.5111679,0.0
5898202-1,8610431-1,0.3064067,0.0
2882084-1,3723003-1,0.6316255,0.0
7077940-1,7360258-1,0.39974627,0.0
3407696-2,3730474-1,0.064245336,0.0
4143527-1,4143527-2,0.8820444,1.0
7492794-4,7492794-5,0.8537909,1.0
6585663-1,8645586-1,0.7970821,0.0
6637358-4,6637358-6,0.6921536,1.0
4660714-1,7251899-1,0.26385924,0.0
4157488-1,4157488-2,0.89735484,1.0
6864998-1,8016748-1,0.13697675,0.0
4857859-1,7595935-2,0.11230114,0.0
6867963-1,7220083-1,0.062024094,0.0
3094293-1,5081261-1,0.54963624,0.0
4176990-1,5126613-1,0.56976753,0.0
6178332-2,6178332-5,0.9499565,1.0
7171650-2,7171650-4,0.8483916,1.0
4220424-1,8339506-1,0.28585923,0.0
5390126-1,5390126-4,0.5707012,1.0
8278444-1,8278444-2,0.70530766,1.0
7158139-2,7158139-3,0.6824515,1.0
5467982-1,6440191-1,0.12385819,0.0
7477961-4,7477961-5,0.6071066,1.0
6901812-2,6901812-4,0.7640708,1.0
7712266-2,7712266-4,0.58633703,1.0
8393737-1,8393737-2,0.6085904,1.0
6724277-1,6724277-3,0.44025856,1.0
6434444-6,6434444-8,0.8375483,1.0
3139914-1,3664474-2,0.15261602,0.0
4528898-1,5623967-1,0.08514823,0.0
6081802-1,7321742-1,0.5729629,0.0
6172893-1,6172893-2,0.6267729,1.0
5806333-2,5806333-5,0.8298599,1.0
7501124-1,8107669-1,0.11567233,0.0
4582463-1,4582463-2,0.9366561,1.0
4253700-1,4778215-1,0.83375794,1.0
7225378-1,7607752-1,0.06721495,0.0
3794648-1,4967432-1,0.5005428,0.0
5712115-1,5712115-7,0.8180909,1.0
3514151-3,3514151-4,0.8551618,1.0
8028151-2,8028151-5,0.5483145,1.0
3813728-1,5298907-1,0.48261645,0.0
3645620-4,3645620-6,0.75151086,1.0
6919333-2,7262721-1,0.10573466,0.0
4750307-5,4750307-7,0.91310173,1.0
4736906-1,4736906-2,0.7251367,1.0
4418417-1,5149601-1,0.29259157,0.0
3891612-3,8259393-1,0.5373195,0.0
2804096-2,2804096-4,0.7970614,1.0
4147648-1,6018257-4,0.18907525,0.0
5931939-2,7315239-1,0.28700513,0.0
6324859-8,6324859-9,0.745919,1.0
4738710-1,6786697-1,0.18865761,0.0
8064226-2,8064226-3,0.49934602,1.0
7472508-2,7472508-3,0.55532116,1.0
7875032-1,8371666-2,0.34268752,0.0
4432260-1,4524392-1,0.37163156,0.0
7083186-1,8451514-1,0.47134987,0.0
4804602-1,8435476-1,0.09194998,0.0
2587464-1,4359866-2,0.39247364,0.0
3562056-1,5544451-1,0.3299376,0.0
8057747-2,8057747-5,0.63539016,1.0
4511337-1,8721406-1,0.7052591,0.0
5854745-6,5854745-7,0.88239294,1.0
6902399-1,6902399-2,0.94045776,1.0
7513650-1,7649945-1,0.06346951,0.0
6047837-1,7253621-1,0.036924437,0.0
3961936-1,8415956-4,0.037085444,0.0
6417352-1,8449068-1,0.17772093,0.0
8448394-1,8448394-4,0.8182214,1.0
4077557-4,4077557-9,0.89931583,1.0
8428280-1,8428280-3,0.62316334,1.0
5192293-1,5192293-2,0.5011967,1.0
2988810-3,2988810-8,0.8520276,1.0
6293128-1,6293128-2,0.8244281,1.0
3394863-2,3394863-3,0.5856443,1.0
2995939-1,7511067-1,0.12414807,0.0
8391342-18,8391342-19,0.86680174,1.0
7653752-1,7653752-2,0.6652135,1.0
4531748-1,6399858-1,0.070673555,0.0
6370060-2,6370060-3,0.7223409,1.0
4244720-1,4244720-3,0.78115165,1.0
2585083-1,8588691-2,0.7665693,0.0
7252890-3,7252890-5,0.83648026,1.0
7175762-2,7441292-1,0.7948112,0.0
3409953-1,4000617-1,0.2588268,0.0
6020266-2,6020266-7,0.5420713,1.0
4244720-1,4244720-3,0.78115165,1.0
7167419-1,8395433-1,0.1364153,0.0
8140026-2,8383649-2,0.90034425,0.0
3952613-1,7590457-1,0.21026786,0.0
3418013-1,5817294-1,0.27463415,0.0
4145512-1,4145512-2,0.7974579,1.0
7759551-2,7759551-5,0.38025707,1.0
4121941-1,5502345-1,0.5468041,0.0
2862044-1,7758257-1,0.07591807,0.0
4831504-4,6298297-1,0.17229532,0.0
2759628-3,2759628-4,0.5168776,1.0
4651706-1,7581980-1,0.77497226,0.0
3637811-2,4347757-1,0.66032356,0.0
6867963-1,7220083-1,0.062024094,0.0
8353083-4,8353083-5,0.55776715,1.0
4523925-1,6914952-1,0.4151611,0.0
3523457-1,6232788-1,0.8076448,0.0
4695429-1,4695429-2,0.9383705,1.0
6158900-1,6694600-1,0.4134649,0.0
3870631-2,6221740-1,0.1044024,0.0
3804807-1,4123284-1,0.17713179,0.0
8201076-1,8201076-2,0.34625053,1.0
6376547-1,6376547-2,0.41198158,1.0
4123266-1,6136515-1,0.70515954,0.0
4760030-1,5404631-1,0.39732128,0.0
6095652-2,6095652-3,0.34418395,1.0
8709039-1,8709039-2,0.2648125,1.0
7367413-1,7367413-2,0.9236151,1.0
7336829-1,7336829-2,0.8748283,1.0
4773548-1,4773548-2,0.60187274,1.0
7695266-10,7695266-6,0.7226976,1.0
8072659-1,8072659-2,0.8683776,1.0
3063926-1,3063926-2,0.66125053,1.0
8284755-1,8721166-1,0.43391153,0.0
7442991-1,8387541-1,0.06371043,0.0
8230156-1,8230156-2,0.8128617,1.0
2507719-1,6712609-4,0.64707994,0.0
5806301-1,5806301-3,0.9530987,1.0
8038423-1,8515523-1,0.3804815,0.0
4540993-1,7971718-1,0.103428945,0.0
3996636-1,3996636-3,0.90247905,1.0
8391342-5,8391342-8,0.6363279,1.0
3128896-1,7773290-1,0.7679407,0.0
6446101-1,7493377-1,0.6705157,0.0
5187474-2,5187474-3,0.58730614,1.0
6062773-1,8613576-1,0.333505,0.0
6149306-1,6149306-5,0.64100665,1.0
8080742-1,8080742-2,0.9711014,1.0
3033104-1,5104844-2,0.70958126,0.0
7408727-1,7408727-2,0.41759148,1.0
3875126-2,7691707-1,0.6474641,0.0
7434251-1,7434251-2,0.92756987,1.0
3214811-1,6215988-1,0.7117748,0.0
6162813-1,7275195-1,0.06980447,0.0
7237229-2,7237229-4,0.84139955,1.0
8700649-2,8700649-4,0.6056992,1.0
7465747-5,7465747-6,0.8551913,1.0
8186578-4,8186578-7,0.8518411,1.0
6713097-2,7004259-1,0.49303004,0.0
3690743-1,5355762-1,0.039938584,0.0
8637043-1,8637043-3,0.7378811,1.0
6293546-1,7891291-1,0.30641162,0.0
3000840-1,6517487-2,0.39709234,0.0
7171607-1,7171607-4,0.8002505,1.0
4897129-2,4897129-3,0.32545358,1.0
7609214-1,7609214-2,0.9547968,1.0
3335562-1,5618968-1,0.4848878,0.0
7695266-4,7695266-5,0.61462045,1.0
5488070-1,8255753-1,0.029506747,0.0
4579175-1,4579175-3,0.917025,1.0
2726128-2,2726128-7,0.8815382,1.0
2938508-1,3475881-1,0.6768722,0.0
4255969-1,6588903-1,0.42245522,0.0
5139751-1,8471443-1,0.07756361,0.0
7511079-1,7511079-3,0.44227406,1.0
4038860-1,4038860-2,0.24953008,1.0
4943815-4,4943815-5,0.7708569,1.0
4325914-1,4325914-2,0.76252687,1.0
3808072-1,7437123-5,0.7012885,0.0
5256449-1,6199854-1,0.56852615,0.0
6159113-1,6159113-2,0.54863113,1.0
4721167-1,4747941-1,0.05031195,0.0
4290661-1,6333583-1,0.44359478,0.0
4875696-2,4875696-3,0.8095006,1.0
3843926-1,3843926-3,0.50866437,1.0
4256527-1,8054933-1,0.14814454,0.0
4659983-1,4659983-3,0.9239467,1.0
6919399-1,6919399-2,0.69905955,1.0
3401740-1,8683674-1,0.4448235,0.0
7254669-1,7254669-2,0.7329242,1.0
7568139-1,7568139-2,0.27623174,1.0
7903083-1,8632216-1,0.26566064,0.0
7519859-1,7903283-2,0.27507415,0.0
3872386-1,8323577-1,0.820924,0.0
4281442-1,5590770-1,0.25512442,0.0
3518178-1,7437810-1,0.44115123,0.0
8223722-1,8223722-3,0.62037873,1.0
4206930-1,8052521-1,0.24581498,0.0
4777981-1,4777981-7,0.85508156,1.0
2635124-1,4616569-2,0.42564172,0.0
8531158-3,8531158-4,0.76153886,1.0
8248312-1,8248312-2,0.7647026,1.0
7908211-1,8259521-1,0.06492748,0.0
7367386-10,7367386-9,0.8521224,1.0
6951266-1,6951266-2,0.63843626,1.0
5532934-1,6788114-1,0.6343627,0.0
5649805-9,8356403-1,0.5518247,0.0
3227238-1,5887274-1,0.5131695,0.0
1262717-1,3010543-1,0.36517593,0.0
8133044-13,8133044-8,0.3776304,1.0
3890721-2,5091006-1,0.7128383,0.0
4662989-1,6327764-1,0.66719854,0.0
3841699-1,7543102-1,0.2824394,0.0
8077172-15,8077172-16,0.9160059,1.0
6037803-1,6037803-4,0.70170015,1.0
8171131-1,8171131-2,0.9336555,1.0
3049979-1,6984774-1,0.51955944,0.0
7586420-2,7586420-3,0.8881695,1.0
3284021-1,5943108-2,0.43511632,0.0
7431202-1,7431202-3,0.8348854,1.0
6420325-1,8500458-1,0.243619,0.0
8436292-3,8436292-7,0.6603312,1.0
2983082-1,2983082-2,0.60022295,1.0
8090807-1,8090807-2,0.40432975,1.0
4302557-1,6968826-1,0.34793437,0.0
3463145-1,3463145-2,0.89997643,1.0
3544066-1,6702279-1,0.29436848,0.0
7482455-1,8087369-2,0.1810342,0.0
4733515-1,6727404-1,0.2928801,0.0
5414493-1,5414493-2,0.65822583,1.0
5016501-1,7758563-1,0.43118992,0.0
6611013-1,7583595-1,0.46505615,0.0
3963350-2,5760075-1,0.45529392,0.0
4246651-1,4246651-2,0.8189119,1.0
5819130-1,6540546-1,0.18457887,0.0
7915259-1,7915259-2,0.84492373,1.0
5442331-1,8241246-1,0.19271956,0.0
7149416-3,7149416-4,0.30087113,1.0
2783122-1,4700638-3,0.061652977,0.0
8017932-12,8017932-9,0.6680703,1.0
5799854-1,5799854-2,0.14483337,1.0
5642131-14,5642131-15,0.6295001,1.0
2483951-1,6939799-1,0.052170344,0.0
3005218-1,8645491-1,0.34986076,0.0
4955044-1,4955044-3,0.921829,1.0
7308791-2,7308791-3,0.60572135,1.0
1906806-10,1906806-2,0.8565534,1.0
4144710-1,4144710-2,0.6854322,1.0
8436632-1,8436632-3,0.3362767,1.0
3573578-1,3573578-3,0.5939402,1.0
5540391-1,6257534-6,0.660535,0.0
5761507-1,7758532-1,0.071562275,0.0
3806379-3,5438003-1,0.82605416,0.0
6158977-1,8653749-3,0.23457916,0.0
4374093-1,6786383-1,0.18665178,0.0
5295534-1,5295534-2,0.8407655,1.0
7826043-1,7826043-6,0.81836206,1.0
3660495-1,7294899-2,0.8847435,1.0
6615911-1,7504832-1,0.05609234,0.0
4170659-3,4170659-7,0.81899184,1.0
3522339-5,3522339-7,0.8808591,1.0
4611067-1,4611067-5,0.87428933,1.0
4255922-1,8294413-3,0.54160243,0.0
4580704-1,5591105-1,0.029553717,0.0
3575003-2,3942612-1,0.31904882,0.0
8140372-1,8140372-2,0.78499866,1.0
6466910-1,6466910-2,0.8796643,1.0
4171577-1,4171577-3,0.6289413,1.0
4499620-1,7936921-1,0.4124459,0.0
8133044-10,8133044-16,0.7381989,1.0
4003725-1,4999640-1,0.050656408,0.0
3458969-1,3458969-2,0.9527279,1.0
6421557-2,7918232-1,0.5431971,0.0
8669740-1,8669740-2,0.82534325,1.0
4636727-1,6324896-1,0.71804744,0.0
4150647-1,4839800-1,0.20744263,0.0
4748557-1,7536520-1,0.23050253,0.0
7530181-3,7530181-4,0.8952098,1.0
5473084-1,8323314-1,0.69595844,0.0
6624159-1,6624159-2,0.526523,1.0
5649805-3,5649805-4,0.8448465,1.0
5806301-1,5806301-3,0.9530987,1.0
3957457-1,6048844-1,0.18758851,0.0
5949951-2,5949951-3,0.814723,1.0
4219230-4,4719250-1,0.29779303,0.0
3383489-2,7793215-1,0.55386376,0.0
6047837-1,7253621-1,0.036924437,0.0
7337025-2,7337025-3,0.88697183,1.0
6963280-3,6963280-4,0.7625996,1.0
6263613-1,6536236-1,0.21229443,0.0
3125664-1,4294151-2,0.5252232,0.0
7545039-1,7545039-3,0.82520616,1.0
4065581-1,7305570-1,0.14482807,0.0
8391342-21,8391342-24,0.94513637,1.0
8531158-5,8531158-7,0.5576869,1.0
3835511-2,3835511-7,0.8501743,1.0
6656669-2,8478475-1,0.13374925,0.0
8083420-1,8083420-4,0.9191242,1.0
6007433-1,6788312-1,0.8490488,0.0
6311773-2,6311773-7,0.16425908,1.0
6196253-1,6196253-2,0.33172467,1.0
6676009-1,6683380-1,0.4365589,0.0
3620691-1,4552135-1,0.12612043,0.0
7871073-1,8267720-1,0.50050366,0.0
8486370-2,8486370-4,0.8104451,1.0
2925357-1,6849017-1,0.78008676,0.0
6506424-2,8215346-1,0.33793762,0.0
6261630-1,6261630-3,0.38188678,1.0
6935495-3,6935495-4,0.8652818,1.0
4847610-1,7434254-1,0.8481309,0.0
5586864-1,5586864-3,0.6900724,1.0
6257534-3,6257534-6,0.37567478,1.0
5319513-1,5319513-2,0.74378353,1.0
5358236-1,6421649-1,0.33230492,0.0
6115603-1,7995463-2,0.14842764,0.0
7828325-1,7828325-2,0.7986838,1.0
8083751-1,8083751-3,0.5906146,1.0
5606941-2,5606941-3,0.5675379,1.0
3521487-1,3521487-2,0.7096606,1.0
3491129-1,3491129-2,0.8697702,1.0
3942558-2,6699351-1,0.72520995,0.0
3544906-11,3544906-8,0.70095724,1.0
4780500-2,4780500-3,0.65886194,1.0
6896594-1,6896594-4,0.5570835,1.0
3504259-1,5372272-3,0.09418386,0.0
3639158-11,3639158-15,0.68402255,1.0
7083186-1,8451514-1,0.47134987,0.0
3446909-2,3446909-5,0.48158228,1.0
6324859-9,6603826-2,0.664103,0.0
8673679-2,8673679-3,0.7872224,1.0
7167419-1,8395433-1,0.1364153,0.0
2553054-1,8530043-1,0.885334,0.0
6311248-1,6510002-1,0.3041712,0.0
4251001-1,5282937-1,0.22164403,0.0
6299528-1,6299528-5,0.92873824,1.0
5433337-1,8536809-1,0.37217236,0.0
5396409-1,8586889-1,0.5767405,1.0
8063915-2,8063915-4,0.90757346,1.0
6643709-2,6643709-3,0.7817206,1.0
6802603-1,6802603-3,0.5731193,1.0
2583964-1,3847183-1,0.4540023,0.0
4754271-2,4754271-3,0.78408676,1.0
7568094-3,7568094-5,0.6792999,1.0
8436292-3,8436292-7,0.6603312,1.0
3614665-1,3614665-2,0.51034534,1.0
3804044-4,5051316-1,0.6366073,0.0
7367386-10,7367386-9,0.8521224,1.0
3156521-1,3156521-2,0.8899822,1.0
6052760-1,6052760-2,0.82247585,1.0
5686962-2,5686962-4,0.6411268,1.0
7196143-1,7196143-2,0.33324072,1.0
3198484-2,3198484-4,0.4173379,1.0
2992922-1,2992922-4,0.9136532,1.0
6984358-1,7011579-1,0.076088436,0.0
3522339-5,3522339-9,0.81067234,1.0
6504238-2,6504238-3,0.70462245,1.0
2997285-1,3880727-1,0.41383696,0.0
3280044-2,3280044-5,0.5069455,1.0
8611606-7,8611606-8,0.9395566,1.0
6896379-2,6896379-3,0.6433467,1.0
3576192-2,6280254-1,0.11856707,0.0
4145547-2,8442218-1,0.6383172,0.0
8673864-2,8673864-4,0.65113896,1.0
5458024-1,5458024-2,0.79517674,1.0
2872666-3,5042625-4,0.5214622,0.0
6908544-1,6908544-3,0.76922625,1.0
4881631-1,6089065-1,0.08033681,0.0
4868919-1,4972880-1,0.2007664,0.0
3168002-1,8159644-1,0.5914511,0.0
3168013-1,3168013-2,0.28966323,1.0
8428280-5,8428280-6,0.60465693,1.0
7952588-1,7952588-2,0.5213359,1.0
6958894-3,8078049-1,0.11627656,0.0
6051123-1,6875172-1,0.536894,0.0
3996354-3,4000642-1,0.15952833,0.0
5988756-10,5988756-2,0.7432246,1.0
4005186-1,8032976-1,0.50814265,0.0
3914231-1,7758736-3,0.3590359,0.0
7299656-6,7299656-9,0.5492886,1.0
4621684-1,5324989-1,0.662882,0.0
8407943-1,8407943-2,0.68846995,1.0
6029987-1,7233718-1,0.25293893,0.0
3078545-1,3078545-2,0.6447752,1.0
5450585-1,5450585-2,0.89149565,1.0
5649928-1,6048768-1,0.2725786,0.0
8448394-1,8448394-4,0.8182214,1.0
3125662-1,4022759-1,0.57015896,0.0
6086918-1,6446957-1,0.15531106,0.0
5961508-1,5961508-2,0.85089946,1.0
2850862-1,7495870-1,0.061913285,0.0
5606941-2,5606941-3,0.5675379,1.0
8486370-2,8486370-4,0.8104451,1.0
7319780-2,7319780-3,0.6381905,1.0
1913058-2,4112643-2,0.7233549,0.0
6743228-1,6743228-2,0.83679736,1.0
2769433-1,4719736-2,0.48688933,0.0
7431496-1,8200779-1,0.17186838,0.0
4611067-1,4611067-5,0.87428933,1.0
4158630-1,5992942-1,0.31595594,0.0
4278010-1,4278010-3,0.6417085,1.0
6086918-1,6446957-1,0.15531106,0.0
8326779-1,8626963-1,0.59754163,0.0
7898215-1,7898215-3,0.5094843,1.0
8129005-2,8129005-4,0.5546157,1.0
7866758-1,7866758-3,0.7111111,1.0
5656962-2,7552379-1,0.32836622,0.0
3913202-1,8110285-1,0.28476885,0.0
4296409-3,4296409-6,0.89594823,1.0
4028528-1,5610409-1,0.13491726,0.0
5642131-1,5642131-11,0.92571926,1.0
6054085-1,6054085-2,0.5251449,1.0
3883337-1,4022768-1,0.105518095,0.0
3794648-1,4967432-1,0.5005428,0.0
3424642-1,4063625-1,0.07875285,0.0
8386154-1,8386154-11,0.8700051,1.0
7314844-1,7314844-7,0.7505962,1.0
4173947-1,6942751-1,0.21056579,0.0
4782467-1,4782467-2,0.91567403,1.0
6533970-3,6533970-4,0.7396777,1.0
6324859-6,6324859-7,0.67044705,1.0
6520636-1,7143194-1,0.57697237,0.0
4287898-4,6057532-1,0.46402884,0.0
5629837-1,5629837-3,0.19223015,0.0
5587134-1,5587134-5,0.87541753,1.0
8626173-1,8626173-3,0.9085882,1.0
5264488-1,5264488-2,0.7973484,1.0
4113041-2,4113041-3,0.8938129,1.0
7040398-1,8525259-1,0.5393496,0.0
6617653-1,7034466-2,0.33650443,0.0
8133044-1,8133044-15,0.8032595,1.0
6103365-4,6103365-8,0.70036244,1.0
8077172-10,8077172-12,0.75444895,1.0
5415937-1,5763207-1,0.10112884,0.0
7335480-4,7335480-5,0.80011314,1.0
5585603-1,8647052-1,0.47871426,0.0
8042546-1,8042546-2,0.4988737,1.0
5591132-2,5591132-3,0.83172125,1.0
6027691-1,6027691-3,0.92563707,1.0
6319526-1,6319526-4,0.8225097,1.0
5619454-1,8674200-1,0.2504185,0.0
6580405-1,6692986-1,0.7241864,0.0
7461343-1,7813980-1,0.09712805,0.0
8504030-1,8504030-7,0.460064,1.0
7584299-1,8530181-4,0.23866846,0.0
3639802-2,3639802-5,0.6865662,1.0
3483331-1,6398741-1,0.13165809,0.0
7789137-2,7789137-3,0.9626118,1.0
4738659-1,4738659-3,0.738975,1.0
5649805-10,5649805-4,0.6242525,1.0
3849750-1,4940323-1,0.68292165,0.0
7383746-8,7383746-9,0.88155913,1.0
6504755-1,6661518-1,0.31986874,0.0
3391801-1,5894559-1,0.68083155,0.0
2612684-1,6861041-1,0.44205216,0.0
8611606-7,8611606-8,0.9395566,1.0
6600896-1,6774008-1,0.099347696,0.0
5358187-1,6918799-1,0.101612866,0.0
4245924-7,4245924-8,0.6230888,1.0
6831242-1,6831242-2,0.8153016,1.0
4973717-1,7364491-6,0.6102293,1.0
8386154-1,8386154-11,0.8700051,1.0
2790148-2,2790148-5,0.9374194,1.0
4094743-4,4094743-6,0.93009406,1.0
5642131-14,5642131-9,0.8083502,1.0
5432734-1,5674715-1,0.2567602,0.0
6710848-1,7506268-1,0.17257239,0.0
6956960-1,8255699-1,0.15594156,0.0
4906065-2,4906065-3,0.75702757,1.0
5588294-1,8172003-1,0.088952325,0.0
7168954-2,8695476-1,0.6600702,0.0
3733704-3,3733704-4,0.8742098,1.0
5656962-2,7552379-1,0.32836622,0.0
3155122-1,7869367-2,0.57050425,0.0
6549290-4,6549290-5,0.37761554,1.0
2994355-1,7500196-1,0.3787304,0.0
3912782-1,3912782-3,0.94937736,1.0
3083330-6,3083330-7,0.546927,1.0
4189061-1,4189061-3,0.16521534,1.0
3401740-1,8683674-1,0.4448235,0.0
5851261-2,5851261-4,0.82474804,1.0
5296994-1,5771932-1,0.28718007,0.0
4301526-1,4340456-1,0.05285575,0.0
5747782-1,6919952-1,0.450081,0.0
3325621-1,3325621-2,0.3848427,1.0
4659983-1,4659983-3,0.9239467,1.0
7981707-1,7981707-5,0.7930402,1.0
8067258-1,8067258-4,0.9489291,1.0
6861045-1,7947317-8,0.21517111,0.0
7996811-5,7996811-6,0.89634734,1.0
7113199-1,7113199-6,0.6129673,1.0
8391342-23,8391342-30,0.705241,1.0
4230886-1,4230886-4,0.24876124,1.0
4315005-1,6022339-1,0.525377,0.0
5332170-1,5332170-2,0.73402166,1.0
5404652-1,5798423-1,0.12328229,0.0
6122645-1,7296883-1,0.20830113,0.0
3741975-1,3741975-3,0.6309703,1.0
5842533-1,5842533-2,0.54690224,1.0
7775944-2,7775944-4,0.8224182,1.0
7292423-4,7319832-1,0.85409915,0.0
3141126-1,8216312-1,0.07803235,0.0
3180833-1,3180833-4,0.8636361,1.0
3423746-1,4196524-1,0.10024976,0.0
8610460-1,8610460-2,0.6217181,1.0
3843926-1,3843926-3,0.50866437,1.0
8625578-1,8625578-2,0.7923999,1.0
4024625-2,4024625-3,0.810842,1.0
6436465-1,6436465-3,0.715729,1.0
6389012-1,6389012-2,0.66543055,1.0
7581838-2,7581838-4,0.7421127,1.0
7803128-1,7803128-3,0.575589,1.0
5421160-6,5421160-8,0.7646604,1.0
8203287-1,8381434-1,0.39862254,0.0
7520796-1,7520796-2,0.84474957,1.0
8015162-3,8015162-4,0.6226923,1.0
7147292-2,7275959-1,0.1073641,0.0
5588294-1,8172003-1,0.088952325,0.0
4700638-12,4700638-6,0.750255,1.0
3271401-1,8682950-2,0.16661423,0.0
7410159-1,7569547-2,0.24511394,0.0
3783717-1,6413441-1,0.13117008,0.0
8371642-1,8371642-2,0.8656013,1.0
7772757-1,7784239-11,0.2665522,0.0
7847093-2,7847093-4,0.16557355,1.0
2964611-2,8051049-1,0.69273156,0.0
3021899-1,8422947-1,0.39033058,0.0
7164702-1,7164702-3,0.8391783,1.0
4316863-1,5290493-1,0.7012133,0.0
3751136-1,6969990-1,0.28502378,0.0
3817136-1,3817136-5,0.73555255,1.0
4832259-2,8145651-1,0.106173314,0.0
5010550-1,8020180-1,0.29744563,0.0
4919970-1,6991144-1,0.33215395,0.0
4349915-1,4349915-2,0.9773656,1.0
3751073-1,5578588-1,0.2980689,0.0
3363060-1,8363435-1,0.6409208,0.0
8279281-1,8372668-1,0.25427943,0.0
8428280-1,8428280-7,0.61767,1.0
4162020-1,4162020-2,0.8038884,1.0
6738168-1,6738168-2,0.6060087,1.0
4346121-6,4346121-7,0.6431732,1.0
7872057-2,7872057-5,0.58573616,1.0
8646190-3,8646190-9,0.9418824,1.0
3796393-1,3796393-2,0.4390393,1.0
4286787-1,6839322-1,0.15743232,0.0
7437123-4,7437123-5,0.42916742,1.0
3891612-2,5977079-7,0.52246237,0.0
8391342-13,8391342-14,0.66189903,1.0
3506073-1,8238592-1,0.23667265,0.0
3728137-1,5139770-1,0.09621922,0.0
8476614-2,8476614-3,0.97118765,1.0
4853494-1,4853494-2,0.6719816,1.0
5798152-3,5798152-5,0.96163183,1.0
3868099-1,6771323-2,0.062097844,0.0
4140120-1,8542851-1,0.38826632,0.0
4418101-1,7771832-1,0.27824113,0.0
8077172-2,8077172-21,0.82242846,1.0
6160050-3,6160050-7,0.8454955,1.0
6205896-1,6897378-2,0.64487773,0.0
5759668-1,5787680-1,0.09966794,0.0
3481430-1,4854028-1,0.6522712,0.0
6486600-3,6486600-6,0.7089238,1.0
6177071-1,6177071-3,0.7068796,1.0
7934535-1,8570892-1,0.18337426,0.0
4247011-1,4683505-2,0.7007552,0.0
4569403-1,8052149-1,0.6780431,0.0
4532946-1,6203505-1,0.23726495,0.0
5000566-2,5444672-1,0.8370287,0.0
5637006-1,5637006-4,0.7023476,1.0
3841699-1,7543102-1,0.2824394,0.0
3751136-1,6969990-1,0.28502378,0.0
3803119-1,3803119-3,0.9156045,1.0
4417130-1,7852429-1,0.38755995,0.0
6421387-1,7452954-1,0.12631279,0.0
8663839-1,8663839-2,0.5318377,1.0
5996656-1,7053684-1,0.60704523,0.0
4478336-2,4478336-3,0.38661227,1.0
4430159-1,6984027-1,0.42705694,0.0
8284755-1,8721166-1,0.43391153,0.0
6748463-1,6748463-3,0.8560366,1.0
5988756-10,5988756-2,0.7432246,1.0
4535012-1,6750314-1,0.13703953,0.0
7990443-5,7990443-6,0.8896192,1.0
7711629-1,7711629-6,0.87689334,1.0
8391342-30,8391342-31,0.34803432,0.0
6357504-1,6357504-2,0.7371894,1.0
6642620-1,7666449-2,0.08965001,0.0
5853069-1,5853069-4,0.75613016,1.0
4407315-1,8352636-1,0.3480736,0.0
8577550-1,8577550-2,0.7360541,1.0
8171131-1,8171131-2,0.9336555,1.0
5084613-3,8231303-2,0.7969098,0.0
6902399-1,6902399-2,0.94045776,1.0
7663930-1,7663930-4,0.67346257,1.0
7054188-1,7054188-2,0.32933548,1.0
3518713-1,5426015-1,0.36584002,0.0
6603818-1,6708964-3,0.5748513,0.0
3479817-2,3479817-3,0.6565253,1.0
7988206-11,7988206-2,0.570369,1.0
8391342-18,8391342-30,0.92755586,1.0
4021662-1,6328742-1,0.61127365,0.0
7559672-2,8540014-1,0.9184267,0.0
8162322-2,8162322-5,0.95165676,1.0
6976742-1,6976742-2,0.785899,1.0
3866672-1,3866672-2,0.7964666,1.0
3058185-1,8047970-1,0.3727309,0.0
6594285-1,6728653-1,0.7551377,0.0
5806580-2,5806580-3,0.46047628,1.0
4900302-1,6058556-1,0.45384526,0.0
3888042-1,4003755-1,0.3310278,0.0
6590551-1,7837857-1,0.6738525,0.0
4549739-1,5215251-2,0.19888951,0.0
4852974-1,6709293-2,0.6821696,0.0
8391342-28,8391342-29,0.8397727,1.0
2964793-1,4693350-1,0.21457887,0.0
3919721-2,3919721-6,0.8566111,1.0
7909218-1,7909218-2,0.30759266,1.0
4865706-2,4865706-3,0.93477136,1.0
3006383-1,3808023-1,0.16290331,0.0
6251240-1,7193879-1,0.13174699,0.0
2526450-1,4604288-3,0.6725675,0.0
7380784-2,7380784-3,0.75705194,1.0
5538099-1,7789270-1,0.5003378,0.0
5854745-6,5854745-7,0.88239294,1.0
2847818-2,2847818-3,0.61708105,1.0
4660492-1,4660492-3,0.9064463,1.0
6813411-1,7537742-2,0.20162576,0.0
5624251-1,8129541-1,0.20246921,0.0
6636068-1,8270715-2,0.74761164,0.0
8155605-1,8155605-2,0.8367225,1.0
7734470-1,7734470-2,0.7381418,1.0
7693123-2,7693123-6,0.8061425,1.0
4963987-1,6865345-1,0.34033144,0.0
3897098-3,3897098-4,0.6796444,1.0
6176846-1,7322230-1,0.39443222,0.0
8391342-16,8391342-22,0.74355584,1.0
5735802-1,5735802-2,0.7103301,1.0
3463145-1,5649707-1,0.6423818,0.0
3439305-1,7454860-1,0.5649982,0.0
3380669-1,3380669-5,0.86256385,1.0
7670364-5,7670364-6,0.39889228,1.0
3491129-1,3491129-2,0.8697702,1.0
6421483-1,7954243-1,0.40463254,0.0
6380677-1,8567533-1,0.22367114,0.0
7459382-1,8276599-1,0.42969134,0.0
3986653-2,3986653-3,0.3649334,1.0
3701398-1,3701398-2,0.8494305,1.0
3349473-1,8093108-1,0.38786054,0.0
3168384-1,6965199-1,0.33143723,0.0
2843128-1,2843128-2,0.9134156,1.0
5392035-2,5392035-6,0.8282468,1.0
4123283-1,4123283-2,0.9231058,1.0
6332995-1,6332995-2,0.7258175,1.0
4806760-1,4806760-2,0.66967875,1.0
4678475-2,4678475-9,0.7827905,1.0
7567324-1,7567324-2,0.81779563,1.0
3111110-1,8015810-1,0.124407426,0.0
4294462-1,7984890-1,0.36674342,0.0
3848848-1,4284497-1,0.29787758,0.0
5237176-1,5237176-4,0.7506569,1.0
2876699-1,4391184-1,0.59915936,0.0
4763958-2,4763958-3,0.8747129,1.0
3667440-4,3667440-5,0.8604529,0.0
7098361-1,7292137-1,0.54710585,0.0
5567077-1,6547267-1,0.1168774,0.0
2635979-1,2635979-2,0.8929339,1.0
8259403-1,8259403-4,0.619754,1.0
5546652-1,6939972-2,0.3190536,0.0
2783155-1,6046149-1,0.5324877,0.0
8391342-17,8391342-6,0.8112524,1.0
7581838-2,7581838-4,0.7421127,1.0
4154885-1,4154885-2,0.81323105,1.0
3350304-1,6874281-1,0.11670324,0.0
7315196-1,7315196-3,0.7901244,1.0
3745699-3,3745699-4,0.47759277,1.0
3539892-1,3539892-2,0.85829663,1.0
8569136-1,8569136-4,0.75937915,1.0
4194376-1,7402798-1,0.39804217,0.0
4700638-12,4700638-6,0.750255,1.0
3713764-1,8520139-1,0.52934927,0.0
6411332-1,7276158-1,0.20781013,0.0
6434444-6,6434444-9,0.8476422,1.0
3026341-1,3026341-3,0.91597694,1.0
3232486-1,7364406-1,0.022433508,0.0
6873498-1,7912834-1,0.88191134,0.0
3861473-2,5868890-1,0.051611125,0.0
3620691-1,4552135-1,0.12612043,0.0
4153278-1,4153278-6,0.8157394,1.0
3283526-1,3283526-3,0.88005126,1.0
4375774-1,6006626-1,0.2411071,0.0
5288423-3,5288423-7,0.86397153,1.0
7640421-1,7962156-1,0.1625372,0.0
6682377-1,7477153-1,0.38242522,0.0
6005396-1,7596536-1,0.32689574,0.0
8391342-20,8391342-5,0.95041525,1.0
7758736-7,7758736-8,0.9381325,1.0
5221483-1,5221483-2,0.45614713,1.0
7367413-1,7367413-2,0.9236151,1.0
6710848-1,7506268-1,0.17257239,0.0
7427433-1,7427433-3,0.7725958,1.0
4173630-1,4173630-2,0.5040566,1.0
5692993-1,6459065-1,0.30981213,0.0
4323511-1,5093178-1,0.14069965,0.0
8372087-1,8572351-1,0.041269206,0.0
7465747-3,7465747-6,0.8021198,1.0
8093052-1,8093052-2,0.58996797,1.0
5556841-1,7758586-1,0.17859071,0.0
6764574-4,6764574-5,0.7864976,1.0
5655631-1,5838924-1,0.6856612,0.0
4898933-1,7254858-2,0.47358674,0.0
4251822-1,8415779-1,0.6840753,0.0
3754402-1,3754402-3,0.8875885,1.0
5340050-1,7641488-1,0.15240864,0.0
6667808-1,7769494-1,0.47660145,0.0
3848791-1,8097641-1,0.6623248,0.0
8211030-1,8211030-2,0.8331587,1.0
6263613-1,6536236-1,0.21229443,0.0
3510916-1,5343649-1,0.45409644,0.0
3220159-1,5314846-1,0.80732864,0.0
6238297-2,6238297-3,0.6498561,1.0
7163344-1,8063807-1,0.6154187,0.0
2584640-2,2584640-3,0.80092376,1.0
3863411-1,8481042-1,0.73915017,0.0
6299528-1,6299528-5,0.92873824,1.0
6916609-1,6916609-2,0.8576443,1.0
8674165-6,8674165-7,0.8643593,1.0
3775321-1,4471754-1,0.098331176,0.0
7292423-1,7292423-3,0.9298596,1.0
7569537-1,7569537-3,0.9236226,1.0
3623814-1,7026818-1,0.40508255,0.0
4277160-1,5125192-1,0.20036048,0.0
3972859-1,4531603-1,0.11075797,0.0
2740291-2,2740291-4,0.8421761,1.0
4810902-1,4810902-2,0.57358295,1.0
3150704-1,5662338-1,0.54776573,0.0
7419387-3,8202394-2,0.5317412,0.0
7243444-1,7243444-2,0.43831605,1.0
3038601-2,3038601-3,0.5224629,1.0
5337234-9,8304346-1,0.79209185,0.0
3249280-1,6476008-1,0.40429893,0.0
3981990-1,6350430-1,0.0655124,0.0
6421387-1,7452954-1,0.12631279,0.0
5397814-1,5397814-2,0.82999015,1.0
7336759-3,7336759-4,0.8702038,1.0
7357015-1,7902762-1,0.10291355,0.0
6444229-1,7549992-1,0.07715169,0.0
7932833-2,7932833-3,0.9240215,1.0
7367386-1,7367386-10,0.762545,1.0
2886081-1,7714405-2,0.23822989,0.0
3927825-1,3927825-3,0.9095341,1.0
7427829-1,7837828-1,0.285377,0.0
4888757-1,6387697-1,0.03167671,0.0
6405358-1,6405358-2,0.8154945,1.0
4441241-1,7886462-2,0.5535778,0.0
6023324-2,6023324-4,0.770582,1.0
6503405-1,6503405-3,0.54580027,1.0
2614946-1,6424340-1,0.24678203,0.0
3555570-3,3555570-4,0.89670146,1.0
2566578-1,4988024-1,0.049174648,0.0
7337545-1,7752551-1,0.29372552,0.0
6311956-3,6996467-1,0.77513593,0.0
6601163-1,7024077-1,0.178364,0.0
4028562-1,4028562-2,0.5423639,1.0
3097561-1,3614810-1,0.27841565,0.0
6290221-1,8614051-1,0.08278663,0.0
5540391-1,6257534-6,0.660535,0.0
4377782-1,8018181-1,0.22774285,0.0
3732667-1,7678230-2,0.08750282,0.0
3198484-2,3198484-4,0.4173379,1.0
3872386-2,7869389-1,0.28009745,0.0
3740663-1,8087350-1,0.54671454,0.0
7681751-1,8685493-1,0.26569152,0.0
3836937-1,4369927-1,0.5745135,0.0
6329029-1,7586178-1,0.68328416,0.0
6028424-1,6028424-2,0.5783805,1.0
4016666-1,4456747-2,0.065244965,0.0
3141126-1,8216312-1,0.07803235,0.0
4616293-1,6641798-1,0.63495654,0.0
7780436-1,7780436-4,0.8636701,1.0
4353272-6,4353272-7,0.92881906,1.0
6486600-2,6486600-5,0.8264422,1.0
5346454-10,8497279-1,0.4547107,0.0
5346920-1,7066495-2,0.23156342,0.0
7784239-2,7784239-6,0.67417455,1.0
3539876-1,3539876-2,0.3888976,1.0
2933532-3,2933532-4,0.6551093,1.0
8569136-3,8569136-8,0.9394737,1.0
8554378-2,8554378-3,0.77147186,1.0
7489718-1,8490061-1,0.5224951,0.0
3692185-1,4023098-1,0.51614815,0.0
8399375-4,8399375-8,0.84043753,1.0
7829630-6,7829630-7,0.9044956,1.0
3544906-10,3544906-12,0.5218206,1.0
8133044-13,8133044-8,0.3776304,1.0
3263702-2,3263702-4,0.9895362,1.0
6275824-1,6275824-4,0.46261472,1.0
6157985-1,6157985-2,0.7760399,1.0
5103332-2,5103332-3,0.61530644,1.0
6744773-3,8326605-1,0.37842223,0.0
6119787-1,7098333-1,0.21401621,0.0
1361803-1,1361803-2,0.9245943,1.0
7665777-1,7665777-9,0.94243103,1.0
8360323-1,8360323-2,0.9109902,1.0
5747782-1,6919952-1,0.450081,0.0
3690703-1,4107623-1,0.21964337,0.0
3373979-1,7519275-1,0.7340433,0.0
4059869-1,4623174-1,0.36266705,0.0
4947865-3,4947865-6,0.81705934,1.0
5126593-1,5126593-3,0.5282915,1.0
4695652-1,7034751-1,0.55654025,0.0
3447179-5,7492561-1,0.52258265,0.0
6051123-1,6875172-1,0.536894,0.0
6053882-2,6053882-4,0.85663295,1.0
6839064-1,6839064-2,0.49733412,1.0
3111110-1,8015810-1,0.124407426,0.0
1634748-1,8554414-1,0.2581753,0.0
4918484-1,7067578-1,0.8237663,1.0
2628085-1,2628085-7,0.467315,1.0
5264488-1,5264488-2,0.7973484,1.0
8342471-1,8342471-3,0.40592277,1.0
4342155-1,7539112-1,0.4161438,0.0
8211030-1,8211030-2,0.8331587,1.0
3704971-1,3704971-2,0.9146402,1.0
6452482-1,7542055-3,0.45696887,0.0
2775881-1,8040745-1,0.8183335,0.0
2955342-2,2955342-3,0.36704755,1.0
5502503-1,5502503-2,0.8956708,1.0
6180387-2,6180387-4,0.83497137,1.0
5681756-1,5681756-2,0.66734564,1.0
3851705-1,4537717-1,0.6218611,0.0
8202334-1,8202334-2,0.55568796,1.0
4013303-1,6476142-1,0.32846132,0.0
4566325-1,7220171-1,0.42911932,0.0
6885689-1,6885689-4,0.8724966,1.0
6088479-2,7052693-2,0.5179386,0.0
7252802-1,7252802-2,0.77698964,1.0
3299160-2,8569646-1,0.9535787,0.0
5093866-1,6020090-1,0.5425644,0.0
3876310-1,3942268-1,0.40299547,0.0
7501909-1,8655056-2,0.29065034,0.0
3072537-1,3072537-2,0.753305,1.0
5318534-4,5318534-5,0.8371341,1.0
3698236-1,5799648-1,0.26009724,0.0
5806301-1,5806301-3,0.9530987,1.0
6746349-1,6746349-2,0.68790627,1.0
4136409-1,5429156-1,0.46293753,0.0
8570371-1,8570371-2,0.29449245,1.0
3474963-1,5075289-3,0.15713744,0.0
4962498-1,4962498-2,0.7545864,1.0
3220107-1,8052025-1,0.584334,0.0
7492794-4,7492794-5,0.8537909,1.0
7055463-3,7055463-5,0.74309623,1.0
3570192-3,3570192-4,0.41220793,1.0
4427374-1,8256150-2,0.20741916,0.0
3624739-1,3624739-3,0.89628273,1.0
8045623-1,8045623-3,0.921008,1.0
4430159-1,6984027-1,0.42705694,0.0
5363092-1,7896674-1,0.4227841,0.0
5498952-1,7708205-1,0.511598,0.0
4630066-1,4630066-4,0.819473,1.0
2880279-1,2880279-2,0.54074055,1.0
7302530-1,7302530-2,0.2057308,1.0
8017932-11,8017932-3,0.97231346,1.0
3072064-2,6489369-1,0.16574763,0.0
7323262-1,7323262-2,0.63127095,0.0
3121001-1,7771393-1,0.15283875,0.0
6637366-2,6637366-4,0.64975643,1.0
5613318-1,7923699-3,0.40647233,0.0
4728983-1,8012175-1,0.3026041,0.0
3350036-1,7535559-1,0.2870851,0.0
4442002-1,5761908-1,0.22198014,0.0
3928261-1,7657372-1,0.28917423,0.0
529263-1,529263-5,0.83470714,1.0
7649103-2,7649103-8,0.8131546,1.0
4461673-2,6721265-1,0.5661117,0.0
8278647-1,8278647-3,0.7094498,1.0
2872603-1,4377368-1,0.61706066,0.0
8705528-12,8705528-14,0.7672692,1.0
4748767-1,4962865-1,0.5605017,0.0
4815553-2,7372620-1,0.616438,0.0
3500013-1,3500013-2,0.33844864,1.0
5940681-2,5940681-4,0.8645075,1.0
3957503-1,3957503-2,0.6935087,1.0
4998961-1,7414370-1,0.05997837,0.0
5952278-1,5952278-3,0.60354215,1.0
5465520-1,8270060-1,0.62890714,0.0
7781038-2,7781038-3,0.5546837,1.0
5530460-2,5530460-5,0.29138237,1.0
2737771-1,4738830-1,0.478925,0.0
5798152-3,5798152-5,0.96163183,1.0
7071810-1,7098335-1,0.5842371,0.0
4717387-1,4717387-5,0.82835376,1.0
4325202-2,5858840-1,0.21687095,0.0
8391342-20,8391342-8,0.7874866,1.0
8395467-3,8395467-4,0.79639214,1.0
4575794-3,4575794-6,0.53617215,1.0
3758170-1,5103332-1,0.16520382,0.0
8625578-1,8625578-2,0.7923999,1.0
7160714-1,7160714-2,0.6531099,1.0
6572923-1,6572923-2,0.90925187,1.0
2813646-3,2813646-4,0.59828,1.0
4093735-1,8557174-1,0.47086477,0.0
6060766-3,6060766-6,0.8432453,1.0
4553663-1,4804603-1,0.29468623,0.0
7066540-6,7066540-8,0.85261935,1.0
4448067-1,4448067-3,0.19471575,1.0
7789137-2,7789137-3,0.9626118,1.0
4700638-6,4700638-9,0.9344366,1.0
4553663-1,4804603-1,0.29468623,0.0
2772281-1,2772281-3,0.45597833,1.0
4217299-1,7182974-1,0.28552654,0.0
5893346-2,5893346-8,0.6981778,1.0
3955822-1,3955822-3,0.89606094,1.0
4738659-2,4738659-3,0.73907936,1.0
3740108-2,8674153-1,0.43144366,0.0
4310100-1,8057747-4,0.40313557,0.0
3724794-5,3724794-7,0.8537766,1.0
4153863-1,4153863-2,0.62997764,1.0
8133044-4,8133044-6,0.89536506,1.0
5437792-1,6620227-1,0.15424797,0.0
3921299-2,7850688-1,0.08261261,0.0
5550529-2,5550529-3,0.5654273,1.0
3393611-1,6135216-5,0.45154038,0.0
5376402-1,8415306-1,0.76633567,0.0
3745295-1,4927538-1,0.3332011,0.0
4206930-1,8052521-1,0.24581498,0.0
5054504-1,6600103-1,0.2188014,0.0
8320823-2,8320823-4,0.7566631,1.0
8013533-2,8158664-1,0.2510341,0.0
7665777-2,7665777-8,0.94623494,1.0
7520787-1,7846429-1,0.5415792,0.0
4720199-2,7586353-1,0.06373039,0.0
3791364-2,7871729-1,0.24485819,0.0
4052498-2,4052498-5,0.59205264,1.0
7454634-4,7454634-5,0.59516966,1.0
3446021-1,3905351-1,0.7371597,0.0
6135158-1,7568610-1,0.218624,0.0
4518382-1,6039649-1,0.5753742,0.0
7670619-2,7670619-3,0.8556602,1.0
5604601-2,5604601-4,0.28317994,1.0
6007664-1,6203868-1,0.20248412,0.0
1687152-1,8015043-1,0.5263974,0.0
6897378-3,6897378-4,0.7300454,1.0
7543135-2,7738631-1,0.20364036,0.0
4374200-1,6434759-1,0.043091,0.0
3922193-4,3922193-5,0.6103542,1.0
4524749-1,4524749-3,0.5729598,1.0
5084613-1,5084613-4,0.70076084,1.0
5759668-1,5787680-1,0.09966794,0.0
2614946-1,6424340-1,0.24678203,0.0
2881009-1,4494631-1,0.087384604,0.0
3017924-1,3853859-1,0.05741524,0.0
3883333-1,4432418-1,0.47583115,0.0
2749185-1,2749185-2,0.7955049,1.0
3830245-1,6402165-4,0.11884749,0.0
3111127-4,5074022-2,0.19991046,0.0
7871073-1,8267720-1,0.50050366,0.0
6107036-1,8107458-1,0.107339166,0.0
8312765-2,8312765-4,0.77130926,1.0
6371506-1,6559182-1,0.5108635,0.0
4531450-2,4531450-4,0.73306924,1.0
7421811-2,7421811-3,0.8556152,1.0
7649492-1,7649492-2,0.64085937,1.0
6796684-4,6796684-5,0.32051542,1.0
3830296-1,4392555-1,0.14097105,0.0
5044740-1,7583703-5,0.6612153,0.0
6835147-1,6835147-2,0.73419285,1.0
8494847-1,8494847-2,0.87471473,1.0
3514151-3,3514151-4,0.8551618,1.0
4962498-2,7220358-1,0.23354745,0.0
5081500-1,5081500-2,0.6331254,1.0
6323496-1,6323496-3,0.93025696,1.0
7755488-1,7755488-2,0.72826564,1.0
3634204-1,7198083-1,0.41284195,0.0
4130002-1,4130002-3,0.41022912,1.0
4916828-1,5742438-1,0.1517881,0.0
3191478-1,6006902-1,0.45865393,0.0
3078545-1,3078545-2,0.6447752,1.0
8133044-13,8133044-16,0.9015081,1.0
2790148-2,2790148-5,0.9374194,1.0
3893468-1,6006638-3,0.49538615,0.0
8383623-1,8383623-2,0.9532417,1.0
3072064-2,6489369-1,0.16574763,0.0
5912312-1,5912312-4,0.7601373,1.0
7695266-7,7695266-9,0.9710834,1.0
3120280-1,6707803-1,0.6154182,0.0
7421811-2,7421811-3,0.8556152,1.0
2879827-1,2879827-2,0.5782096,1.0
3037889-1,5731429-1,0.09721378,0.0
8721730-1,8721730-2,0.89380485,1.0
5351366-1,6728246-1,0.121661104,0.0
1764017-1,1764017-2,0.8823487,1.0
1634748-1,8554414-1,0.2581753,0.0
7867464-1,7867464-2,0.6122295,1.0
4144710-1,4144710-2,0.6854322,1.0
2992923-1,6783228-1,0.16035062,0.0
2640350-1,6452622-1,0.357954,0.0
5681756-1,5681756-3,0.88872206,1.0
2749185-1,2749185-2,0.7955049,1.0
8171131-2,8171131-3,0.6159933,1.0
1821026-1,4800938-1,0.10636116,0.0
5289268-5,5289268-6,0.9155712,1.0
3314863-1,8576766-1,0.75903916,0.0
4611936-1,6019244-4,0.3943117,0.0
5053003-1,5053003-3,0.9347992,1.0
5605694-1,5605694-2,0.762382,1.0
4173377-1,7709073-1,0.29772514,0.0
6299528-2,6299528-8,0.7208255,1.0
4063434-2,4063434-6,0.19691573,0.0
5898109-1,7360218-1,0.7489106,0.0
3240800-1,3240800-5,0.7303376,1.0
3114312-3,3114312-4,0.76410127,1.0
6217881-1,6217881-4,0.8100977,1.0
5864775-1,6300969-1,0.3719887,0.0
8560865-1,8560865-2,0.5964321,1.0
7607618-2,7607618-3,0.6924749,1.0
6580405-1,6692986-1,0.7241864,0.0
6388817-2,6388817-3,0.2926295,1.0
2531125-2,2531125-3,0.34226283,1.0
5712115-2,5712115-6,0.9157991,1.0
4857304-1,4857304-2,0.22084509,1.0
8123257-6,8123257-7,0.75667673,1.0
3121001-1,7771393-1,0.15283875,0.0
7568822-3,7568822-4,0.9183741,1.0
7011709-2,8226947-2,0.2667608,0.0
8391342-20,8391342-31,0.8667485,1.0
8411108-1,8411108-3,0.5890577,1.0
548304-1,7469333-1,0.89230645,1.0
6023335-1,6318133-1,0.2862059,0.0
3474405-1,3474405-2,0.7270581,1.0
4301542-1,6528137-1,0.32389665,0.0
3284018-1,3976550-1,0.49107638,0.0
6343558-1,7552318-1,0.36318636,0.0
7527865-6,7527865-7,0.75989246,1.0
6207033-1,6215584-1,0.37977204,0.0
5893202-1,6375024-2,0.32489613,0.0
7389435-1,7527010-1,0.49097383,0.0
3575366-1,3677018-1,0.42764157,0.0
5077241-3,5077241-5,0.8343855,1.0
3717022-1,7944653-2,0.55835956,0.0
5590406-4,8065519-2,0.30645987,0.0
3040089-1,3040089-4,0.71556747,1.0
7137636-1,7137636-2,0.7229022,1.0
3631789-1,7187865-1,0.17026496,0.0
3544906-11,3544906-5,0.97681946,1.0
6439376-1,7137218-1,0.533139,0.0
5642131-12,5642131-3,0.69216543,1.0
3515938-1,4311362-3,0.48830664,0.0
5605694-1,5605694-2,0.762382,1.0
2930656-2,2930656-5,0.4880925,1.0
4377453-1,4377453-2,0.79777807,1.0
2840962-1,3934617-1,0.34083036,0.0
2769293-1,6174309-1,0.29766244,0.0
4971313-1,8493990-2,0.23613352,0.0
5346454-3,5346454-9,0.84340656,1.0
2409333-1,4439693-1,0.10168326,0.0
4504872-7,4504872-8,0.8009722,1.0
3163772-1,7803169-1,0.13581416,0.0
8628095-1,8628095-2,0.21496761,1.0
5215179-1,6631613-1,0.12330643,0.0
8255476-1,8255476-3,0.39542302,1.0
4233104-1,7241257-4,0.3734589,0.0
3380669-1,3380669-5,0.86256385,1.0
4052498-2,4052498-5,0.59205264,1.0
6482199-1,8043810-1,0.068213165,0.0
3664409-4,5839866-1,0.29493958,0.0
6434444-6,6434444-9,0.8476422,1.0
4958625-2,4958625-4,0.749852,1.0
3843917-1,3843917-2,0.6358033,1.0
4860435-1,6076191-4,0.29797816,0.0
3671523-1,3671523-3,0.3082298,1.0
7419387-3,8202394-2,0.5317412,0.0
6277870-2,6277870-6,0.502488,1.0
3928346-1,6784672-1,0.15131105,0.0
8372087-1,8572351-1,0.041269206,0.0
5041540-1,6920296-1,0.46068272,0.0
6173029-1,6173029-2,0.71356356,0.0
3350187-1,7683931-1,0.49298942,0.0
3733704-3,3733704-4,0.8742098,1.0
6498959-2,6498959-5,0.81427145,1.0
6038475-1,6038475-7,0.9293956,1.0
3168038-1,5960513-1,0.6461749,0.0
5597919-1,6069030-1,0.11768696,0.0
3345597-1,4173537-1,0.5847073,0.0
4498857-1,4498857-2,0.49253076,1.0
6144594-1,6708912-3,0.2751674,0.0
6589640-1,8456593-4,0.13177371,0.0
6336730-1,6336730-7,0.6636208,1.0
8611532-1,8611532-3,0.65116024,1.0
4616573-1,7506085-3,0.30325285,0.0
7505619-1,8258411-1,0.044864126,0.0
4158630-1,5992942-1,0.31595594,0.0
8611532-1,8611532-3,0.65116024,1.0
6880481-1,8420832-1,0.22741617,0.0
2988810-6,2988810-8,0.1137301,1.0
8258108-3,8258108-5,0.8485019,1.0
3683466-1,7105337-1,0.63530666,0.0
8281630-1,8281630-3,0.51218367,1.0
4177003-1,7829722-1,0.6786559,0.0
7367386-6,7367386-9,0.69436777,1.0
5394300-1,6393095-1,0.3159161,0.0
5912312-1,5912312-4,0.7601373,1.0
8360293-1,8360293-3,0.6833089,1.0
4233061-1,4675478-1,0.34750083,0.0
4094743-3,4094743-4,0.800646,1.0
6691767-1,6691767-4,0.45375034,1.0
6382493-1,6382493-3,0.56393534,1.0
7383746-2,7383746-8,0.8994653,1.0
7098361-1,7292137-1,0.54710585,0.0
4314887-1,4330020-1,0.52594787,0.0
6003790-7,6003790-9,0.5876787,1.0
7992724-2,7992724-3,0.85142374,1.0
5749100-2,5845715-1,0.2347174,0.0
7366761-2,7366761-4,0.9175198,1.0
8358528-1,8499675-1,0.5333127,0.0
7275946-1,8404617-1,0.25149336,0.0
5367777-1,5367777-4,0.9124569,1.0
6133394-1,6133394-2,0.25801423,1.0
4393936-1,7970702-1,0.41960505,0.0
4300035-1,4506145-1,0.62395626,0.0
3467925-1,3467925-2,0.6659139,1.0
5586864-1,5586864-3,0.6900724,1.0
7171607-1,7171607-2,0.62363946,1.0
2876834-1,2876834-3,0.8663212,1.0
8391342-23,8391342-30,0.705241,1.0
5746636-2,5746636-5,0.8709344,1.0
6884946-1,6884946-2,0.44094855,1.0
5752727-1,5752727-3,0.8288837,0.0
6955064-1,7480892-1,0.63006294,0.0
4246490-1,6034130-1,0.24528748,0.0
5502322-1,6911275-1,0.062152524,0.0
2693830-1,4333530-1,0.06274957,0.0
7305575-1,8232500-3,0.54159737,0.0
7393473-1,7393473-2,0.48659143,1.0
7749935-6,7749935-8,0.78077066,1.0
3546249-1,5819108-3,0.30615222,0.0
6890352-1,7265717-1,0.21022248,0.0
3276790-1,3354865-1,0.3160462,0.0
3463145-1,3463145-2,0.89997643,1.0
5717916-1,7028787-1,0.32409877,0.0
5121555-1,5422832-1,0.18440181,0.0
3555391-1,7688041-1,0.1739669,0.0
8483877-1,8483877-3,0.78421897,1.0
7794039-1,8610483-1,0.50028443,0.0
3959087-1,5627835-1,0.6456676,0.0
2640403-3,5253495-1,0.68091017,0.0
7303855-1,8007422-1,0.3216393,0.0
7254079-1,8173944-2,0.7113391,0.0
3449433-1,5405650-1,0.12997809,0.0
4592502-1,5798104-1,0.7094517,0.0
4532946-1,6203505-1,0.23726495,0.0
6888207-2,6888207-3,0.9456992,1.0
7470563-1,7470563-3,0.7714715,1.0
8395467-4,8395467-5,0.6096033,1.0
3446124-1,6397822-1,0.37445065,0.0
5053003-1,5053003-3,0.9347992,1.0
4930592-1,8325998-1,0.5171777,0.0
3891421-2,5485294-1,0.6777318,0.0
4777948-2,4777948-6,0.8362802,1.0
2813577-5,2813577-6,0.9325129,1.0
3121716-1,7862149-1,0.78254825,0.0
3350187-1,7683931-1,0.49298942,0.0
4094581-1,4094581-7,0.5166494,1.0
7768392-5,7768392-8,0.90521485,1.0
3394863-2,3394863-3,0.5856443,1.0
2854355-1,8702016-1,0.7113768,0.0
8428280-1,8428280-7,0.61767,1.0
7490089-1,7813008-1,0.4144146,0.0
3156521-1,3156521-2,0.8899822,1.0
7394590-2,7394590-3,0.5311955,1.0
3785594-4,7869745-1,0.27314574,0.0
6702893-1,6702893-2,0.90416783,1.0
7343954-1,7343954-2,0.9598851,1.0
2526979-1,2726518-1,0.5128907,0.0
3510916-1,5343649-1,0.45409644,0.0
6370643-1,6370643-2,0.808994,1.0
3000840-1,6517487-2,0.39709234,0.0
3025820-1,3025820-2,0.8303364,1.0
6955064-1,7480892-1,0.63006294,0.0
3325621-1,4913998-3,0.17662166,0.0
3020588-1,3475881-1,0.15732564,0.0
3361854-1,3361854-2,0.83095914,1.0
3073952-1,7105784-2,0.33501953,0.0
2995939-1,7511067-1,0.12414807,0.0
8131961-1,8131961-2,0.45281386,1.0
7714405-1,7714405-3,0.9055433,1.0
2931397-1,8360259-2,0.35257244,0.0
4582463-1,4582463-7,0.89569855,1.0
2964793-1,4693350-1,0.21457887,0.0
7992912-1,8388796-7,0.3006807,0.0
7826043-1,7826043-6,0.81836206,1.0
2737776-1,8415956-1,0.6529273,1.0
5294357-1,5939034-1,0.5801581,0.0
4704474-3,4704474-5,0.9097077,1.0
8422025-3,8422025-7,0.88197243,1.0
3491216-2,5477346-1,0.36772272,0.0
2631530-1,5818763-1,0.444928,0.0
7434278-2,7434278-4,0.7833567,1.0
5346454-1,5346454-11,0.89977396,1.0
3169495-1,4321076-1,0.10935367,0.0
8017932-11,8017932-3,0.97231346,1.0
4260503-1,8169091-1,0.28591785,0.0
8408424-1,8408424-2,0.29533637,1.0
5346454-2,5346454-9,0.900573,1.0
2564909-1,7853432-1,0.13084719,0.0
7000928-2,7000928-5,0.6591302,1.0
2988051-1,7591986-1,0.40191546,0.0
5351366-1,6728246-1,0.121661104,0.0
5965133-1,5965133-2,0.67636216,1.0
3590935-1,6901366-1,0.34471184,0.0
4995784-1,8519668-1,0.092100725,0.0
7336985-1,7336985-2,0.80018103,1.0
6611857-10,6611857-2,0.831315,1.0
5100168-1,5100168-2,0.69919604,1.0
7666852-1,7802832-2,0.023104096,0.0
2526092-1,3068105-1,0.26681483,0.0
7866758-1,7866758-3,0.7111111,1.0
6060766-1,6060766-2,0.749313,1.0
6299528-1,6299528-5,0.92873824,1.0
6518723-1,7369649-2,0.58592796,0.0
3582077-1,5056910-1,0.11296346,0.0
8084795-1,8084795-2,0.39149362,1.0
3986296-1,3986296-3,0.88840944,1.0
4318868-1,5051311-2,0.31643212,0.0
8391342-18,8391342-34,0.8802132,1.0
3730032-1,6964363-1,0.12584853,0.0
5872398-1,7495872-1,0.17666213,0.0
2721584-1,4341380-2,0.26291624,0.0
4432260-1,4524392-1,0.37163156,0.0
5473002-1,5473002-2,0.36519212,1.0
7176025-1,7176025-2,0.6732619,1.0
5322511-1,5322511-2,0.6374614,1.0
7314844-4,7314844-6,0.90080607,1.0
3808072-1,7437123-5,0.7012885,0.0
3658297-1,3658297-2,0.60652846,1.0
7305575-1,8232500-3,0.54159737,0.0
3341744-1,3789622-1,0.31705445,0.0
5962620-3,5962620-6,0.690684,1.0
4247717-1,6970299-1,0.41778636,0.0
4323608-1,4834819-1,0.24102968,0.0
8628278-1,8628278-5,0.74465257,1.0
4931809-1,7780870-2,0.43659467,0.0
5161513-2,5161513-7,0.6624376,1.0
6304711-2,6304711-3,0.7850524,1.0
7527125-1,8403006-1,0.5576085,0.0
4268616-1,8709556-8,0.13913009,0.0
2627235-1,7220086-1,0.49877232,0.0
7474563-1,7474563-2,0.40947032,1.0
8529628-1,8529628-3,0.356174,1.0
5649805-3,5649805-4,0.8448465,1.0
8237419-1,8237419-3,0.89293325,1.0
3017876-1,3017876-3,0.53579146,1.0
3459794-1,5244042-1,0.50581133,0.0
3295846-1,4546785-2,0.19742414,0.0
2813577-2,2813577-4,0.5458141,1.0
7476797-1,7476797-3,0.5627345,0.0
2817864-1,2817864-2,0.3589228,1.0
7385614-1,7385614-2,0.7929569,1.0
8391342-1,8391342-2,0.64721245,1.0
4070211-1,6706917-2,0.38876063,0.0
8391342-18,8391342-30,0.92755586,1.0
6370643-1,6370643-2,0.808994,1.0
5142319-1,8460218-1,0.46489802,0.0
3899623-1,3899623-4,0.80954266,1.0
2769312-1,7236174-1,0.19825976,0.0
6040287-2,6040287-4,0.8146182,1.0
6125274-1,7399725-1,0.046005044,0.0
6506424-2,8215346-1,0.33793762,0.0
4932791-1,4932791-2,0.5621521,1.0
5663782-1,6639585-1,0.30539882,0.0
6477505-1,6477505-2,0.6777916,1.0
6773958-1,7802620-1,0.49681428,0.0
8211030-2,8211030-4,0.6164723,1.0
6208086-2,6208086-4,0.95249486,1.0
3069951-1,7912866-1,0.22976819,0.0
3409953-1,4000617-1,0.2588268,0.0
6639680-2,6639680-6,0.634823,1.0
4863789-4,8244243-1,0.81419986,0.0
4998851-1,4998851-7,0.77496403,1.0
8709957-4,8709957-5,0.7486196,1.0
8131327-2,8131327-6,0.8823328,1.0
8699499-2,8699499-3,0.5090814,1.0
3887163-1,7595504-1,0.14075866,0.0
8522886-1,8522886-2,0.72139156,1.0
6636068-1,7568159-1,0.40411767,0.0
4027691-1,4782655-1,0.58095354,0.0
7763961-3,7763961-5,0.8070295,1.0
7218296-1,7218296-2,0.44365677,1.0
8504030-1,8504030-10,0.8886303,0.0
3849750-1,4940323-1,0.68292165,0.0
3354861-1,8358769-1,0.27670005,0.0
3996150-2,7944535-1,0.899948,0.0
8069347-2,8069347-3,0.75132316,1.0
6370643-1,6370643-2,0.808994,1.0
5610706-1,5862080-1,0.2388996,0.0
7029452-2,7557114-1,0.18572311,0.0
2889853-1,4421636-1,0.24412306,0.0
5613267-1,7443826-3,0.12976527,0.0
3223146-3,3223146-6,0.84691787,1.0
2712707-1,2712707-2,0.83490926,1.0
6712609-3,6712609-6,0.8712118,1.0
4287898-1,8325097-1,0.5144077,0.0
2100043-1,6601221-1,0.10437467,0.0
6244106-2,6244106-3,0.14458509,1.0
3806681-1,3806681-2,0.48500803,1.0
4461742-1,6625230-2,0.39154297,0.0
2718116-2,2718116-3,0.7216097,1.0
6935669-2,6935669-3,0.6705166,1.0
4159605-1,7824977-1,0.49666217,1.0
6441667-2,6441667-3,0.7886417,1.0
2839977-1,4807175-2,0.30733442,0.0
4389099-1,7292116-1,0.31106406,0.0
3891065-1,5325004-1,0.32106078,0.0
4282173-2,4282173-3,0.6181304,1.0
6951125-1,6951125-2,0.79958206,1.0
7559672-1,7559672-2,0.24880147,1.0
4458945-1,5405889-1,0.4661762,0.0
6906734-1,8123259-1,0.115075946,0.0
3491234-1,4495850-1,0.25853595,0.0
7314844-4,7314844-6,0.90080607,1.0
3159324-1,8184159-1,0.5876976,0.0
7239988-6,7316439-1,0.413482,0.0
4155769-1,6131847-1,0.47370446,0.0
5819108-3,5819108-9,0.85969657,1.0
7819403-2,7819403-3,0.9855759,1.0
3491237-1,8437203-1,0.6138173,0.0
6208086-2,6208086-3,0.72107345,1.0
3704706-1,4710887-2,0.27741367,0.0
3888039-1,3888039-2,0.7455529,1.0
4831504-2,4831504-3,0.94055355,1.0
6974749-1,6974749-4,0.7320862,1.0
6615256-2,6615256-4,0.9158473,1.0
6615421-1,7568822-4,0.097739115,0.0
4944366-2,4944366-7,0.7608842,1.0
4301526-1,4340456-1,0.05285575,0.0
7367573-1,7367573-2,0.93405825,1.0
5680088-1,6953428-1,0.7280634,0.0
2740193-1,4971273-1,0.08586682,0.0
8392756-2,8392756-3,0.870411,1.0
7044389-1,7311811-1,0.35457686,0.0
1797050-1,1797050-3,0.90361536,1.0
6207850-1,7803366-2,0.6171877,0.0
4804666-1,7508131-1,0.5015372,0.0
7012558-4,7012558-6,0.37623593,1.0
4881626-4,4881626-7,0.81982523,1.0
4684858-1,6751855-1,0.08372918,0.0
5336390-3,6125119-1,0.3085765,0.0
8133044-13,8133044-16,0.9015081,1.0
3073952-1,7105784-2,0.33501953,0.0
4245354-1,5298916-1,0.13269494,0.0
4584436-1,6824397-9,0.056751437,0.0
3389654-2,3389654-3,0.68160737,1.0
8643187-2,8643187-3,0.29043865,1.0
7383746-8,7383746-9,0.88155913,1.0
7545039-1,7545039-3,0.82520616,1.0
7184854-1,7184854-3,0.24427468,1.0
8610460-1,8610460-2,0.6217181,1.0
8383623-1,8383623-2,0.9532417,1.0
3667307-1,3667307-5,0.71317685,1.0
4732370-1,7936716-1,0.34224236,0.0
5473084-1,8323314-1,0.69595844,0.0
7648307-1,7993427-1,0.046982564,0.0
8385252-2,8385252-4,0.85294837,1.0
6609309-1,6837833-2,0.14683335,0.0
2846278-3,6869208-1,0.23587872,0.0
3961933-1,4239754-1,0.29121137,0.0
3810058-1,4276615-1,0.12537406,0.0
4581503-1,5551286-1,0.6281046,0.0
4094743-3,4094743-4,0.800646,1.0
7354470-1,7354470-2,0.7591628,1.0
6305567-1,7873786-2,0.577132,0.0
3073952-1,5649997-2,0.10479915,0.0
4177065-2,6159116-1,0.2982263,0.0
3902577-2,4330492-1,0.5634769,0.0
4040646-1,8107657-1,0.8372526,0.0
7265239-1,7265239-2,0.80493486,1.0
3829261-1,6475846-1,0.43418565,0.0
6299528-4,6299528-9,0.57284313,1.0
3140672-1,5729248-1,0.19812068,0.0
4109169-1,8225958-1,0.48577952,0.0
5056220-1,5056220-3,0.9210287,1.0
8171126-2,8171126-5,0.737134,1.0
7607618-2,7607618-3,0.6924749,1.0
2856528-1,2856528-5,0.8149571,1.0
7868213-1,7868213-2,0.55774206,1.0
7700776-1,8295969-1,0.07788768,0.0
2518134-3,2518134-6,0.6741384,1.0
2931408-1,3708819-3,0.5178615,0.0
3881407-1,8599122-1,0.3798889,0.0
4054591-1,4054591-2,0.75671107,1.0
5045255-1,5045255-2,0.65758663,1.0
7204895-1,7275236-1,0.0783766,0.0
7784239-3,7784239-8,0.57542497,1.0
3549408-1,3549408-2,0.6139886,1.0
7425835-1,7488555-1,0.08026224,0.0
4534593-1,6743662-1,0.36650237,0.0
6611857-10,6611857-2,0.831315,1.0
4271281-3,4271281-4,0.89732146,1.0
8501706-1,8501706-2,0.32910317,1.0
2740295-2,5052910-1,0.38765034,0.0
8077172-1,8077172-10,0.88626903,1.0
3461007-1,3461007-3,0.88960403,1.0
8083751-1,8083751-3,0.5906146,1.0
4377782-1,8018181-1,0.22774285,0.0
4053581-1,4053581-2,0.44380343,1.0
3830248-1,7425835-2,0.03891728,0.0
1950515-1,3913426-1,0.85483277,0.0
5806580-1,5806580-2,0.7985879,1.0
6314796-1,6314796-2,0.63687,1.0
4523995-1,6146114-1,0.45847157,1.0
5348740-1,5348740-2,0.8150751,1.0
5050589-1,7213825-1,0.32772854,0.0
8373181-1,8373181-2,0.48440307,1.0
8056374-4,8056374-5,0.80794656,1.0
8486370-2,8486370-4,0.8104451,1.0
8611551-5,8626982-1,0.7587846,0.0
3546249-1,5819108-3,0.30615222,0.0
4010044-1,7066351-2,0.03401736,0.0
3675438-2,3675438-5,0.65050066,1.0
4770648-1,7529493-1,0.13808376,0.0
7315137-1,7315137-4,0.94177973,1.0
4153278-1,4153278-6,0.8157394,1.0
3881380-1,3881380-3,0.3712895,1.0
3402005-1,3402005-2,0.58495504,1.0
5892076-1,8272432-1,0.12827313,0.0
3228394-1,3228394-4,0.84933287,1.0
5888831-2,6767797-1,0.6695274,0.0
5066581-1,6206910-3,0.72847164,0.0
eir personal data.\nConclusion: Appearances are often deceptive” is a popular proverb that emphasises the importance of analysing things thoroughly before arriving at a conclusion. Silent calculus presenting at the tip of glans is an extremely rare entity. High index of suspicion is hence required to rule out this uncommon presentation.\nBackground: Transfusion of blood and blood products which is considered as lifesaving modality, to evaluate the trends over the years Jan 2015- July 2019.\nMethods: Blood units collected from all eligible blood donors who donated Whole Blood were subjected to mandatory screening by ELISA for antibodies to HCV. Data was retrieved from Jan 2015- July 2019 and total number of donors who were reactive for anti-HCV was noted. Descriptive statistics was used to estimate prevalence.\nResults: Out of 54991 blood donor samples screened,0.75112027,1.0
3380669-2,3380669-5,0.74196935,1.0
4484648-1,8557447-1,0.7466137,0.0
7756316-2,8490074-1,0.9343779,0.0
6120411-1,8573194-1,0.6294278,0.0
5788510-1,6504752-1,0.15180676,0.0
4777981-2,4777981-9,0.36603233,1.0
3109841-1,4049709-1,0.7500825,0.0
5982496-1,8504045-4,0.7616048,0.0
4686708-1,8542344-1,0.22172636,0.0
8021286-3,8159173-1,0.39608535,0.0
5885241-1,7647743-1,0.17953542,0.0
4660492-4,4660492-5,0.814462,1.0
548304-1,7469333-1,0.89230645,1.0
4075715-1,4158641-1,0.45385975,0.0
6703052-1,7868097-3,0.20401005,0.0
3402005-2,3402005-3,0.87270975,1.0
8365843-1,8365843-3,0.16673489,1.0
6311773-1,6311773-7,0.41923687,1.0
7464283-1,7464283-2,0.54163474,1.0
4198592-1,5556895-1,0.07651918,0.0
6099048-1,8230154-1,0.52532625,0.0
5336209-3,5336209-5,0.9118911,1.0
7383225-3,7383225-5,0.7542738,1.0
5803709-5,6945574-1,0.8057458,0.0
7449561-1,7785353-1,0.44655034,0.0
7029452-2,7557114-1,0.18572311,0.0
7344597-1,8626173-1,0.61443263,0.0
3856155-1,7999680-1,0.046895422,0.0
7273708-1,8403020-1,0.1083345,0.0
8086418-1,8283598-1,0.2460846,0.0
3653244-1,4898119-1,0.1783397,0.0
7314844-4,7314844-6,0.90080607,1.0
5099962-1,5099962-2,0.90017265,1.0
8276610-1,8276610-7,0.7825699,1.0
7941918-4,7941918-5,0.717888,1.0
3253408-1,6784639-1,0.13254248,0.0
7482455-1,8087369-2,0.1810342,0.0
3421919-1,5289124-2,0.17650113,0.0
7784239-11,7784239-5,0.57225186,1.0
2813577-5,2813577-6,0.9325129,1.0
7454634-4,7454634-5,0.59516966,1.0
4127703-1,4127703-2,0.54159534,1.0
6967200-1,8221665-1,0.7400236,0.0
6205315-1,6205315-2,0.6517581,1.0
5220453-1,5220453-3,0.9475755,1.0
3931215-1,5121548-1,0.48640344,0.0
5041413-1,5041413-2,0.8629192,1.0
7871073-1,8267720-1,0.50050366,0.0
2687548-10,2687548-7,0.7277036,1.0
8643187-1,8643187-4,0.68717337,1.0
5821967-1,6537290-1,0.9221291,0.0
5807679-1,6919393-1,0.74785656,0.0
3507074-1,5858849-1,0.6166085,0.0
3280044-1,3280044-3,0.79952985,1.0
2409333-1,4439693-1,0.10168326,0.0
6180826-1,8343560-1,0.712354,0.0
5745586-2,5745586-3,0.7118453,1.0
4421974-10,4421974-9,0.3814204,1.0
6580405-1,6692986-1,0.7241864,0.0
4611895-1,4611895-2,0.29326603,1.0
7804088-1,7804088-5,0.6273024,1.0
4461673-2,6721265-1,0.5661117,0.0
6664587-1,7303870-2,0.4681315,0.0
8391342-27,8391342-4,0.8813334,1.0
5347305-1,6736565-1,0.6722734,1.0
7683687-1,7683687-2,0.33150175,1.0
3822414-4,3822414-6,0.6795421,1.0
4636727-1,6324896-1,0.71804744,0.0
3606746-1,3731623-1,0.5569338,0.0
5749547-2,5749547-4,0.3551023,1.0
4209267-5,4209267-6,0.7135953,1.0
7223196-1,7466250-1,0.81999063,0.0
7567324-2,7567324-3,0.9403766,1.0
3772257-1,4641957-1,0.22216031,0.0
6509981-1,7240896-1,0.30917978,0.0
3522339-1,3522339-2,0.53729945,1.0
5619454-1,8674200-1,0.2504185,0.0
7440240-3,7440240-6,0.5121592,1.0
6744799-1,7417317-1,0.51594377,0.0
8516557-1,8516557-2,0.6641166,1.0
2277418-1,4744381-1,0.5690475,0.0
8686295-2,8686295-3,0.83999425,1.0
5525297-1,7423228-1,0.60290706,0.0
3213717-1,5731098-1,0.29373944,0.0
4094958-6,4094958-8,0.84309673,1.0
4794841-2,5745210-1,0.16878127,0.0
4849312-1,4849312-2,0.63864565,1.0
8436292-4,8436292-6,0.8027323,1.0
3751027-2,3751027-3,0.59802485,1.0
4065581-1,7305570-1,0.14482807,0.0
3957970-1,7526470-1,0.41194752,0.0
1851966-1,8489599-1,0.1496588,0.0
3874988-3,7761291-1,0.2124032,0.0
4506531-1,7873799-1,0.3862825,0.0
4441244-2,4441244-3,0.885925,1.0
7073490-3,7073490-4,0.7321237,1.0
7485476-5,7485476-6,0.39712918,1.0
4281442-1,5590770-1,0.25512442,0.0
3491235-1,8653733-1,0.5217724,0.0
3335606-1,5582424-1,0.07911432,0.0
4602630-3,4602630-5,0.44432804,1.0
3958573-1,4014828-1,0.34191206,0.0
3870132-1,8491323-2,0.17667449,0.0
5040847-1,5040847-2,0.7090684,1.0
2734018-1,4073452-1,0.39949274,0.0
7857273-1,7890814-1,0.3780142,0.0
7472508-2,7472508-4,0.90906155,1.0
4316981-1,6031951-1,0.6552149,0.0
3607989-1,3607989-2,0.3388499,1.0
6264993-2,8330682-1,0.62591887,0.0
7138425-1,7888275-1,0.547501,0.0
2531126-1,3838589-1,0.5292705,0.0
4313522-1,6886020-1,0.33342618,0.0
7013298-2,7013298-4,0.50853276,1.0
6816128-1,7262705-1,0.16206448,0.0
4166339-1,5138465-2,0.6557972,0.0
5715253-1,8257447-1,0.96241206,1.0
5710965-2,5710965-3,0.7608829,1.0
4028562-1,4028562-2,0.5423639,1.0
4947865-3,4947865-6,0.81705934,1.0
5215196-1,5215196-3,0.39985085,1.0
3578199-1,7337643-1,0.6004458,0.0
4748557-1,7536520-1,0.23050253,0.0
5735802-1,5735802-2,0.7103301,1.0
4304504-1,4304504-2,0.1484761,1.0
4075213-3,4075213-5,0.82193613,1.0
3515938-1,4311362-3,0.48830664,0.0
7784239-4,7784239-7,0.64788276,1.0
5745971-2,6637352-1,0.21498077,0.0
4969854-1,8400463-1,0.16320004,0.0
4053105-1,4053105-5,0.5851631,1.0
5493463-1,6974419-1,0.43345255,0.0
3909847-1,8162139-1,0.19240595,0.0
6398303-2,6398303-4,0.94687337,1.0
7008770-1,7008770-2,0.5800023,1.0
7039182-1,7039182-2,0.6237037,1.0
3872241-1,3934774-1,0.30750698,0.0
7474563-1,7474563-2,0.40947032,1.0
6873498-1,7912834-1,0.88191134,0.0
2655058-1,4743229-1,0.29289737,0.0
3702654-3,7476338-2,0.41078028,0.0
2635124-1,4616569-2,0.42564172,0.0
4137548-1,8601397-1,0.31297308,0.0
6929121-1,6929121-3,0.5877355,1.0
7336759-1,7336759-4,0.77435595,1.0
6585518-1,7789270-1,0.22859474,0.0
8326455-3,8326455-5,0.58803624,1.0
8038423-1,8515523-1,0.3804815,0.0
5946352-1,8707017-2,0.8768298,0.0
3804044-2,3804044-3,0.69705653,1.0
3114581-1,3114581-3,0.48426113,1.0
8140542-2,8140542-4,0.6915156,1.0
4296409-4,8107886-1,0.9474903,0.0
8077172-16,8077172-7,0.72098553,1.0
3162267-1,3162267-3,0.90522116,1.0
6205896-1,6897378-2,0.64487773,0.0
2980919-1,4427993-1,0.13896467,0.0
4955467-3,4977809-1,0.11903807,0.0
6839064-1,6839064-2,0.49733412,1.0
7784239-3,7784239-8,0.57542497,1.0
4487156-3,8180162-2,0.15350646,0.0
3349988-1,3349988-2,0.7971883,1.0
5778562-1,8142605-1,0.50445807,0.0
3868147-1,4921218-1,0.04975152,0.0
7519596-1,8140954-1,0.2470563,0.0
5597899-1,6018880-1,0.2717979,0.0
3522339-5,3522339-9,0.81067234,1.0
7749935-3,7749935-8,0.5927138,1.0
7789137-2,7789137-3,0.9626118,1.0
3772751-1,7515150-1,0.6195797,0.0
4532946-1,6203505-1,0.23726495,0.0
6890896-2,7396098-1,0.19289878,0.0
4721156-3,8051592-1,0.69080436,0.0
2790127-1,7896596-1,0.12364915,0.0
8634069-4,8634069-5,0.88338166,1.0
3872386-1,8323577-1,0.820924,0.0
6611013-1,7583595-1,0.46505615,0.0
7798182-4,7798182-5,0.44583923,0.0
4458292-1,6069027-3,0.07636461,0.0
6900411-1,6900411-3,0.75184876,1.0
4616569-1,4616569-8,0.77698374,1.0
3468793-1,3468793-2,0.616508,0.0
5027309-3,5027309-4,0.7097954,1.0
6095652-2,6095652-4,0.19986606,1.0
6160050-3,6160050-7,0.8454955,1.0
5819108-1,5819108-4,0.68762285,1.0
7034667-1,8322726-1,0.57746744,0.0
4934112-1,8279986-1,0.07611967,0.0
8168801-2,8168801-3,0.22339565,1.0
2927433-4,2927433-5,0.47742075,1.0
5221483-1,5221483-2,0.45614713,1.0
6446325-1,7717722-1,0.11703367,0.0
5481954-1,7924160-3,0.4390618,0.0
3580347-3,3580347-5,0.3938541,1.0
5988756-4,5988756-6,0.7237608,1.0
8422025-4,8422025-5,0.6937647,1.0
2588591-1,3042991-1,0.16695361,0.0
7871073-1,8267720-1,0.50050366,0.0
4931809-1,7780870-2,0.43659467,0.0
4206075-1,8069793-2,0.39628392,0.0
4198563-1,4198563-5,0.646606,1.0
7941918-2,7941918-4,0.88379174,1.0
3033347-1,4893418-1,0.1830443,0.0
6421387-1,7452954-1,0.12631279,0.0
2816289-1,6340231-1,0.3034152,0.0
4228252-1,4296473-1,0.369599,0.0
2800056-2,4563831-1,0.327607,0.0
4937529-3,7168968-1,0.8392765,0.0
8044528-1,8044528-2,0.848275,1.0
7253871-1,7326677-1,0.6337304,0.0
4947865-5,4947865-7,0.70398605,1.0
8385252-1,8385252-2,0.617935,1.0
5806301-1,5806301-3,0.9530987,1.0
4027716-1,4027716-2,0.19298352,1.0
6264985-3,6264985-6,0.7311045,1.0
7527865-6,7527865-7,0.75989246,1.0
5507564-1,7952297-2,0.5506899,0.0
5580965-1,7910263-1,0.5648419,0.0
5821967-1,6537290-1,0.9221291,0.0
4891832-1,5465657-1,0.2702678,0.0
6509981-1,7240896-1,0.30917978,0.0
2827140-3,2827140-4,0.7743528,1.0
2747453-1,4728328-4,0.1286375,0.0
4171577-1,4171577-3,0.6289413,1.0
8392756-2,8392756-3,0.870411,1.0
7543135-2,7738631-1,0.20364036,0.0
3669470-1,4244719-1,0.79819804,1.0
8391342-13,8391342-14,0.66189903,1.0
3777329-1,3777329-2,0.52996784,1.0
4665860-1,4665860-3,0.64557886,1.0
7501124-1,8107669-1,0.11567233,0.0
6598598-6,6598598-9,0.8804186,1.0
3785348-2,3785348-3,0.31651643,1.0
6062732-1,6062732-3,0.80353105,1.0
2596173-1,7310891-1,0.028325701,0.0
3781259-2,3781259-3,0.74538577,1.0
7303768-1,8713581-1,0.6072347,0.0
5865279-12,5865279-8,0.75259656,1.0
5582569-1,6031599-1,0.8253624,0.0
2921143-1,2921143-3,0.9339828,1.0
5410684-1,6230594-1,0.37565488,0.0
6405358-1,6405358-2,0.8154945,1.0
4054067-1,4054067-3,0.7687115,1.0
4281397-4,5437434-1,0.7377411,0.0
7505515-1,7505515-2,0.121097036,1.0
4269622-5,4269622-6,0.8861242,1.0
7854335-3,7854335-4,0.33553848,1.0
3905562-1,5998278-1,0.25984898,0.0
5337234-10,5337234-4,0.8352949,1.0
3350090-1,3350090-2,0.8398866,1.0
8162322-4,8162322-5,0.87919945,1.0
7444143-2,7444143-3,0.5782874,1.0
3474963-1,5075289-3,0.15713744,0.0
3469403-1,6140355-1,0.4722379,0.0
3304208-1,3304208-3,0.3740914,1.0
5649805-8,5649805-9,0.75414443,1.0
6344064-1,6368206-1,0.50301707,0.0
6746349-1,6746349-2,0.68790627,1.0
4593990-1,4593990-3,0.8211382,1.0
4301858-1,8520584-1,0.17029513,0.0
3548394-1,3708060-1,0.35519978,0.0
8142767-1,8142767-2,0.79569954,1.0
3391635-1,4536835-2,0.34980458,0.0
4518382-1,6039649-1,0.5753742,0.0
8709957-1,8709957-2,0.6584858,1.0
2659845-1,2873892-1,0.16082086,0.0
5217005-2,8473938-11,0.7424252,0.0
6585663-1,8645586-1,0.7970821,0.0
5680512-1,8145658-1,0.49354887,0.0
4374093-1,6786383-1,0.18665178,0.0
3958573-1,4014828-1,0.34191206,0.0
6373650-1,7173658-2,0.782479,0.0
5731037-1,8593993-1,0.024254886,0.0
5469888-3,5567904-1,0.75760156,0.0
3223713-1,7306636-1,0.37224978,0.0
3420670-1,8429020-1,0.10617282,0.0
4846628-1,8477373-1,0.6081767,0.0
3639158-1,3639158-16,0.79575235,1.0
8017932-12,8017932-9,0.6680703,1.0
4546785-1,4546785-3,0.89013875,1.0
4124786-2,4124786-3,0.15419227,1.0
2938567-1,7249778-1,0.8653478,0.0
6208227-1,8202355-3,0.027418895,0.0
4417519-1,5368924-3,0.76878566,0.0
5705885-1,7335125-1,0.6408191,0.0
3522339-5,3522339-8,0.4911219,1.0
8104983-1,8104983-2,0.84018743,1.0
3275945-1,6370013-1,0.36088213,0.0
6650185-1,7760432-1,0.31807712,0.0
3040089-1,5643278-1,0.87332815,0.0
6939971-1,8364296-2,0.35132426,0.0
2783115-2,4067705-1,0.43161565,0.0
5426022-1,7193206-1,0.10897088,0.0
4310487-3,8396422-1,0.6311429,0.0
4274852-2,4274852-3,0.63315743,1.0
6607705-2,6607705-3,0.80985034,1.0
8393241-8,8393241-9,0.98371595,1.0
8563620-1,8563620-4,0.75204283,1.0
3482756-1,4735251-1,0.47878495,0.0
3051098-1,5378851-1,0.14020991,0.0
7384027-5,7384027-7,0.69424725,1.0
8504303-2,8504303-4,0.63505876,1.0
5367597-1,5367597-2,0.15743251,1.0
7856844-1,8323146-1,0.25406623,0.0
3860072-1,6006788-1,0.1355043,0.0
6968883-1,8230156-1,0.363371,0.0
7585506-3,7585506-4,0.46821395,1.0
6745135-1,6745135-4,0.7175346,1.0
3923556-2,3923556-4,0.824122,1.0
4008515-1,6504755-1,0.38234544,0.0
3848791-1,8097641-1,0.6623248,0.0
1906873-1,1906873-2,0.28336358,1.0
6159245-1,6159245-2,0.68129355,1.0
7695605-3,7695605-5,0.5570946,1.0
4721169-1,6311759-1,0.24941622,0.0
2637292-2,2637292-3,0.9514692,1.0
3658297-1,3658297-2,0.60652846,1.0
7898562-2,8102661-1,0.14145999,0.0
4454733-1,7443681-1,0.22051863,0.0
4762988-2,4762988-3,0.63344353,1.0
4454193-1,4454193-2,0.8000923,1.0
6498924-4,8299274-1,0.29061326,0.0
8123288-1,8123288-2,0.85783195,1.0
7915259-10,7915259-8,0.7904141,1.0
2631494-1,3999606-2,0.44040647,0.0
5156880-1,7474559-1,0.18110494,0.0
4207459-1,7732258-1,0.8447003,0.0
7152536-1,8254151-1,0.35374328,0.0
3350090-1,3350090-2,0.8398866,1.0
3157088-1,4832809-1,0.22303766,0.0
7265518-2,7448493-1,0.4685995,0.0
5304564-1,7874336-1,0.13358156,0.0
3842732-1,5441140-1,0.057849985,0.0
4916828-1,5742438-1,0.1517881,0.0
3364643-2,4219198-1,0.61891776,0.0
5728775-1,8697958-1,0.22811921,0.0
4603322-1,4603322-2,0.3461395,1.0
6066153-2,6066153-3,0.9196866,1.0
2988810-3,2988810-6,0.7264556,1.0
2759628-3,2759628-4,0.5168776,1.0
4894025-1,4894025-2,0.7995478,1.0
7666852-1,7802832-2,0.023104096,0.0
4155887-3,4155887-4,0.3857659,1.0
6919399-1,6919399-2,0.69905955,1.0
6287128-1,6287128-2,0.5090153,1.0
3249280-1,6476008-1,0.40429893,0.0
3475916-1,7805523-1,0.6239321,0.0
6477962-1,6477962-3,0.81175804,1.0
4271385-1,5910607-1,0.053673927,0.0
3114542-1,3295654-1,0.81203705,0.0
4973717-1,8281434-1,0.6847012,0.0
3913137-2,3913137-5,0.82211316,1.0
2988810-1,2988810-7,0.1505806,1.0
7219985-1,7606916-2,0.38510314,0.0
6824397-4,6824397-5,0.9678518,1.0
3724794-4,3724794-8,0.9523824,1.0
3017876-1,3017876-3,0.53579146,1.0
6319526-1,6319526-4,0.8225097,1.0
6783228-2,6783228-6,0.46350133,1.0
6395427-4,6395427-8,0.53951794,1.0
8278993-2,8278993-3,0.6656984,1.0
3361784-1,4923530-1,0.13162929,0.0
8391342-25,8391342-7,0.6542982,1.0
8092089-2,8092089-5,0.7876061,1.0
7110062-1,7110062-2,0.45514414,1.0
3601281-1,3601281-2,0.88803995,1.0
3490117-1,5892293-1,0.21356967,0.0
8273319-1,8273319-2,0.6732706,1.0
3913501-1,7342181-1,0.7606757,0.0
4434493-2,4434493-4,0.38811854,1.0
4819152-3,5083268-1,0.74985635,0.0
3692154-1,4020496-2,0.30172133,0.0
3630292-1,4739214-1,0.34249556,0.0
2788137-1,3462718-1,0.3320995,0.0
4944366-5,4944366-6,0.71947396,1.0
6447420-1,6447420-2,0.8792515,1.0
6011861-1,6011861-2,0.6267816,1.0
6238561-1,6238561-2,0.61228377,1.0
6344925-1,6625246-1,0.73934287,0.0
4863788-2,4863788-3,0.4920489,1.0
2800011-1,3159937-1,0.5855076,1.0
3751027-2,3751027-3,0.59802485,1.0
4813081-1,4813081-2,0.5109779,1.0
6005396-1,7596536-1,0.32689574,0.0
6295374-1,6295374-2,0.4376743,1.0
2702054-1,5329764-1,0.38425633,0.0
6600896-1,6774008-1,0.099347696,0.0
6466910-1,6466910-2,0.8796643,1.0
7519596-1,8140954-1,0.2470563,0.0
3583087-1,4776813-1,0.30124307,0.0
8512623-1,8512623-2,0.73792565,1.0
5446369-5,5446369-7,0.6998695,1.0
6537047-1,6537047-5,0.043724924,1.0
4700638-12,4700638-6,0.750255,1.0
3639158-4,3639158-5,0.85150474,1.0
3540695-1,4327555-2,0.331029,0.0
5075599-1,8028090-1,0.5408039,0.0
2667616-1,2667616-2,0.6184002,1.0
4846628-1,8477373-1,0.6081767,0.0
2988810-6,2988810-8,0.1137301,1.0
4900332-1,4900332-3,0.8348942,1.0
3104457-1,5449431-1,0.6107388,1.0
2879827-1,2879827-2,0.5782096,1.0
2174438-1,2816289-1,0.49525365,0.0
3490115-1,6189376-1,0.34754694,0.0
6503405-2,6503405-4,0.7682773,1.0
4150647-1,4839800-1,0.20744263,0.0
5434259-1,7511512-1,0.18441175,0.0
2815756-5,2815756-9,0.73082167,1.0
3751073-1,5578588-1,0.2980689,0.0
3459706-1,8362994-1,0.12753361,0.0
7152536-1,8254151-1,0.35374328,0.0
2769360-1,3655290-1,0.2136686,0.0
4749774-1,4749774-2,0.76329756,1.0
8182237-3,8604466-1,0.8393947,0.0
3141725-1,546198-2,0.24549678,0.0
5932826-4,5932826-5,0.9190989,1.0
5580965-1,7910263-1,0.5648419,0.0
5479100-1,5479100-2,0.5854076,1.0
7604966-1,7604966-3,0.9162916,1.0
7541246-4,7541246-5,0.8032398,1.0
7535771-2,8606058-1,0.342289,0.0
4301882-1,4301882-2,0.78597546,1.0
2810823-1,2810823-2,0.71655923,1.0
3123009-1,4884855-1,0.6104553,0.0
7352948-1,8360442-3,0.111958,0.0
4845624-3,4845624-4,0.22343238,1.0
8504303-2,8504303-4,0.63505876,1.0
6590633-2,6590633-3,0.9355535,1.0
3927005-1,7685842-1,0.09886809,0.0
3843640-5,3843640-6,0.9304837,1.0
3692185-1,4023098-1,0.51614815,0.0
5726839-2,5726839-4,0.84681964,1.0
2884459-1,6925888-1,0.2735984,0.0
6847994-2,6847994-4,0.9699483,1.0
5040847-1,5040847-2,0.7090684,1.0
3408276-2,7320729-1,0.87155145,0.0
7587992-5,7587992-8,0.9211256,1.0
3883471-1,5786228-3,0.11265898,0.0
6547274-1,6547274-3,0.44766995,1.0
3665135-1,5478309-1,0.78631526,1.0
4119910-3,4938959-1,0.78560054,0.0
8585856-1,8638050-1,0.12790313,0.0
7763523-1,7763523-2,0.62543434,1.0
6736139-1,6736139-3,0.8184144,1.0
7175762-2,7441292-1,0.7948112,0.0
3198616-2,3198616-6,0.86797625,1.0
5885241-1,7647743-1,0.17953542,0.0
7396112-1,7396112-3,0.56956667,1.0
3874362-1,5121568-1,0.2116946,0.0
6371830-1,7057908-1,0.12646618,0.0
3025820-1,3025820-2,0.8303364,1.0
6498959-2,6498959-5,0.81427145,1.0
3502796-1,3502796-2,0.51210004,1.0
2612684-1,6861041-1,0.44205216,0.0
4135106-1,8637990-1,0.10642298,0.0
3936521-1,7060429-4,0.5020693,0.0
6650185-1,7760432-1,0.31807712,0.0
3479417-1,6775712-1,0.1015829,0.0
4804666-1,7508131-1,0.5015372,0.0
3524443-2,5558405-1,0.6278806,0.0
4934552-1,8575683-1,0.90526474,0.0
3928261-1,7657372-1,0.28917423,0.0
4458257-1,4458257-2,0.096637666,1.0
3671523-3,3835996-1,0.18817997,0.0
3109664-1,6475964-1,0.6535488,0.0
6130330-1,7276394-1,0.83477163,0.0
4262882-1,4612547-1,0.08163808,0.0
6095652-2,6095652-3,0.34418395,1.0
6151349-1,8542406-1,0.13459028,0.0
6371746-5,6371746-6,0.38272503,1.0
4784632-1,4784632-2,0.7681155,1.0
3079085-1,3173924-4,0.05870312,0.0
3521487-1,3521487-2,0.7096606,1.0
2879730-1,2879730-3,0.5668134,1.0
4522430-1,7524967-1,0.25545037,0.0
5828042-1,7315262-1,0.37236035,0.0
5355461-1,5355461-2,0.53667825,1.0
3772751-1,7515150-1,0.6195797,0.0
7598844-2,7598844-3,0.5285939,1.0
5968651-2,5968651-3,0.43780395,1.0
4840810-1,4840810-2,0.46541077,1.0
5577747-1,5597878-1,0.072486565,0.0
4966406-1,6136232-1,0.4175355,0.0
2667616-1,2667616-2,0.6184002,1.0
5325004-1,6409157-1,0.12342708,0.0
3132912-1,5340937-1,0.32645407,0.0
6305099-1,7690554-1,0.61982924,0.0
6128999-1,6507808-1,0.733914,0.0
6128999-1,6507808-1,0.733914,0.0
5126028-2,5126028-3,0.6884347,1.0
3363046-1,8286381-1,0.124255925,0.0
3400881-1,6018445-1,0.4722295,0.0
4296436-3,4296436-4,0.07975634,1.0
3751136-1,6969990-1,0.28502378,0.0
3841631-3,8699977-3,0.7519951,0.0
7463145-2,7463145-4,0.9129629,1.0
4209027-1,4209027-3,0.33190808,1.0
7905731-1,8191851-1,0.73370403,0.0
8186578-4,8186578-7,0.8518411,1.0
4596050-1,7719191-1,0.9029673,0.0
8084681-1,8084681-3,0.4845522,1.0
5041413-1,5041413-2,0.8629192,1.0
5039991-1,7746127-1,0.059395365,0.0
5054504-1,6600103-1,0.2188014,0.0
4432823-1,5031298-2,0.6296295,0.0
6526994-1,6526994-3,0.80122983,1.0
2531125-2,2531125-3,0.34226283,1.0
5556877-2,5556877-3,0.73182595,1.0
5761507-1,7758532-1,0.071562275,0.0
4177065-2,6159116-1,0.2982263,0.0
7667362-4,7667362-5,0.7374238,1.0
2892612-3,2892612-5,0.1067636,1.0
3354861-1,3354861-2,0.67819464,1.0
8386154-1,8386154-11,0.8700051,1.0
3853897-1,5966374-1,0.8519897,0.0
4062205-1,4664843-1,0.40982178,0.0
3852596-1,4217767-1,0.06849106,0.0
2722051-1,3874988-1,0.78045833,0.0
3380669-1,3380669-5,0.86256385,1.0
3168384-1,6965199-1,0.33143723,0.0
1950478-1,8682950-4,0.6463114,1.0
6657174-1,7785502-1,0.8563793,0.0
3930819-1,3930819-2,0.87286806,1.0
6371611-1,6995493-1,0.8449125,0.0
3458969-2,3458969-4,0.589097,1.0
3486995-1,6743166-1,0.52785665,0.0
3645620-4,3645620-5,0.92145276,1.0
3975885-1,4544811-4,0.47758085,0.0
4702300-3,4702300-5,0.8095311,1.0
8686295-2,8686295-3,0.83999425,1.0
3483004-1,3853399-1,0.7124764,0.0
7105784-2,7105784-3,0.48194882,1.0
4261525-1,5412141-1,0.20631564,0.0
2887894-1,3356594-1,0.43447196,0.0
4124786-2,4124786-3,0.15419227,1.0
8464303-2,8464303-3,0.49066353,0.0
8032334-1,8032334-3,0.7479395,1.0
3834874-1,3834874-2,0.77572995,1.0
4168046-1,8410548-1,0.04287621,0.0
4500871-1,4500871-2,0.56556875,1.0
5842736-1,5842736-2,0.48345447,1.0
2958503-1,3624739-1,0.3321127,0.0
2628085-7,2628085-9,0.8835723,1.0
3732667-1,7678230-2,0.08750282,0.0
8218079-1,8218079-2,0.52605844,1.0
6319694-1,8621310-1,0.362195,0.0
7008770-1,7008770-2,0.5800023,1.0
6370147-1,6370147-2,0.20448717,1.0
6197948-1,7535011-1,0.20219314,0.0
3640228-1,3640228-2,0.76366735,1.0
7254669-1,7254669-2,0.7329242,1.0
6676810-2,6676810-3,0.872746,1.0
8201691-1,8201691-2,0.5117423,1.0
5055928-1,5619092-1,0.4150776,0.0
3235785-1,8630978-1,0.55433905,0.0
7061535-1,7580308-1,0.4248927,1.0
6069660-1,6069660-2,0.8421083,1.0
8386154-2,8386154-3,0.73620963,1.0
3992736-1,3992736-2,0.6827795,1.0
8155578-2,8155578-3,0.5746973,1.0
2241597-1,6370060-2,0.13366024,0.0
4323903-3,4323903-4,0.29831448,1.0
8105697-1,8105697-4,0.35216737,1.0
3350036-1,7535559-1,0.2870851,0.0
6708240-1,6708240-2,0.7242254,1.0
7535564-1,7535564-2,0.32193613,1.0
7829973-1,7829973-3,0.59949154,1.0
6048239-1,6226587-1,0.483853,0.0
2856528-2,2856528-3,0.8002538,1.0
3461287-1,3841957-1,0.1566812,0.0
5913999-1,5913999-2,0.75719446,1.0
3022561-1,6367946-1,0.014205937,0.0
7391092-1,8147749-1,0.32787162,0.0
8083887-1,8083887-2,0.7122868,1.0
8211030-1,8211030-5,0.76477164,1.0
2841809-1,7415228-1,0.37410504,0.0
5045678-1,6562613-1,0.29279163,0.0
2626702-1,8058662-1,0.39198363,0.0
3037889-1,5731429-1,0.09721378,0.0
5427703-3,5427703-5,0.8608363,1.0
6521673-1,7253880-1,0.42051977,0.0
8432357-1,8432357-2,0.83561367,1.0
4177065-2,6159116-1,0.2982263,0.0
6473802-1,6946315-1,0.30859116,0.0
3005218-1,8645491-1,0.34986076,0.0
4173453-1,8373187-4,0.48794383,0.0
2808661-1,3296411-1,0.6233676,0.0
5356989-1,5356989-2,0.8670754,1.0
4033901-1,4033901-3,0.7286898,1.0
6843603-5,6887600-1,0.52827346,0.0
3506511-1,8200488-1,0.50093114,0.0
2890927-1,2890927-3,0.87674904,1.0
3278635-1,7402443-1,0.22975673,0.0
2772281-1,2772281-3,0.45597833,1.0
4678475-6,4678475-8,0.827291,1.0
3465888-1,5318607-1,0.72380036,0.0
8326013-1,8326013-2,0.85628223,1.0
4155769-1,6131847-1,0.47370446,0.0
8385252-1,8385252-2,0.617935,1.0
6242806-1,6607872-1,0.5953498,0.0
5307848-2,5499781-1,0.32788372,0.0
7780873-4,7780873-5,0.10629784,1.0
4602880-1,6098899-1,0.51805073,0.0
6929121-4,6929121-6,0.33106077,1.0
6449466-2,6449466-3,0.8261177,1.0
3891612-2,5977079-7,0.52246237,0.0
2966983-1,7511076-1,0.07242082,0.0
6524313-2,6712912-1,0.18490614,0.0
6708964-1,6708964-2,0.6545276,1.0
4813081-1,4813081-2,0.5109779,1.0
3878860-1,4488522-1,0.39169654,0.0
6875521-1,8419424-1,0.037226886,0.0
6911677-1,7504875-1,0.82409626,0.0
7670364-5,7670364-6,0.39889228,1.0
3881444-1,8135628-1,0.8066204,0.0
7856844-1,8323146-1,0.25406623,0.0
6595396-1,6595396-2,0.8635966,1.0
4296409-3,4296409-6,0.89594823,1.0
2614946-1,6424340-1,0.24678203,0.0
2956952-2,7700859-2,0.6348134,0.0
1903360-1,3223957-2,0.37108737,0.0
4408656-1,6302271-1,0.28322944,0.0
3402577-1,3402577-2,0.89130044,1.0
8699863-2,8699863-6,0.88984275,1.0
7474563-1,7474563-2,0.40947032,1.0
4081296-2,8694163-1,0.73738277,0.0
8045623-1,8045623-3,0.921008,1.0
6481116-1,6864317-1,0.3110039,0.0
4531633-1,6791274-1,0.7472359,0.0
6796684-4,6796684-5,0.32051542,1.0
2772268-1,6524551-1,0.48721936,0.0
4357166-1,5602615-1,0.5622198,0.0
1867809-3,6288569-1,0.74136794,0.0
8038897-1,8427021-1,0.12787697,0.0
3804818-1,5295525-1,0.3638006,0.0
3876310-1,3942268-1,0.40299547,0.0
8155605-1,8155605-2,0.8367225,1.0
3580347-3,3580347-5,0.3938541,1.0
5279107-1,5728000-1,0.44063798,0.0
6390234-1,7879493-2,0.6266022,0.0
6743382-2,6743382-3,0.18697964,1.0
7574058-2,8362535-1,0.40524006,0.0
2841809-1,7415228-1,0.37410504,0.0
7530181-3,7530181-4,0.8952098,1.0
5828042-1,7315262-1,0.37236035,0.0
5538099-1,7789270-1,0.5003378,0.0
8008131-2,8008131-3,0.3376896,1.0
7385046-1,7385046-2,0.5701497,1.0
6079505-1,6425598-1,0.4527202,0.0
8612008-1,8612008-2,0.67715186,1.0
7559181-2,7559181-3,0.80722743,1.0
2661527-1,4714482-1,0.8302512,0.0
6473094-1,6473094-3,0.38926655,1.0
6458957-1,8507415-1,0.5716871,0.0
6057701-1,6313962-1,0.066713125,0.0
5139751-1,8471443-1,0.07756361,0.0
6660059-1,8495172-1,0.3201635,0.0
6486600-2,6486600-5,0.8264422,1.0
7055463-4,7057106-2,0.79862696,0.0
7587992-5,7587992-8,0.9211256,1.0
8155422-1,8155422-4,0.48639867,1.0
4804666-1,7508131-1,0.5015372,0.0
6029972-1,7336636-1,0.15976435,0.0
8154820-1,8325963-1,0.28615505,0.0
8483877-1,8483877-3,0.78421897,1.0
6006870-1,6006870-3,0.8297004,1.0
5804639-1,7780312-1,0.6574536,0.0
4944366-2,4944366-7,0.7608842,1.0
6862365-1,6862365-5,0.86236054,1.0
8386154-11,8386154-5,0.740804,1.0
4804602-1,8435476-1,0.09194998,0.0
6159245-1,6159245-2,0.68129355,1.0
6676009-1,6683380-1,0.4365589,0.0
6305099-1,7690554-1,0.61982924,0.0
3469403-1,6140355-1,0.4722379,0.0
6908544-3,6908544-4,0.49282855,1.0
8258108-1,8258108-5,0.8976072,1.0
5112358-2,5112358-3,0.47468176,1.0
6515778-1,8706098-1,0.21071161,0.0
3730074-1,3730074-2,0.8311712,1.0
7413443-1,7413443-2,0.67659515,1.0
3999607-2,3999607-5,0.64695436,1.0
8020051-1,8610430-1,0.3433305,0.0
3999730-1,4337351-2,0.22441877,0.0
2988810-2,2988810-4,0.8328723,1.0
7199827-1,7682061-1,0.7498604,0.0
6325285-1,8606980-1,0.1815701,0.0
6615256-2,6615256-4,0.9158473,1.0
4603322-1,4603322-2,0.3461395,1.0
5662964-1,5662964-3,0.7479895,1.0
6919950-1,6919950-3,0.7370927,1.0
3423044-1,3423044-2,0.85945934,1.0
5580965-1,7910263-1,0.5648419,0.0
7961518-1,7961518-2,0.15147872,1.0
5702779-2,5702779-3,0.88665867,1.0
4998961-1,7414370-1,0.05997837,0.0
6795349-1,7079354-1,0.42442295,0.0
6920394-1,7924091-1,0.47279972,0.0
6831242-2,6831242-3,0.5329299,1.0
2983082-1,2983082-2,0.60022295,1.0
3459508-6,3638501-1,0.4145249,0.0
7569616-1,8084778-3,0.70761466,0.0
3521283-1,8352636-2,0.44029585,0.0
5723948-1,7520796-4,0.21355744,0.0
7585506-3,7585506-4,0.46821395,1.0
5506462-4,8035737-3,0.4186529,0.0
7468093-4,7468093-6,0.6377193,1.0
2931455-1,7472409-1,0.089917205,0.0
7443826-2,7443826-8,0.79132485,1.0
3491216-2,5477346-1,0.36772272,0.0
4782403-2,8670129-1,0.103746586,0.0
7016445-1,7265701-1,0.7389611,0.0
3291707-1,8188865-1,0.0847768,0.0
4083712-1,7952297-2,0.18544593,0.0
2733967-1,2733967-2,0.55386186,1.0
6839064-1,6839064-2,0.49733412,1.0
5965195-1,6726343-1,0.38184077,0.0
8428514-1,8428514-2,0.04881897,1.0
2873454-1,6240271-1,0.043263208,0.0
4377485-2,4377485-3,0.8245539,1.0
2845143-1,4398782-1,0.7033318,0.0
4413978-1,7904673-2,0.26573375,0.0
5598299-1,8487248-1,0.437217,0.0
6916609-1,6916609-2,0.8576443,1.0
3712820-1,6238377-1,0.3535082,0.0
2577938-2,2577938-5,0.93088937,1.0
3961218-1,8411738-1,0.62383276,0.0
4313489-1,4313489-5,0.07264798,1.0
3497577-1,6688735-2,0.90070605,0.0
3712386-1,3712386-3,0.6643443,1.0
6609309-1,6837833-2,0.14683335,0.0
4065581-1,7305570-1,0.14482807,0.0
7904161-2,7904161-3,0.5784483,1.0
7502318-1,7502318-2,0.84867555,1.0
5156880-1,7474559-1,0.18110494,0.0
6974749-1,6974749-4,0.7320862,1.0
3361817-1,7472156-1,0.10182735,0.0
3683433-1,5763052-1,0.65860903,0.0
7941918-4,7941918-5,0.717888,1.0
3667440-2,3667440-3,0.5943317,1.0
2939409-1,3841599-2,0.7205119,0.0
4744458-1,7909126-1,0.18102589,0.0
7523046-1,7523046-3,0.7835518,1.0
6744773-3,8326605-1,0.37842223,0.0
7383351-1,8132458-3,0.47656092,0.0
6053882-2,6053882-4,0.85663295,1.0
5819108-1,5819108-8,0.31946704,1.0
5449370-1,8610467-1,0.26354015,0.0
3125662-1,4022759-1,0.57015896,0.0
3580347-4,8107453-1,0.7658664,0.0
8674165-5,8674165-6,0.71391,1.0
3974450-1,3974450-2,0.18618625,1.0
3306091-1,3306091-2,0.92023087,1.0
5042625-3,5042625-7,0.8686175,1.0
4434493-2,4434493-4,0.38811854,1.0
8526613-2,8526613-3,0.7556557,1.0
5452558-1,5830851-1,0.04066257,0.0
3146916-1,3857984-1,0.32696444,0.0
